{
  "##characteristics#compile#binary_size#all": [
    101140
  ], 
  "##characteristics#compile#binary_size#all_unique": [
    101140
  ], 
  "##characteristics#compile#binary_size#center": 101140, 
  "##characteristics#compile#binary_size#center_imp": 1.003045283765078, 
  "##characteristics#compile#binary_size#halfrange": 0, 
  "##characteristics#compile#binary_size#max": 101140, 
  "##characteristics#compile#binary_size#mean": 101140.0, 
  "##characteristics#compile#binary_size#mean_imp": 1.003045283765078, 
  "##characteristics#compile#binary_size#min": 101140, 
  "##characteristics#compile#binary_size#min_imp": 1.003045283765078, 
  "##characteristics#compile#binary_size#range": 0, 
  "##characteristics#compile#binary_size#range_percent": 0, 
  "##characteristics#compile#binary_size#repeats": 1, 
  "##characteristics#compile#compilation_success#all": [
    "yes"
  ], 
  "##characteristics#compile#compilation_success#all_unique": [
    "yes"
  ], 
  "##characteristics#compile#compilation_success#min": "yes", 
  "##characteristics#compile#compilation_success#min_imp": 0, 
  "##characteristics#compile#compilation_success#repeats": 1, 
  "##characteristics#compile#compilation_success_bool#all": [
    true
  ], 
  "##characteristics#compile#compilation_success_bool#all_unique": [
    true
  ], 
  "##characteristics#compile#compilation_success_bool#min": true, 
  "##characteristics#compile#compilation_success_bool#min_imp": 0, 
  "##characteristics#compile#compilation_success_bool#repeats": 1, 
  "##characteristics#compile#compilation_time#all": [
    98.70007681846619
  ], 
  "##characteristics#compile#compilation_time#all_unique": [
    98.70007681846619
  ], 
  "##characteristics#compile#compilation_time#center": 98.70007681846619, 
  "##characteristics#compile#compilation_time#center_imp": 1.0934779943095883, 
  "##characteristics#compile#compilation_time#halfrange": 0.0, 
  "##characteristics#compile#compilation_time#max": 98.70007681846619, 
  "##characteristics#compile#compilation_time#mean": 98.70007681846619, 
  "##characteristics#compile#compilation_time#mean_imp": 1.0934779943095883, 
  "##characteristics#compile#compilation_time#min": 98.70007681846619, 
  "##characteristics#compile#compilation_time#min_imp": 1.0934779943095883, 
  "##characteristics#compile#compilation_time#range": 0.0, 
  "##characteristics#compile#compilation_time#range_percent": 0.0, 
  "##characteristics#compile#compilation_time#repeats": 1, 
  "##characteristics#compile#compilation_time_with_module#all": [
    103.58801603317261
  ], 
  "##characteristics#compile#compilation_time_with_module#all_unique": [
    103.58801603317261
  ], 
  "##characteristics#compile#compilation_time_with_module#center": 103.58801603317261, 
  "##characteristics#compile#compilation_time_with_module#center_imp": 1.0880683911464388, 
  "##characteristics#compile#compilation_time_with_module#halfrange": 0.0, 
  "##characteristics#compile#compilation_time_with_module#max": 103.58801603317261, 
  "##characteristics#compile#compilation_time_with_module#mean": 103.58801603317261, 
  "##characteristics#compile#compilation_time_with_module#mean_imp": 1.0880683911464388, 
  "##characteristics#compile#compilation_time_with_module#min": 103.58801603317261, 
  "##characteristics#compile#compilation_time_with_module#min_imp": 1.0880683911464388, 
  "##characteristics#compile#compilation_time_with_module#range": 0.0, 
  "##characteristics#compile#compilation_time_with_module#range_percent": 0.0, 
  "##characteristics#compile#compilation_time_with_module#repeats": 1, 
  "##characteristics#compile#joined_compiler_flags#all": [
    "-O3 -fexcess-precision=fast -fearly-inlining -ffast-math -findirect-inlining -freciprocal-math -fno-sched-spec -fno-schedule-insns -ftoplevel-reorder -ftree-loop-if-convert"
  ], 
  "##characteristics#compile#joined_compiler_flags#all_unique": [
    "-O3 -fexcess-precision=fast -fearly-inlining -ffast-math -findirect-inlining -freciprocal-math -fno-sched-spec -fno-schedule-insns -ftoplevel-reorder -ftree-loop-if-convert"
  ], 
  "##characteristics#compile#joined_compiler_flags#min": "-O3 -fexcess-precision=fast -fearly-inlining -ffast-math -findirect-inlining -freciprocal-math -fno-sched-spec -fno-schedule-insns -ftoplevel-reorder -ftree-loop-if-convert", 
  "##characteristics#compile#joined_compiler_flags#min_imp": 0, 
  "##characteristics#compile#joined_compiler_flags#repeats": 1, 
  "##characteristics#compile#md5_sum#all": [
    "159b25d0cbc57fe1e21f6255c1c093e8"
  ], 
  "##characteristics#compile#md5_sum#all_unique": [
    "159b25d0cbc57fe1e21f6255c1c093e8"
  ], 
  "##characteristics#compile#md5_sum#min": "159b25d0cbc57fe1e21f6255c1c093e8", 
  "##characteristics#compile#md5_sum#min_imp": 0, 
  "##characteristics#compile#md5_sum#repeats": 1, 
  "##characteristics#compile#obj_size#all": [
    114432
  ], 
  "##characteristics#compile#obj_size#all_unique": [
    114432
  ], 
  "##characteristics#compile#obj_size#center": 114432, 
  "##characteristics#compile#obj_size#center_imp": 1.0036003914988814, 
  "##characteristics#compile#obj_size#halfrange": 0, 
  "##characteristics#compile#obj_size#max": 114432, 
  "##characteristics#compile#obj_size#mean": 114432.0, 
  "##characteristics#compile#obj_size#mean_imp": 1.0036003914988814, 
  "##characteristics#compile#obj_size#min": 114432, 
  "##characteristics#compile#obj_size#min_imp": 1.0036003914988814, 
  "##characteristics#compile#obj_size#range": 0, 
  "##characteristics#compile#obj_size#range_percent": 0, 
  "##characteristics#compile#obj_size#repeats": 1, 
  "##characteristics#compile#obj_sizes#adler32.o#all": [
    2780
  ], 
  "##characteristics#compile#obj_sizes#adler32.o#all_unique": [
    2780
  ], 
  "##characteristics#compile#obj_sizes#adler32.o#center": 2780, 
  "##characteristics#compile#obj_sizes#adler32.o#center_imp": 0.8719424460431655, 
  "##characteristics#compile#obj_sizes#adler32.o#halfrange": 0, 
  "##characteristics#compile#obj_sizes#adler32.o#max": 2780, 
  "##characteristics#compile#obj_sizes#adler32.o#mean": 2780.0, 
  "##characteristics#compile#obj_sizes#adler32.o#mean_imp": 0.8719424460431655, 
  "##characteristics#compile#obj_sizes#adler32.o#min": 2780, 
  "##characteristics#compile#obj_sizes#adler32.o#min_imp": 0.8719424460431655, 
  "##characteristics#compile#obj_sizes#adler32.o#range": 0, 
  "##characteristics#compile#obj_sizes#adler32.o#range_percent": 0, 
  "##characteristics#compile#obj_sizes#adler32.o#repeats": 1, 
  "##characteristics#compile#obj_sizes#compress.o#all": [
    1564
  ], 
  "##characteristics#compile#obj_sizes#compress.o#all_unique": [
    1564
  ], 
  "##characteristics#compile#obj_sizes#compress.o#center": 1564, 
  "##characteristics#compile#obj_sizes#compress.o#center_imp": 1.0025575447570332, 
  "##characteristics#compile#obj_sizes#compress.o#halfrange": 0, 
  "##characteristics#compile#obj_sizes#compress.o#max": 1564, 
  "##characteristics#compile#obj_sizes#compress.o#mean": 1564.0, 
  "##characteristics#compile#obj_sizes#compress.o#mean_imp": 1.0025575447570332, 
  "##characteristics#compile#obj_sizes#compress.o#min": 1564, 
  "##characteristics#compile#obj_sizes#compress.o#min_imp": 1.0025575447570332, 
  "##characteristics#compile#obj_sizes#compress.o#range": 0, 
  "##characteristics#compile#obj_sizes#compress.o#range_percent": 0, 
  "##characteristics#compile#obj_sizes#compress.o#repeats": 1, 
  "##characteristics#compile#obj_sizes#crc32.o#all": [
    10872
  ], 
  "##characteristics#compile#obj_sizes#crc32.o#all_unique": [
    10872
  ], 
  "##characteristics#compile#obj_sizes#crc32.o#center": 10872, 
  "##characteristics#compile#obj_sizes#crc32.o#center_imp": 1.0003679175864606, 
  "##characteristics#compile#obj_sizes#crc32.o#halfrange": 0, 
  "##characteristics#compile#obj_sizes#crc32.o#max": 10872, 
  "##characteristics#compile#obj_sizes#crc32.o#mean": 10872.0, 
  "##characteristics#compile#obj_sizes#crc32.o#mean_imp": 1.0003679175864606, 
  "##characteristics#compile#obj_sizes#crc32.o#min": 10872, 
  "##characteristics#compile#obj_sizes#crc32.o#min_imp": 1.0003679175864606, 
  "##characteristics#compile#obj_sizes#crc32.o#range": 0, 
  "##characteristics#compile#obj_sizes#crc32.o#range_percent": 0, 
  "##characteristics#compile#obj_sizes#crc32.o#repeats": 1, 
  "##characteristics#compile#obj_sizes#ctuning-rtl.o#all": [
    4600
  ], 
  "##characteristics#compile#obj_sizes#ctuning-rtl.o#all_unique": [
    4600
  ], 
  "##characteristics#compile#obj_sizes#ctuning-rtl.o#center": 4600, 
  "##characteristics#compile#obj_sizes#ctuning-rtl.o#center_imp": 1.0069565217391305, 
  "##characteristics#compile#obj_sizes#ctuning-rtl.o#halfrange": 0, 
  "##characteristics#compile#obj_sizes#ctuning-rtl.o#max": 4600, 
  "##characteristics#compile#obj_sizes#ctuning-rtl.o#mean": 4600.0, 
  "##characteristics#compile#obj_sizes#ctuning-rtl.o#mean_imp": 1.0069565217391305, 
  "##characteristics#compile#obj_sizes#ctuning-rtl.o#min": 4600, 
  "##characteristics#compile#obj_sizes#ctuning-rtl.o#min_imp": 1.0069565217391305, 
  "##characteristics#compile#obj_sizes#ctuning-rtl.o#range": 0, 
  "##characteristics#compile#obj_sizes#ctuning-rtl.o#range_percent": 0, 
  "##characteristics#compile#obj_sizes#ctuning-rtl.o#repeats": 1, 
  "##characteristics#compile#obj_sizes#deflate.o#all": [
    19788
  ], 
  "##characteristics#compile#obj_sizes#deflate.o#all_unique": [
    19788
  ], 
  "##characteristics#compile#obj_sizes#deflate.o#center": 19788, 
  "##characteristics#compile#obj_sizes#deflate.o#center_imp": 1.0194057004244996, 
  "##characteristics#compile#obj_sizes#deflate.o#halfrange": 0, 
  "##characteristics#compile#obj_sizes#deflate.o#max": 19788, 
  "##characteristics#compile#obj_sizes#deflate.o#mean": 19788.0, 
  "##characteristics#compile#obj_sizes#deflate.o#mean_imp": 1.0194057004244996, 
  "##characteristics#compile#obj_sizes#deflate.o#min": 19788, 
  "##characteristics#compile#obj_sizes#deflate.o#min_imp": 1.0194057004244996, 
  "##characteristics#compile#obj_sizes#deflate.o#range": 0, 
  "##characteristics#compile#obj_sizes#deflate.o#range_percent": 0, 
  "##characteristics#compile#obj_sizes#deflate.o#repeats": 1, 
  "##characteristics#compile#obj_sizes#gzclose.o#all": [
    976
  ], 
  "##characteristics#compile#obj_sizes#gzclose.o#all_unique": [
    976
  ], 
  "##characteristics#compile#obj_sizes#gzclose.o#center": 976, 
  "##characteristics#compile#obj_sizes#gzclose.o#center_imp": 1.0040983606557377, 
  "##characteristics#compile#obj_sizes#gzclose.o#halfrange": 0, 
  "##characteristics#compile#obj_sizes#gzclose.o#max": 976, 
  "##characteristics#compile#obj_sizes#gzclose.o#mean": 976.0, 
  "##characteristics#compile#obj_sizes#gzclose.o#mean_imp": 1.0040983606557377, 
  "##characteristics#compile#obj_sizes#gzclose.o#min": 976, 
  "##characteristics#compile#obj_sizes#gzclose.o#min_imp": 1.0040983606557377, 
  "##characteristics#compile#obj_sizes#gzclose.o#range": 0, 
  "##characteristics#compile#obj_sizes#gzclose.o#range_percent": 0, 
  "##characteristics#compile#obj_sizes#gzclose.o#repeats": 1, 
  "##characteristics#compile#obj_sizes#gzlib.o#all": [
    6300
  ], 
  "##characteristics#compile#obj_sizes#gzlib.o#all_unique": [
    6300
  ], 
  "##characteristics#compile#obj_sizes#gzlib.o#center": 6300, 
  "##characteristics#compile#obj_sizes#gzlib.o#center_imp": 1.0, 
  "##characteristics#compile#obj_sizes#gzlib.o#halfrange": 0, 
  "##characteristics#compile#obj_sizes#gzlib.o#max": 6300, 
  "##characteristics#compile#obj_sizes#gzlib.o#mean": 6300.0, 
  "##characteristics#compile#obj_sizes#gzlib.o#mean_imp": 1.0, 
  "##characteristics#compile#obj_sizes#gzlib.o#min": 6300, 
  "##characteristics#compile#obj_sizes#gzlib.o#min_imp": 1.0, 
  "##characteristics#compile#obj_sizes#gzlib.o#range": 0, 
  "##characteristics#compile#obj_sizes#gzlib.o#range_percent": 0, 
  "##characteristics#compile#obj_sizes#gzlib.o#repeats": 1, 
  "##characteristics#compile#obj_sizes#gzread.o#all": [
    5812
  ], 
  "##characteristics#compile#obj_sizes#gzread.o#all_unique": [
    5812
  ], 
  "##characteristics#compile#obj_sizes#gzread.o#center": 5812, 
  "##characteristics#compile#obj_sizes#gzread.o#center_imp": 0.993805918788713, 
  "##characteristics#compile#obj_sizes#gzread.o#halfrange": 0, 
  "##characteristics#compile#obj_sizes#gzread.o#max": 5812, 
  "##characteristics#compile#obj_sizes#gzread.o#mean": 5812.0, 
  "##characteristics#compile#obj_sizes#gzread.o#mean_imp": 0.993805918788713, 
  "##characteristics#compile#obj_sizes#gzread.o#min": 5812, 
  "##characteristics#compile#obj_sizes#gzread.o#min_imp": 0.993805918788713, 
  "##characteristics#compile#obj_sizes#gzread.o#range": 0, 
  "##characteristics#compile#obj_sizes#gzread.o#range_percent": 0, 
  "##characteristics#compile#obj_sizes#gzread.o#repeats": 1, 
  "##characteristics#compile#obj_sizes#gzwrite.o#all": [
    10252
  ], 
  "##characteristics#compile#obj_sizes#gzwrite.o#all_unique": [
    10252
  ], 
  "##characteristics#compile#obj_sizes#gzwrite.o#center": 10252, 
  "##characteristics#compile#obj_sizes#gzwrite.o#center_imp": 1.001170503316426, 
  "##characteristics#compile#obj_sizes#gzwrite.o#halfrange": 0, 
  "##characteristics#compile#obj_sizes#gzwrite.o#max": 10252, 
  "##characteristics#compile#obj_sizes#gzwrite.o#mean": 10252.0, 
  "##characteristics#compile#obj_sizes#gzwrite.o#mean_imp": 1.001170503316426, 
  "##characteristics#compile#obj_sizes#gzwrite.o#min": 10252, 
  "##characteristics#compile#obj_sizes#gzwrite.o#min_imp": 1.001170503316426, 
  "##characteristics#compile#obj_sizes#gzwrite.o#range": 0, 
  "##characteristics#compile#obj_sizes#gzwrite.o#range_percent": 0, 
  "##characteristics#compile#obj_sizes#gzwrite.o#repeats": 1, 
  "##characteristics#compile#obj_sizes#infback.o#all": [
    9484
  ], 
  "##characteristics#compile#obj_sizes#infback.o#all_unique": [
    9484
  ], 
  "##characteristics#compile#obj_sizes#infback.o#center": 9484, 
  "##characteristics#compile#obj_sizes#infback.o#center_imp": 1.0092787853226486, 
  "##characteristics#compile#obj_sizes#infback.o#halfrange": 0, 
  "##characteristics#compile#obj_sizes#infback.o#max": 9484, 
  "##characteristics#compile#obj_sizes#infback.o#mean": 9484.0, 
  "##characteristics#compile#obj_sizes#infback.o#mean_imp": 1.0092787853226486, 
  "##characteristics#compile#obj_sizes#infback.o#min": 9484, 
  "##characteristics#compile#obj_sizes#infback.o#min_imp": 1.0092787853226486, 
  "##characteristics#compile#obj_sizes#infback.o#range": 0, 
  "##characteristics#compile#obj_sizes#infback.o#range_percent": 0, 
  "##characteristics#compile#obj_sizes#infback.o#repeats": 1, 
  "##characteristics#compile#obj_sizes#inffast.o#all": [
    4032
  ], 
  "##characteristics#compile#obj_sizes#inffast.o#all_unique": [
    4032
  ], 
  "##characteristics#compile#obj_sizes#inffast.o#center": 4032, 
  "##characteristics#compile#obj_sizes#inffast.o#center_imp": 0.9910714285714286, 
  "##characteristics#compile#obj_sizes#inffast.o#halfrange": 0, 
  "##characteristics#compile#obj_sizes#inffast.o#max": 4032, 
  "##characteristics#compile#obj_sizes#inffast.o#mean": 4032.0, 
  "##characteristics#compile#obj_sizes#inffast.o#mean_imp": 0.9910714285714286, 
  "##characteristics#compile#obj_sizes#inffast.o#min": 4032, 
  "##characteristics#compile#obj_sizes#inffast.o#min_imp": 0.9910714285714286, 
  "##characteristics#compile#obj_sizes#inffast.o#range": 0, 
  "##characteristics#compile#obj_sizes#inffast.o#range_percent": 0, 
  "##characteristics#compile#obj_sizes#inffast.o#repeats": 1, 
  "##characteristics#compile#obj_sizes#inflate.o#all": [
    16612
  ], 
  "##characteristics#compile#obj_sizes#inflate.o#all_unique": [
    16612
  ], 
  "##characteristics#compile#obj_sizes#inflate.o#center": 16612, 
  "##characteristics#compile#obj_sizes#inflate.o#center_imp": 1.0089092222489766, 
  "##characteristics#compile#obj_sizes#inflate.o#halfrange": 0, 
  "##characteristics#compile#obj_sizes#inflate.o#max": 16612, 
  "##characteristics#compile#obj_sizes#inflate.o#mean": 16612.0, 
  "##characteristics#compile#obj_sizes#inflate.o#mean_imp": 1.0089092222489766, 
  "##characteristics#compile#obj_sizes#inflate.o#min": 16612, 
  "##characteristics#compile#obj_sizes#inflate.o#min_imp": 1.0089092222489766, 
  "##characteristics#compile#obj_sizes#inflate.o#range": 0, 
  "##characteristics#compile#obj_sizes#inflate.o#range_percent": 0, 
  "##characteristics#compile#obj_sizes#inflate.o#repeats": 1, 
  "##characteristics#compile#obj_sizes#inftrees.o#all": [
    4396
  ], 
  "##characteristics#compile#obj_sizes#inftrees.o#all_unique": [
    4396
  ], 
  "##characteristics#compile#obj_sizes#inftrees.o#center": 4396, 
  "##characteristics#compile#obj_sizes#inftrees.o#center_imp": 1.005459508644222, 
  "##characteristics#compile#obj_sizes#inftrees.o#halfrange": 0, 
  "##characteristics#compile#obj_sizes#inftrees.o#max": 4396, 
  "##characteristics#compile#obj_sizes#inftrees.o#mean": 4396.0, 
  "##characteristics#compile#obj_sizes#inftrees.o#mean_imp": 1.005459508644222, 
  "##characteristics#compile#obj_sizes#inftrees.o#min": 4396, 
  "##characteristics#compile#obj_sizes#inftrees.o#min_imp": 1.005459508644222, 
  "##characteristics#compile#obj_sizes#inftrees.o#range": 0, 
  "##characteristics#compile#obj_sizes#inftrees.o#range_percent": 0, 
  "##characteristics#compile#obj_sizes#inftrees.o#repeats": 1, 
  "##characteristics#compile#obj_sizes#trees.o#all": [
    14056
  ], 
  "##characteristics#compile#obj_sizes#trees.o#all_unique": [
    14056
  ], 
  "##characteristics#compile#obj_sizes#trees.o#center": 14056, 
  "##characteristics#compile#obj_sizes#trees.o#center_imp": 1.0091064314171885, 
  "##characteristics#compile#obj_sizes#trees.o#halfrange": 0, 
  "##characteristics#compile#obj_sizes#trees.o#max": 14056, 
  "##characteristics#compile#obj_sizes#trees.o#mean": 14056.0, 
  "##characteristics#compile#obj_sizes#trees.o#mean_imp": 1.0091064314171885, 
  "##characteristics#compile#obj_sizes#trees.o#min": 14056, 
  "##characteristics#compile#obj_sizes#trees.o#min_imp": 1.0091064314171885, 
  "##characteristics#compile#obj_sizes#trees.o#range": 0, 
  "##characteristics#compile#obj_sizes#trees.o#range_percent": 0, 
  "##characteristics#compile#obj_sizes#trees.o#repeats": 1, 
  "##characteristics#compile#obj_sizes#uncompr.o#all": [
    1264
  ], 
  "##characteristics#compile#obj_sizes#uncompr.o#all_unique": [
    1264
  ], 
  "##characteristics#compile#obj_sizes#uncompr.o#center": 1264, 
  "##characteristics#compile#obj_sizes#uncompr.o#center_imp": 1.0063291139240507, 
  "##characteristics#compile#obj_sizes#uncompr.o#halfrange": 0, 
  "##characteristics#compile#obj_sizes#uncompr.o#max": 1264, 
  "##characteristics#compile#obj_sizes#uncompr.o#mean": 1264.0, 
  "##characteristics#compile#obj_sizes#uncompr.o#mean_imp": 1.0063291139240507, 
  "##characteristics#compile#obj_sizes#uncompr.o#min": 1264, 
  "##characteristics#compile#obj_sizes#uncompr.o#min_imp": 1.0063291139240507, 
  "##characteristics#compile#obj_sizes#uncompr.o#range": 0, 
  "##characteristics#compile#obj_sizes#uncompr.o#range_percent": 0, 
  "##characteristics#compile#obj_sizes#uncompr.o#repeats": 1, 
  "##characteristics#compile#obj_sizes#zutil.o#all": [
    1644
  ], 
  "##characteristics#compile#obj_sizes#zutil.o#all_unique": [
    1644
  ], 
  "##characteristics#compile#obj_sizes#zutil.o#center": 1644, 
  "##characteristics#compile#obj_sizes#zutil.o#center_imp": 1.002433090024331, 
  "##characteristics#compile#obj_sizes#zutil.o#halfrange": 0, 
  "##characteristics#compile#obj_sizes#zutil.o#max": 1644, 
  "##characteristics#compile#obj_sizes#zutil.o#mean": 1644.0, 
  "##characteristics#compile#obj_sizes#zutil.o#mean_imp": 1.002433090024331, 
  "##characteristics#compile#obj_sizes#zutil.o#min": 1644, 
  "##characteristics#compile#obj_sizes#zutil.o#min_imp": 1.002433090024331, 
  "##characteristics#compile#obj_sizes#zutil.o#range": 0, 
  "##characteristics#compile#obj_sizes#zutil.o#range_percent": 0, 
  "##characteristics#compile#obj_sizes#zutil.o#repeats": 1, 
  "##characteristics#compile#program_git_hash#all": [
    "04641ea86f9615c4bdca36af53651658ecea444c"
  ], 
  "##characteristics#compile#program_git_hash#all_unique": [
    "04641ea86f9615c4bdca36af53651658ecea444c"
  ], 
  "##characteristics#compile#program_git_hash#min": "04641ea86f9615c4bdca36af53651658ecea444c", 
  "##characteristics#compile#program_git_hash#min_imp": 0, 
  "##characteristics#compile#program_git_hash#repeats": 1, 
  "##characteristics#run#execution_time#all": [
    0.5090232105263158, 
    0.5128082631578947, 
    0.5025958947368421, 
    0.5353306315789473
  ], 
  "##characteristics#run#execution_time#all_unique": [
    0.5090232105263158, 
    0.5128082631578947, 
    0.5025958947368421, 
    0.5353306315789473
  ], 
  "##characteristics#run#execution_time#center": 0.5189632631578946, 
  "##characteristics#run#execution_time#center_imp": 0.9522013625951822, 
  "##characteristics#run#execution_time#halfrange": 0.01636736842105263, 
  "##characteristics#run#execution_time#max": 0.5353306315789473, 
  "##characteristics#run#execution_time#mean": 0.5149395, 
  "##characteristics#run#execution_time#mean_imp": 0.9589931131919891, 
  "##characteristics#run#execution_time#min": 0.5025958947368421, 
  "##characteristics#run#execution_time#min_imp": 0.968693274768617, 
  "##characteristics#run#execution_time#range": 0.03273473684210526, 
  "##characteristics#run#execution_time#range_percent": 0.06513132555379324, 
  "##characteristics#run#execution_time#repeats": 4, 
  "##characteristics#run#execution_time_kernel_0#all": [
    9.671441, 
    9.743357, 
    9.549322, 
    10.171282
  ], 
  "##characteristics#run#execution_time_kernel_0#all_unique": [
    9.671441, 
    9.743357, 
    9.549322, 
    10.171282
  ], 
  "##characteristics#run#execution_time_kernel_0#center": 9.860302, 
  "##characteristics#run#execution_time_kernel_0#center_imp": 0.9522013625951821, 
  "##characteristics#run#execution_time_kernel_0#halfrange": 0.3109799999999998, 
  "##characteristics#run#execution_time_kernel_0#max": 10.171282, 
  "##characteristics#run#execution_time_kernel_0#mean": 9.7838505, 
  "##characteristics#run#execution_time_kernel_0#mean_imp": 0.9589931131919892, 
  "##characteristics#run#execution_time_kernel_0#min": 9.549322, 
  "##characteristics#run#execution_time_kernel_0#min_imp": 0.968693274768617, 
  "##characteristics#run#execution_time_kernel_0#range": 0.6219599999999996, 
  "##characteristics#run#execution_time_kernel_0#range_percent": 0.06513132555379321, 
  "##characteristics#run#execution_time_kernel_0#repeats": 4, 
  "##characteristics#run#execution_time_with_module#all": [
    10.394000053405762, 
    10.464768886566162, 
    10.272951126098633, 
    10.897093057632446
  ], 
  "##characteristics#run#execution_time_with_module#all_unique": [
    10.394000053405762, 
    10.464768886566162, 
    10.272951126098633, 
    10.897093057632446
  ], 
  "##characteristics#run#execution_time_with_module#center": 10.58502209186554, 
  "##characteristics#run#execution_time_with_module#center_imp": 1.056492787132262, 
  "##characteristics#run#execution_time_with_module#halfrange": 0.31207096576690674, 
  "##characteristics#run#execution_time_with_module#max": 10.897093057632446, 
  "##characteristics#run#execution_time_with_module#mean": 10.50720328092575, 
  "##characteristics#run#execution_time_with_module#mean_imp": 1.0164461673114087, 
  "##characteristics#run#execution_time_with_module#min": 10.272951126098633, 
  "##characteristics#run#execution_time_with_module#min_imp": 0.9714190162059493, 
  "##characteristics#run#execution_time_with_module#range": 0.6241419315338135, 
  "##characteristics#run#execution_time_with_module#range_percent": 0.060755855242820025, 
  "##characteristics#run#execution_time_with_module#repeats": 4, 
  "##characteristics#run#repeat#all": [
    19, 
    19, 
    19, 
    19
  ], 
  "##characteristics#run#repeat#all_unique": [
    19
  ], 
  "##characteristics#run#repeat#center": 19, 
  "##characteristics#run#repeat#center_imp": 1.0, 
  "##characteristics#run#repeat#halfrange": 0, 
  "##characteristics#run#repeat#max": 19, 
  "##characteristics#run#repeat#mean": 19.0, 
  "##characteristics#run#repeat#mean_imp": 1.0, 
  "##characteristics#run#repeat#min": 19, 
  "##characteristics#run#repeat#min_imp": 1.0, 
  "##characteristics#run#repeat#range": 0, 
  "##characteristics#run#repeat#range_percent": 0, 
  "##characteristics#run#repeat#repeats": 4, 
  "##characteristics#run#return_code#all": [
    0, 
    0, 
    0, 
    0
  ], 
  "##characteristics#run#return_code#all_unique": [
    0
  ], 
  "##characteristics#run#return_code#center": 0, 
  "##characteristics#run#return_code#halfrange": 0, 
  "##characteristics#run#return_code#max": 0, 
  "##characteristics#run#return_code#mean": 0.0, 
  "##characteristics#run#return_code#min": 0, 
  "##characteristics#run#return_code#min_imp": 1, 
  "##characteristics#run#return_code#range": 0, 
  "##characteristics#run#return_code#repeats": 4, 
  "##characteristics#run#run_success#all": [
    "yes", 
    "yes", 
    "yes", 
    "yes"
  ], 
  "##characteristics#run#run_success#all_unique": [
    "yes"
  ], 
  "##characteristics#run#run_success#min": "yes", 
  "##characteristics#run#run_success#min_imp": 1, 
  "##characteristics#run#run_success#repeats": 4, 
  "##characteristics#run#run_success_bool#all": [
    true, 
    true, 
    true, 
    true
  ], 
  "##characteristics#run#run_success_bool#all_unique": [
    true
  ], 
  "##characteristics#run#run_success_bool#min": true, 
  "##characteristics#run#run_success_bool#min_imp": 1, 
  "##characteristics#run#run_success_bool#repeats": 4, 
  "##characteristics#run#total_execution_time#all": [
    9.671441, 
    9.743357, 
    9.549322, 
    10.171282
  ], 
  "##characteristics#run#total_execution_time#all_unique": [
    9.671441, 
    9.743357, 
    9.549322, 
    10.171282
  ], 
  "##characteristics#run#total_execution_time#center": 9.860302, 
  "##characteristics#run#total_execution_time#center_imp": 0.9522013625951821, 
  "##characteristics#run#total_execution_time#halfrange": 0.3109799999999998, 
  "##characteristics#run#total_execution_time#max": 10.171282, 
  "##characteristics#run#total_execution_time#mean": 9.7838505, 
  "##characteristics#run#total_execution_time#mean_imp": 0.9589931131919892, 
  "##characteristics#run#total_execution_time#min": 9.549322, 
  "##characteristics#run#total_execution_time#min_imp": 0.968693274768617, 
  "##characteristics#run#total_execution_time#range": 0.6219599999999996, 
  "##characteristics#run#total_execution_time#range_percent": 0.06513132555379321, 
  "##characteristics#run#total_execution_time#repeats": 4
}
