{
  "##choices#calibration_time": 10.0, 
  "##choices#cmd_key": "encode", 
  "##choices#compile_type": "dynamic", 
  "##choices#compiler_description_uoa": "gcc-4.9.0-auto", 
  "##choices#compiler_flags#base_opt": "-O3", 
  "##choices#compiler_flags#bool-branch-probabilities": "-fbranch-probabilities", 
  "##choices#compiler_flags#bool-branch-target-load-optimize2": "-fno-branch-target-load-optimize2", 
  "##choices#compiler_flags#bool-crossjumping": "-fcrossjumping", 
  "##choices#compiler_flags#bool-cse-skip-blocks": "-fcse-skip-blocks", 
  "##choices#compiler_flags#bool-data-sections": "-fdata-sections", 
  "##choices#compiler_flags#bool-dse": "-fno-dse", 
  "##choices#compiler_flags#bool-ipa-reference": "-fno-ipa-reference", 
  "##choices#compiler_flags#bool-keep-inline-functions": "-fkeep-inline-functions", 
  "##choices#compiler_flags#bool-modulo-sched": "-fno-modulo-sched", 
  "##choices#compiler_flags#bool-move-loop-invariants": "-fmove-loop-invariants", 
  "##choices#compiler_flags#bool-omit-frame-pointer": "-fno-omit-frame-pointer", 
  "##choices#compiler_flags#bool-sched-dep-count-heuristic": "-fno-sched-dep-count-heuristic", 
  "##choices#compiler_flags#bool-toplevel-reorder": "-fno-toplevel-reorder", 
  "##choices#compiler_flags#bool-tracer": "-ftracer", 
  "##choices#compiler_flags#bool-tree-loop-distribute-patterns": "-fno-tree-loop-distribute-patterns", 
  "##choices#compiler_flags#bool-tree-loop-linear": "-fno-tree-loop-linear", 
  "##choices#compiler_flags#bool-tree-pre": "-fno-tree-pre", 
  "##choices#compiler_flags#bool-tree-reassoc": "-fno-tree-reassoc", 
  "##choices#compiler_flags#bool-unswitch-loops": "-fno-unswitch-loops", 
  "##choices#data_uoa": "zlib", 
  "##choices#dataset_file": "data.wav", 
  "##choices#dataset_uoa": "audio-wav-0001", 
  "##choices#device_id": "", 
  "##choices#host_os": "linux-32", 
  "##choices#module_uoa": "b0ac08fe1d3c2615", 
  "##choices#no_state_check": "yes", 
  "##choices#program_tags": "", 
  "##choices#repeat": 19, 
  "##choices#target": "", 
  "##choices#target_os": "linux-32", 
  "##choices#target_os_bits": "32"
}
