{
  "##characteristics#compile#binary_size#all": [
    100552
  ], 
  "##characteristics#compile#binary_size#all_unique": [
    100552
  ], 
  "##characteristics#compile#binary_size#center": 100552, 
  "##characteristics#compile#binary_size#center_imp": 1.0089108123160155, 
  "##characteristics#compile#binary_size#halfrange": 0, 
  "##characteristics#compile#binary_size#max": 100552, 
  "##characteristics#compile#binary_size#mean": 100552.0, 
  "##characteristics#compile#binary_size#mean_imp": 1.0089108123160155, 
  "##characteristics#compile#binary_size#min": 100552, 
  "##characteristics#compile#binary_size#min_imp": 1.0089108123160155, 
  "##characteristics#compile#binary_size#range": 0, 
  "##characteristics#compile#binary_size#range_percent": 0, 
  "##characteristics#compile#binary_size#repeats": 1, 
  "##characteristics#compile#compilation_success#all": [
    "yes"
  ], 
  "##characteristics#compile#compilation_success#all_unique": [
    "yes"
  ], 
  "##characteristics#compile#compilation_success#min": "yes", 
  "##characteristics#compile#compilation_success#min_imp": 0, 
  "##characteristics#compile#compilation_success#repeats": 1, 
  "##characteristics#compile#compilation_success_bool#all": [
    true
  ], 
  "##characteristics#compile#compilation_success_bool#all_unique": [
    true
  ], 
  "##characteristics#compile#compilation_success_bool#min": true, 
  "##characteristics#compile#compilation_success_bool#min_imp": 0, 
  "##characteristics#compile#compilation_success_bool#repeats": 1, 
  "##characteristics#compile#compilation_time#all": [
    103.14679908752441
  ], 
  "##characteristics#compile#compilation_time#all_unique": [
    103.14679908752441
  ], 
  "##characteristics#compile#compilation_time#center": 103.14679908752441, 
  "##characteristics#compile#compilation_time#center_imp": 1.0463374820393467, 
  "##characteristics#compile#compilation_time#halfrange": 0.0, 
  "##characteristics#compile#compilation_time#max": 103.14679908752441, 
  "##characteristics#compile#compilation_time#mean": 103.14679908752441, 
  "##characteristics#compile#compilation_time#mean_imp": 1.0463374820393467, 
  "##characteristics#compile#compilation_time#min": 103.14679908752441, 
  "##characteristics#compile#compilation_time#min_imp": 1.0463374820393467, 
  "##characteristics#compile#compilation_time#range": 0.0, 
  "##characteristics#compile#compilation_time#range_percent": 0.0, 
  "##characteristics#compile#compilation_time#repeats": 1, 
  "##characteristics#compile#compilation_time_with_module#all": [
    108.13527703285217
  ], 
  "##characteristics#compile#compilation_time_with_module#all_unique": [
    108.13527703285217
  ], 
  "##characteristics#compile#compilation_time_with_module#center": 108.13527703285217, 
  "##characteristics#compile#compilation_time_with_module#center_imp": 1.0423133785750913, 
  "##characteristics#compile#compilation_time_with_module#halfrange": 0.0, 
  "##characteristics#compile#compilation_time_with_module#max": 108.13527703285217, 
  "##characteristics#compile#compilation_time_with_module#mean": 108.13527703285217, 
  "##characteristics#compile#compilation_time_with_module#mean_imp": 1.0423133785750913, 
  "##characteristics#compile#compilation_time_with_module#min": 108.13527703285217, 
  "##characteristics#compile#compilation_time_with_module#min_imp": 1.0423133785750913, 
  "##characteristics#compile#compilation_time_with_module#range": 0.0, 
  "##characteristics#compile#compilation_time_with_module#range_percent": 0.0, 
  "##characteristics#compile#compilation_time_with_module#repeats": 1, 
  "##characteristics#compile#joined_compiler_flags#all": [
    "-O3 -fexcess-precision=fast -fira-region=mixed -fbranch-count-reg -fno-caller-saves -fno-fast-math -fno-inline-functions-called-once -fira-share-spill-slots -floop-parallelize-all -fmove-loop-invariants -fno-partial-inlining -fno-rounding-math -fsched-pressure -fschedule-insns2 -fsplit-wide-types -ftree-copyrename -fno-tree-loop-if-convert-stores -fno-tree-sra -fno-use-linker-plugin"
  ], 
  "##characteristics#compile#joined_compiler_flags#all_unique": [
    "-O3 -fexcess-precision=fast -fira-region=mixed -fbranch-count-reg -fno-caller-saves -fno-fast-math -fno-inline-functions-called-once -fira-share-spill-slots -floop-parallelize-all -fmove-loop-invariants -fno-partial-inlining -fno-rounding-math -fsched-pressure -fschedule-insns2 -fsplit-wide-types -ftree-copyrename -fno-tree-loop-if-convert-stores -fno-tree-sra -fno-use-linker-plugin"
  ], 
  "##characteristics#compile#joined_compiler_flags#min": "-O3 -fexcess-precision=fast -fira-region=mixed -fbranch-count-reg -fno-caller-saves -fno-fast-math -fno-inline-functions-called-once -fira-share-spill-slots -floop-parallelize-all -fmove-loop-invariants -fno-partial-inlining -fno-rounding-math -fsched-pressure -fschedule-insns2 -fsplit-wide-types -ftree-copyrename -fno-tree-loop-if-convert-stores -fno-tree-sra -fno-use-linker-plugin", 
  "##characteristics#compile#joined_compiler_flags#min_imp": 0, 
  "##characteristics#compile#joined_compiler_flags#repeats": 1, 
  "##characteristics#compile#md5_sum#all": [
    "d26d330481752beba396d691ee6a5425"
  ], 
  "##characteristics#compile#md5_sum#all_unique": [
    "d26d330481752beba396d691ee6a5425"
  ], 
  "##characteristics#compile#md5_sum#min": "d26d330481752beba396d691ee6a5425", 
  "##characteristics#compile#md5_sum#min_imp": 0, 
  "##characteristics#compile#md5_sum#repeats": 1, 
  "##characteristics#compile#obj_size#all": [
    113872
  ], 
  "##characteristics#compile#obj_size#all_unique": [
    113872
  ], 
  "##characteristics#compile#obj_size#center": 113872, 
  "##characteristics#compile#obj_size#center_imp": 1.0085358999578473, 
  "##characteristics#compile#obj_size#halfrange": 0, 
  "##characteristics#compile#obj_size#max": 113872, 
  "##characteristics#compile#obj_size#mean": 113872.0, 
  "##characteristics#compile#obj_size#mean_imp": 1.0085358999578473, 
  "##characteristics#compile#obj_size#min": 113872, 
  "##characteristics#compile#obj_size#min_imp": 1.0085358999578473, 
  "##characteristics#compile#obj_size#range": 0, 
  "##characteristics#compile#obj_size#range_percent": 0, 
  "##characteristics#compile#obj_size#repeats": 1, 
  "##characteristics#compile#obj_sizes#adler32.o#all": [
    2424
  ], 
  "##characteristics#compile#obj_sizes#adler32.o#all_unique": [
    2424
  ], 
  "##characteristics#compile#obj_sizes#adler32.o#center": 2424, 
  "##characteristics#compile#obj_sizes#adler32.o#center_imp": 1.0, 
  "##characteristics#compile#obj_sizes#adler32.o#halfrange": 0, 
  "##characteristics#compile#obj_sizes#adler32.o#max": 2424, 
  "##characteristics#compile#obj_sizes#adler32.o#mean": 2424.0, 
  "##characteristics#compile#obj_sizes#adler32.o#mean_imp": 1.0, 
  "##characteristics#compile#obj_sizes#adler32.o#min": 2424, 
  "##characteristics#compile#obj_sizes#adler32.o#min_imp": 1.0, 
  "##characteristics#compile#obj_sizes#adler32.o#range": 0, 
  "##characteristics#compile#obj_sizes#adler32.o#range_percent": 0, 
  "##characteristics#compile#obj_sizes#adler32.o#repeats": 1, 
  "##characteristics#compile#obj_sizes#compress.o#all": [
    1568
  ], 
  "##characteristics#compile#obj_sizes#compress.o#all_unique": [
    1568
  ], 
  "##characteristics#compile#obj_sizes#compress.o#center": 1568, 
  "##characteristics#compile#obj_sizes#compress.o#center_imp": 1.0, 
  "##characteristics#compile#obj_sizes#compress.o#halfrange": 0, 
  "##characteristics#compile#obj_sizes#compress.o#max": 1568, 
  "##characteristics#compile#obj_sizes#compress.o#mean": 1568.0, 
  "##characteristics#compile#obj_sizes#compress.o#mean_imp": 1.0, 
  "##characteristics#compile#obj_sizes#compress.o#min": 1568, 
  "##characteristics#compile#obj_sizes#compress.o#min_imp": 1.0, 
  "##characteristics#compile#obj_sizes#compress.o#range": 0, 
  "##characteristics#compile#obj_sizes#compress.o#range_percent": 0, 
  "##characteristics#compile#obj_sizes#compress.o#repeats": 1, 
  "##characteristics#compile#obj_sizes#crc32.o#all": [
    10812
  ], 
  "##characteristics#compile#obj_sizes#crc32.o#all_unique": [
    10812
  ], 
  "##characteristics#compile#obj_sizes#crc32.o#center": 10812, 
  "##characteristics#compile#obj_sizes#crc32.o#center_imp": 1.005919348871624, 
  "##characteristics#compile#obj_sizes#crc32.o#halfrange": 0, 
  "##characteristics#compile#obj_sizes#crc32.o#max": 10812, 
  "##characteristics#compile#obj_sizes#crc32.o#mean": 10812.0, 
  "##characteristics#compile#obj_sizes#crc32.o#mean_imp": 1.005919348871624, 
  "##characteristics#compile#obj_sizes#crc32.o#min": 10812, 
  "##characteristics#compile#obj_sizes#crc32.o#min_imp": 1.005919348871624, 
  "##characteristics#compile#obj_sizes#crc32.o#range": 0, 
  "##characteristics#compile#obj_sizes#crc32.o#range_percent": 0, 
  "##characteristics#compile#obj_sizes#crc32.o#repeats": 1, 
  "##characteristics#compile#obj_sizes#ctuning-rtl.o#all": [
    4632
  ], 
  "##characteristics#compile#obj_sizes#ctuning-rtl.o#all_unique": [
    4632
  ], 
  "##characteristics#compile#obj_sizes#ctuning-rtl.o#center": 4632, 
  "##characteristics#compile#obj_sizes#ctuning-rtl.o#center_imp": 1.0, 
  "##characteristics#compile#obj_sizes#ctuning-rtl.o#halfrange": 0, 
  "##characteristics#compile#obj_sizes#ctuning-rtl.o#max": 4632, 
  "##characteristics#compile#obj_sizes#ctuning-rtl.o#mean": 4632.0, 
  "##characteristics#compile#obj_sizes#ctuning-rtl.o#mean_imp": 1.0, 
  "##characteristics#compile#obj_sizes#ctuning-rtl.o#min": 4632, 
  "##characteristics#compile#obj_sizes#ctuning-rtl.o#min_imp": 1.0, 
  "##characteristics#compile#obj_sizes#ctuning-rtl.o#range": 0, 
  "##characteristics#compile#obj_sizes#ctuning-rtl.o#range_percent": 0, 
  "##characteristics#compile#obj_sizes#ctuning-rtl.o#repeats": 1, 
  "##characteristics#compile#obj_sizes#deflate.o#all": [
    19780
  ], 
  "##characteristics#compile#obj_sizes#deflate.o#all_unique": [
    19780
  ], 
  "##characteristics#compile#obj_sizes#deflate.o#center": 19780, 
  "##characteristics#compile#obj_sizes#deflate.o#center_imp": 1.0198179979777553, 
  "##characteristics#compile#obj_sizes#deflate.o#halfrange": 0, 
  "##characteristics#compile#obj_sizes#deflate.o#max": 19780, 
  "##characteristics#compile#obj_sizes#deflate.o#mean": 19780.0, 
  "##characteristics#compile#obj_sizes#deflate.o#mean_imp": 1.0198179979777553, 
  "##characteristics#compile#obj_sizes#deflate.o#min": 19780, 
  "##characteristics#compile#obj_sizes#deflate.o#min_imp": 1.0198179979777553, 
  "##characteristics#compile#obj_sizes#deflate.o#range": 0, 
  "##characteristics#compile#obj_sizes#deflate.o#range_percent": 0, 
  "##characteristics#compile#obj_sizes#deflate.o#repeats": 1, 
  "##characteristics#compile#obj_sizes#gzclose.o#all": [
    980
  ], 
  "##characteristics#compile#obj_sizes#gzclose.o#all_unique": [
    980
  ], 
  "##characteristics#compile#obj_sizes#gzclose.o#center": 980, 
  "##characteristics#compile#obj_sizes#gzclose.o#center_imp": 1.0, 
  "##characteristics#compile#obj_sizes#gzclose.o#halfrange": 0, 
  "##characteristics#compile#obj_sizes#gzclose.o#max": 980, 
  "##characteristics#compile#obj_sizes#gzclose.o#mean": 980.0, 
  "##characteristics#compile#obj_sizes#gzclose.o#mean_imp": 1.0, 
  "##characteristics#compile#obj_sizes#gzclose.o#min": 980, 
  "##characteristics#compile#obj_sizes#gzclose.o#min_imp": 1.0, 
  "##characteristics#compile#obj_sizes#gzclose.o#range": 0, 
  "##characteristics#compile#obj_sizes#gzclose.o#range_percent": 0, 
  "##characteristics#compile#obj_sizes#gzclose.o#repeats": 1, 
  "##characteristics#compile#obj_sizes#gzlib.o#all": [
    6300
  ], 
  "##characteristics#compile#obj_sizes#gzlib.o#all_unique": [
    6300
  ], 
  "##characteristics#compile#obj_sizes#gzlib.o#center": 6300, 
  "##characteristics#compile#obj_sizes#gzlib.o#center_imp": 1.0, 
  "##characteristics#compile#obj_sizes#gzlib.o#halfrange": 0, 
  "##characteristics#compile#obj_sizes#gzlib.o#max": 6300, 
  "##characteristics#compile#obj_sizes#gzlib.o#mean": 6300.0, 
  "##characteristics#compile#obj_sizes#gzlib.o#mean_imp": 1.0, 
  "##characteristics#compile#obj_sizes#gzlib.o#min": 6300, 
  "##characteristics#compile#obj_sizes#gzlib.o#min_imp": 1.0, 
  "##characteristics#compile#obj_sizes#gzlib.o#range": 0, 
  "##characteristics#compile#obj_sizes#gzlib.o#range_percent": 0, 
  "##characteristics#compile#obj_sizes#gzlib.o#repeats": 1, 
  "##characteristics#compile#obj_sizes#gzread.o#all": [
    5776
  ], 
  "##characteristics#compile#obj_sizes#gzread.o#all_unique": [
    5776
  ], 
  "##characteristics#compile#obj_sizes#gzread.o#center": 5776, 
  "##characteristics#compile#obj_sizes#gzread.o#center_imp": 1.0, 
  "##characteristics#compile#obj_sizes#gzread.o#halfrange": 0, 
  "##characteristics#compile#obj_sizes#gzread.o#max": 5776, 
  "##characteristics#compile#obj_sizes#gzread.o#mean": 5776.0, 
  "##characteristics#compile#obj_sizes#gzread.o#mean_imp": 1.0, 
  "##characteristics#compile#obj_sizes#gzread.o#min": 5776, 
  "##characteristics#compile#obj_sizes#gzread.o#min_imp": 1.0, 
  "##characteristics#compile#obj_sizes#gzread.o#range": 0, 
  "##characteristics#compile#obj_sizes#gzread.o#range_percent": 0, 
  "##characteristics#compile#obj_sizes#gzread.o#repeats": 1, 
  "##characteristics#compile#obj_sizes#gzwrite.o#all": [
    9556
  ], 
  "##characteristics#compile#obj_sizes#gzwrite.o#all_unique": [
    9556
  ], 
  "##characteristics#compile#obj_sizes#gzwrite.o#center": 9556, 
  "##characteristics#compile#obj_sizes#gzwrite.o#center_imp": 1.074089577228966, 
  "##characteristics#compile#obj_sizes#gzwrite.o#halfrange": 0, 
  "##characteristics#compile#obj_sizes#gzwrite.o#max": 9556, 
  "##characteristics#compile#obj_sizes#gzwrite.o#mean": 9556.0, 
  "##characteristics#compile#obj_sizes#gzwrite.o#mean_imp": 1.074089577228966, 
  "##characteristics#compile#obj_sizes#gzwrite.o#min": 9556, 
  "##characteristics#compile#obj_sizes#gzwrite.o#min_imp": 1.074089577228966, 
  "##characteristics#compile#obj_sizes#gzwrite.o#range": 0, 
  "##characteristics#compile#obj_sizes#gzwrite.o#range_percent": 0, 
  "##characteristics#compile#obj_sizes#gzwrite.o#repeats": 1, 
  "##characteristics#compile#obj_sizes#infback.o#all": [
    9568
  ], 
  "##characteristics#compile#obj_sizes#infback.o#all_unique": [
    9568
  ], 
  "##characteristics#compile#obj_sizes#infback.o#center": 9568, 
  "##characteristics#compile#obj_sizes#infback.o#center_imp": 1.000418060200669, 
  "##characteristics#compile#obj_sizes#infback.o#halfrange": 0, 
  "##characteristics#compile#obj_sizes#infback.o#max": 9568, 
  "##characteristics#compile#obj_sizes#infback.o#mean": 9568.0, 
  "##characteristics#compile#obj_sizes#infback.o#mean_imp": 1.000418060200669, 
  "##characteristics#compile#obj_sizes#infback.o#min": 9568, 
  "##characteristics#compile#obj_sizes#infback.o#min_imp": 1.000418060200669, 
  "##characteristics#compile#obj_sizes#infback.o#range": 0, 
  "##characteristics#compile#obj_sizes#infback.o#range_percent": 0, 
  "##characteristics#compile#obj_sizes#infback.o#repeats": 1, 
  "##characteristics#compile#obj_sizes#inffast.o#all": [
    4016
  ], 
  "##characteristics#compile#obj_sizes#inffast.o#all_unique": [
    4016
  ], 
  "##characteristics#compile#obj_sizes#inffast.o#center": 4016, 
  "##characteristics#compile#obj_sizes#inffast.o#center_imp": 0.9950199203187251, 
  "##characteristics#compile#obj_sizes#inffast.o#halfrange": 0, 
  "##characteristics#compile#obj_sizes#inffast.o#max": 4016, 
  "##characteristics#compile#obj_sizes#inffast.o#mean": 4016.0, 
  "##characteristics#compile#obj_sizes#inffast.o#mean_imp": 0.9950199203187251, 
  "##characteristics#compile#obj_sizes#inffast.o#min": 4016, 
  "##characteristics#compile#obj_sizes#inffast.o#min_imp": 0.9950199203187251, 
  "##characteristics#compile#obj_sizes#inffast.o#range": 0, 
  "##characteristics#compile#obj_sizes#inffast.o#range_percent": 0, 
  "##characteristics#compile#obj_sizes#inffast.o#repeats": 1, 
  "##characteristics#compile#obj_sizes#inflate.o#all": [
    16924
  ], 
  "##characteristics#compile#obj_sizes#inflate.o#all_unique": [
    16924
  ], 
  "##characteristics#compile#obj_sizes#inflate.o#center": 16924, 
  "##characteristics#compile#obj_sizes#inflate.o#center_imp": 0.9903096194753014, 
  "##characteristics#compile#obj_sizes#inflate.o#halfrange": 0, 
  "##characteristics#compile#obj_sizes#inflate.o#max": 16924, 
  "##characteristics#compile#obj_sizes#inflate.o#mean": 16924.0, 
  "##characteristics#compile#obj_sizes#inflate.o#mean_imp": 0.9903096194753014, 
  "##characteristics#compile#obj_sizes#inflate.o#min": 16924, 
  "##characteristics#compile#obj_sizes#inflate.o#min_imp": 0.9903096194753014, 
  "##characteristics#compile#obj_sizes#inflate.o#range": 0, 
  "##characteristics#compile#obj_sizes#inflate.o#range_percent": 0, 
  "##characteristics#compile#obj_sizes#inflate.o#repeats": 1, 
  "##characteristics#compile#obj_sizes#inftrees.o#all": [
    4420
  ], 
  "##characteristics#compile#obj_sizes#inftrees.o#all_unique": [
    4420
  ], 
  "##characteristics#compile#obj_sizes#inftrees.o#center": 4420, 
  "##characteristics#compile#obj_sizes#inftrees.o#center_imp": 1.0, 
  "##characteristics#compile#obj_sizes#inftrees.o#halfrange": 0, 
  "##characteristics#compile#obj_sizes#inftrees.o#max": 4420, 
  "##characteristics#compile#obj_sizes#inftrees.o#mean": 4420.0, 
  "##characteristics#compile#obj_sizes#inftrees.o#mean_imp": 1.0, 
  "##characteristics#compile#obj_sizes#inftrees.o#min": 4420, 
  "##characteristics#compile#obj_sizes#inftrees.o#min_imp": 1.0, 
  "##characteristics#compile#obj_sizes#inftrees.o#range": 0, 
  "##characteristics#compile#obj_sizes#inftrees.o#range_percent": 0, 
  "##characteristics#compile#obj_sizes#inftrees.o#repeats": 1, 
  "##characteristics#compile#obj_sizes#trees.o#all": [
    14196
  ], 
  "##characteristics#compile#obj_sizes#trees.o#all_unique": [
    14196
  ], 
  "##characteristics#compile#obj_sizes#trees.o#center": 14196, 
  "##characteristics#compile#obj_sizes#trees.o#center_imp": 0.9991546914623838, 
  "##characteristics#compile#obj_sizes#trees.o#halfrange": 0, 
  "##characteristics#compile#obj_sizes#trees.o#max": 14196, 
  "##characteristics#compile#obj_sizes#trees.o#mean": 14196.0, 
  "##characteristics#compile#obj_sizes#trees.o#mean_imp": 0.9991546914623838, 
  "##characteristics#compile#obj_sizes#trees.o#min": 14196, 
  "##characteristics#compile#obj_sizes#trees.o#min_imp": 0.9991546914623838, 
  "##characteristics#compile#obj_sizes#trees.o#range": 0, 
  "##characteristics#compile#obj_sizes#trees.o#range_percent": 0, 
  "##characteristics#compile#obj_sizes#trees.o#repeats": 1, 
  "##characteristics#compile#obj_sizes#uncompr.o#all": [
    1272
  ], 
  "##characteristics#compile#obj_sizes#uncompr.o#all_unique": [
    1272
  ], 
  "##characteristics#compile#obj_sizes#uncompr.o#center": 1272, 
  "##characteristics#compile#obj_sizes#uncompr.o#center_imp": 1.0, 
  "##characteristics#compile#obj_sizes#uncompr.o#halfrange": 0, 
  "##characteristics#compile#obj_sizes#uncompr.o#max": 1272, 
  "##characteristics#compile#obj_sizes#uncompr.o#mean": 1272.0, 
  "##characteristics#compile#obj_sizes#uncompr.o#mean_imp": 1.0, 
  "##characteristics#compile#obj_sizes#uncompr.o#min": 1272, 
  "##characteristics#compile#obj_sizes#uncompr.o#min_imp": 1.0, 
  "##characteristics#compile#obj_sizes#uncompr.o#range": 0, 
  "##characteristics#compile#obj_sizes#uncompr.o#range_percent": 0, 
  "##characteristics#compile#obj_sizes#uncompr.o#repeats": 1, 
  "##characteristics#compile#obj_sizes#zutil.o#all": [
    1648
  ], 
  "##characteristics#compile#obj_sizes#zutil.o#all_unique": [
    1648
  ], 
  "##characteristics#compile#obj_sizes#zutil.o#center": 1648, 
  "##characteristics#compile#obj_sizes#zutil.o#center_imp": 1.0, 
  "##characteristics#compile#obj_sizes#zutil.o#halfrange": 0, 
  "##characteristics#compile#obj_sizes#zutil.o#max": 1648, 
  "##characteristics#compile#obj_sizes#zutil.o#mean": 1648.0, 
  "##characteristics#compile#obj_sizes#zutil.o#mean_imp": 1.0, 
  "##characteristics#compile#obj_sizes#zutil.o#min": 1648, 
  "##characteristics#compile#obj_sizes#zutil.o#min_imp": 1.0, 
  "##characteristics#compile#obj_sizes#zutil.o#range": 0, 
  "##characteristics#compile#obj_sizes#zutil.o#range_percent": 0, 
  "##characteristics#compile#obj_sizes#zutil.o#repeats": 1, 
  "##characteristics#compile#program_git_hash#all": [
    "04641ea86f9615c4bdca36af53651658ecea444c"
  ], 
  "##characteristics#compile#program_git_hash#all_unique": [
    "04641ea86f9615c4bdca36af53651658ecea444c"
  ], 
  "##characteristics#compile#program_git_hash#min": "04641ea86f9615c4bdca36af53651658ecea444c", 
  "##characteristics#compile#program_git_hash#min_imp": 0, 
  "##characteristics#compile#program_git_hash#repeats": 1, 
  "##characteristics#run#execution_time#all": [
    0.5373273684210527, 
    0.498033052631579, 
    0.5293238947368422, 
    0.49405436842105266
  ], 
  "##characteristics#run#execution_time#all_unique": [
    0.5373273684210527, 
    0.498033052631579, 
    0.5293238947368422, 
    0.49405436842105266
  ], 
  "##characteristics#run#execution_time#center": 0.5156908684210526, 
  "##characteristics#run#execution_time#center_imp": 0.9582437009769162, 
  "##characteristics#run#execution_time#halfrange": 0.021636500000000003, 
  "##characteristics#run#execution_time#max": 0.5373273684210527, 
  "##characteristics#run#execution_time#mean": 0.5146846710526316, 
  "##characteristics#run#execution_time#mean_imp": 0.9594679266444054, 
  "##characteristics#run#execution_time#min": 0.49405436842105266, 
  "##characteristics#run#execution_time#min_imp": 0.9854406605367211, 
  "##characteristics#run#execution_time#range": 0.043273000000000006, 
  "##characteristics#run#execution_time#range_percent": 0.08758752632487816, 
  "##characteristics#run#execution_time#repeats": 4, 
  "##characteristics#run#execution_time_kernel_0#all": [
    10.20922, 
    9.462628, 
    10.057154, 
    9.387033
  ], 
  "##characteristics#run#execution_time_kernel_0#all_unique": [
    10.20922, 
    9.462628, 
    10.057154, 
    9.387033
  ], 
  "##characteristics#run#execution_time_kernel_0#center": 9.7981265, 
  "##characteristics#run#execution_time_kernel_0#center_imp": 0.9582437009769162, 
  "##characteristics#run#execution_time_kernel_0#halfrange": 0.4110934999999998, 
  "##characteristics#run#execution_time_kernel_0#max": 10.20922, 
  "##characteristics#run#execution_time_kernel_0#mean": 9.779008750000001, 
  "##characteristics#run#execution_time_kernel_0#mean_imp": 0.9594679266444054, 
  "##characteristics#run#execution_time_kernel_0#min": 9.387033, 
  "##characteristics#run#execution_time_kernel_0#min_imp": 0.9854406605367211, 
  "##characteristics#run#execution_time_kernel_0#range": 0.8221869999999996, 
  "##characteristics#run#execution_time_kernel_0#range_percent": 0.08758752632487811, 
  "##characteristics#run#execution_time_kernel_0#repeats": 4, 
  "##characteristics#run#execution_time_with_module#all": [
    10.938435077667236, 
    10.189040899276733, 
    12.039849996566772, 
    10.112913846969604
  ], 
  "##characteristics#run#execution_time_with_module#all_unique": [
    10.938435077667236, 
    10.189040899276733, 
    12.039849996566772, 
    10.112913846969604
  ], 
  "##characteristics#run#execution_time_with_module#center": 11.076381921768188, 
  "##characteristics#run#execution_time_with_module#center_imp": 1.009625667539855, 
  "##characteristics#run#execution_time_with_module#halfrange": 0.963468074798584, 
  "##characteristics#run#execution_time_with_module#max": 12.039849996566772, 
  "##characteristics#run#execution_time_with_module#mean": 10.820059955120087, 
  "##characteristics#run#execution_time_with_module#mean_imp": 0.9870561298512052, 
  "##characteristics#run#execution_time_with_module#min": 10.112913846969604, 
  "##characteristics#run#execution_time_with_module#min_imp": 0.9867917622413942, 
  "##characteristics#run#execution_time_with_module#range": 1.926936149597168, 
  "##characteristics#run#execution_time_with_module#range_percent": 0.19054213046367305, 
  "##characteristics#run#execution_time_with_module#repeats": 4, 
  "##characteristics#run#repeat#all": [
    19, 
    19, 
    19, 
    19
  ], 
  "##characteristics#run#repeat#all_unique": [
    19
  ], 
  "##characteristics#run#repeat#center": 19, 
  "##characteristics#run#repeat#center_imp": 1.0, 
  "##characteristics#run#repeat#halfrange": 0, 
  "##characteristics#run#repeat#max": 19, 
  "##characteristics#run#repeat#mean": 19.0, 
  "##characteristics#run#repeat#mean_imp": 1.0, 
  "##characteristics#run#repeat#min": 19, 
  "##characteristics#run#repeat#min_imp": 1.0, 
  "##characteristics#run#repeat#range": 0, 
  "##characteristics#run#repeat#range_percent": 0, 
  "##characteristics#run#repeat#repeats": 4, 
  "##characteristics#run#return_code#all": [
    0, 
    0, 
    0, 
    0
  ], 
  "##characteristics#run#return_code#all_unique": [
    0
  ], 
  "##characteristics#run#return_code#center": 0, 
  "##characteristics#run#return_code#halfrange": 0, 
  "##characteristics#run#return_code#max": 0, 
  "##characteristics#run#return_code#mean": 0.0, 
  "##characteristics#run#return_code#min": 0, 
  "##characteristics#run#return_code#min_imp": 1, 
  "##characteristics#run#return_code#range": 0, 
  "##characteristics#run#return_code#repeats": 4, 
  "##characteristics#run#run_success#all": [
    "yes", 
    "yes", 
    "yes", 
    "yes"
  ], 
  "##characteristics#run#run_success#all_unique": [
    "yes"
  ], 
  "##characteristics#run#run_success#min": "yes", 
  "##characteristics#run#run_success#min_imp": 1, 
  "##characteristics#run#run_success#repeats": 4, 
  "##characteristics#run#run_success_bool#all": [
    true, 
    true, 
    true, 
    true
  ], 
  "##characteristics#run#run_success_bool#all_unique": [
    true
  ], 
  "##characteristics#run#run_success_bool#min": true, 
  "##characteristics#run#run_success_bool#min_imp": 1, 
  "##characteristics#run#run_success_bool#repeats": 4, 
  "##characteristics#run#total_execution_time#all": [
    10.20922, 
    9.462628, 
    10.057154, 
    9.387033
  ], 
  "##characteristics#run#total_execution_time#all_unique": [
    10.20922, 
    9.462628, 
    10.057154, 
    9.387033
  ], 
  "##characteristics#run#total_execution_time#center": 9.7981265, 
  "##characteristics#run#total_execution_time#center_imp": 0.9582437009769162, 
  "##characteristics#run#total_execution_time#halfrange": 0.4110934999999998, 
  "##characteristics#run#total_execution_time#max": 10.20922, 
  "##characteristics#run#total_execution_time#mean": 9.779008750000001, 
  "##characteristics#run#total_execution_time#mean_imp": 0.9594679266444054, 
  "##characteristics#run#total_execution_time#min": 9.387033, 
  "##characteristics#run#total_execution_time#min_imp": 0.9854406605367211, 
  "##characteristics#run#total_execution_time#range": 0.8221869999999996, 
  "##characteristics#run#total_execution_time#range_percent": 0.08758752632487811, 
  "##characteristics#run#total_execution_time#repeats": 4
}
