{
  "##choices#calibration_time": 10.0, 
  "##choices#cmd_key": "encode", 
  "##choices#compile_type": "dynamic", 
  "##choices#compiler_description_uoa": "gcc-4.9.0-auto", 
  "##choices#compiler_flags#base_opt": "-O3", 
  "##choices#compiler_flags#bool-check-data-deps": "-fno-check-data-deps", 
  "##choices#compiler_flags#bool-cse-follow-jumps": "-fcse-follow-jumps", 
  "##choices#compiler_flags#bool-function-cse": "-fno-function-cse", 
  "##choices#compiler_flags#bool-gcse": "-fno-gcse", 
  "##choices#compiler_flags#bool-gcse-after-reload": "-fno-gcse-after-reload", 
  "##choices#compiler_flags#bool-gcse-las": "-fno-gcse-las", 
  "##choices#compiler_flags#bool-inline-functions": "-fno-inline-functions", 
  "##choices#compiler_flags#bool-live-range-shrinkage": "-fno-live-range-shrinkage", 
  "##choices#compiler_flags#bool-sel-sched-pipelining-outer-loops": "-fno-sel-sched-pipelining-outer-loops", 
  "##choices#compiler_flags#bool-split-ivs-in-unroller": "-fsplit-ivs-in-unroller", 
  "##choices#compiler_flags#bool-thread-jumps": "-fno-thread-jumps", 
  "##choices#compiler_flags#bool-tree-coalesce-vars": "-ftree-coalesce-vars", 
  "##choices#compiler_flags#bool-tree-dominator-opts": "-ftree-dominator-opts", 
  "##choices#compiler_flags#bool-tree-pre": "-fno-tree-pre", 
  "##choices#compiler_flags#bool-unit-at-a-time": "-fno-unit-at-a-time", 
  "##choices#compiler_flags#bool-vect-cost-model": "-fvect-cost-model", 
  "##choices#compiler_flags#bool-vpt": "-fno-vpt", 
  "##choices#data_uoa": "zlib", 
  "##choices#dataset_file": "data.wav", 
  "##choices#dataset_uoa": "audio-wav-0001", 
  "##choices#device_id": "", 
  "##choices#host_os": "linux-32", 
  "##choices#module_uoa": "b0ac08fe1d3c2615", 
  "##choices#no_state_check": "yes", 
  "##choices#program_tags": "", 
  "##choices#repeat": 19, 
  "##choices#target": "", 
  "##choices#target_os": "linux-32", 
  "##choices#target_os_bits": "32"
}
