{
  "##choices#calibration_time": 10.0, 
  "##choices#cmd_key": "encode", 
  "##choices#compile_type": "dynamic", 
  "##choices#compiler_description_uoa": "gcc-4.9.0-auto", 
  "##choices#compiler_flags#base_opt": "-O3", 
  "##choices#compiler_flags#bool--fira-algorithm=": "-fira-algorithm=priority", 
  "##choices#compiler_flags#bool-compare-elim": "-fno-compare-elim", 
  "##choices#compiler_flags#bool-defer-pop": "-fno-defer-pop", 
  "##choices#compiler_flags#bool-devirtualize-speculatively": "-fdevirtualize-speculatively", 
  "##choices#compiler_flags#bool-forward-propagate": "-fforward-propagate", 
  "##choices#compiler_flags#bool-isolate-erroneous-paths-dereference": "-fno-isolate-erroneous-paths-dereference", 
  "##choices#compiler_flags#bool-loop-parallelize-all": "-floop-parallelize-all", 
  "##choices#compiler_flags#bool-sched-pressure": "-fno-sched-pressure", 
  "##choices#compiler_flags#bool-sched-spec-insn-heuristic": "-fsched-spec-insn-heuristic", 
  "##choices#compiler_flags#bool-selective-scheduling": "-fno-selective-scheduling", 
  "##choices#compiler_flags#bool-tree-builtin-call-dce": "-ftree-builtin-call-dce", 
  "##choices#compiler_flags#bool-tree-tail-merge": "-ftree-tail-merge", 
  "##choices#compiler_flags#bool-unsafe-math-optimizations": "-fno-unsafe-math-optimizations", 
  "##choices#data_uoa": "zlib", 
  "##choices#dataset_file": "data.wav", 
  "##choices#dataset_uoa": "audio-wav-0001", 
  "##choices#device_id": "", 
  "##choices#host_os": "linux-32", 
  "##choices#module_uoa": "b0ac08fe1d3c2615", 
  "##choices#no_state_check": "yes", 
  "##choices#program_tags": "", 
  "##choices#repeat": 19, 
  "##choices#target": "", 
  "##choices#target_os": "linux-32", 
  "##choices#target_os_bits": "32"
}
