{
  "characteristics_list": [
    {
      "compile": {
        "binary_size": 101212, 
        "compilation_success": "yes", 
        "compilation_success_bool": true, 
        "compilation_time": 110.04235696792603, 
        "compilation_time_with_module": 114.92939901351929, 
        "joined_compiler_flags": "-O3 -fdce -fgcse-las -findirect-inlining -fira-loop-pressure -fno-keep-inline-functions -fpartial-inlining -fpeel-loops -fno-sched-interblock -ftree-loop-linear -fno-unroll-all-loops", 
        "md5_sum": "c5ff417eb8f1d8ff86bbabd19cf05120", 
        "obj_size": 114600, 
        "obj_sizes": {
          "adler32.o": 2424, 
          "compress.o": 1568, 
          "crc32.o": 10876, 
          "ctuning-rtl.o": 4632, 
          "deflate.o": 20188, 
          "gzclose.o": 980, 
          "gzlib.o": 6320, 
          "gzread.o": 5776, 
          "gzwrite.o": 10264, 
          "infback.o": 9352, 
          "inffast.o": 3860, 
          "inflate.o": 16808, 
          "inftrees.o": 4420, 
          "trees.o": 14212, 
          "uncompr.o": 1272, 
          "zutil.o": 1648
        }, 
        "program_git_hash": "04641ea86f9615c4bdca36af53651658ecea444c"
      }, 
      "run": {
        "execution_time": 0.5177162631578947, 
        "execution_time_kernel_0": 9.836609, 
        "execution_time_with_module": 11.132858991622925, 
        "repeat": 19, 
        "return_code": 0, 
        "run_success": "yes", 
        "run_success_bool": true, 
        "total_execution_time": 9.836609
      }
    }, 
    {
      "run": {
        "execution_time": 0.5264181052631579, 
        "execution_time_kernel_0": 10.001944, 
        "execution_time_with_module": 10.734535932540894, 
        "repeat": 19, 
        "return_code": 0, 
        "run_success": "yes", 
        "run_success_bool": true, 
        "total_execution_time": 10.001944
      }
    }, 
    {
      "run": {
        "execution_time": 0.5075281578947368, 
        "execution_time_kernel_0": 9.643035, 
        "execution_time_with_module": 10.65391492843628, 
        "repeat": 19, 
        "return_code": 0, 
        "run_success": "yes", 
        "run_success_bool": true, 
        "total_execution_time": 9.643035
      }
    }, 
    {
      "run": {
        "execution_time": 0.505173, 
        "execution_time_kernel_0": 9.598287, 
        "execution_time_with_module": 10.321007013320923, 
        "repeat": 19, 
        "return_code": 0, 
        "run_success": "yes", 
        "run_success_bool": true, 
        "total_execution_time": 9.598287
      }
    }
  ], 
  "choices": {
    "calibration_time": 10.0, 
    "cmd_key": "encode", 
    "compile_type": "dynamic", 
    "compiler_description_uoa": "gcc-4.9.0-auto", 
    "compiler_flags": {
      "base_opt": "-O3", 
      "bool-dce": "-fdce", 
      "bool-gcse-las": "-fgcse-las", 
      "bool-indirect-inlining": "-findirect-inlining", 
      "bool-ira-loop-pressure": "-fira-loop-pressure", 
      "bool-keep-inline-functions": "-fno-keep-inline-functions", 
      "bool-partial-inlining": "-fpartial-inlining", 
      "bool-peel-loops": "-fpeel-loops", 
      "bool-sched-interblock": "-fno-sched-interblock", 
      "bool-tree-loop-linear": "-ftree-loop-linear", 
      "bool-unroll-all-loops": "-fno-unroll-all-loops"
    }, 
    "data_uoa": "zlib", 
    "dataset_file": "data.wav", 
    "dataset_uoa": "audio-wav-0001", 
    "device_cfg": {}, 
    "device_id": "", 
    "host_os": "linux-32", 
    "module_uoa": "b0ac08fe1d3c2615", 
    "no_state_check": "yes", 
    "program_tags": "", 
    "repeat": 19, 
    "target": "", 
    "target_os": "linux-32", 
    "target_os_bits": "32"
  }, 
  "choices_order": [
    "##compiler_flags#base_opt", 
    "##compiler_flags#bool-dce", 
    "##compiler_flags#bool-gcse-las", 
    "##compiler_flags#bool-indirect-inlining", 
    "##compiler_flags#bool-ira-loop-pressure", 
    "##compiler_flags#bool-keep-inline-functions", 
    "##compiler_flags#bool-partial-inlining", 
    "##compiler_flags#bool-peel-loops", 
    "##compiler_flags#bool-sched-interblock", 
    "##compiler_flags#bool-tree-loop-linear", 
    "##compiler_flags#bool-unroll-all-loops"
  ], 
  "features": {
    "compiler_version": {
      "list": [
        4, 
        9, 
        2
      ], 
      "raw": [
        "gcc-4.9 (Raspbian 4.9.2-10) 4.9.2", 
        "Copyright (C) 2014 Free Software Foundation, Inc.", 
        "This is free software; see the source for copying conditions.  There is NO", 
        "warranty; not even for MERCHANTABILITY or FITNESS FOR A PARTICULAR PURPOSE.", 
        "", 
        ""
      ], 
      "str": "4.9.2"
    }, 
    "dataset": {
      "total_size": 311096
    }, 
    "number_of_selected_compiler_flags": 11, 
    "platform": {
      "cpu": {
        "all_freqs": {
          "0": [
            700000, 
            700000
          ]
        }, 
        "cpu_abi": "", 
        "cpu_features": "half thumb fastmult vfp edsp java tls", 
        "current_freq": {
          "0": 700.0
        }, 
        "max_freq": {
          "0": 700.0
        }, 
        "name": "BCM2708", 
        "num_proc": "1", 
        "sub_name": "ARMv6-compatible processor rev 7 (v6l)", 
        "workload_automation": {
          "device_config": {
            "core_clusters": [
              0
            ], 
            "core_names": [
              "BCM2708"
            ]
          }
        }
      }, 
      "cpu_misc": {
        "0": {
          "BogoMIPS": "697.95", 
          "CPU architecture": "7", 
          "CPU implementer": "0x41", 
          "CPU part": "0xb76", 
          "CPU revision": "7", 
          "CPU variant": "0x0", 
          "Features": "half thumb fastmult vfp edsp java tls", 
          "Hardware": "BCM2708", 
          "Revision": "0013", 
          "Serial": "00000000999033c3", 
          "all_freqs": [
            "0", 
            "0"
          ], 
          "ck_cpu_name": "BCM2708", 
          "ck_cpu_subname": "ARMv6-compatible processor rev 7 (v6l)", 
          "cpu_features": "half thumb fastmult vfp edsp java tls", 
          "cur_freq": 700.0, 
          "max_freq": 700.0, 
          "model name": "ARMv6-compatible processor rev 7 (v6l)", 
          "processor": "0"
        }
      }, 
      "cpu_new_format": "", 
      "cpu_unique": [
        {
          "BogoMIPS": "697.95", 
          "CPU architecture": "7", 
          "CPU implementer": "0x41", 
          "CPU part": "0xb76", 
          "CPU revision": "7", 
          "CPU variant": "0x0", 
          "Features": "half thumb fastmult vfp edsp java tls", 
          "Hardware": "BCM2708", 
          "Revision": "0013", 
          "Serial": "00000000999033c3", 
          "all_freqs": [
            "0", 
            "0"
          ], 
          "ck_cpu_name": "BCM2708", 
          "ck_cpu_subname": "ARMv6-compatible processor rev 7 (v6l)", 
          "cpu_features": "half thumb fastmult vfp edsp java tls", 
          "cur_freq": 700.0, 
          "max_freq": 700.0, 
          "model name": "ARMv6-compatible processor rev 7 (v6l)", 
          "processor": "0"
        }
      ], 
      "gpu": {
        "name": "", 
        "vendor": ""
      }, 
      "gpu_misc": {}, 
      "os": {
        "abi": "armv6l", 
        "bits": "32", 
        "ck_os_base_uoa": "", 
        "ck_os_uoa": "linux-32", 
        "name": "Linux 4.4.21+", 
        "name_long": "Linux-4.4.21+-armv6l-with-debian-8.0", 
        "name_short": "Linux 4.4.21+", 
        "serial_number": ""
      }, 
      "os_misc": {}, 
      "platform": {
        "model": "", 
        "name": "", 
        "vendor": ""
      }, 
      "platform_misc": {}
    }, 
    "solution_uid": "61764d46879edf84", 
    "statistical_repetitions": 4
  }
}
