{
  "##choices#calibration_time": 10.0, 
  "##choices#cmd_key": "encode", 
  "##choices#compile_type": "dynamic", 
  "##choices#compiler_description_uoa": "gcc-4.9.0-auto", 
  "##choices#compiler_flags#base_opt": "-O3", 
  "##choices#compiler_flags#bool--fexcess-precision=": "-fexcess-precision=standard", 
  "##choices#compiler_flags#bool-associative-math": "-fno-associative-math", 
  "##choices#compiler_flags#bool-branch-count-reg": "-fno-branch-count-reg", 
  "##choices#compiler_flags#bool-cx-fortran-rules": "-fno-cx-fortran-rules", 
  "##choices#compiler_flags#bool-devirtualize-speculatively": "-fno-devirtualize-speculatively", 
  "##choices#compiler_flags#bool-fast-math": "-fno-fast-math", 
  "##choices#compiler_flags#bool-inline-functions": "-finline-functions", 
  "##choices#compiler_flags#bool-ipa-pure-const": "-fno-ipa-pure-const", 
  "##choices#compiler_flags#bool-ira-share-save-slots": "-fno-ira-share-save-slots", 
  "##choices#compiler_flags#bool-live-range-shrinkage": "-fno-live-range-shrinkage", 
  "##choices#compiler_flags#bool-loop-nest-optimize": "-fno-loop-nest-optimize", 
  "##choices#compiler_flags#bool-peephole2": "-fno-peephole2", 
  "##choices#compiler_flags#bool-reorder-functions": "-freorder-functions", 
  "##choices#compiler_flags#bool-sched-critical-path-heuristic": "-fsched-critical-path-heuristic", 
  "##choices#compiler_flags#bool-sched-spec-insn-heuristic": "-fsched-spec-insn-heuristic", 
  "##choices#compiler_flags#bool-shrink-wrap": "-fno-shrink-wrap", 
  "##choices#compiler_flags#bool-signaling-nans": "-fno-signaling-nans", 
  "##choices#compiler_flags#bool-thread-jumps": "-fthread-jumps", 
  "##choices#compiler_flags#bool-tree-builtin-call-dce": "-ftree-builtin-call-dce", 
  "##choices#compiler_flags#bool-tree-coalesce-vars": "-ftree-coalesce-vars", 
  "##choices#compiler_flags#bool-tree-loop-ivcanon": "-fno-tree-loop-ivcanon", 
  "##choices#compiler_flags#bool-tree-sra": "-ftree-sra", 
  "##choices#compiler_flags#bool-tree-vectorize": "-ftree-vectorize", 
  "##choices#data_uoa": "zlib", 
  "##choices#dataset_file": "data.wav", 
  "##choices#dataset_uoa": "audio-wav-0001", 
  "##choices#device_id": "", 
  "##choices#host_os": "linux-32", 
  "##choices#module_uoa": "b0ac08fe1d3c2615", 
  "##choices#no_state_check": "yes", 
  "##choices#program_tags": "", 
  "##choices#repeat": 19, 
  "##choices#target": "", 
  "##choices#target_os": "linux-32", 
  "##choices#target_os_bits": "32"
}
