{
  "##characteristics#compile#binary_size#all": [
    101008
  ], 
  "##characteristics#compile#binary_size#all_unique": [
    101008
  ], 
  "##characteristics#compile#binary_size#center": 101008, 
  "##characteristics#compile#binary_size#center_imp": 1.0043560906066846, 
  "##characteristics#compile#binary_size#halfrange": 0, 
  "##characteristics#compile#binary_size#max": 101008, 
  "##characteristics#compile#binary_size#mean": 101008.0, 
  "##characteristics#compile#binary_size#mean_imp": 1.0043560906066846, 
  "##characteristics#compile#binary_size#min": 101008, 
  "##characteristics#compile#binary_size#min_imp": 1.0043560906066846, 
  "##characteristics#compile#binary_size#range": 0, 
  "##characteristics#compile#binary_size#range_percent": 0, 
  "##characteristics#compile#binary_size#repeats": 1, 
  "##characteristics#compile#compilation_success#all": [
    "yes"
  ], 
  "##characteristics#compile#compilation_success#all_unique": [
    "yes"
  ], 
  "##characteristics#compile#compilation_success#min": "yes", 
  "##characteristics#compile#compilation_success#min_imp": 0, 
  "##characteristics#compile#compilation_success#repeats": 1, 
  "##characteristics#compile#compilation_success_bool#all": [
    true
  ], 
  "##characteristics#compile#compilation_success_bool#all_unique": [
    true
  ], 
  "##characteristics#compile#compilation_success_bool#min": true, 
  "##characteristics#compile#compilation_success_bool#min_imp": 0, 
  "##characteristics#compile#compilation_success_bool#repeats": 1, 
  "##characteristics#compile#compilation_time#all": [
    101.93149304389954
  ], 
  "##characteristics#compile#compilation_time#all_unique": [
    101.93149304389954
  ], 
  "##characteristics#compile#compilation_time#center": 101.93149304389954, 
  "##characteristics#compile#compilation_time#center_imp": 1.058812726221692, 
  "##characteristics#compile#compilation_time#halfrange": 0.0, 
  "##characteristics#compile#compilation_time#max": 101.93149304389954, 
  "##characteristics#compile#compilation_time#mean": 101.93149304389954, 
  "##characteristics#compile#compilation_time#mean_imp": 1.058812726221692, 
  "##characteristics#compile#compilation_time#min": 101.93149304389954, 
  "##characteristics#compile#compilation_time#min_imp": 1.058812726221692, 
  "##characteristics#compile#compilation_time#range": 0.0, 
  "##characteristics#compile#compilation_time#range_percent": 0.0, 
  "##characteristics#compile#compilation_time#repeats": 1, 
  "##characteristics#compile#compilation_time_with_module#all": [
    106.82364892959595
  ], 
  "##characteristics#compile#compilation_time_with_module#all_unique": [
    106.82364892959595
  ], 
  "##characteristics#compile#compilation_time_with_module#center": 106.82364892959595, 
  "##characteristics#compile#compilation_time_with_module#center_imp": 1.055111364165717, 
  "##characteristics#compile#compilation_time_with_module#halfrange": 0.0, 
  "##characteristics#compile#compilation_time_with_module#max": 106.82364892959595, 
  "##characteristics#compile#compilation_time_with_module#mean": 106.82364892959595, 
  "##characteristics#compile#compilation_time_with_module#mean_imp": 1.055111364165717, 
  "##characteristics#compile#compilation_time_with_module#min": 106.82364892959595, 
  "##characteristics#compile#compilation_time_with_module#min_imp": 1.055111364165717, 
  "##characteristics#compile#compilation_time_with_module#range": 0.0, 
  "##characteristics#compile#compilation_time_with_module#range_percent": 0.0, 
  "##characteristics#compile#compilation_time_with_module#repeats": 1, 
  "##characteristics#compile#joined_compiler_flags#all": [
    "-O3 -fexcess-precision=fast -fno-branch-count-reg -fdse -ffat-lto-objects -fgcse-after-reload -fipa-cp-clone -fira-share-save-slots -fno-isolate-erroneous-paths-attribute -fno-loop-parallelize-all -fpeephole -fno-prefetch-loop-arrays -fno-rerun-cse-after-loop -freschedule-modulo-scheduled-loops -fsched-group-heuristic -fsel-sched-pipelining-outer-loops -fno-shrink-wrap -fno-signed-zeros -fno-single-precision-constant -fno-toplevel-reorder -ftree-pta -ftree-reassoc"
  ], 
  "##characteristics#compile#joined_compiler_flags#all_unique": [
    "-O3 -fexcess-precision=fast -fno-branch-count-reg -fdse -ffat-lto-objects -fgcse-after-reload -fipa-cp-clone -fira-share-save-slots -fno-isolate-erroneous-paths-attribute -fno-loop-parallelize-all -fpeephole -fno-prefetch-loop-arrays -fno-rerun-cse-after-loop -freschedule-modulo-scheduled-loops -fsched-group-heuristic -fsel-sched-pipelining-outer-loops -fno-shrink-wrap -fno-signed-zeros -fno-single-precision-constant -fno-toplevel-reorder -ftree-pta -ftree-reassoc"
  ], 
  "##characteristics#compile#joined_compiler_flags#min": "-O3 -fexcess-precision=fast -fno-branch-count-reg -fdse -ffat-lto-objects -fgcse-after-reload -fipa-cp-clone -fira-share-save-slots -fno-isolate-erroneous-paths-attribute -fno-loop-parallelize-all -fpeephole -fno-prefetch-loop-arrays -fno-rerun-cse-after-loop -freschedule-modulo-scheduled-loops -fsched-group-heuristic -fsel-sched-pipelining-outer-loops -fno-shrink-wrap -fno-signed-zeros -fno-single-precision-constant -fno-toplevel-reorder -ftree-pta -ftree-reassoc", 
  "##characteristics#compile#joined_compiler_flags#min_imp": 0, 
  "##characteristics#compile#joined_compiler_flags#repeats": 1, 
  "##characteristics#compile#md5_sum#all": [
    "3d7f73e987adf975d24b07e041d3854b"
  ], 
  "##characteristics#compile#md5_sum#all_unique": [
    "3d7f73e987adf975d24b07e041d3854b"
  ], 
  "##characteristics#compile#md5_sum#min": "3d7f73e987adf975d24b07e041d3854b", 
  "##characteristics#compile#md5_sum#min_imp": 0, 
  "##characteristics#compile#md5_sum#repeats": 1, 
  "##characteristics#compile#obj_size#all": [
    114460
  ], 
  "##characteristics#compile#obj_size#all_unique": [
    114460
  ], 
  "##characteristics#compile#obj_size#center": 114460, 
  "##characteristics#compile#obj_size#center_imp": 1.0033548838022017, 
  "##characteristics#compile#obj_size#halfrange": 0, 
  "##characteristics#compile#obj_size#max": 114460, 
  "##characteristics#compile#obj_size#mean": 114460.0, 
  "##characteristics#compile#obj_size#mean_imp": 1.0033548838022017, 
  "##characteristics#compile#obj_size#min": 114460, 
  "##characteristics#compile#obj_size#min_imp": 1.0033548838022017, 
  "##characteristics#compile#obj_size#range": 0, 
  "##characteristics#compile#obj_size#range_percent": 0, 
  "##characteristics#compile#obj_size#repeats": 1, 
  "##characteristics#compile#obj_sizes#adler32.o#all": [
    2428
  ], 
  "##characteristics#compile#obj_sizes#adler32.o#all_unique": [
    2428
  ], 
  "##characteristics#compile#obj_sizes#adler32.o#center": 2428, 
  "##characteristics#compile#obj_sizes#adler32.o#center_imp": 0.9983525535420099, 
  "##characteristics#compile#obj_sizes#adler32.o#halfrange": 0, 
  "##characteristics#compile#obj_sizes#adler32.o#max": 2428, 
  "##characteristics#compile#obj_sizes#adler32.o#mean": 2428.0, 
  "##characteristics#compile#obj_sizes#adler32.o#mean_imp": 0.9983525535420099, 
  "##characteristics#compile#obj_sizes#adler32.o#min": 2428, 
  "##characteristics#compile#obj_sizes#adler32.o#min_imp": 0.9983525535420099, 
  "##characteristics#compile#obj_sizes#adler32.o#range": 0, 
  "##characteristics#compile#obj_sizes#adler32.o#range_percent": 0, 
  "##characteristics#compile#obj_sizes#adler32.o#repeats": 1, 
  "##characteristics#compile#obj_sizes#compress.o#all": [
    1568
  ], 
  "##characteristics#compile#obj_sizes#compress.o#all_unique": [
    1568
  ], 
  "##characteristics#compile#obj_sizes#compress.o#center": 1568, 
  "##characteristics#compile#obj_sizes#compress.o#center_imp": 1.0, 
  "##characteristics#compile#obj_sizes#compress.o#halfrange": 0, 
  "##characteristics#compile#obj_sizes#compress.o#max": 1568, 
  "##characteristics#compile#obj_sizes#compress.o#mean": 1568.0, 
  "##characteristics#compile#obj_sizes#compress.o#mean_imp": 1.0, 
  "##characteristics#compile#obj_sizes#compress.o#min": 1568, 
  "##characteristics#compile#obj_sizes#compress.o#min_imp": 1.0, 
  "##characteristics#compile#obj_sizes#compress.o#range": 0, 
  "##characteristics#compile#obj_sizes#compress.o#range_percent": 0, 
  "##characteristics#compile#obj_sizes#compress.o#repeats": 1, 
  "##characteristics#compile#obj_sizes#crc32.o#all": [
    10796
  ], 
  "##characteristics#compile#obj_sizes#crc32.o#all_unique": [
    10796
  ], 
  "##characteristics#compile#obj_sizes#crc32.o#center": 10796, 
  "##characteristics#compile#obj_sizes#crc32.o#center_imp": 1.0074101519081142, 
  "##characteristics#compile#obj_sizes#crc32.o#halfrange": 0, 
  "##characteristics#compile#obj_sizes#crc32.o#max": 10796, 
  "##characteristics#compile#obj_sizes#crc32.o#mean": 10796.0, 
  "##characteristics#compile#obj_sizes#crc32.o#mean_imp": 1.0074101519081142, 
  "##characteristics#compile#obj_sizes#crc32.o#min": 10796, 
  "##characteristics#compile#obj_sizes#crc32.o#min_imp": 1.0074101519081142, 
  "##characteristics#compile#obj_sizes#crc32.o#range": 0, 
  "##characteristics#compile#obj_sizes#crc32.o#range_percent": 0, 
  "##characteristics#compile#obj_sizes#crc32.o#repeats": 1, 
  "##characteristics#compile#obj_sizes#ctuning-rtl.o#all": [
    4640
  ], 
  "##characteristics#compile#obj_sizes#ctuning-rtl.o#all_unique": [
    4640
  ], 
  "##characteristics#compile#obj_sizes#ctuning-rtl.o#center": 4640, 
  "##characteristics#compile#obj_sizes#ctuning-rtl.o#center_imp": 0.9982758620689656, 
  "##characteristics#compile#obj_sizes#ctuning-rtl.o#halfrange": 0, 
  "##characteristics#compile#obj_sizes#ctuning-rtl.o#max": 4640, 
  "##characteristics#compile#obj_sizes#ctuning-rtl.o#mean": 4640.0, 
  "##characteristics#compile#obj_sizes#ctuning-rtl.o#mean_imp": 0.9982758620689656, 
  "##characteristics#compile#obj_sizes#ctuning-rtl.o#min": 4640, 
  "##characteristics#compile#obj_sizes#ctuning-rtl.o#min_imp": 0.9982758620689656, 
  "##characteristics#compile#obj_sizes#ctuning-rtl.o#range": 0, 
  "##characteristics#compile#obj_sizes#ctuning-rtl.o#range_percent": 0, 
  "##characteristics#compile#obj_sizes#ctuning-rtl.o#repeats": 1, 
  "##characteristics#compile#obj_sizes#deflate.o#all": [
    19656
  ], 
  "##characteristics#compile#obj_sizes#deflate.o#all_unique": [
    19656
  ], 
  "##characteristics#compile#obj_sizes#deflate.o#center": 19656, 
  "##characteristics#compile#obj_sizes#deflate.o#center_imp": 1.0262515262515262, 
  "##characteristics#compile#obj_sizes#deflate.o#halfrange": 0, 
  "##characteristics#compile#obj_sizes#deflate.o#max": 19656, 
  "##characteristics#compile#obj_sizes#deflate.o#mean": 19656.0, 
  "##characteristics#compile#obj_sizes#deflate.o#mean_imp": 1.0262515262515262, 
  "##characteristics#compile#obj_sizes#deflate.o#min": 19656, 
  "##characteristics#compile#obj_sizes#deflate.o#min_imp": 1.0262515262515262, 
  "##characteristics#compile#obj_sizes#deflate.o#range": 0, 
  "##characteristics#compile#obj_sizes#deflate.o#range_percent": 0, 
  "##characteristics#compile#obj_sizes#deflate.o#repeats": 1, 
  "##characteristics#compile#obj_sizes#gzclose.o#all": [
    980
  ], 
  "##characteristics#compile#obj_sizes#gzclose.o#all_unique": [
    980
  ], 
  "##characteristics#compile#obj_sizes#gzclose.o#center": 980, 
  "##characteristics#compile#obj_sizes#gzclose.o#center_imp": 1.0, 
  "##characteristics#compile#obj_sizes#gzclose.o#halfrange": 0, 
  "##characteristics#compile#obj_sizes#gzclose.o#max": 980, 
  "##characteristics#compile#obj_sizes#gzclose.o#mean": 980.0, 
  "##characteristics#compile#obj_sizes#gzclose.o#mean_imp": 1.0, 
  "##characteristics#compile#obj_sizes#gzclose.o#min": 980, 
  "##characteristics#compile#obj_sizes#gzclose.o#min_imp": 1.0, 
  "##characteristics#compile#obj_sizes#gzclose.o#range": 0, 
  "##characteristics#compile#obj_sizes#gzclose.o#range_percent": 0, 
  "##characteristics#compile#obj_sizes#gzclose.o#repeats": 1, 
  "##characteristics#compile#obj_sizes#gzlib.o#all": [
    6300
  ], 
  "##characteristics#compile#obj_sizes#gzlib.o#all_unique": [
    6300
  ], 
  "##characteristics#compile#obj_sizes#gzlib.o#center": 6300, 
  "##characteristics#compile#obj_sizes#gzlib.o#center_imp": 1.0, 
  "##characteristics#compile#obj_sizes#gzlib.o#halfrange": 0, 
  "##characteristics#compile#obj_sizes#gzlib.o#max": 6300, 
  "##characteristics#compile#obj_sizes#gzlib.o#mean": 6300.0, 
  "##characteristics#compile#obj_sizes#gzlib.o#mean_imp": 1.0, 
  "##characteristics#compile#obj_sizes#gzlib.o#min": 6300, 
  "##characteristics#compile#obj_sizes#gzlib.o#min_imp": 1.0, 
  "##characteristics#compile#obj_sizes#gzlib.o#range": 0, 
  "##characteristics#compile#obj_sizes#gzlib.o#range_percent": 0, 
  "##characteristics#compile#obj_sizes#gzlib.o#repeats": 1, 
  "##characteristics#compile#obj_sizes#gzread.o#all": [
    5808
  ], 
  "##characteristics#compile#obj_sizes#gzread.o#all_unique": [
    5808
  ], 
  "##characteristics#compile#obj_sizes#gzread.o#center": 5808, 
  "##characteristics#compile#obj_sizes#gzread.o#center_imp": 0.9944903581267218, 
  "##characteristics#compile#obj_sizes#gzread.o#halfrange": 0, 
  "##characteristics#compile#obj_sizes#gzread.o#max": 5808, 
  "##characteristics#compile#obj_sizes#gzread.o#mean": 5808.0, 
  "##characteristics#compile#obj_sizes#gzread.o#mean_imp": 0.9944903581267218, 
  "##characteristics#compile#obj_sizes#gzread.o#min": 5808, 
  "##characteristics#compile#obj_sizes#gzread.o#min_imp": 0.9944903581267218, 
  "##characteristics#compile#obj_sizes#gzread.o#range": 0, 
  "##characteristics#compile#obj_sizes#gzread.o#range_percent": 0, 
  "##characteristics#compile#obj_sizes#gzread.o#repeats": 1, 
  "##characteristics#compile#obj_sizes#gzwrite.o#all": [
    10288
  ], 
  "##characteristics#compile#obj_sizes#gzwrite.o#all_unique": [
    10288
  ], 
  "##characteristics#compile#obj_sizes#gzwrite.o#center": 10288, 
  "##characteristics#compile#obj_sizes#gzwrite.o#center_imp": 0.9976671850699844, 
  "##characteristics#compile#obj_sizes#gzwrite.o#halfrange": 0, 
  "##characteristics#compile#obj_sizes#gzwrite.o#max": 10288, 
  "##characteristics#compile#obj_sizes#gzwrite.o#mean": 10288.0, 
  "##characteristics#compile#obj_sizes#gzwrite.o#mean_imp": 0.9976671850699844, 
  "##characteristics#compile#obj_sizes#gzwrite.o#min": 10288, 
  "##characteristics#compile#obj_sizes#gzwrite.o#min_imp": 0.9976671850699844, 
  "##characteristics#compile#obj_sizes#gzwrite.o#range": 0, 
  "##characteristics#compile#obj_sizes#gzwrite.o#range_percent": 0, 
  "##characteristics#compile#obj_sizes#gzwrite.o#repeats": 1, 
  "##characteristics#compile#obj_sizes#infback.o#all": [
    9540
  ], 
  "##characteristics#compile#obj_sizes#infback.o#all_unique": [
    9540
  ], 
  "##characteristics#compile#obj_sizes#infback.o#center": 9540, 
  "##characteristics#compile#obj_sizes#infback.o#center_imp": 1.0033542976939203, 
  "##characteristics#compile#obj_sizes#infback.o#halfrange": 0, 
  "##characteristics#compile#obj_sizes#infback.o#max": 9540, 
  "##characteristics#compile#obj_sizes#infback.o#mean": 9540.0, 
  "##characteristics#compile#obj_sizes#infback.o#mean_imp": 1.0033542976939203, 
  "##characteristics#compile#obj_sizes#infback.o#min": 9540, 
  "##characteristics#compile#obj_sizes#infback.o#min_imp": 1.0033542976939203, 
  "##characteristics#compile#obj_sizes#infback.o#range": 0, 
  "##characteristics#compile#obj_sizes#infback.o#range_percent": 0, 
  "##characteristics#compile#obj_sizes#infback.o#repeats": 1, 
  "##characteristics#compile#obj_sizes#inffast.o#all": [
    3992
  ], 
  "##characteristics#compile#obj_sizes#inffast.o#all_unique": [
    3992
  ], 
  "##characteristics#compile#obj_sizes#inffast.o#center": 3992, 
  "##characteristics#compile#obj_sizes#inffast.o#center_imp": 1.001002004008016, 
  "##characteristics#compile#obj_sizes#inffast.o#halfrange": 0, 
  "##characteristics#compile#obj_sizes#inffast.o#max": 3992, 
  "##characteristics#compile#obj_sizes#inffast.o#mean": 3992.0, 
  "##characteristics#compile#obj_sizes#inffast.o#mean_imp": 1.001002004008016, 
  "##characteristics#compile#obj_sizes#inffast.o#min": 3992, 
  "##characteristics#compile#obj_sizes#inffast.o#min_imp": 1.001002004008016, 
  "##characteristics#compile#obj_sizes#inffast.o#range": 0, 
  "##characteristics#compile#obj_sizes#inffast.o#range_percent": 0, 
  "##characteristics#compile#obj_sizes#inffast.o#repeats": 1, 
  "##characteristics#compile#obj_sizes#inflate.o#all": [
    16752
  ], 
  "##characteristics#compile#obj_sizes#inflate.o#all_unique": [
    16752
  ], 
  "##characteristics#compile#obj_sizes#inflate.o#center": 16752, 
  "##characteristics#compile#obj_sizes#inflate.o#center_imp": 1.0004775549188156, 
  "##characteristics#compile#obj_sizes#inflate.o#halfrange": 0, 
  "##characteristics#compile#obj_sizes#inflate.o#max": 16752, 
  "##characteristics#compile#obj_sizes#inflate.o#mean": 16752.0, 
  "##characteristics#compile#obj_sizes#inflate.o#mean_imp": 1.0004775549188156, 
  "##characteristics#compile#obj_sizes#inflate.o#min": 16752, 
  "##characteristics#compile#obj_sizes#inflate.o#min_imp": 1.0004775549188156, 
  "##characteristics#compile#obj_sizes#inflate.o#range": 0, 
  "##characteristics#compile#obj_sizes#inflate.o#range_percent": 0, 
  "##characteristics#compile#obj_sizes#inflate.o#repeats": 1, 
  "##characteristics#compile#obj_sizes#inftrees.o#all": [
    4420
  ], 
  "##characteristics#compile#obj_sizes#inftrees.o#all_unique": [
    4420
  ], 
  "##characteristics#compile#obj_sizes#inftrees.o#center": 4420, 
  "##characteristics#compile#obj_sizes#inftrees.o#center_imp": 1.0, 
  "##characteristics#compile#obj_sizes#inftrees.o#halfrange": 0, 
  "##characteristics#compile#obj_sizes#inftrees.o#max": 4420, 
  "##characteristics#compile#obj_sizes#inftrees.o#mean": 4420.0, 
  "##characteristics#compile#obj_sizes#inftrees.o#mean_imp": 1.0, 
  "##characteristics#compile#obj_sizes#inftrees.o#min": 4420, 
  "##characteristics#compile#obj_sizes#inftrees.o#min_imp": 1.0, 
  "##characteristics#compile#obj_sizes#inftrees.o#range": 0, 
  "##characteristics#compile#obj_sizes#inftrees.o#range_percent": 0, 
  "##characteristics#compile#obj_sizes#inftrees.o#repeats": 1, 
  "##characteristics#compile#obj_sizes#trees.o#all": [
    14372
  ], 
  "##characteristics#compile#obj_sizes#trees.o#all_unique": [
    14372
  ], 
  "##characteristics#compile#obj_sizes#trees.o#center": 14372, 
  "##characteristics#compile#obj_sizes#trees.o#center_imp": 0.9869190091845255, 
  "##characteristics#compile#obj_sizes#trees.o#halfrange": 0, 
  "##characteristics#compile#obj_sizes#trees.o#max": 14372, 
  "##characteristics#compile#obj_sizes#trees.o#mean": 14372.0, 
  "##characteristics#compile#obj_sizes#trees.o#mean_imp": 0.9869190091845255, 
  "##characteristics#compile#obj_sizes#trees.o#min": 14372, 
  "##characteristics#compile#obj_sizes#trees.o#min_imp": 0.9869190091845255, 
  "##characteristics#compile#obj_sizes#trees.o#range": 0, 
  "##characteristics#compile#obj_sizes#trees.o#range_percent": 0, 
  "##characteristics#compile#obj_sizes#trees.o#repeats": 1, 
  "##characteristics#compile#obj_sizes#uncompr.o#all": [
    1272
  ], 
  "##characteristics#compile#obj_sizes#uncompr.o#all_unique": [
    1272
  ], 
  "##characteristics#compile#obj_sizes#uncompr.o#center": 1272, 
  "##characteristics#compile#obj_sizes#uncompr.o#center_imp": 1.0, 
  "##characteristics#compile#obj_sizes#uncompr.o#halfrange": 0, 
  "##characteristics#compile#obj_sizes#uncompr.o#max": 1272, 
  "##characteristics#compile#obj_sizes#uncompr.o#mean": 1272.0, 
  "##characteristics#compile#obj_sizes#uncompr.o#mean_imp": 1.0, 
  "##characteristics#compile#obj_sizes#uncompr.o#min": 1272, 
  "##characteristics#compile#obj_sizes#uncompr.o#min_imp": 1.0, 
  "##characteristics#compile#obj_sizes#uncompr.o#range": 0, 
  "##characteristics#compile#obj_sizes#uncompr.o#range_percent": 0, 
  "##characteristics#compile#obj_sizes#uncompr.o#repeats": 1, 
  "##characteristics#compile#obj_sizes#zutil.o#all": [
    1648
  ], 
  "##characteristics#compile#obj_sizes#zutil.o#all_unique": [
    1648
  ], 
  "##characteristics#compile#obj_sizes#zutil.o#center": 1648, 
  "##characteristics#compile#obj_sizes#zutil.o#center_imp": 1.0, 
  "##characteristics#compile#obj_sizes#zutil.o#halfrange": 0, 
  "##characteristics#compile#obj_sizes#zutil.o#max": 1648, 
  "##characteristics#compile#obj_sizes#zutil.o#mean": 1648.0, 
  "##characteristics#compile#obj_sizes#zutil.o#mean_imp": 1.0, 
  "##characteristics#compile#obj_sizes#zutil.o#min": 1648, 
  "##characteristics#compile#obj_sizes#zutil.o#min_imp": 1.0, 
  "##characteristics#compile#obj_sizes#zutil.o#range": 0, 
  "##characteristics#compile#obj_sizes#zutil.o#range_percent": 0, 
  "##characteristics#compile#obj_sizes#zutil.o#repeats": 1, 
  "##characteristics#compile#program_git_hash#all": [
    "04641ea86f9615c4bdca36af53651658ecea444c"
  ], 
  "##characteristics#compile#program_git_hash#all_unique": [
    "04641ea86f9615c4bdca36af53651658ecea444c"
  ], 
  "##characteristics#compile#program_git_hash#min": "04641ea86f9615c4bdca36af53651658ecea444c", 
  "##characteristics#compile#program_git_hash#min_imp": 0, 
  "##characteristics#compile#program_git_hash#repeats": 1, 
  "##characteristics#run#execution_time#all": [
    0.5061107894736842, 
    0.5080003157894737, 
    0.4965562105263158, 
    0.49919589473684206
  ], 
  "##characteristics#run#execution_time#all_unique": [
    0.5061107894736842, 
    0.5080003157894737, 
    0.4965562105263158, 
    0.49919589473684206
  ], 
  "##characteristics#run#execution_time#center": 0.5022782631578948, 
  "##characteristics#run#execution_time#center_imp": 0.9838321953431766, 
  "##characteristics#run#execution_time#halfrange": 0.005722052631578933, 
  "##characteristics#run#execution_time#max": 0.5080003157894737, 
  "##characteristics#run#execution_time#mean": 0.502465802631579, 
  "##characteristics#run#execution_time#mean_imp": 0.9828000863426131, 
  "##characteristics#run#execution_time#min": 0.4965562105263158, 
  "##characteristics#run#execution_time#min_imp": 0.9804756296207732, 
  "##characteristics#run#execution_time#range": 0.011444105263157867, 
  "##characteristics#run#execution_time#range_percent": 0.023046948201549816, 
  "##characteristics#run#execution_time#repeats": 4, 
  "##characteristics#run#execution_time_kernel_0#all": [
    9.616105, 
    9.652006, 
    9.434568, 
    9.484722
  ], 
  "##characteristics#run#execution_time_kernel_0#all_unique": [
    9.616105, 
    9.652006, 
    9.434568, 
    9.484722
  ], 
  "##characteristics#run#execution_time_kernel_0#center": 9.543287, 
  "##characteristics#run#execution_time_kernel_0#center_imp": 0.9838321953431768, 
  "##characteristics#run#execution_time_kernel_0#halfrange": 0.10871899999999979, 
  "##characteristics#run#execution_time_kernel_0#max": 9.652006, 
  "##characteristics#run#execution_time_kernel_0#mean": 9.546850249999999, 
  "##characteristics#run#execution_time_kernel_0#mean_imp": 0.9828000863426135, 
  "##characteristics#run#execution_time_kernel_0#min": 9.434568, 
  "##characteristics#run#execution_time_kernel_0#min_imp": 0.9804756296207732, 
  "##characteristics#run#execution_time_kernel_0#range": 0.21743799999999958, 
  "##characteristics#run#execution_time_kernel_0#range_percent": 0.02304694820154983, 
  "##characteristics#run#execution_time_kernel_0#repeats": 4, 
  "##characteristics#run#execution_time_with_module#all": [
    10.338055849075317, 
    10.381489038467407, 
    10.63132905960083, 
    10.207206010818481
  ], 
  "##characteristics#run#execution_time_with_module#all_unique": [
    10.338055849075317, 
    10.381489038467407, 
    10.63132905960083, 
    10.207206010818481
  ], 
  "##characteristics#run#execution_time_with_module#center": 10.419267535209656, 
  "##characteristics#run#execution_time_with_module#center_imp": 1.073299966038982, 
  "##characteristics#run#execution_time_with_module#halfrange": 0.21206152439117432, 
  "##characteristics#run#execution_time_with_module#max": 10.63132905960083, 
  "##characteristics#run#execution_time_with_module#mean": 10.389519989490509, 
  "##characteristics#run#execution_time_with_module#mean_imp": 1.0279595703037454, 
  "##characteristics#run#execution_time_with_module#min": 10.207206010818481, 
  "##characteristics#run#execution_time_with_module#min_imp": 0.9776759738041501, 
  "##characteristics#run#execution_time_with_module#range": 0.42412304878234863, 
  "##characteristics#run#execution_time_with_module#range_percent": 0.041551336216083645, 
  "##characteristics#run#execution_time_with_module#repeats": 4, 
  "##characteristics#run#repeat#all": [
    19, 
    19, 
    19, 
    19
  ], 
  "##characteristics#run#repeat#all_unique": [
    19
  ], 
  "##characteristics#run#repeat#center": 19, 
  "##characteristics#run#repeat#center_imp": 1.0, 
  "##characteristics#run#repeat#halfrange": 0, 
  "##characteristics#run#repeat#max": 19, 
  "##characteristics#run#repeat#mean": 19.0, 
  "##characteristics#run#repeat#mean_imp": 1.0, 
  "##characteristics#run#repeat#min": 19, 
  "##characteristics#run#repeat#min_imp": 1.0, 
  "##characteristics#run#repeat#range": 0, 
  "##characteristics#run#repeat#range_percent": 0, 
  "##characteristics#run#repeat#repeats": 4, 
  "##characteristics#run#return_code#all": [
    0, 
    0, 
    0, 
    0
  ], 
  "##characteristics#run#return_code#all_unique": [
    0
  ], 
  "##characteristics#run#return_code#center": 0, 
  "##characteristics#run#return_code#halfrange": 0, 
  "##characteristics#run#return_code#max": 0, 
  "##characteristics#run#return_code#mean": 0.0, 
  "##characteristics#run#return_code#min": 0, 
  "##characteristics#run#return_code#min_imp": 1, 
  "##characteristics#run#return_code#range": 0, 
  "##characteristics#run#return_code#repeats": 4, 
  "##characteristics#run#run_success#all": [
    "yes", 
    "yes", 
    "yes", 
    "yes"
  ], 
  "##characteristics#run#run_success#all_unique": [
    "yes"
  ], 
  "##characteristics#run#run_success#min": "yes", 
  "##characteristics#run#run_success#min_imp": 1, 
  "##characteristics#run#run_success#repeats": 4, 
  "##characteristics#run#run_success_bool#all": [
    true, 
    true, 
    true, 
    true
  ], 
  "##characteristics#run#run_success_bool#all_unique": [
    true
  ], 
  "##characteristics#run#run_success_bool#min": true, 
  "##characteristics#run#run_success_bool#min_imp": 1, 
  "##characteristics#run#run_success_bool#repeats": 4, 
  "##characteristics#run#total_execution_time#all": [
    9.616105, 
    9.652006, 
    9.434568, 
    9.484722
  ], 
  "##characteristics#run#total_execution_time#all_unique": [
    9.616105, 
    9.652006, 
    9.434568, 
    9.484722
  ], 
  "##characteristics#run#total_execution_time#center": 9.543287, 
  "##characteristics#run#total_execution_time#center_imp": 0.9838321953431768, 
  "##characteristics#run#total_execution_time#halfrange": 0.10871899999999979, 
  "##characteristics#run#total_execution_time#max": 9.652006, 
  "##characteristics#run#total_execution_time#mean": 9.546850249999999, 
  "##characteristics#run#total_execution_time#mean_imp": 0.9828000863426135, 
  "##characteristics#run#total_execution_time#min": 9.434568, 
  "##characteristics#run#total_execution_time#min_imp": 0.9804756296207732, 
  "##characteristics#run#total_execution_time#range": 0.21743799999999958, 
  "##characteristics#run#total_execution_time#range_percent": 0.02304694820154983, 
  "##characteristics#run#total_execution_time#repeats": 4
}
