{
  "##choices#calibration_time": 10.0, 
  "##choices#cmd_key": "encode", 
  "##choices#compile_type": "dynamic", 
  "##choices#compiler_description_uoa": "gcc-4.9.0-auto", 
  "##choices#compiler_flags#base_opt": "-O3", 
  "##choices#compiler_flags#bool-branch-probabilities": "-fno-branch-probabilities", 
  "##choices#compiler_flags#bool-cx-limited-range": "-fno-cx-limited-range", 
  "##choices#compiler_flags#bool-early-inlining": "-fno-early-inlining", 
  "##choices#compiler_flags#bool-fat-lto-objects": "-fno-fat-lto-objects", 
  "##choices#compiler_flags#bool-float-store": "-ffloat-store", 
  "##choices#compiler_flags#bool-keep-inline-functions": "-fkeep-inline-functions", 
  "##choices#compiler_flags#bool-live-range-shrinkage": "-flive-range-shrinkage", 
  "##choices#compiler_flags#bool-loop-strip-mine": "-floop-strip-mine", 
  "##choices#compiler_flags#bool-sched-spec-insn-heuristic": "-fno-sched-spec-insn-heuristic", 
  "##choices#compiler_flags#bool-sched2-use-superblocks": "-fsched2-use-superblocks", 
  "##choices#compiler_flags#bool-thread-jumps": "-fthread-jumps", 
  "##choices#compiler_flags#bool-tree-loop-if-convert": "-fno-tree-loop-if-convert", 
  "##choices#compiler_flags#bool-unroll-loops": "-fno-unroll-loops", 
  "##choices#compiler_flags#bool-vect-cost-model": "-fno-vect-cost-model", 
  "##choices#data_uoa": "zlib", 
  "##choices#dataset_file": "data.wav", 
  "##choices#dataset_uoa": "audio-wav-0001", 
  "##choices#device_id": "", 
  "##choices#host_os": "linux-32", 
  "##choices#module_uoa": "b0ac08fe1d3c2615", 
  "##choices#no_state_check": "yes", 
  "##choices#program_tags": "", 
  "##choices#repeat": 19, 
  "##choices#target": "", 
  "##choices#target_os": "linux-32", 
  "##choices#target_os_bits": "32"
}
