{
  "##characteristics#compile#binary_size#all": [
    102032
  ], 
  "##characteristics#compile#binary_size#all_unique": [
    102032
  ], 
  "##characteristics#compile#binary_size#center": 102032, 
  "##characteristics#compile#binary_size#center_imp": 0.9942763054727929, 
  "##characteristics#compile#binary_size#halfrange": 0, 
  "##characteristics#compile#binary_size#max": 102032, 
  "##characteristics#compile#binary_size#mean": 102032.0, 
  "##characteristics#compile#binary_size#mean_imp": 0.9942763054727929, 
  "##characteristics#compile#binary_size#min": 102032, 
  "##characteristics#compile#binary_size#min_imp": 0.9942763054727929, 
  "##characteristics#compile#binary_size#range": 0, 
  "##characteristics#compile#binary_size#range_percent": 0, 
  "##characteristics#compile#binary_size#repeats": 1, 
  "##characteristics#compile#compilation_success#all": [
    "yes"
  ], 
  "##characteristics#compile#compilation_success#all_unique": [
    "yes"
  ], 
  "##characteristics#compile#compilation_success#min": "yes", 
  "##characteristics#compile#compilation_success#min_imp": 0, 
  "##characteristics#compile#compilation_success#repeats": 1, 
  "##characteristics#compile#compilation_success_bool#all": [
    true
  ], 
  "##characteristics#compile#compilation_success_bool#all_unique": [
    true
  ], 
  "##characteristics#compile#compilation_success_bool#min": true, 
  "##characteristics#compile#compilation_success_bool#min_imp": 0, 
  "##characteristics#compile#compilation_success_bool#repeats": 1, 
  "##characteristics#compile#compilation_time#all": [
    101.77708911895752
  ], 
  "##characteristics#compile#compilation_time#all_unique": [
    101.77708911895752
  ], 
  "##characteristics#compile#compilation_time#center": 101.77708911895752, 
  "##characteristics#compile#compilation_time#center_imp": 1.0604190291934354, 
  "##characteristics#compile#compilation_time#halfrange": 0.0, 
  "##characteristics#compile#compilation_time#max": 101.77708911895752, 
  "##characteristics#compile#compilation_time#mean": 101.77708911895752, 
  "##characteristics#compile#compilation_time#mean_imp": 1.0604190291934354, 
  "##characteristics#compile#compilation_time#min": 101.77708911895752, 
  "##characteristics#compile#compilation_time#min_imp": 1.0604190291934354, 
  "##characteristics#compile#compilation_time#range": 0.0, 
  "##characteristics#compile#compilation_time#range_percent": 0.0, 
  "##characteristics#compile#compilation_time#repeats": 1, 
  "##characteristics#compile#compilation_time_with_module#all": [
    106.73400807380676
  ], 
  "##characteristics#compile#compilation_time_with_module#all_unique": [
    106.73400807380676
  ], 
  "##characteristics#compile#compilation_time_with_module#center": 106.73400807380676, 
  "##characteristics#compile#compilation_time_with_module#center_imp": 1.0559975024017263, 
  "##characteristics#compile#compilation_time_with_module#halfrange": 0.0, 
  "##characteristics#compile#compilation_time_with_module#max": 106.73400807380676, 
  "##characteristics#compile#compilation_time_with_module#mean": 106.73400807380676, 
  "##characteristics#compile#compilation_time_with_module#mean_imp": 1.0559975024017263, 
  "##characteristics#compile#compilation_time_with_module#min": 106.73400807380676, 
  "##characteristics#compile#compilation_time_with_module#min_imp": 1.0559975024017263, 
  "##characteristics#compile#compilation_time_with_module#range": 0.0, 
  "##characteristics#compile#compilation_time_with_module#range_percent": 0.0, 
  "##characteristics#compile#compilation_time_with_module#repeats": 1, 
  "##characteristics#compile#joined_compiler_flags#all": [
    "-O3 -fexcess-precision=fast -ffp-contract=on -fno-function-cse -fno-function-sections -fhoist-adjacent-loads -fisolate-erroneous-paths-attribute -fivopts -fno-ree -fsingle-precision-constant -fno-toplevel-reorder -ftree-bit-ccp -fno-tree-copy-prop -fno-tree-dce -fno-tree-loop-distribution -ftree-loop-ivcanon -ftree-loop-optimize -fno-use-linker-plugin -fno-whole-program"
  ], 
  "##characteristics#compile#joined_compiler_flags#all_unique": [
    "-O3 -fexcess-precision=fast -ffp-contract=on -fno-function-cse -fno-function-sections -fhoist-adjacent-loads -fisolate-erroneous-paths-attribute -fivopts -fno-ree -fsingle-precision-constant -fno-toplevel-reorder -ftree-bit-ccp -fno-tree-copy-prop -fno-tree-dce -fno-tree-loop-distribution -ftree-loop-ivcanon -ftree-loop-optimize -fno-use-linker-plugin -fno-whole-program"
  ], 
  "##characteristics#compile#joined_compiler_flags#min": "-O3 -fexcess-precision=fast -ffp-contract=on -fno-function-cse -fno-function-sections -fhoist-adjacent-loads -fisolate-erroneous-paths-attribute -fivopts -fno-ree -fsingle-precision-constant -fno-toplevel-reorder -ftree-bit-ccp -fno-tree-copy-prop -fno-tree-dce -fno-tree-loop-distribution -ftree-loop-ivcanon -ftree-loop-optimize -fno-use-linker-plugin -fno-whole-program", 
  "##characteristics#compile#joined_compiler_flags#min_imp": 0, 
  "##characteristics#compile#joined_compiler_flags#repeats": 1, 
  "##characteristics#compile#md5_sum#all": [
    "c44ad6627877268617587622f0145577"
  ], 
  "##characteristics#compile#md5_sum#all_unique": [
    "c44ad6627877268617587622f0145577"
  ], 
  "##characteristics#compile#md5_sum#min": "c44ad6627877268617587622f0145577", 
  "##characteristics#compile#md5_sum#min_imp": 0, 
  "##characteristics#compile#md5_sum#repeats": 1, 
  "##characteristics#compile#obj_size#all": [
    115500
  ], 
  "##characteristics#compile#obj_size#all_unique": [
    115500
  ], 
  "##characteristics#compile#obj_size#center": 115500, 
  "##characteristics#compile#obj_size#center_imp": 0.9943203463203463, 
  "##characteristics#compile#obj_size#halfrange": 0, 
  "##characteristics#compile#obj_size#max": 115500, 
  "##characteristics#compile#obj_size#mean": 115500.0, 
  "##characteristics#compile#obj_size#mean_imp": 0.9943203463203463, 
  "##characteristics#compile#obj_size#min": 115500, 
  "##characteristics#compile#obj_size#min_imp": 0.9943203463203463, 
  "##characteristics#compile#obj_size#range": 0, 
  "##characteristics#compile#obj_size#range_percent": 0, 
  "##characteristics#compile#obj_size#repeats": 1, 
  "##characteristics#compile#obj_sizes#adler32.o#all": [
    2424
  ], 
  "##characteristics#compile#obj_sizes#adler32.o#all_unique": [
    2424
  ], 
  "##characteristics#compile#obj_sizes#adler32.o#center": 2424, 
  "##characteristics#compile#obj_sizes#adler32.o#center_imp": 1.0, 
  "##characteristics#compile#obj_sizes#adler32.o#halfrange": 0, 
  "##characteristics#compile#obj_sizes#adler32.o#max": 2424, 
  "##characteristics#compile#obj_sizes#adler32.o#mean": 2424.0, 
  "##characteristics#compile#obj_sizes#adler32.o#mean_imp": 1.0, 
  "##characteristics#compile#obj_sizes#adler32.o#min": 2424, 
  "##characteristics#compile#obj_sizes#adler32.o#min_imp": 1.0, 
  "##characteristics#compile#obj_sizes#adler32.o#range": 0, 
  "##characteristics#compile#obj_sizes#adler32.o#range_percent": 0, 
  "##characteristics#compile#obj_sizes#adler32.o#repeats": 1, 
  "##characteristics#compile#obj_sizes#compress.o#all": [
    1568
  ], 
  "##characteristics#compile#obj_sizes#compress.o#all_unique": [
    1568
  ], 
  "##characteristics#compile#obj_sizes#compress.o#center": 1568, 
  "##characteristics#compile#obj_sizes#compress.o#center_imp": 1.0, 
  "##characteristics#compile#obj_sizes#compress.o#halfrange": 0, 
  "##characteristics#compile#obj_sizes#compress.o#max": 1568, 
  "##characteristics#compile#obj_sizes#compress.o#mean": 1568.0, 
  "##characteristics#compile#obj_sizes#compress.o#mean_imp": 1.0, 
  "##characteristics#compile#obj_sizes#compress.o#min": 1568, 
  "##characteristics#compile#obj_sizes#compress.o#min_imp": 1.0, 
  "##characteristics#compile#obj_sizes#compress.o#range": 0, 
  "##characteristics#compile#obj_sizes#compress.o#range_percent": 0, 
  "##characteristics#compile#obj_sizes#compress.o#repeats": 1, 
  "##characteristics#compile#obj_sizes#crc32.o#all": [
    10876
  ], 
  "##characteristics#compile#obj_sizes#crc32.o#all_unique": [
    10876
  ], 
  "##characteristics#compile#obj_sizes#crc32.o#center": 10876, 
  "##characteristics#compile#obj_sizes#crc32.o#center_imp": 1.0, 
  "##characteristics#compile#obj_sizes#crc32.o#halfrange": 0, 
  "##characteristics#compile#obj_sizes#crc32.o#max": 10876, 
  "##characteristics#compile#obj_sizes#crc32.o#mean": 10876.0, 
  "##characteristics#compile#obj_sizes#crc32.o#mean_imp": 1.0, 
  "##characteristics#compile#obj_sizes#crc32.o#min": 10876, 
  "##characteristics#compile#obj_sizes#crc32.o#min_imp": 1.0, 
  "##characteristics#compile#obj_sizes#crc32.o#range": 0, 
  "##characteristics#compile#obj_sizes#crc32.o#range_percent": 0, 
  "##characteristics#compile#obj_sizes#crc32.o#repeats": 1, 
  "##characteristics#compile#obj_sizes#ctuning-rtl.o#all": [
    4636
  ], 
  "##characteristics#compile#obj_sizes#ctuning-rtl.o#all_unique": [
    4636
  ], 
  "##characteristics#compile#obj_sizes#ctuning-rtl.o#center": 4636, 
  "##characteristics#compile#obj_sizes#ctuning-rtl.o#center_imp": 0.999137187230371, 
  "##characteristics#compile#obj_sizes#ctuning-rtl.o#halfrange": 0, 
  "##characteristics#compile#obj_sizes#ctuning-rtl.o#max": 4636, 
  "##characteristics#compile#obj_sizes#ctuning-rtl.o#mean": 4636.0, 
  "##characteristics#compile#obj_sizes#ctuning-rtl.o#mean_imp": 0.999137187230371, 
  "##characteristics#compile#obj_sizes#ctuning-rtl.o#min": 4636, 
  "##characteristics#compile#obj_sizes#ctuning-rtl.o#min_imp": 0.999137187230371, 
  "##characteristics#compile#obj_sizes#ctuning-rtl.o#range": 0, 
  "##characteristics#compile#obj_sizes#ctuning-rtl.o#range_percent": 0, 
  "##characteristics#compile#obj_sizes#ctuning-rtl.o#repeats": 1, 
  "##characteristics#compile#obj_sizes#deflate.o#all": [
    20236
  ], 
  "##characteristics#compile#obj_sizes#deflate.o#all_unique": [
    20236
  ], 
  "##characteristics#compile#obj_sizes#deflate.o#center": 20236, 
  "##characteristics#compile#obj_sizes#deflate.o#center_imp": 0.9968373196283851, 
  "##characteristics#compile#obj_sizes#deflate.o#halfrange": 0, 
  "##characteristics#compile#obj_sizes#deflate.o#max": 20236, 
  "##characteristics#compile#obj_sizes#deflate.o#mean": 20236.0, 
  "##characteristics#compile#obj_sizes#deflate.o#mean_imp": 0.9968373196283851, 
  "##characteristics#compile#obj_sizes#deflate.o#min": 20236, 
  "##characteristics#compile#obj_sizes#deflate.o#min_imp": 0.9968373196283851, 
  "##characteristics#compile#obj_sizes#deflate.o#range": 0, 
  "##characteristics#compile#obj_sizes#deflate.o#range_percent": 0, 
  "##characteristics#compile#obj_sizes#deflate.o#repeats": 1, 
  "##characteristics#compile#obj_sizes#gzclose.o#all": [
    980
  ], 
  "##characteristics#compile#obj_sizes#gzclose.o#all_unique": [
    980
  ], 
  "##characteristics#compile#obj_sizes#gzclose.o#center": 980, 
  "##characteristics#compile#obj_sizes#gzclose.o#center_imp": 1.0, 
  "##characteristics#compile#obj_sizes#gzclose.o#halfrange": 0, 
  "##characteristics#compile#obj_sizes#gzclose.o#max": 980, 
  "##characteristics#compile#obj_sizes#gzclose.o#mean": 980.0, 
  "##characteristics#compile#obj_sizes#gzclose.o#mean_imp": 1.0, 
  "##characteristics#compile#obj_sizes#gzclose.o#min": 980, 
  "##characteristics#compile#obj_sizes#gzclose.o#min_imp": 1.0, 
  "##characteristics#compile#obj_sizes#gzclose.o#range": 0, 
  "##characteristics#compile#obj_sizes#gzclose.o#range_percent": 0, 
  "##characteristics#compile#obj_sizes#gzclose.o#repeats": 1, 
  "##characteristics#compile#obj_sizes#gzlib.o#all": [
    6360
  ], 
  "##characteristics#compile#obj_sizes#gzlib.o#all_unique": [
    6360
  ], 
  "##characteristics#compile#obj_sizes#gzlib.o#center": 6360, 
  "##characteristics#compile#obj_sizes#gzlib.o#center_imp": 0.9905660377358491, 
  "##characteristics#compile#obj_sizes#gzlib.o#halfrange": 0, 
  "##characteristics#compile#obj_sizes#gzlib.o#max": 6360, 
  "##characteristics#compile#obj_sizes#gzlib.o#mean": 6360.0, 
  "##characteristics#compile#obj_sizes#gzlib.o#mean_imp": 0.9905660377358491, 
  "##characteristics#compile#obj_sizes#gzlib.o#min": 6360, 
  "##characteristics#compile#obj_sizes#gzlib.o#min_imp": 0.9905660377358491, 
  "##characteristics#compile#obj_sizes#gzlib.o#range": 0, 
  "##characteristics#compile#obj_sizes#gzlib.o#range_percent": 0, 
  "##characteristics#compile#obj_sizes#gzlib.o#repeats": 1, 
  "##characteristics#compile#obj_sizes#gzread.o#all": [
    5920
  ], 
  "##characteristics#compile#obj_sizes#gzread.o#all_unique": [
    5920
  ], 
  "##characteristics#compile#obj_sizes#gzread.o#center": 5920, 
  "##characteristics#compile#obj_sizes#gzread.o#center_imp": 0.9756756756756757, 
  "##characteristics#compile#obj_sizes#gzread.o#halfrange": 0, 
  "##characteristics#compile#obj_sizes#gzread.o#max": 5920, 
  "##characteristics#compile#obj_sizes#gzread.o#mean": 5920.0, 
  "##characteristics#compile#obj_sizes#gzread.o#mean_imp": 0.9756756756756757, 
  "##characteristics#compile#obj_sizes#gzread.o#min": 5920, 
  "##characteristics#compile#obj_sizes#gzread.o#min_imp": 0.9756756756756757, 
  "##characteristics#compile#obj_sizes#gzread.o#range": 0, 
  "##characteristics#compile#obj_sizes#gzread.o#range_percent": 0, 
  "##characteristics#compile#obj_sizes#gzread.o#repeats": 1, 
  "##characteristics#compile#obj_sizes#gzwrite.o#all": [
    9660
  ], 
  "##characteristics#compile#obj_sizes#gzwrite.o#all_unique": [
    9660
  ], 
  "##characteristics#compile#obj_sizes#gzwrite.o#center": 9660, 
  "##characteristics#compile#obj_sizes#gzwrite.o#center_imp": 1.0625258799171842, 
  "##characteristics#compile#obj_sizes#gzwrite.o#halfrange": 0, 
  "##characteristics#compile#obj_sizes#gzwrite.o#max": 9660, 
  "##characteristics#compile#obj_sizes#gzwrite.o#mean": 9660.0, 
  "##characteristics#compile#obj_sizes#gzwrite.o#mean_imp": 1.0625258799171842, 
  "##characteristics#compile#obj_sizes#gzwrite.o#min": 9660, 
  "##characteristics#compile#obj_sizes#gzwrite.o#min_imp": 1.0625258799171842, 
  "##characteristics#compile#obj_sizes#gzwrite.o#range": 0, 
  "##characteristics#compile#obj_sizes#gzwrite.o#range_percent": 0, 
  "##characteristics#compile#obj_sizes#gzwrite.o#repeats": 1, 
  "##characteristics#compile#obj_sizes#infback.o#all": [
    9696
  ], 
  "##characteristics#compile#obj_sizes#infback.o#all_unique": [
    9696
  ], 
  "##characteristics#compile#obj_sizes#infback.o#center": 9696, 
  "##characteristics#compile#obj_sizes#infback.o#center_imp": 0.9872112211221122, 
  "##characteristics#compile#obj_sizes#infback.o#halfrange": 0, 
  "##characteristics#compile#obj_sizes#infback.o#max": 9696, 
  "##characteristics#compile#obj_sizes#infback.o#mean": 9696.0, 
  "##characteristics#compile#obj_sizes#infback.o#mean_imp": 0.9872112211221122, 
  "##characteristics#compile#obj_sizes#infback.o#min": 9696, 
  "##characteristics#compile#obj_sizes#infback.o#min_imp": 0.9872112211221122, 
  "##characteristics#compile#obj_sizes#infback.o#range": 0, 
  "##characteristics#compile#obj_sizes#infback.o#range_percent": 0, 
  "##characteristics#compile#obj_sizes#infback.o#repeats": 1, 
  "##characteristics#compile#obj_sizes#inffast.o#all": [
    4208
  ], 
  "##characteristics#compile#obj_sizes#inffast.o#all_unique": [
    4208
  ], 
  "##characteristics#compile#obj_sizes#inffast.o#center": 4208, 
  "##characteristics#compile#obj_sizes#inffast.o#center_imp": 0.9496197718631179, 
  "##characteristics#compile#obj_sizes#inffast.o#halfrange": 0, 
  "##characteristics#compile#obj_sizes#inffast.o#max": 4208, 
  "##characteristics#compile#obj_sizes#inffast.o#mean": 4208.0, 
  "##characteristics#compile#obj_sizes#inffast.o#mean_imp": 0.9496197718631179, 
  "##characteristics#compile#obj_sizes#inffast.o#min": 4208, 
  "##characteristics#compile#obj_sizes#inffast.o#min_imp": 0.9496197718631179, 
  "##characteristics#compile#obj_sizes#inffast.o#range": 0, 
  "##characteristics#compile#obj_sizes#inffast.o#range_percent": 0, 
  "##characteristics#compile#obj_sizes#inffast.o#repeats": 1, 
  "##characteristics#compile#obj_sizes#inflate.o#all": [
    17280
  ], 
  "##characteristics#compile#obj_sizes#inflate.o#all_unique": [
    17280
  ], 
  "##characteristics#compile#obj_sizes#inflate.o#center": 17280, 
  "##characteristics#compile#obj_sizes#inflate.o#center_imp": 0.9699074074074074, 
  "##characteristics#compile#obj_sizes#inflate.o#halfrange": 0, 
  "##characteristics#compile#obj_sizes#inflate.o#max": 17280, 
  "##characteristics#compile#obj_sizes#inflate.o#mean": 17280.0, 
  "##characteristics#compile#obj_sizes#inflate.o#mean_imp": 0.9699074074074074, 
  "##characteristics#compile#obj_sizes#inflate.o#min": 17280, 
  "##characteristics#compile#obj_sizes#inflate.o#min_imp": 0.9699074074074074, 
  "##characteristics#compile#obj_sizes#inflate.o#range": 0, 
  "##characteristics#compile#obj_sizes#inflate.o#range_percent": 0, 
  "##characteristics#compile#obj_sizes#inflate.o#repeats": 1, 
  "##characteristics#compile#obj_sizes#inftrees.o#all": [
    4464
  ], 
  "##characteristics#compile#obj_sizes#inftrees.o#all_unique": [
    4464
  ], 
  "##characteristics#compile#obj_sizes#inftrees.o#center": 4464, 
  "##characteristics#compile#obj_sizes#inftrees.o#center_imp": 0.9901433691756273, 
  "##characteristics#compile#obj_sizes#inftrees.o#halfrange": 0, 
  "##characteristics#compile#obj_sizes#inftrees.o#max": 4464, 
  "##characteristics#compile#obj_sizes#inftrees.o#mean": 4464.0, 
  "##characteristics#compile#obj_sizes#inftrees.o#mean_imp": 0.9901433691756273, 
  "##characteristics#compile#obj_sizes#inftrees.o#min": 4464, 
  "##characteristics#compile#obj_sizes#inftrees.o#min_imp": 0.9901433691756273, 
  "##characteristics#compile#obj_sizes#inftrees.o#range": 0, 
  "##characteristics#compile#obj_sizes#inftrees.o#range_percent": 0, 
  "##characteristics#compile#obj_sizes#inftrees.o#repeats": 1, 
  "##characteristics#compile#obj_sizes#trees.o#all": [
    14272
  ], 
  "##characteristics#compile#obj_sizes#trees.o#all_unique": [
    14272
  ], 
  "##characteristics#compile#obj_sizes#trees.o#center": 14272, 
  "##characteristics#compile#obj_sizes#trees.o#center_imp": 0.9938340807174888, 
  "##characteristics#compile#obj_sizes#trees.o#halfrange": 0, 
  "##characteristics#compile#obj_sizes#trees.o#max": 14272, 
  "##characteristics#compile#obj_sizes#trees.o#mean": 14272.0, 
  "##characteristics#compile#obj_sizes#trees.o#mean_imp": 0.9938340807174888, 
  "##characteristics#compile#obj_sizes#trees.o#min": 14272, 
  "##characteristics#compile#obj_sizes#trees.o#min_imp": 0.9938340807174888, 
  "##characteristics#compile#obj_sizes#trees.o#range": 0, 
  "##characteristics#compile#obj_sizes#trees.o#range_percent": 0, 
  "##characteristics#compile#obj_sizes#trees.o#repeats": 1, 
  "##characteristics#compile#obj_sizes#uncompr.o#all": [
    1272
  ], 
  "##characteristics#compile#obj_sizes#uncompr.o#all_unique": [
    1272
  ], 
  "##characteristics#compile#obj_sizes#uncompr.o#center": 1272, 
  "##characteristics#compile#obj_sizes#uncompr.o#center_imp": 1.0, 
  "##characteristics#compile#obj_sizes#uncompr.o#halfrange": 0, 
  "##characteristics#compile#obj_sizes#uncompr.o#max": 1272, 
  "##characteristics#compile#obj_sizes#uncompr.o#mean": 1272.0, 
  "##characteristics#compile#obj_sizes#uncompr.o#mean_imp": 1.0, 
  "##characteristics#compile#obj_sizes#uncompr.o#min": 1272, 
  "##characteristics#compile#obj_sizes#uncompr.o#min_imp": 1.0, 
  "##characteristics#compile#obj_sizes#uncompr.o#range": 0, 
  "##characteristics#compile#obj_sizes#uncompr.o#range_percent": 0, 
  "##characteristics#compile#obj_sizes#uncompr.o#repeats": 1, 
  "##characteristics#compile#obj_sizes#zutil.o#all": [
    1648
  ], 
  "##characteristics#compile#obj_sizes#zutil.o#all_unique": [
    1648
  ], 
  "##characteristics#compile#obj_sizes#zutil.o#center": 1648, 
  "##characteristics#compile#obj_sizes#zutil.o#center_imp": 1.0, 
  "##characteristics#compile#obj_sizes#zutil.o#halfrange": 0, 
  "##characteristics#compile#obj_sizes#zutil.o#max": 1648, 
  "##characteristics#compile#obj_sizes#zutil.o#mean": 1648.0, 
  "##characteristics#compile#obj_sizes#zutil.o#mean_imp": 1.0, 
  "##characteristics#compile#obj_sizes#zutil.o#min": 1648, 
  "##characteristics#compile#obj_sizes#zutil.o#min_imp": 1.0, 
  "##characteristics#compile#obj_sizes#zutil.o#range": 0, 
  "##characteristics#compile#obj_sizes#zutil.o#range_percent": 0, 
  "##characteristics#compile#obj_sizes#zutil.o#repeats": 1, 
  "##characteristics#compile#program_git_hash#all": [
    "04641ea86f9615c4bdca36af53651658ecea444c"
  ], 
  "##characteristics#compile#program_git_hash#all_unique": [
    "04641ea86f9615c4bdca36af53651658ecea444c"
  ], 
  "##characteristics#compile#program_git_hash#min": "04641ea86f9615c4bdca36af53651658ecea444c", 
  "##characteristics#compile#program_git_hash#min_imp": 0, 
  "##characteristics#compile#program_git_hash#repeats": 1, 
  "##characteristics#run#execution_time#all": [
    0.5136753684210525, 
    0.5001023157894737, 
    0.5171131052631579, 
    0.4963911052631579
  ], 
  "##characteristics#run#execution_time#all_unique": [
    0.5136753684210525, 
    0.5001023157894737, 
    0.5171131052631579, 
    0.4963911052631579
  ], 
  "##characteristics#run#execution_time#center": 0.5067521052631578, 
  "##characteristics#run#execution_time#center_imp": 0.9751464694146105, 
  "##characteristics#run#execution_time#halfrange": 0.010361000000000009, 
  "##characteristics#run#execution_time#max": 0.5171131052631579, 
  "##characteristics#run#execution_time#mean": 0.5068204736842105, 
  "##characteristics#run#execution_time#mean_imp": 0.9743557331470741, 
  "##characteristics#run#execution_time#min": 0.4963911052631579, 
  "##characteristics#run#execution_time#min_imp": 0.9808017468399015, 
  "##characteristics#run#execution_time#range": 0.020722000000000018, 
  "##characteristics#run#execution_time#range_percent": 0.04174530885079903, 
  "##characteristics#run#execution_time#repeats": 4, 
  "##characteristics#run#execution_time_kernel_0#all": [
    9.759832, 
    9.501944, 
    9.825149, 
    9.431431
  ], 
  "##characteristics#run#execution_time_kernel_0#all_unique": [
    9.759832, 
    9.501944, 
    9.825149, 
    9.431431
  ], 
  "##characteristics#run#execution_time_kernel_0#center": 9.62829, 
  "##characteristics#run#execution_time_kernel_0#center_imp": 0.9751464694146105, 
  "##characteristics#run#execution_time_kernel_0#halfrange": 0.1968589999999999, 
  "##characteristics#run#execution_time_kernel_0#max": 9.825149, 
  "##characteristics#run#execution_time_kernel_0#mean": 9.629589, 
  "##characteristics#run#execution_time_kernel_0#mean_imp": 0.9743557331470741, 
  "##characteristics#run#execution_time_kernel_0#min": 9.431431, 
  "##characteristics#run#execution_time_kernel_0#min_imp": 0.9808017468399015, 
  "##characteristics#run#execution_time_kernel_0#range": 0.3937179999999998, 
  "##characteristics#run#execution_time_kernel_0#range_percent": 0.041745308850798975, 
  "##characteristics#run#execution_time_kernel_0#repeats": 4, 
  "##characteristics#run#execution_time_with_module#all": [
    12.899230003356934, 
    10.238485097885132, 
    10.555624961853027, 
    10.162099838256836
  ], 
  "##characteristics#run#execution_time_with_module#all_unique": [
    12.899230003356934, 
    10.238485097885132, 
    10.555624961853027, 
    10.162099838256836
  ], 
  "##characteristics#run#execution_time_with_module#center": 11.530664920806885, 
  "##characteristics#run#execution_time_with_module#center_imp": 0.9698486226507251, 
  "##characteristics#run#execution_time_with_module#halfrange": 1.3685650825500488, 
  "##characteristics#run#execution_time_with_module#max": 12.899230003356934, 
  "##characteristics#run#execution_time_with_module#mean": 10.963859975337982, 
  "##characteristics#run#execution_time_with_module#mean_imp": 0.9741100787571492, 
  "##characteristics#run#execution_time_with_module#min": 10.162099838256836, 
  "##characteristics#run#execution_time_with_module#min_imp": 0.9820155514392532, 
  "##characteristics#run#execution_time_with_module#range": 2.7371301651000977, 
  "##characteristics#run#execution_time_with_module#range_percent": 0.2693469074960017, 
  "##characteristics#run#execution_time_with_module#repeats": 4, 
  "##characteristics#run#repeat#all": [
    19, 
    19, 
    19, 
    19
  ], 
  "##characteristics#run#repeat#all_unique": [
    19
  ], 
  "##characteristics#run#repeat#center": 19, 
  "##characteristics#run#repeat#center_imp": 1.0, 
  "##characteristics#run#repeat#halfrange": 0, 
  "##characteristics#run#repeat#max": 19, 
  "##characteristics#run#repeat#mean": 19.0, 
  "##characteristics#run#repeat#mean_imp": 1.0, 
  "##characteristics#run#repeat#min": 19, 
  "##characteristics#run#repeat#min_imp": 1.0, 
  "##characteristics#run#repeat#range": 0, 
  "##characteristics#run#repeat#range_percent": 0, 
  "##characteristics#run#repeat#repeats": 4, 
  "##characteristics#run#return_code#all": [
    0, 
    0, 
    0, 
    0
  ], 
  "##characteristics#run#return_code#all_unique": [
    0
  ], 
  "##characteristics#run#return_code#center": 0, 
  "##characteristics#run#return_code#halfrange": 0, 
  "##characteristics#run#return_code#max": 0, 
  "##characteristics#run#return_code#mean": 0.0, 
  "##characteristics#run#return_code#min": 0, 
  "##characteristics#run#return_code#min_imp": 1, 
  "##characteristics#run#return_code#range": 0, 
  "##characteristics#run#return_code#repeats": 4, 
  "##characteristics#run#run_success#all": [
    "yes", 
    "yes", 
    "yes", 
    "yes"
  ], 
  "##characteristics#run#run_success#all_unique": [
    "yes"
  ], 
  "##characteristics#run#run_success#min": "yes", 
  "##characteristics#run#run_success#min_imp": 1, 
  "##characteristics#run#run_success#repeats": 4, 
  "##characteristics#run#run_success_bool#all": [
    true, 
    true, 
    true, 
    true
  ], 
  "##characteristics#run#run_success_bool#all_unique": [
    true
  ], 
  "##characteristics#run#run_success_bool#min": true, 
  "##characteristics#run#run_success_bool#min_imp": 1, 
  "##characteristics#run#run_success_bool#repeats": 4, 
  "##characteristics#run#total_execution_time#all": [
    9.759832, 
    9.501944, 
    9.825149, 
    9.431431
  ], 
  "##characteristics#run#total_execution_time#all_unique": [
    9.759832, 
    9.501944, 
    9.825149, 
    9.431431
  ], 
  "##characteristics#run#total_execution_time#center": 9.62829, 
  "##characteristics#run#total_execution_time#center_imp": 0.9751464694146105, 
  "##characteristics#run#total_execution_time#halfrange": 0.1968589999999999, 
  "##characteristics#run#total_execution_time#max": 9.825149, 
  "##characteristics#run#total_execution_time#mean": 9.629589, 
  "##characteristics#run#total_execution_time#mean_imp": 0.9743557331470741, 
  "##characteristics#run#total_execution_time#min": 9.431431, 
  "##characteristics#run#total_execution_time#min_imp": 0.9808017468399015, 
  "##characteristics#run#total_execution_time#range": 0.3937179999999998, 
  "##characteristics#run#total_execution_time#range_percent": 0.041745308850798975, 
  "##characteristics#run#total_execution_time#repeats": 4
}
