{
  "characteristics_list": [
    {
      "compile": {
        "binary_size": 101448, 
        "compilation_success": "yes", 
        "compilation_success_bool": true, 
        "compilation_time": 107.92636203765869, 
        "compilation_time_with_module": 112.71084594726562, 
        "joined_compiler_flags": "-O3", 
        "md5_sum": "67eb8291271f3efe9abdcec650b7909c", 
        "obj_size": 114844, 
        "obj_sizes": {
          "adler32.o": 2424, 
          "compress.o": 1568, 
          "crc32.o": 10876, 
          "ctuning-rtl.o": 4632, 
          "deflate.o": 20172, 
          "gzclose.o": 980, 
          "gzlib.o": 6300, 
          "gzread.o": 5776, 
          "gzwrite.o": 10264, 
          "infback.o": 9572, 
          "inffast.o": 3996, 
          "inflate.o": 16760, 
          "inftrees.o": 4420, 
          "trees.o": 14184, 
          "uncompr.o": 1272, 
          "zutil.o": 1648
        }, 
        "program_git_hash": "04641ea86f9615c4bdca36af53651658ecea444c"
      }, 
      "run": {
        "execution_time": 0.4943796315789473, 
        "execution_time_kernel_0": 9.393213, 
        "execution_time_with_module": 12.386658906936646, 
        "repeat": 19, 
        "return_code": 0, 
        "run_success": "yes", 
        "run_success_bool": true, 
        "total_execution_time": 9.393213
      }
    }, 
    {
      "run": {
        "execution_time": 0.49259905263157894, 
        "execution_time_kernel_0": 9.359382, 
        "execution_time_with_module": 10.091472148895264, 
        "repeat": 19, 
        "return_code": 0, 
        "run_success": "yes", 
        "run_success_bool": true, 
        "total_execution_time": 9.359382
      }
    }, 
    {
      "run": {
        "execution_time": 0.4868612631578947, 
        "execution_time_kernel_0": 9.250364, 
        "execution_time_with_module": 9.979340076446533, 
        "repeat": 19, 
        "return_code": 0, 
        "run_success": "yes", 
        "run_success_bool": true, 
        "total_execution_time": 9.250364
      }
    }, 
    {
      "run": {
        "execution_time": 0.5014537894736841, 
        "execution_time_kernel_0": 9.527622, 
        "execution_time_with_module": 10.26255488395691, 
        "repeat": 19, 
        "return_code": 0, 
        "run_success": "yes", 
        "run_success_bool": true, 
        "total_execution_time": 9.527622
      }
    }
  ], 
  "choices": {
    "calibration_time": 10.0, 
    "cmd_key": "encode", 
    "compile_type": "dynamic", 
    "compiler_description_uoa": "gcc-4.9.0-auto", 
    "compiler_flags": {
      "base_opt": "-O3"
    }, 
    "data_uoa": "zlib", 
    "dataset_file": "data.wav", 
    "dataset_uoa": "audio-wav-0001", 
    "device_cfg": {}, 
    "device_id": "", 
    "host_os": "linux-32", 
    "module_uoa": "b0ac08fe1d3c2615", 
    "no_state_check": "yes", 
    "program_tags": "", 
    "repeat": 19, 
    "target": "", 
    "target_os": "linux-32", 
    "target_os_bits": "32"
  }, 
  "choices_order": [
    "##compiler_flags#base_opt"
  ], 
  "features": {
    "compiler_version": {
      "list": [
        4, 
        9, 
        2
      ], 
      "raw": [
        "gcc-4.9 (Raspbian 4.9.2-10) 4.9.2", 
        "Copyright (C) 2014 Free Software Foundation, Inc.", 
        "This is free software; see the source for copying conditions.  There is NO", 
        "warranty; not even for MERCHANTABILITY or FITNESS FOR A PARTICULAR PURPOSE.", 
        "", 
        ""
      ], 
      "str": "4.9.2"
    }, 
    "dataset": {
      "total_size": 311096
    }, 
    "number_of_selected_compiler_flags": 1, 
    "platform": {
      "cpu": {
        "all_freqs": {
          "0": [
            700000, 
            700000
          ]
        }, 
        "cpu_abi": "", 
        "cpu_features": "half thumb fastmult vfp edsp java tls", 
        "current_freq": {
          "0": 700.0
        }, 
        "max_freq": {
          "0": 700.0
        }, 
        "name": "BCM2708", 
        "num_proc": "1", 
        "sub_name": "ARMv6-compatible processor rev 7 (v6l)", 
        "workload_automation": {
          "device_config": {
            "core_clusters": [
              0
            ], 
            "core_names": [
              "BCM2708"
            ]
          }
        }
      }, 
      "cpu_misc": {
        "0": {
          "BogoMIPS": "697.95", 
          "CPU architecture": "7", 
          "CPU implementer": "0x41", 
          "CPU part": "0xb76", 
          "CPU revision": "7", 
          "CPU variant": "0x0", 
          "Features": "half thumb fastmult vfp edsp java tls", 
          "Hardware": "BCM2708", 
          "Revision": "0013", 
          "Serial": "00000000999033c3", 
          "all_freqs": [
            "0", 
            "0"
          ], 
          "ck_cpu_name": "BCM2708", 
          "ck_cpu_subname": "ARMv6-compatible processor rev 7 (v6l)", 
          "cpu_features": "half thumb fastmult vfp edsp java tls", 
          "cur_freq": 700.0, 
          "max_freq": 700.0, 
          "model name": "ARMv6-compatible processor rev 7 (v6l)", 
          "processor": "0"
        }
      }, 
      "cpu_new_format": "", 
      "cpu_unique": [
        {
          "BogoMIPS": "697.95", 
          "CPU architecture": "7", 
          "CPU implementer": "0x41", 
          "CPU part": "0xb76", 
          "CPU revision": "7", 
          "CPU variant": "0x0", 
          "Features": "half thumb fastmult vfp edsp java tls", 
          "Hardware": "BCM2708", 
          "Revision": "0013", 
          "Serial": "00000000999033c3", 
          "all_freqs": [
            "0", 
            "0"
          ], 
          "ck_cpu_name": "BCM2708", 
          "ck_cpu_subname": "ARMv6-compatible processor rev 7 (v6l)", 
          "cpu_features": "half thumb fastmult vfp edsp java tls", 
          "cur_freq": 700.0, 
          "max_freq": 700.0, 
          "model name": "ARMv6-compatible processor rev 7 (v6l)", 
          "processor": "0"
        }
      ], 
      "gpu": {
        "name": "", 
        "vendor": ""
      }, 
      "gpu_misc": {}, 
      "os": {
        "abi": "armv6l", 
        "bits": "32", 
        "ck_os_base_uoa": "", 
        "ck_os_uoa": "linux-32", 
        "name": "Linux 4.4.21+", 
        "name_long": "Linux-4.4.21+-armv6l-with-debian-8.0", 
        "name_short": "Linux 4.4.21+", 
        "serial_number": ""
      }, 
      "os_misc": {}, 
      "platform": {
        "model": "", 
        "name": "", 
        "vendor": ""
      }, 
      "platform_misc": {}
    }, 
    "solution_uid": "61764d46879edf84", 
    "statistical_repetitions": 4
  }
}
