{
  "##choices#calibration_time": 10.0, 
  "##choices#cmd_key": "encode", 
  "##choices#compile_type": "dynamic", 
  "##choices#compiler_description_uoa": "gcc-4.9.0-auto", 
  "##choices#compiler_flags#base_opt": "-O3", 
  "##choices#compiler_flags#bool-branch-probabilities": "-fno-branch-probabilities", 
  "##choices#compiler_flags#bool-cse-follow-jumps": "-fcse-follow-jumps", 
  "##choices#compiler_flags#bool-expensive-optimizations": "-fexpensive-optimizations", 
  "##choices#compiler_flags#bool-float-store": "-ffloat-store", 
  "##choices#compiler_flags#bool-function-cse": "-ffunction-cse", 
  "##choices#compiler_flags#bool-ipa-pta": "-fipa-pta", 
  "##choices#compiler_flags#bool-math-errno": "-fmath-errno", 
  "##choices#compiler_flags#bool-merge-all-constants": "-fmerge-all-constants", 
  "##choices#compiler_flags#bool-optimize-sibling-calls": "-foptimize-sibling-calls", 
  "##choices#compiler_flags#bool-ree": "-fno-ree", 
  "##choices#compiler_flags#bool-sched-last-insn-heuristic": "-fno-sched-last-insn-heuristic", 
  "##choices#compiler_flags#bool-sched-pressure": "-fsched-pressure", 
  "##choices#compiler_flags#bool-sel-sched-pipelining": "-fsel-sched-pipelining", 
  "##choices#compiler_flags#bool-tree-copyrename": "-fno-tree-copyrename", 
  "##choices#compiler_flags#bool-tree-dse": "-ftree-dse", 
  "##choices#compiler_flags#param--falign-functions=": "-falign-functions=0", 
  "##choices#compiler_flags#param-asan-instrument-writes": "--param asan-instrument-writes=1", 
  "##choices#compiler_flags#param-max-hoist-depth": "--param max-hoist-depth=20", 
  "##choices#compiler_flags#param-max-inline-insns-auto": "--param max-inline-insns-auto=33", 
  "##choices#compiler_flags#param-max-inline-insns-single": "--param max-inline-insns-single=706", 
  "##choices#compiler_flags#param-max-sched-insn-conflict-delay": "--param max-sched-insn-conflict-delay=2", 
  "##choices#compiler_flags#param-max-unswitch-level": "--param max-unswitch-level=3", 
  "##choices#compiler_flags#param-omega-hash-table-size": "--param omega-hash-table-size=602", 
  "##choices#compiler_flags#param-omega-max-vars": "--param omega-max-vars=142", 
  "##choices#compiler_flags#param-sms-min-sc": "--param sms-min-sc=4", 
  "##choices#data_uoa": "zlib", 
  "##choices#dataset_file": "data.wav", 
  "##choices#dataset_uoa": "audio-wav-0001", 
  "##choices#device_id": "", 
  "##choices#host_os": "linux-32", 
  "##choices#module_uoa": "b0ac08fe1d3c2615", 
  "##choices#no_state_check": "yes", 
  "##choices#program_tags": "", 
  "##choices#repeat": 19, 
  "##choices#target": "", 
  "##choices#target_os": "linux-32", 
  "##choices#target_os_bits": "32"
}
