{
  "characteristics_list": [
    {
      "compile": {
        "binary_size": 99160, 
        "compilation_success": "yes", 
        "compilation_success_bool": true, 
        "compilation_time": 97.54484105110168, 
        "compilation_time_with_module": 102.44307494163513, 
        "joined_compiler_flags": "-O3 -fearly-inlining -fno-finite-math-only -fgcse-lm -fno-ipa-pure-const -fira-share-save-slots -fno-loop-strip-mine -fno-modulo-sched -fno-reschedule-modulo-scheduled-loops -fsched-spec-load-dangerous -fno-tree-ch -ftree-coalesce-vars -ftree-dominator-opts -ftree-loop-distribute-patterns -ftree-loop-distribution -fno-tree-loop-linear -ftree-pta -ftree-vectorize -funit-at-a-time -fno-vect-cost-model", 
        "md5_sum": "5e5634eceb91143a6e50d194806657fe", 
        "obj_size": 112548, 
        "obj_sizes": {
          "adler32.o": 2664, 
          "compress.o": 1568, 
          "crc32.o": 11244, 
          "ctuning-rtl.o": 4628, 
          "deflate.o": 20188, 
          "gzclose.o": 980, 
          "gzlib.o": 6212, 
          "gzread.o": 5788, 
          "gzwrite.o": 10216, 
          "infback.o": 8580, 
          "inffast.o": 3932, 
          "inflate.o": 15128, 
          "inftrees.o": 4404, 
          "trees.o": 14096, 
          "uncompr.o": 1272, 
          "zutil.o": 1648
        }, 
        "program_git_hash": "04641ea86f9615c4bdca36af53651658ecea444c"
      }, 
      "run": {
        "execution_time": 0.49323736842105265, 
        "execution_time_kernel_0": 9.37151, 
        "execution_time_with_module": 10.101132154464722, 
        "repeat": 19, 
        "return_code": 0, 
        "run_success": "yes", 
        "run_success_bool": true, 
        "total_execution_time": 9.37151
      }
    }, 
    {
      "run": {
        "execution_time": 0.5027717368421053, 
        "execution_time_kernel_0": 9.552663, 
        "execution_time_with_module": 10.284511804580688, 
        "repeat": 19, 
        "return_code": 0, 
        "run_success": "yes", 
        "run_success_bool": true, 
        "total_execution_time": 9.552663
      }
    }, 
    {
      "run": {
        "execution_time": 0.4980746842105263, 
        "execution_time_kernel_0": 9.463419, 
        "execution_time_with_module": 10.198941946029663, 
        "repeat": 19, 
        "return_code": 0, 
        "run_success": "yes", 
        "run_success_bool": true, 
        "total_execution_time": 9.463419
      }
    }, 
    {
      "run": {
        "execution_time": 0.5047218421052632, 
        "execution_time_kernel_0": 9.589715, 
        "execution_time_with_module": 10.32424283027649, 
        "repeat": 19, 
        "return_code": 0, 
        "run_success": "yes", 
        "run_success_bool": true, 
        "total_execution_time": 9.589715
      }
    }
  ], 
  "choices": {
    "calibration_time": 10.0, 
    "cmd_key": "encode", 
    "compile_type": "dynamic", 
    "compiler_description_uoa": "gcc-4.9.0-auto", 
    "compiler_flags": {
      "base_opt": "-O3", 
      "bool-early-inlining": "-fearly-inlining", 
      "bool-finite-math-only": "-fno-finite-math-only", 
      "bool-gcse-lm": "-fgcse-lm", 
      "bool-ipa-pure-const": "-fno-ipa-pure-const", 
      "bool-ira-share-save-slots": "-fira-share-save-slots", 
      "bool-loop-strip-mine": "-fno-loop-strip-mine", 
      "bool-modulo-sched": "-fno-modulo-sched", 
      "bool-reschedule-modulo-scheduled-loops": "-fno-reschedule-modulo-scheduled-loops", 
      "bool-sched-spec-load-dangerous": "-fsched-spec-load-dangerous", 
      "bool-tree-ch": "-fno-tree-ch", 
      "bool-tree-coalesce-vars": "-ftree-coalesce-vars", 
      "bool-tree-dominator-opts": "-ftree-dominator-opts", 
      "bool-tree-loop-distribute-patterns": "-ftree-loop-distribute-patterns", 
      "bool-tree-loop-distribution": "-ftree-loop-distribution", 
      "bool-tree-loop-linear": "-fno-tree-loop-linear", 
      "bool-tree-pta": "-ftree-pta", 
      "bool-tree-vectorize": "-ftree-vectorize", 
      "bool-unit-at-a-time": "-funit-at-a-time", 
      "bool-vect-cost-model": "-fno-vect-cost-model"
    }, 
    "data_uoa": "zlib", 
    "dataset_file": "data.wav", 
    "dataset_uoa": "audio-wav-0001", 
    "device_cfg": {}, 
    "device_id": "", 
    "host_os": "linux-32", 
    "module_uoa": "b0ac08fe1d3c2615", 
    "no_state_check": "yes", 
    "program_tags": "", 
    "repeat": 19, 
    "target": "", 
    "target_os": "linux-32", 
    "target_os_bits": "32"
  }, 
  "choices_order": [
    "##compiler_flags#base_opt", 
    "##compiler_flags#bool-early-inlining", 
    "##compiler_flags#bool-finite-math-only", 
    "##compiler_flags#bool-gcse-lm", 
    "##compiler_flags#bool-ipa-pure-const", 
    "##compiler_flags#bool-ira-share-save-slots", 
    "##compiler_flags#bool-loop-strip-mine", 
    "##compiler_flags#bool-modulo-sched", 
    "##compiler_flags#bool-reschedule-modulo-scheduled-loops", 
    "##compiler_flags#bool-sched-spec-load-dangerous", 
    "##compiler_flags#bool-tree-ch", 
    "##compiler_flags#bool-tree-coalesce-vars", 
    "##compiler_flags#bool-tree-dominator-opts", 
    "##compiler_flags#bool-tree-loop-distribute-patterns", 
    "##compiler_flags#bool-tree-loop-distribution", 
    "##compiler_flags#bool-tree-loop-linear", 
    "##compiler_flags#bool-tree-pta", 
    "##compiler_flags#bool-tree-vectorize", 
    "##compiler_flags#bool-unit-at-a-time", 
    "##compiler_flags#bool-vect-cost-model"
  ], 
  "features": {
    "compiler_version": {
      "list": [
        4, 
        9, 
        2
      ], 
      "raw": [
        "gcc-4.9 (Raspbian 4.9.2-10) 4.9.2", 
        "Copyright (C) 2014 Free Software Foundation, Inc.", 
        "This is free software; see the source for copying conditions.  There is NO", 
        "warranty; not even for MERCHANTABILITY or FITNESS FOR A PARTICULAR PURPOSE.", 
        "", 
        ""
      ], 
      "str": "4.9.2"
    }, 
    "dataset": {
      "total_size": 311096
    }, 
    "number_of_selected_compiler_flags": 20, 
    "platform": {
      "cpu": {
        "all_freqs": {
          "0": [
            700000, 
            700000
          ]
        }, 
        "cpu_abi": "", 
        "cpu_features": "half thumb fastmult vfp edsp java tls", 
        "current_freq": {
          "0": 700.0
        }, 
        "max_freq": {
          "0": 700.0
        }, 
        "name": "BCM2708", 
        "num_proc": "1", 
        "sub_name": "ARMv6-compatible processor rev 7 (v6l)", 
        "workload_automation": {
          "device_config": {
            "core_clusters": [
              0
            ], 
            "core_names": [
              "BCM2708"
            ]
          }
        }
      }, 
      "cpu_misc": {
        "0": {
          "BogoMIPS": "697.95", 
          "CPU architecture": "7", 
          "CPU implementer": "0x41", 
          "CPU part": "0xb76", 
          "CPU revision": "7", 
          "CPU variant": "0x0", 
          "Features": "half thumb fastmult vfp edsp java tls", 
          "Hardware": "BCM2708", 
          "Revision": "0013", 
          "Serial": "00000000999033c3", 
          "all_freqs": [
            "0", 
            "0"
          ], 
          "ck_cpu_name": "BCM2708", 
          "ck_cpu_subname": "ARMv6-compatible processor rev 7 (v6l)", 
          "cpu_features": "half thumb fastmult vfp edsp java tls", 
          "cur_freq": 700.0, 
          "max_freq": 700.0, 
          "model name": "ARMv6-compatible processor rev 7 (v6l)", 
          "processor": "0"
        }
      }, 
      "cpu_new_format": "", 
      "cpu_unique": [
        {
          "BogoMIPS": "697.95", 
          "CPU architecture": "7", 
          "CPU implementer": "0x41", 
          "CPU part": "0xb76", 
          "CPU revision": "7", 
          "CPU variant": "0x0", 
          "Features": "half thumb fastmult vfp edsp java tls", 
          "Hardware": "BCM2708", 
          "Revision": "0013", 
          "Serial": "00000000999033c3", 
          "all_freqs": [
            "0", 
            "0"
          ], 
          "ck_cpu_name": "BCM2708", 
          "ck_cpu_subname": "ARMv6-compatible processor rev 7 (v6l)", 
          "cpu_features": "half thumb fastmult vfp edsp java tls", 
          "cur_freq": 700.0, 
          "max_freq": 700.0, 
          "model name": "ARMv6-compatible processor rev 7 (v6l)", 
          "processor": "0"
        }
      ], 
      "gpu": {
        "name": "", 
        "vendor": ""
      }, 
      "gpu_misc": {}, 
      "os": {
        "abi": "armv6l", 
        "bits": "32", 
        "ck_os_base_uoa": "", 
        "ck_os_uoa": "linux-32", 
        "name": "Linux 4.4.21+", 
        "name_long": "Linux-4.4.21+-armv6l-with-debian-8.0", 
        "name_short": "Linux 4.4.21+", 
        "serial_number": ""
      }, 
      "os_misc": {}, 
      "platform": {
        "model": "", 
        "name": "", 
        "vendor": ""
      }, 
      "platform_misc": {}
    }, 
    "solution_uid": "f8a394e84a40d30a", 
    "statistical_repetitions": 4
  }
}
