{
  "characteristics_list": [
    {
      "compile": {
        "binary_size": 102276, 
        "compilation_success": "yes", 
        "compilation_success_bool": true, 
        "compilation_time": 113.82359099388123, 
        "compilation_time_with_module": 118.77720308303833, 
        "joined_compiler_flags": "-O3 -fno-branch-probabilities -fno-cx-limited-range -fno-early-inlining -fno-fat-lto-objects -ffloat-store -fkeep-inline-functions -flive-range-shrinkage -floop-strip-mine -fno-sched-spec-insn-heuristic -fsched2-use-superblocks -fthread-jumps -fno-tree-loop-if-convert -fno-unroll-loops -fno-vect-cost-model", 
        "md5_sum": "d9f87ed423e94b4de6dd0f783f5c8ea8", 
        "obj_size": 116000, 
        "obj_sizes": {
          "adler32.o": 2504, 
          "compress.o": 1648, 
          "crc32.o": 10960, 
          "ctuning-rtl.o": 4708, 
          "deflate.o": 20260, 
          "gzclose.o": 1056, 
          "gzlib.o": 6376, 
          "gzread.o": 5852, 
          "gzwrite.o": 10340, 
          "infback.o": 9548, 
          "inffast.o": 4072, 
          "inflate.o": 16752, 
          "inftrees.o": 4500, 
          "trees.o": 14344, 
          "uncompr.o": 1352, 
          "zutil.o": 1728
        }, 
        "program_git_hash": "04641ea86f9615c4bdca36af53651658ecea444c"
      }, 
      "run": {
        "execution_time": 0.5200072105263157, 
        "execution_time_kernel_0": 9.880137, 
        "execution_time_with_module": 10.922749996185303, 
        "repeat": 19, 
        "return_code": 0, 
        "run_success": "yes", 
        "run_success_bool": true, 
        "total_execution_time": 9.880137
      }
    }, 
    {
      "run": {
        "execution_time": 0.5291098421052631, 
        "execution_time_kernel_0": 10.053087, 
        "execution_time_with_module": 10.783344030380249, 
        "repeat": 19, 
        "return_code": 0, 
        "run_success": "yes", 
        "run_success_bool": true, 
        "total_execution_time": 10.053087
      }
    }, 
    {
      "run": {
        "execution_time": 0.5036487368421053, 
        "execution_time_kernel_0": 9.569326, 
        "execution_time_with_module": 10.305336952209473, 
        "repeat": 19, 
        "return_code": 0, 
        "run_success": "yes", 
        "run_success_bool": true, 
        "total_execution_time": 9.569326
      }
    }, 
    {
      "run": {
        "execution_time": 0.5219136842105263, 
        "execution_time_kernel_0": 9.91636, 
        "execution_time_with_module": 10.663811922073364, 
        "repeat": 19, 
        "return_code": 0, 
        "run_success": "yes", 
        "run_success_bool": true, 
        "total_execution_time": 9.91636
      }
    }
  ], 
  "choices": {
    "calibration_time": 10.0, 
    "cmd_key": "encode", 
    "compile_type": "dynamic", 
    "compiler_description_uoa": "gcc-4.9.0-auto", 
    "compiler_flags": {
      "base_opt": "-O3", 
      "bool-branch-probabilities": "-fno-branch-probabilities", 
      "bool-cx-limited-range": "-fno-cx-limited-range", 
      "bool-early-inlining": "-fno-early-inlining", 
      "bool-fat-lto-objects": "-fno-fat-lto-objects", 
      "bool-float-store": "-ffloat-store", 
      "bool-keep-inline-functions": "-fkeep-inline-functions", 
      "bool-live-range-shrinkage": "-flive-range-shrinkage", 
      "bool-loop-strip-mine": "-floop-strip-mine", 
      "bool-sched-spec-insn-heuristic": "-fno-sched-spec-insn-heuristic", 
      "bool-sched2-use-superblocks": "-fsched2-use-superblocks", 
      "bool-thread-jumps": "-fthread-jumps", 
      "bool-tree-loop-if-convert": "-fno-tree-loop-if-convert", 
      "bool-unroll-loops": "-fno-unroll-loops", 
      "bool-vect-cost-model": "-fno-vect-cost-model"
    }, 
    "data_uoa": "zlib", 
    "dataset_file": "data.wav", 
    "dataset_uoa": "audio-wav-0001", 
    "device_cfg": {}, 
    "device_id": "", 
    "host_os": "linux-32", 
    "module_uoa": "b0ac08fe1d3c2615", 
    "no_state_check": "yes", 
    "program_tags": "", 
    "repeat": 19, 
    "target": "", 
    "target_os": "linux-32", 
    "target_os_bits": "32"
  }, 
  "choices_order": [
    "##compiler_flags#base_opt", 
    "##compiler_flags#bool-branch-probabilities", 
    "##compiler_flags#bool-cx-limited-range", 
    "##compiler_flags#bool-early-inlining", 
    "##compiler_flags#bool-fat-lto-objects", 
    "##compiler_flags#bool-float-store", 
    "##compiler_flags#bool-keep-inline-functions", 
    "##compiler_flags#bool-live-range-shrinkage", 
    "##compiler_flags#bool-loop-strip-mine", 
    "##compiler_flags#bool-sched-spec-insn-heuristic", 
    "##compiler_flags#bool-sched2-use-superblocks", 
    "##compiler_flags#bool-thread-jumps", 
    "##compiler_flags#bool-tree-loop-if-convert", 
    "##compiler_flags#bool-unroll-loops", 
    "##compiler_flags#bool-vect-cost-model"
  ], 
  "features": {
    "compiler_version": {
      "list": [
        4, 
        9, 
        2
      ], 
      "raw": [
        "gcc-4.9 (Raspbian 4.9.2-10) 4.9.2", 
        "Copyright (C) 2014 Free Software Foundation, Inc.", 
        "This is free software; see the source for copying conditions.  There is NO", 
        "warranty; not even for MERCHANTABILITY or FITNESS FOR A PARTICULAR PURPOSE.", 
        "", 
        ""
      ], 
      "str": "4.9.2"
    }, 
    "dataset": {
      "total_size": 311096
    }, 
    "number_of_selected_compiler_flags": 15, 
    "platform": {
      "cpu": {
        "all_freqs": {
          "0": [
            700000, 
            700000
          ]
        }, 
        "cpu_abi": "", 
        "cpu_features": "half thumb fastmult vfp edsp java tls", 
        "current_freq": {
          "0": 700.0
        }, 
        "max_freq": {
          "0": 700.0
        }, 
        "name": "BCM2708", 
        "num_proc": "1", 
        "sub_name": "ARMv6-compatible processor rev 7 (v6l)", 
        "workload_automation": {
          "device_config": {
            "core_clusters": [
              0
            ], 
            "core_names": [
              "BCM2708"
            ]
          }
        }
      }, 
      "cpu_misc": {
        "0": {
          "BogoMIPS": "697.95", 
          "CPU architecture": "7", 
          "CPU implementer": "0x41", 
          "CPU part": "0xb76", 
          "CPU revision": "7", 
          "CPU variant": "0x0", 
          "Features": "half thumb fastmult vfp edsp java tls", 
          "Hardware": "BCM2708", 
          "Revision": "0013", 
          "Serial": "00000000999033c3", 
          "all_freqs": [
            "0", 
            "0"
          ], 
          "ck_cpu_name": "BCM2708", 
          "ck_cpu_subname": "ARMv6-compatible processor rev 7 (v6l)", 
          "cpu_features": "half thumb fastmult vfp edsp java tls", 
          "cur_freq": 700.0, 
          "max_freq": 700.0, 
          "model name": "ARMv6-compatible processor rev 7 (v6l)", 
          "processor": "0"
        }
      }, 
      "cpu_new_format": "", 
      "cpu_unique": [
        {
          "BogoMIPS": "697.95", 
          "CPU architecture": "7", 
          "CPU implementer": "0x41", 
          "CPU part": "0xb76", 
          "CPU revision": "7", 
          "CPU variant": "0x0", 
          "Features": "half thumb fastmult vfp edsp java tls", 
          "Hardware": "BCM2708", 
          "Revision": "0013", 
          "Serial": "00000000999033c3", 
          "all_freqs": [
            "0", 
            "0"
          ], 
          "ck_cpu_name": "BCM2708", 
          "ck_cpu_subname": "ARMv6-compatible processor rev 7 (v6l)", 
          "cpu_features": "half thumb fastmult vfp edsp java tls", 
          "cur_freq": 700.0, 
          "max_freq": 700.0, 
          "model name": "ARMv6-compatible processor rev 7 (v6l)", 
          "processor": "0"
        }
      ], 
      "gpu": {
        "name": "", 
        "vendor": ""
      }, 
      "gpu_misc": {}, 
      "os": {
        "abi": "armv6l", 
        "bits": "32", 
        "ck_os_base_uoa": "", 
        "ck_os_uoa": "linux-32", 
        "name": "Linux 4.4.21+", 
        "name_long": "Linux-4.4.21+-armv6l-with-debian-8.0", 
        "name_short": "Linux 4.4.21+", 
        "serial_number": ""
      }, 
      "os_misc": {}, 
      "platform": {
        "model": "", 
        "name": "", 
        "vendor": ""
      }, 
      "platform_misc": {}
    }, 
    "solution_uid": "61764d46879edf84", 
    "statistical_repetitions": 4
  }
}
