{
  "##characteristics#compile#binary_size#all": [
    101448
  ], 
  "##characteristics#compile#binary_size#all_unique": [
    101448
  ], 
  "##characteristics#compile#binary_size#center": 101448, 
  "##characteristics#compile#binary_size#halfrange": 0, 
  "##characteristics#compile#binary_size#max": 101448, 
  "##characteristics#compile#binary_size#mean": 101448.0, 
  "##characteristics#compile#binary_size#min": 101448, 
  "##characteristics#compile#binary_size#range": 0, 
  "##characteristics#compile#binary_size#range_percent": 0, 
  "##characteristics#compile#binary_size#repeats": 1, 
  "##characteristics#compile#compilation_success#all": [
    "yes"
  ], 
  "##characteristics#compile#compilation_success#all_unique": [
    "yes"
  ], 
  "##characteristics#compile#compilation_success#min": "yes", 
  "##characteristics#compile#compilation_success#repeats": 1, 
  "##characteristics#compile#compilation_success_bool#all": [
    true
  ], 
  "##characteristics#compile#compilation_success_bool#all_unique": [
    true
  ], 
  "##characteristics#compile#compilation_success_bool#min": true, 
  "##characteristics#compile#compilation_success_bool#repeats": 1, 
  "##characteristics#compile#compilation_time#all": [
    107.92636203765869
  ], 
  "##characteristics#compile#compilation_time#all_unique": [
    107.92636203765869
  ], 
  "##characteristics#compile#compilation_time#center": 107.92636203765869, 
  "##characteristics#compile#compilation_time#halfrange": 0.0, 
  "##characteristics#compile#compilation_time#max": 107.92636203765869, 
  "##characteristics#compile#compilation_time#mean": 107.92636203765869, 
  "##characteristics#compile#compilation_time#min": 107.92636203765869, 
  "##characteristics#compile#compilation_time#range": 0.0, 
  "##characteristics#compile#compilation_time#range_percent": 0.0, 
  "##characteristics#compile#compilation_time#repeats": 1, 
  "##characteristics#compile#compilation_time_with_module#all": [
    112.71084594726562
  ], 
  "##characteristics#compile#compilation_time_with_module#all_unique": [
    112.71084594726562
  ], 
  "##characteristics#compile#compilation_time_with_module#center": 112.71084594726562, 
  "##characteristics#compile#compilation_time_with_module#halfrange": 0.0, 
  "##characteristics#compile#compilation_time_with_module#max": 112.71084594726562, 
  "##characteristics#compile#compilation_time_with_module#mean": 112.71084594726562, 
  "##characteristics#compile#compilation_time_with_module#min": 112.71084594726562, 
  "##characteristics#compile#compilation_time_with_module#range": 0.0, 
  "##characteristics#compile#compilation_time_with_module#range_percent": 0.0, 
  "##characteristics#compile#compilation_time_with_module#repeats": 1, 
  "##characteristics#compile#joined_compiler_flags#all": [
    "-O3"
  ], 
  "##characteristics#compile#joined_compiler_flags#all_unique": [
    "-O3"
  ], 
  "##characteristics#compile#joined_compiler_flags#min": "-O3", 
  "##characteristics#compile#joined_compiler_flags#repeats": 1, 
  "##characteristics#compile#md5_sum#all": [
    "67eb8291271f3efe9abdcec650b7909c"
  ], 
  "##characteristics#compile#md5_sum#all_unique": [
    "67eb8291271f3efe9abdcec650b7909c"
  ], 
  "##characteristics#compile#md5_sum#min": "67eb8291271f3efe9abdcec650b7909c", 
  "##characteristics#compile#md5_sum#repeats": 1, 
  "##characteristics#compile#obj_size#all": [
    114844
  ], 
  "##characteristics#compile#obj_size#all_unique": [
    114844
  ], 
  "##characteristics#compile#obj_size#center": 114844, 
  "##characteristics#compile#obj_size#halfrange": 0, 
  "##characteristics#compile#obj_size#max": 114844, 
  "##characteristics#compile#obj_size#mean": 114844.0, 
  "##characteristics#compile#obj_size#min": 114844, 
  "##characteristics#compile#obj_size#range": 0, 
  "##characteristics#compile#obj_size#range_percent": 0, 
  "##characteristics#compile#obj_size#repeats": 1, 
  "##characteristics#compile#obj_sizes#adler32.o#all": [
    2424
  ], 
  "##characteristics#compile#obj_sizes#adler32.o#all_unique": [
    2424
  ], 
  "##characteristics#compile#obj_sizes#adler32.o#center": 2424, 
  "##characteristics#compile#obj_sizes#adler32.o#halfrange": 0, 
  "##characteristics#compile#obj_sizes#adler32.o#max": 2424, 
  "##characteristics#compile#obj_sizes#adler32.o#mean": 2424.0, 
  "##characteristics#compile#obj_sizes#adler32.o#min": 2424, 
  "##characteristics#compile#obj_sizes#adler32.o#range": 0, 
  "##characteristics#compile#obj_sizes#adler32.o#range_percent": 0, 
  "##characteristics#compile#obj_sizes#adler32.o#repeats": 1, 
  "##characteristics#compile#obj_sizes#compress.o#all": [
    1568
  ], 
  "##characteristics#compile#obj_sizes#compress.o#all_unique": [
    1568
  ], 
  "##characteristics#compile#obj_sizes#compress.o#center": 1568, 
  "##characteristics#compile#obj_sizes#compress.o#halfrange": 0, 
  "##characteristics#compile#obj_sizes#compress.o#max": 1568, 
  "##characteristics#compile#obj_sizes#compress.o#mean": 1568.0, 
  "##characteristics#compile#obj_sizes#compress.o#min": 1568, 
  "##characteristics#compile#obj_sizes#compress.o#range": 0, 
  "##characteristics#compile#obj_sizes#compress.o#range_percent": 0, 
  "##characteristics#compile#obj_sizes#compress.o#repeats": 1, 
  "##characteristics#compile#obj_sizes#crc32.o#all": [
    10876
  ], 
  "##characteristics#compile#obj_sizes#crc32.o#all_unique": [
    10876
  ], 
  "##characteristics#compile#obj_sizes#crc32.o#center": 10876, 
  "##characteristics#compile#obj_sizes#crc32.o#halfrange": 0, 
  "##characteristics#compile#obj_sizes#crc32.o#max": 10876, 
  "##characteristics#compile#obj_sizes#crc32.o#mean": 10876.0, 
  "##characteristics#compile#obj_sizes#crc32.o#min": 10876, 
  "##characteristics#compile#obj_sizes#crc32.o#range": 0, 
  "##characteristics#compile#obj_sizes#crc32.o#range_percent": 0, 
  "##characteristics#compile#obj_sizes#crc32.o#repeats": 1, 
  "##characteristics#compile#obj_sizes#ctuning-rtl.o#all": [
    4632
  ], 
  "##characteristics#compile#obj_sizes#ctuning-rtl.o#all_unique": [
    4632
  ], 
  "##characteristics#compile#obj_sizes#ctuning-rtl.o#center": 4632, 
  "##characteristics#compile#obj_sizes#ctuning-rtl.o#halfrange": 0, 
  "##characteristics#compile#obj_sizes#ctuning-rtl.o#max": 4632, 
  "##characteristics#compile#obj_sizes#ctuning-rtl.o#mean": 4632.0, 
  "##characteristics#compile#obj_sizes#ctuning-rtl.o#min": 4632, 
  "##characteristics#compile#obj_sizes#ctuning-rtl.o#range": 0, 
  "##characteristics#compile#obj_sizes#ctuning-rtl.o#range_percent": 0, 
  "##characteristics#compile#obj_sizes#ctuning-rtl.o#repeats": 1, 
  "##characteristics#compile#obj_sizes#deflate.o#all": [
    20172
  ], 
  "##characteristics#compile#obj_sizes#deflate.o#all_unique": [
    20172
  ], 
  "##characteristics#compile#obj_sizes#deflate.o#center": 20172, 
  "##characteristics#compile#obj_sizes#deflate.o#halfrange": 0, 
  "##characteristics#compile#obj_sizes#deflate.o#max": 20172, 
  "##characteristics#compile#obj_sizes#deflate.o#mean": 20172.0, 
  "##characteristics#compile#obj_sizes#deflate.o#min": 20172, 
  "##characteristics#compile#obj_sizes#deflate.o#range": 0, 
  "##characteristics#compile#obj_sizes#deflate.o#range_percent": 0, 
  "##characteristics#compile#obj_sizes#deflate.o#repeats": 1, 
  "##characteristics#compile#obj_sizes#gzclose.o#all": [
    980
  ], 
  "##characteristics#compile#obj_sizes#gzclose.o#all_unique": [
    980
  ], 
  "##characteristics#compile#obj_sizes#gzclose.o#center": 980, 
  "##characteristics#compile#obj_sizes#gzclose.o#halfrange": 0, 
  "##characteristics#compile#obj_sizes#gzclose.o#max": 980, 
  "##characteristics#compile#obj_sizes#gzclose.o#mean": 980.0, 
  "##characteristics#compile#obj_sizes#gzclose.o#min": 980, 
  "##characteristics#compile#obj_sizes#gzclose.o#range": 0, 
  "##characteristics#compile#obj_sizes#gzclose.o#range_percent": 0, 
  "##characteristics#compile#obj_sizes#gzclose.o#repeats": 1, 
  "##characteristics#compile#obj_sizes#gzlib.o#all": [
    6300
  ], 
  "##characteristics#compile#obj_sizes#gzlib.o#all_unique": [
    6300
  ], 
  "##characteristics#compile#obj_sizes#gzlib.o#center": 6300, 
  "##characteristics#compile#obj_sizes#gzlib.o#halfrange": 0, 
  "##characteristics#compile#obj_sizes#gzlib.o#max": 6300, 
  "##characteristics#compile#obj_sizes#gzlib.o#mean": 6300.0, 
  "##characteristics#compile#obj_sizes#gzlib.o#min": 6300, 
  "##characteristics#compile#obj_sizes#gzlib.o#range": 0, 
  "##characteristics#compile#obj_sizes#gzlib.o#range_percent": 0, 
  "##characteristics#compile#obj_sizes#gzlib.o#repeats": 1, 
  "##characteristics#compile#obj_sizes#gzread.o#all": [
    5776
  ], 
  "##characteristics#compile#obj_sizes#gzread.o#all_unique": [
    5776
  ], 
  "##characteristics#compile#obj_sizes#gzread.o#center": 5776, 
  "##characteristics#compile#obj_sizes#gzread.o#halfrange": 0, 
  "##characteristics#compile#obj_sizes#gzread.o#max": 5776, 
  "##characteristics#compile#obj_sizes#gzread.o#mean": 5776.0, 
  "##characteristics#compile#obj_sizes#gzread.o#min": 5776, 
  "##characteristics#compile#obj_sizes#gzread.o#range": 0, 
  "##characteristics#compile#obj_sizes#gzread.o#range_percent": 0, 
  "##characteristics#compile#obj_sizes#gzread.o#repeats": 1, 
  "##characteristics#compile#obj_sizes#gzwrite.o#all": [
    10264
  ], 
  "##characteristics#compile#obj_sizes#gzwrite.o#all_unique": [
    10264
  ], 
  "##characteristics#compile#obj_sizes#gzwrite.o#center": 10264, 
  "##characteristics#compile#obj_sizes#gzwrite.o#halfrange": 0, 
  "##characteristics#compile#obj_sizes#gzwrite.o#max": 10264, 
  "##characteristics#compile#obj_sizes#gzwrite.o#mean": 10264.0, 
  "##characteristics#compile#obj_sizes#gzwrite.o#min": 10264, 
  "##characteristics#compile#obj_sizes#gzwrite.o#range": 0, 
  "##characteristics#compile#obj_sizes#gzwrite.o#range_percent": 0, 
  "##characteristics#compile#obj_sizes#gzwrite.o#repeats": 1, 
  "##characteristics#compile#obj_sizes#infback.o#all": [
    9572
  ], 
  "##characteristics#compile#obj_sizes#infback.o#all_unique": [
    9572
  ], 
  "##characteristics#compile#obj_sizes#infback.o#center": 9572, 
  "##characteristics#compile#obj_sizes#infback.o#halfrange": 0, 
  "##characteristics#compile#obj_sizes#infback.o#max": 9572, 
  "##characteristics#compile#obj_sizes#infback.o#mean": 9572.0, 
  "##characteristics#compile#obj_sizes#infback.o#min": 9572, 
  "##characteristics#compile#obj_sizes#infback.o#range": 0, 
  "##characteristics#compile#obj_sizes#infback.o#range_percent": 0, 
  "##characteristics#compile#obj_sizes#infback.o#repeats": 1, 
  "##characteristics#compile#obj_sizes#inffast.o#all": [
    3996
  ], 
  "##characteristics#compile#obj_sizes#inffast.o#all_unique": [
    3996
  ], 
  "##characteristics#compile#obj_sizes#inffast.o#center": 3996, 
  "##characteristics#compile#obj_sizes#inffast.o#halfrange": 0, 
  "##characteristics#compile#obj_sizes#inffast.o#max": 3996, 
  "##characteristics#compile#obj_sizes#inffast.o#mean": 3996.0, 
  "##characteristics#compile#obj_sizes#inffast.o#min": 3996, 
  "##characteristics#compile#obj_sizes#inffast.o#range": 0, 
  "##characteristics#compile#obj_sizes#inffast.o#range_percent": 0, 
  "##characteristics#compile#obj_sizes#inffast.o#repeats": 1, 
  "##characteristics#compile#obj_sizes#inflate.o#all": [
    16760
  ], 
  "##characteristics#compile#obj_sizes#inflate.o#all_unique": [
    16760
  ], 
  "##characteristics#compile#obj_sizes#inflate.o#center": 16760, 
  "##characteristics#compile#obj_sizes#inflate.o#halfrange": 0, 
  "##characteristics#compile#obj_sizes#inflate.o#max": 16760, 
  "##characteristics#compile#obj_sizes#inflate.o#mean": 16760.0, 
  "##characteristics#compile#obj_sizes#inflate.o#min": 16760, 
  "##characteristics#compile#obj_sizes#inflate.o#range": 0, 
  "##characteristics#compile#obj_sizes#inflate.o#range_percent": 0, 
  "##characteristics#compile#obj_sizes#inflate.o#repeats": 1, 
  "##characteristics#compile#obj_sizes#inftrees.o#all": [
    4420
  ], 
  "##characteristics#compile#obj_sizes#inftrees.o#all_unique": [
    4420
  ], 
  "##characteristics#compile#obj_sizes#inftrees.o#center": 4420, 
  "##characteristics#compile#obj_sizes#inftrees.o#halfrange": 0, 
  "##characteristics#compile#obj_sizes#inftrees.o#max": 4420, 
  "##characteristics#compile#obj_sizes#inftrees.o#mean": 4420.0, 
  "##characteristics#compile#obj_sizes#inftrees.o#min": 4420, 
  "##characteristics#compile#obj_sizes#inftrees.o#range": 0, 
  "##characteristics#compile#obj_sizes#inftrees.o#range_percent": 0, 
  "##characteristics#compile#obj_sizes#inftrees.o#repeats": 1, 
  "##characteristics#compile#obj_sizes#trees.o#all": [
    14184
  ], 
  "##characteristics#compile#obj_sizes#trees.o#all_unique": [
    14184
  ], 
  "##characteristics#compile#obj_sizes#trees.o#center": 14184, 
  "##characteristics#compile#obj_sizes#trees.o#halfrange": 0, 
  "##characteristics#compile#obj_sizes#trees.o#max": 14184, 
  "##characteristics#compile#obj_sizes#trees.o#mean": 14184.0, 
  "##characteristics#compile#obj_sizes#trees.o#min": 14184, 
  "##characteristics#compile#obj_sizes#trees.o#range": 0, 
  "##characteristics#compile#obj_sizes#trees.o#range_percent": 0, 
  "##characteristics#compile#obj_sizes#trees.o#repeats": 1, 
  "##characteristics#compile#obj_sizes#uncompr.o#all": [
    1272
  ], 
  "##characteristics#compile#obj_sizes#uncompr.o#all_unique": [
    1272
  ], 
  "##characteristics#compile#obj_sizes#uncompr.o#center": 1272, 
  "##characteristics#compile#obj_sizes#uncompr.o#halfrange": 0, 
  "##characteristics#compile#obj_sizes#uncompr.o#max": 1272, 
  "##characteristics#compile#obj_sizes#uncompr.o#mean": 1272.0, 
  "##characteristics#compile#obj_sizes#uncompr.o#min": 1272, 
  "##characteristics#compile#obj_sizes#uncompr.o#range": 0, 
  "##characteristics#compile#obj_sizes#uncompr.o#range_percent": 0, 
  "##characteristics#compile#obj_sizes#uncompr.o#repeats": 1, 
  "##characteristics#compile#obj_sizes#zutil.o#all": [
    1648
  ], 
  "##characteristics#compile#obj_sizes#zutil.o#all_unique": [
    1648
  ], 
  "##characteristics#compile#obj_sizes#zutil.o#center": 1648, 
  "##characteristics#compile#obj_sizes#zutil.o#halfrange": 0, 
  "##characteristics#compile#obj_sizes#zutil.o#max": 1648, 
  "##characteristics#compile#obj_sizes#zutil.o#mean": 1648.0, 
  "##characteristics#compile#obj_sizes#zutil.o#min": 1648, 
  "##characteristics#compile#obj_sizes#zutil.o#range": 0, 
  "##characteristics#compile#obj_sizes#zutil.o#range_percent": 0, 
  "##characteristics#compile#obj_sizes#zutil.o#repeats": 1, 
  "##characteristics#compile#program_git_hash#all": [
    "04641ea86f9615c4bdca36af53651658ecea444c"
  ], 
  "##characteristics#compile#program_git_hash#all_unique": [
    "04641ea86f9615c4bdca36af53651658ecea444c"
  ], 
  "##characteristics#compile#program_git_hash#min": "04641ea86f9615c4bdca36af53651658ecea444c", 
  "##characteristics#compile#program_git_hash#repeats": 1, 
  "##characteristics#run#execution_time#all": [
    0.4943796315789473, 
    0.49259905263157894, 
    0.4868612631578947, 
    0.5014537894736841
  ], 
  "##characteristics#run#execution_time#all_unique": [
    0.4943796315789473, 
    0.49259905263157894, 
    0.4868612631578947, 
    0.5014537894736841
  ], 
  "##characteristics#run#execution_time#center": 0.4941575263157894, 
  "##characteristics#run#execution_time#halfrange": 0.007296263157894722, 
  "##characteristics#run#execution_time#max": 0.5014537894736841, 
  "##characteristics#run#execution_time#mean": 0.49382343421052627, 
  "##characteristics#run#execution_time#min": 0.4868612631578947, 
  "##characteristics#run#execution_time#range": 0.014592526315789445, 
  "##characteristics#run#execution_time#range_percent": 0.029972658373227202, 
  "##characteristics#run#execution_time#repeats": 4, 
  "##characteristics#run#execution_time_kernel_0#all": [
    9.393213, 
    9.359382, 
    9.250364, 
    9.527622
  ], 
  "##characteristics#run#execution_time_kernel_0#all_unique": [
    9.393213, 
    9.359382, 
    9.250364, 
    9.527622
  ], 
  "##characteristics#run#execution_time_kernel_0#center": 9.388993, 
  "##characteristics#run#execution_time_kernel_0#halfrange": 0.1386289999999999, 
  "##characteristics#run#execution_time_kernel_0#max": 9.527622, 
  "##characteristics#run#execution_time_kernel_0#mean": 9.38264525, 
  "##characteristics#run#execution_time_kernel_0#min": 9.250364, 
  "##characteristics#run#execution_time_kernel_0#range": 0.2772579999999998, 
  "##characteristics#run#execution_time_kernel_0#range_percent": 0.029972658373227237, 
  "##characteristics#run#execution_time_kernel_0#repeats": 4, 
  "##characteristics#run#execution_time_with_module#all": [
    12.386658906936646, 
    10.091472148895264, 
    9.979340076446533, 
    10.26255488395691
  ], 
  "##characteristics#run#execution_time_with_module#all_unique": [
    12.386658906936646, 
    10.091472148895264, 
    9.979340076446533, 
    10.26255488395691
  ], 
  "##characteristics#run#execution_time_with_module#center": 11.18299949169159, 
  "##characteristics#run#execution_time_with_module#halfrange": 1.2036594152450562, 
  "##characteristics#run#execution_time_with_module#max": 12.386658906936646, 
  "##characteristics#run#execution_time_with_module#mean": 10.680006504058838, 
  "##characteristics#run#execution_time_with_module#min": 9.979340076446533, 
  "##characteristics#run#execution_time_with_module#range": 2.4073188304901123, 
  "##characteristics#run#execution_time_with_module#range_percent": 0.24123026292809896, 
  "##characteristics#run#execution_time_with_module#repeats": 4, 
  "##characteristics#run#repeat#all": [
    19, 
    19, 
    19, 
    19
  ], 
  "##characteristics#run#repeat#all_unique": [
    19
  ], 
  "##characteristics#run#repeat#center": 19, 
  "##characteristics#run#repeat#halfrange": 0, 
  "##characteristics#run#repeat#max": 19, 
  "##characteristics#run#repeat#mean": 19.0, 
  "##characteristics#run#repeat#min": 19, 
  "##characteristics#run#repeat#range": 0, 
  "##characteristics#run#repeat#range_percent": 0, 
  "##characteristics#run#repeat#repeats": 4, 
  "##characteristics#run#return_code#all": [
    0, 
    0, 
    0, 
    0
  ], 
  "##characteristics#run#return_code#all_unique": [
    0
  ], 
  "##characteristics#run#return_code#center": 0, 
  "##characteristics#run#return_code#halfrange": 0, 
  "##characteristics#run#return_code#max": 0, 
  "##characteristics#run#return_code#mean": 0.0, 
  "##characteristics#run#return_code#min": 0, 
  "##characteristics#run#return_code#range": 0, 
  "##characteristics#run#return_code#repeats": 4, 
  "##characteristics#run#run_success#all": [
    "yes", 
    "yes", 
    "yes", 
    "yes"
  ], 
  "##characteristics#run#run_success#all_unique": [
    "yes"
  ], 
  "##characteristics#run#run_success#min": "yes", 
  "##characteristics#run#run_success#repeats": 4, 
  "##characteristics#run#run_success_bool#all": [
    true, 
    true, 
    true, 
    true
  ], 
  "##characteristics#run#run_success_bool#all_unique": [
    true
  ], 
  "##characteristics#run#run_success_bool#min": true, 
  "##characteristics#run#run_success_bool#repeats": 4, 
  "##characteristics#run#total_execution_time#all": [
    9.393213, 
    9.359382, 
    9.250364, 
    9.527622
  ], 
  "##characteristics#run#total_execution_time#all_unique": [
    9.393213, 
    9.359382, 
    9.250364, 
    9.527622
  ], 
  "##characteristics#run#total_execution_time#center": 9.388993, 
  "##characteristics#run#total_execution_time#halfrange": 0.1386289999999999, 
  "##characteristics#run#total_execution_time#max": 9.527622, 
  "##characteristics#run#total_execution_time#mean": 9.38264525, 
  "##characteristics#run#total_execution_time#min": 9.250364, 
  "##characteristics#run#total_execution_time#range": 0.2772579999999998, 
  "##characteristics#run#total_execution_time#range_percent": 0.029972658373227237, 
  "##characteristics#run#total_execution_time#repeats": 4
}
