{
  "##characteristics#compile#binary_size#all": [
    100908
  ], 
  "##characteristics#compile#binary_size#all_unique": [
    100908
  ], 
  "##characteristics#compile#binary_size#center": 100908, 
  "##characteristics#compile#binary_size#center_imp": 1.0053514092044238, 
  "##characteristics#compile#binary_size#halfrange": 0, 
  "##characteristics#compile#binary_size#max": 100908, 
  "##characteristics#compile#binary_size#mean": 100908.0, 
  "##characteristics#compile#binary_size#mean_imp": 1.0053514092044238, 
  "##characteristics#compile#binary_size#min": 100908, 
  "##characteristics#compile#binary_size#min_imp": 1.0053514092044238, 
  "##characteristics#compile#binary_size#range": 0, 
  "##characteristics#compile#binary_size#range_percent": 0, 
  "##characteristics#compile#binary_size#repeats": 1, 
  "##characteristics#compile#compilation_success#all": [
    "yes"
  ], 
  "##characteristics#compile#compilation_success#all_unique": [
    "yes"
  ], 
  "##characteristics#compile#compilation_success#min": "yes", 
  "##characteristics#compile#compilation_success#min_imp": 0, 
  "##characteristics#compile#compilation_success#repeats": 1, 
  "##characteristics#compile#compilation_success_bool#all": [
    true
  ], 
  "##characteristics#compile#compilation_success_bool#all_unique": [
    true
  ], 
  "##characteristics#compile#compilation_success_bool#min": true, 
  "##characteristics#compile#compilation_success_bool#min_imp": 0, 
  "##characteristics#compile#compilation_success_bool#repeats": 1, 
  "##characteristics#compile#compilation_time#all": [
    102.86631798744202
  ], 
  "##characteristics#compile#compilation_time#all_unique": [
    102.86631798744202
  ], 
  "##characteristics#compile#compilation_time#center": 102.86631798744202, 
  "##characteristics#compile#compilation_time#center_imp": 1.0491904847885622, 
  "##characteristics#compile#compilation_time#halfrange": 0.0, 
  "##characteristics#compile#compilation_time#max": 102.86631798744202, 
  "##characteristics#compile#compilation_time#mean": 102.86631798744202, 
  "##characteristics#compile#compilation_time#mean_imp": 1.0491904847885622, 
  "##characteristics#compile#compilation_time#min": 102.86631798744202, 
  "##characteristics#compile#compilation_time#min_imp": 1.0491904847885622, 
  "##characteristics#compile#compilation_time#range": 0.0, 
  "##characteristics#compile#compilation_time#range_percent": 0.0, 
  "##characteristics#compile#compilation_time#repeats": 1, 
  "##characteristics#compile#compilation_time_with_module#all": [
    107.78026103973389
  ], 
  "##characteristics#compile#compilation_time_with_module#all_unique": [
    107.78026103973389
  ], 
  "##characteristics#compile#compilation_time_with_module#center": 107.78026103973389, 
  "##characteristics#compile#compilation_time_with_module#center_imp": 1.0457466409894298, 
  "##characteristics#compile#compilation_time_with_module#halfrange": 0.0, 
  "##characteristics#compile#compilation_time_with_module#max": 107.78026103973389, 
  "##characteristics#compile#compilation_time_with_module#mean": 107.78026103973389, 
  "##characteristics#compile#compilation_time_with_module#mean_imp": 1.0457466409894298, 
  "##characteristics#compile#compilation_time_with_module#min": 107.78026103973389, 
  "##characteristics#compile#compilation_time_with_module#min_imp": 1.0457466409894298, 
  "##characteristics#compile#compilation_time_with_module#range": 0.0, 
  "##characteristics#compile#compilation_time_with_module#range_percent": 0.0, 
  "##characteristics#compile#compilation_time_with_module#repeats": 1, 
  "##characteristics#compile#joined_compiler_flags#all": [
    "-O3 -fno-branch-probabilities -fcse-follow-jumps -fexpensive-optimizations -ffloat-store -fipa-pta -fmerge-all-constants -ffunction-cse -fmath-errno -foptimize-sibling-calls -fno-ree -fsched-pressure -fno-sched-last-insn-heuristic -fsel-sched-pipelining -fno-tree-copyrename -ftree-dse -falign-functions=0 --param max-inline-insns-single=706 --param max-inline-insns-auto=33 --param max-hoist-depth=20 --param max-unswitch-level=3 --param sms-min-sc=4 --param omega-max-vars=142 --param omega-hash-table-size=602 --param max-sched-insn-conflict-delay=2 --param asan-instrument-writes=1"
  ], 
  "##characteristics#compile#joined_compiler_flags#all_unique": [
    "-O3 -fno-branch-probabilities -fcse-follow-jumps -fexpensive-optimizations -ffloat-store -fipa-pta -fmerge-all-constants -ffunction-cse -fmath-errno -foptimize-sibling-calls -fno-ree -fsched-pressure -fno-sched-last-insn-heuristic -fsel-sched-pipelining -fno-tree-copyrename -ftree-dse -falign-functions=0 --param max-inline-insns-single=706 --param max-inline-insns-auto=33 --param max-hoist-depth=20 --param max-unswitch-level=3 --param sms-min-sc=4 --param omega-max-vars=142 --param omega-hash-table-size=602 --param max-sched-insn-conflict-delay=2 --param asan-instrument-writes=1"
  ], 
  "##characteristics#compile#joined_compiler_flags#min": "-O3 -fno-branch-probabilities -fcse-follow-jumps -fexpensive-optimizations -ffloat-store -fipa-pta -fmerge-all-constants -ffunction-cse -fmath-errno -foptimize-sibling-calls -fno-ree -fsched-pressure -fno-sched-last-insn-heuristic -fsel-sched-pipelining -fno-tree-copyrename -ftree-dse -falign-functions=0 --param max-inline-insns-single=706 --param max-inline-insns-auto=33 --param max-hoist-depth=20 --param max-unswitch-level=3 --param sms-min-sc=4 --param omega-max-vars=142 --param omega-hash-table-size=602 --param max-sched-insn-conflict-delay=2 --param asan-instrument-writes=1", 
  "##characteristics#compile#joined_compiler_flags#min_imp": 0, 
  "##characteristics#compile#joined_compiler_flags#repeats": 1, 
  "##characteristics#compile#md5_sum#all": [
    "382e683b188031bc1a9b5295addfb12d"
  ], 
  "##characteristics#compile#md5_sum#all_unique": [
    "382e683b188031bc1a9b5295addfb12d"
  ], 
  "##characteristics#compile#md5_sum#min": "382e683b188031bc1a9b5295addfb12d", 
  "##characteristics#compile#md5_sum#min_imp": 0, 
  "##characteristics#compile#md5_sum#repeats": 1, 
  "##characteristics#compile#obj_size#all": [
    114356
  ], 
  "##characteristics#compile#obj_size#all_unique": [
    114356
  ], 
  "##characteristics#compile#obj_size#center": 114356, 
  "##characteristics#compile#obj_size#center_imp": 1.0042673755640281, 
  "##characteristics#compile#obj_size#halfrange": 0, 
  "##characteristics#compile#obj_size#max": 114356, 
  "##characteristics#compile#obj_size#mean": 114356.0, 
  "##characteristics#compile#obj_size#mean_imp": 1.0042673755640281, 
  "##characteristics#compile#obj_size#min": 114356, 
  "##characteristics#compile#obj_size#min_imp": 1.0042673755640281, 
  "##characteristics#compile#obj_size#range": 0, 
  "##characteristics#compile#obj_size#range_percent": 0, 
  "##characteristics#compile#obj_size#repeats": 1, 
  "##characteristics#compile#obj_sizes#adler32.o#all": [
    2424
  ], 
  "##characteristics#compile#obj_sizes#adler32.o#all_unique": [
    2424
  ], 
  "##characteristics#compile#obj_sizes#adler32.o#center": 2424, 
  "##characteristics#compile#obj_sizes#adler32.o#center_imp": 1.0, 
  "##characteristics#compile#obj_sizes#adler32.o#halfrange": 0, 
  "##characteristics#compile#obj_sizes#adler32.o#max": 2424, 
  "##characteristics#compile#obj_sizes#adler32.o#mean": 2424.0, 
  "##characteristics#compile#obj_sizes#adler32.o#mean_imp": 1.0, 
  "##characteristics#compile#obj_sizes#adler32.o#min": 2424, 
  "##characteristics#compile#obj_sizes#adler32.o#min_imp": 1.0, 
  "##characteristics#compile#obj_sizes#adler32.o#range": 0, 
  "##characteristics#compile#obj_sizes#adler32.o#range_percent": 0, 
  "##characteristics#compile#obj_sizes#adler32.o#repeats": 1, 
  "##characteristics#compile#obj_sizes#compress.o#all": [
    1568
  ], 
  "##characteristics#compile#obj_sizes#compress.o#all_unique": [
    1568
  ], 
  "##characteristics#compile#obj_sizes#compress.o#center": 1568, 
  "##characteristics#compile#obj_sizes#compress.o#center_imp": 1.0, 
  "##characteristics#compile#obj_sizes#compress.o#halfrange": 0, 
  "##characteristics#compile#obj_sizes#compress.o#max": 1568, 
  "##characteristics#compile#obj_sizes#compress.o#mean": 1568.0, 
  "##characteristics#compile#obj_sizes#compress.o#mean_imp": 1.0, 
  "##characteristics#compile#obj_sizes#compress.o#min": 1568, 
  "##characteristics#compile#obj_sizes#compress.o#min_imp": 1.0, 
  "##characteristics#compile#obj_sizes#compress.o#range": 0, 
  "##characteristics#compile#obj_sizes#compress.o#range_percent": 0, 
  "##characteristics#compile#obj_sizes#compress.o#repeats": 1, 
  "##characteristics#compile#obj_sizes#crc32.o#all": [
    10880
  ], 
  "##characteristics#compile#obj_sizes#crc32.o#all_unique": [
    10880
  ], 
  "##characteristics#compile#obj_sizes#crc32.o#center": 10880, 
  "##characteristics#compile#obj_sizes#crc32.o#center_imp": 0.9996323529411765, 
  "##characteristics#compile#obj_sizes#crc32.o#halfrange": 0, 
  "##characteristics#compile#obj_sizes#crc32.o#max": 10880, 
  "##characteristics#compile#obj_sizes#crc32.o#mean": 10880.0, 
  "##characteristics#compile#obj_sizes#crc32.o#mean_imp": 0.9996323529411765, 
  "##characteristics#compile#obj_sizes#crc32.o#min": 10880, 
  "##characteristics#compile#obj_sizes#crc32.o#min_imp": 0.9996323529411765, 
  "##characteristics#compile#obj_sizes#crc32.o#range": 0, 
  "##characteristics#compile#obj_sizes#crc32.o#range_percent": 0, 
  "##characteristics#compile#obj_sizes#crc32.o#repeats": 1, 
  "##characteristics#compile#obj_sizes#ctuning-rtl.o#all": [
    4556
  ], 
  "##characteristics#compile#obj_sizes#ctuning-rtl.o#all_unique": [
    4556
  ], 
  "##characteristics#compile#obj_sizes#ctuning-rtl.o#center": 4556, 
  "##characteristics#compile#obj_sizes#ctuning-rtl.o#center_imp": 1.0166812993854257, 
  "##characteristics#compile#obj_sizes#ctuning-rtl.o#halfrange": 0, 
  "##characteristics#compile#obj_sizes#ctuning-rtl.o#max": 4556, 
  "##characteristics#compile#obj_sizes#ctuning-rtl.o#mean": 4556.0, 
  "##characteristics#compile#obj_sizes#ctuning-rtl.o#mean_imp": 1.0166812993854257, 
  "##characteristics#compile#obj_sizes#ctuning-rtl.o#min": 4556, 
  "##characteristics#compile#obj_sizes#ctuning-rtl.o#min_imp": 1.0166812993854257, 
  "##characteristics#compile#obj_sizes#ctuning-rtl.o#range": 0, 
  "##characteristics#compile#obj_sizes#ctuning-rtl.o#range_percent": 0, 
  "##characteristics#compile#obj_sizes#ctuning-rtl.o#repeats": 1, 
  "##characteristics#compile#obj_sizes#deflate.o#all": [
    19944
  ], 
  "##characteristics#compile#obj_sizes#deflate.o#all_unique": [
    19944
  ], 
  "##characteristics#compile#obj_sizes#deflate.o#center": 19944, 
  "##characteristics#compile#obj_sizes#deflate.o#center_imp": 1.0114320096269556, 
  "##characteristics#compile#obj_sizes#deflate.o#halfrange": 0, 
  "##characteristics#compile#obj_sizes#deflate.o#max": 19944, 
  "##characteristics#compile#obj_sizes#deflate.o#mean": 19944.0, 
  "##characteristics#compile#obj_sizes#deflate.o#mean_imp": 1.0114320096269556, 
  "##characteristics#compile#obj_sizes#deflate.o#min": 19944, 
  "##characteristics#compile#obj_sizes#deflate.o#min_imp": 1.0114320096269556, 
  "##characteristics#compile#obj_sizes#deflate.o#range": 0, 
  "##characteristics#compile#obj_sizes#deflate.o#range_percent": 0, 
  "##characteristics#compile#obj_sizes#deflate.o#repeats": 1, 
  "##characteristics#compile#obj_sizes#gzclose.o#all": [
    980
  ], 
  "##characteristics#compile#obj_sizes#gzclose.o#all_unique": [
    980
  ], 
  "##characteristics#compile#obj_sizes#gzclose.o#center": 980, 
  "##characteristics#compile#obj_sizes#gzclose.o#center_imp": 1.0, 
  "##characteristics#compile#obj_sizes#gzclose.o#halfrange": 0, 
  "##characteristics#compile#obj_sizes#gzclose.o#max": 980, 
  "##characteristics#compile#obj_sizes#gzclose.o#mean": 980.0, 
  "##characteristics#compile#obj_sizes#gzclose.o#mean_imp": 1.0, 
  "##characteristics#compile#obj_sizes#gzclose.o#min": 980, 
  "##characteristics#compile#obj_sizes#gzclose.o#min_imp": 1.0, 
  "##characteristics#compile#obj_sizes#gzclose.o#range": 0, 
  "##characteristics#compile#obj_sizes#gzclose.o#range_percent": 0, 
  "##characteristics#compile#obj_sizes#gzclose.o#repeats": 1, 
  "##characteristics#compile#obj_sizes#gzlib.o#all": [
    6336
  ], 
  "##characteristics#compile#obj_sizes#gzlib.o#all_unique": [
    6336
  ], 
  "##characteristics#compile#obj_sizes#gzlib.o#center": 6336, 
  "##characteristics#compile#obj_sizes#gzlib.o#center_imp": 0.9943181818181818, 
  "##characteristics#compile#obj_sizes#gzlib.o#halfrange": 0, 
  "##characteristics#compile#obj_sizes#gzlib.o#max": 6336, 
  "##characteristics#compile#obj_sizes#gzlib.o#mean": 6336.0, 
  "##characteristics#compile#obj_sizes#gzlib.o#mean_imp": 0.9943181818181818, 
  "##characteristics#compile#obj_sizes#gzlib.o#min": 6336, 
  "##characteristics#compile#obj_sizes#gzlib.o#min_imp": 0.9943181818181818, 
  "##characteristics#compile#obj_sizes#gzlib.o#range": 0, 
  "##characteristics#compile#obj_sizes#gzlib.o#range_percent": 0, 
  "##characteristics#compile#obj_sizes#gzlib.o#repeats": 1, 
  "##characteristics#compile#obj_sizes#gzread.o#all": [
    5772
  ], 
  "##characteristics#compile#obj_sizes#gzread.o#all_unique": [
    5772
  ], 
  "##characteristics#compile#obj_sizes#gzread.o#center": 5772, 
  "##characteristics#compile#obj_sizes#gzread.o#center_imp": 1.0006930006930006, 
  "##characteristics#compile#obj_sizes#gzread.o#halfrange": 0, 
  "##characteristics#compile#obj_sizes#gzread.o#max": 5772, 
  "##characteristics#compile#obj_sizes#gzread.o#mean": 5772.0, 
  "##characteristics#compile#obj_sizes#gzread.o#mean_imp": 1.0006930006930006, 
  "##characteristics#compile#obj_sizes#gzread.o#min": 5772, 
  "##characteristics#compile#obj_sizes#gzread.o#min_imp": 1.0006930006930006, 
  "##characteristics#compile#obj_sizes#gzread.o#range": 0, 
  "##characteristics#compile#obj_sizes#gzread.o#range_percent": 0, 
  "##characteristics#compile#obj_sizes#gzread.o#repeats": 1, 
  "##characteristics#compile#obj_sizes#gzwrite.o#all": [
    10264
  ], 
  "##characteristics#compile#obj_sizes#gzwrite.o#all_unique": [
    10264
  ], 
  "##characteristics#compile#obj_sizes#gzwrite.o#center": 10264, 
  "##characteristics#compile#obj_sizes#gzwrite.o#center_imp": 1.0, 
  "##characteristics#compile#obj_sizes#gzwrite.o#halfrange": 0, 
  "##characteristics#compile#obj_sizes#gzwrite.o#max": 10264, 
  "##characteristics#compile#obj_sizes#gzwrite.o#mean": 10264.0, 
  "##characteristics#compile#obj_sizes#gzwrite.o#mean_imp": 1.0, 
  "##characteristics#compile#obj_sizes#gzwrite.o#min": 10264, 
  "##characteristics#compile#obj_sizes#gzwrite.o#min_imp": 1.0, 
  "##characteristics#compile#obj_sizes#gzwrite.o#range": 0, 
  "##characteristics#compile#obj_sizes#gzwrite.o#range_percent": 0, 
  "##characteristics#compile#obj_sizes#gzwrite.o#repeats": 1, 
  "##characteristics#compile#obj_sizes#infback.o#all": [
    9564
  ], 
  "##characteristics#compile#obj_sizes#infback.o#all_unique": [
    9564
  ], 
  "##characteristics#compile#obj_sizes#infback.o#center": 9564, 
  "##characteristics#compile#obj_sizes#infback.o#center_imp": 1.000836470096194, 
  "##characteristics#compile#obj_sizes#infback.o#halfrange": 0, 
  "##characteristics#compile#obj_sizes#infback.o#max": 9564, 
  "##characteristics#compile#obj_sizes#infback.o#mean": 9564.0, 
  "##characteristics#compile#obj_sizes#infback.o#mean_imp": 1.000836470096194, 
  "##characteristics#compile#obj_sizes#infback.o#min": 9564, 
  "##characteristics#compile#obj_sizes#infback.o#min_imp": 1.000836470096194, 
  "##characteristics#compile#obj_sizes#infback.o#range": 0, 
  "##characteristics#compile#obj_sizes#infback.o#range_percent": 0, 
  "##characteristics#compile#obj_sizes#infback.o#repeats": 1, 
  "##characteristics#compile#obj_sizes#inffast.o#all": [
    4004
  ], 
  "##characteristics#compile#obj_sizes#inffast.o#all_unique": [
    4004
  ], 
  "##characteristics#compile#obj_sizes#inffast.o#center": 4004, 
  "##characteristics#compile#obj_sizes#inffast.o#center_imp": 0.998001998001998, 
  "##characteristics#compile#obj_sizes#inffast.o#halfrange": 0, 
  "##characteristics#compile#obj_sizes#inffast.o#max": 4004, 
  "##characteristics#compile#obj_sizes#inffast.o#mean": 4004.0, 
  "##characteristics#compile#obj_sizes#inffast.o#mean_imp": 0.998001998001998, 
  "##characteristics#compile#obj_sizes#inffast.o#min": 4004, 
  "##characteristics#compile#obj_sizes#inffast.o#min_imp": 0.998001998001998, 
  "##characteristics#compile#obj_sizes#inffast.o#range": 0, 
  "##characteristics#compile#obj_sizes#inffast.o#range_percent": 0, 
  "##characteristics#compile#obj_sizes#inffast.o#repeats": 1, 
  "##characteristics#compile#obj_sizes#inflate.o#all": [
    16776
  ], 
  "##characteristics#compile#obj_sizes#inflate.o#all_unique": [
    16776
  ], 
  "##characteristics#compile#obj_sizes#inflate.o#center": 16776, 
  "##characteristics#compile#obj_sizes#inflate.o#center_imp": 0.9990462565569862, 
  "##characteristics#compile#obj_sizes#inflate.o#halfrange": 0, 
  "##characteristics#compile#obj_sizes#inflate.o#max": 16776, 
  "##characteristics#compile#obj_sizes#inflate.o#mean": 16776.0, 
  "##characteristics#compile#obj_sizes#inflate.o#mean_imp": 0.9990462565569862, 
  "##characteristics#compile#obj_sizes#inflate.o#min": 16776, 
  "##characteristics#compile#obj_sizes#inflate.o#min_imp": 0.9990462565569862, 
  "##characteristics#compile#obj_sizes#inflate.o#range": 0, 
  "##characteristics#compile#obj_sizes#inflate.o#range_percent": 0, 
  "##characteristics#compile#obj_sizes#inflate.o#repeats": 1, 
  "##characteristics#compile#obj_sizes#inftrees.o#all": [
    4508
  ], 
  "##characteristics#compile#obj_sizes#inftrees.o#all_unique": [
    4508
  ], 
  "##characteristics#compile#obj_sizes#inftrees.o#center": 4508, 
  "##characteristics#compile#obj_sizes#inftrees.o#center_imp": 0.9804791481810116, 
  "##characteristics#compile#obj_sizes#inftrees.o#halfrange": 0, 
  "##characteristics#compile#obj_sizes#inftrees.o#max": 4508, 
  "##characteristics#compile#obj_sizes#inftrees.o#mean": 4508.0, 
  "##characteristics#compile#obj_sizes#inftrees.o#mean_imp": 0.9804791481810116, 
  "##characteristics#compile#obj_sizes#inftrees.o#min": 4508, 
  "##characteristics#compile#obj_sizes#inftrees.o#min_imp": 0.9804791481810116, 
  "##characteristics#compile#obj_sizes#inftrees.o#range": 0, 
  "##characteristics#compile#obj_sizes#inftrees.o#range_percent": 0, 
  "##characteristics#compile#obj_sizes#inftrees.o#repeats": 1, 
  "##characteristics#compile#obj_sizes#trees.o#all": [
    13860
  ], 
  "##characteristics#compile#obj_sizes#trees.o#all_unique": [
    13860
  ], 
  "##characteristics#compile#obj_sizes#trees.o#center": 13860, 
  "##characteristics#compile#obj_sizes#trees.o#center_imp": 1.0233766233766233, 
  "##characteristics#compile#obj_sizes#trees.o#halfrange": 0, 
  "##characteristics#compile#obj_sizes#trees.o#max": 13860, 
  "##characteristics#compile#obj_sizes#trees.o#mean": 13860.0, 
  "##characteristics#compile#obj_sizes#trees.o#mean_imp": 1.0233766233766233, 
  "##characteristics#compile#obj_sizes#trees.o#min": 13860, 
  "##characteristics#compile#obj_sizes#trees.o#min_imp": 1.0233766233766233, 
  "##characteristics#compile#obj_sizes#trees.o#range": 0, 
  "##characteristics#compile#obj_sizes#trees.o#range_percent": 0, 
  "##characteristics#compile#obj_sizes#trees.o#repeats": 1, 
  "##characteristics#compile#obj_sizes#uncompr.o#all": [
    1272
  ], 
  "##characteristics#compile#obj_sizes#uncompr.o#all_unique": [
    1272
  ], 
  "##characteristics#compile#obj_sizes#uncompr.o#center": 1272, 
  "##characteristics#compile#obj_sizes#uncompr.o#center_imp": 1.0, 
  "##characteristics#compile#obj_sizes#uncompr.o#halfrange": 0, 
  "##characteristics#compile#obj_sizes#uncompr.o#max": 1272, 
  "##characteristics#compile#obj_sizes#uncompr.o#mean": 1272.0, 
  "##characteristics#compile#obj_sizes#uncompr.o#mean_imp": 1.0, 
  "##characteristics#compile#obj_sizes#uncompr.o#min": 1272, 
  "##characteristics#compile#obj_sizes#uncompr.o#min_imp": 1.0, 
  "##characteristics#compile#obj_sizes#uncompr.o#range": 0, 
  "##characteristics#compile#obj_sizes#uncompr.o#range_percent": 0, 
  "##characteristics#compile#obj_sizes#uncompr.o#repeats": 1, 
  "##characteristics#compile#obj_sizes#zutil.o#all": [
    1648
  ], 
  "##characteristics#compile#obj_sizes#zutil.o#all_unique": [
    1648
  ], 
  "##characteristics#compile#obj_sizes#zutil.o#center": 1648, 
  "##characteristics#compile#obj_sizes#zutil.o#center_imp": 1.0, 
  "##characteristics#compile#obj_sizes#zutil.o#halfrange": 0, 
  "##characteristics#compile#obj_sizes#zutil.o#max": 1648, 
  "##characteristics#compile#obj_sizes#zutil.o#mean": 1648.0, 
  "##characteristics#compile#obj_sizes#zutil.o#mean_imp": 1.0, 
  "##characteristics#compile#obj_sizes#zutil.o#min": 1648, 
  "##characteristics#compile#obj_sizes#zutil.o#min_imp": 1.0, 
  "##characteristics#compile#obj_sizes#zutil.o#range": 0, 
  "##characteristics#compile#obj_sizes#zutil.o#range_percent": 0, 
  "##characteristics#compile#obj_sizes#zutil.o#repeats": 1, 
  "##characteristics#compile#program_git_hash#all": [
    "04641ea86f9615c4bdca36af53651658ecea444c"
  ], 
  "##characteristics#compile#program_git_hash#all_unique": [
    "04641ea86f9615c4bdca36af53651658ecea444c"
  ], 
  "##characteristics#compile#program_git_hash#min": "04641ea86f9615c4bdca36af53651658ecea444c", 
  "##characteristics#compile#program_git_hash#min_imp": 0, 
  "##characteristics#compile#program_git_hash#repeats": 1, 
  "##characteristics#run#execution_time#all": [
    0.5294456842105264, 
    0.5188938421052631, 
    0.496623, 
    0.5096706842105263
  ], 
  "##characteristics#run#execution_time#all_unique": [
    0.5294456842105264, 
    0.5188938421052631, 
    0.496623, 
    0.5096706842105263
  ], 
  "##characteristics#run#execution_time#center": 0.5130343421052632, 
  "##characteristics#run#execution_time#center_imp": 0.9632055512852964, 
  "##characteristics#run#execution_time#halfrange": 0.01641134210526321, 
  "##characteristics#run#execution_time#max": 0.5294456842105264, 
  "##characteristics#run#execution_time#mean": 0.513658302631579, 
  "##characteristics#run#execution_time#mean_imp": 0.9613850913741012, 
  "##characteristics#run#execution_time#min": 0.496623, 
  "##characteristics#run#execution_time#min_imp": 0.9803437681257104, 
  "##characteristics#run#execution_time#range": 0.03282268421052642, 
  "##characteristics#run#execution_time#range_percent": 0.06609175211483645, 
  "##characteristics#run#execution_time#repeats": 4, 
  "##characteristics#run#execution_time_kernel_0#all": [
    10.059468, 
    9.858983, 
    9.435837, 
    9.683743
  ], 
  "##characteristics#run#execution_time_kernel_0#all_unique": [
    10.059468, 
    9.858983, 
    9.435837, 
    9.683743
  ], 
  "##characteristics#run#execution_time_kernel_0#center": 9.747652500000001, 
  "##characteristics#run#execution_time_kernel_0#center_imp": 0.9632055512852965, 
  "##characteristics#run#execution_time_kernel_0#halfrange": 0.3118155000000007, 
  "##characteristics#run#execution_time_kernel_0#max": 10.059468, 
  "##characteristics#run#execution_time_kernel_0#mean": 9.759507750000001, 
  "##characteristics#run#execution_time_kernel_0#mean_imp": 0.9613850913741012, 
  "##characteristics#run#execution_time_kernel_0#min": 9.435837, 
  "##characteristics#run#execution_time_kernel_0#min_imp": 0.9803437681257106, 
  "##characteristics#run#execution_time_kernel_0#range": 0.6236310000000014, 
  "##characteristics#run#execution_time_kernel_0#range_percent": 0.06609175211483638, 
  "##characteristics#run#execution_time_kernel_0#repeats": 4, 
  "##characteristics#run#execution_time_with_module#all": [
    10.784943103790283, 
    10.591710090637207, 
    10.160598993301392, 
    10.413305044174194
  ], 
  "##characteristics#run#execution_time_with_module#all_unique": [
    10.784943103790283, 
    10.591710090637207, 
    10.160598993301392, 
    10.413305044174194
  ], 
  "##characteristics#run#execution_time_with_module#center": 10.472771048545837, 
  "##characteristics#run#execution_time_with_module#center_imp": 1.067816668563987, 
  "##characteristics#run#execution_time_with_module#halfrange": 0.3121720552444458, 
  "##characteristics#run#execution_time_with_module#max": 10.784943103790283, 
  "##characteristics#run#execution_time_with_module#mean": 10.487639307975769, 
  "##characteristics#run#execution_time_with_module#mean_imp": 1.0183422780316993, 
  "##characteristics#run#execution_time_with_module#min": 10.160598993301392, 
  "##characteristics#run#execution_time_with_module#min_imp": 0.9821606071675146, 
  "##characteristics#run#execution_time_with_module#range": 0.6243441104888916, 
  "##characteristics#run#execution_time_with_module#range_percent": 0.06144756927229436, 
  "##characteristics#run#execution_time_with_module#repeats": 4, 
  "##characteristics#run#repeat#all": [
    19, 
    19, 
    19, 
    19
  ], 
  "##characteristics#run#repeat#all_unique": [
    19
  ], 
  "##characteristics#run#repeat#center": 19, 
  "##characteristics#run#repeat#center_imp": 1.0, 
  "##characteristics#run#repeat#halfrange": 0, 
  "##characteristics#run#repeat#max": 19, 
  "##characteristics#run#repeat#mean": 19.0, 
  "##characteristics#run#repeat#mean_imp": 1.0, 
  "##characteristics#run#repeat#min": 19, 
  "##characteristics#run#repeat#min_imp": 1.0, 
  "##characteristics#run#repeat#range": 0, 
  "##characteristics#run#repeat#range_percent": 0, 
  "##characteristics#run#repeat#repeats": 4, 
  "##characteristics#run#return_code#all": [
    0, 
    0, 
    0, 
    0
  ], 
  "##characteristics#run#return_code#all_unique": [
    0
  ], 
  "##characteristics#run#return_code#center": 0, 
  "##characteristics#run#return_code#halfrange": 0, 
  "##characteristics#run#return_code#max": 0, 
  "##characteristics#run#return_code#mean": 0.0, 
  "##characteristics#run#return_code#min": 0, 
  "##characteristics#run#return_code#min_imp": 1, 
  "##characteristics#run#return_code#range": 0, 
  "##characteristics#run#return_code#repeats": 4, 
  "##characteristics#run#run_success#all": [
    "yes", 
    "yes", 
    "yes", 
    "yes"
  ], 
  "##characteristics#run#run_success#all_unique": [
    "yes"
  ], 
  "##characteristics#run#run_success#min": "yes", 
  "##characteristics#run#run_success#min_imp": 1, 
  "##characteristics#run#run_success#repeats": 4, 
  "##characteristics#run#run_success_bool#all": [
    true, 
    true, 
    true, 
    true
  ], 
  "##characteristics#run#run_success_bool#all_unique": [
    true
  ], 
  "##characteristics#run#run_success_bool#min": true, 
  "##characteristics#run#run_success_bool#min_imp": 1, 
  "##characteristics#run#run_success_bool#repeats": 4, 
  "##characteristics#run#total_execution_time#all": [
    10.059468, 
    9.858983, 
    9.435837, 
    9.683743
  ], 
  "##characteristics#run#total_execution_time#all_unique": [
    10.059468, 
    9.858983, 
    9.435837, 
    9.683743
  ], 
  "##characteristics#run#total_execution_time#center": 9.747652500000001, 
  "##characteristics#run#total_execution_time#center_imp": 0.9632055512852965, 
  "##characteristics#run#total_execution_time#halfrange": 0.3118155000000007, 
  "##characteristics#run#total_execution_time#max": 10.059468, 
  "##characteristics#run#total_execution_time#mean": 9.759507750000001, 
  "##characteristics#run#total_execution_time#mean_imp": 0.9613850913741012, 
  "##characteristics#run#total_execution_time#min": 9.435837, 
  "##characteristics#run#total_execution_time#min_imp": 0.9803437681257106, 
  "##characteristics#run#total_execution_time#range": 0.6236310000000014, 
  "##characteristics#run#total_execution_time#range_percent": 0.06609175211483638, 
  "##characteristics#run#total_execution_time#repeats": 4
}
