{
  "##characteristics#compile#binary_size#all": [
    101532
  ], 
  "##characteristics#compile#binary_size#all_unique": [
    101532
  ], 
  "##characteristics#compile#binary_size#center": 101532, 
  "##characteristics#compile#binary_size#center_imp": 0.9991726746247489, 
  "##characteristics#compile#binary_size#halfrange": 0, 
  "##characteristics#compile#binary_size#max": 101532, 
  "##characteristics#compile#binary_size#mean": 101532.0, 
  "##characteristics#compile#binary_size#mean_imp": 0.9991726746247489, 
  "##characteristics#compile#binary_size#min": 101532, 
  "##characteristics#compile#binary_size#min_imp": 0.9991726746247489, 
  "##characteristics#compile#binary_size#range": 0, 
  "##characteristics#compile#binary_size#range_percent": 0, 
  "##characteristics#compile#binary_size#repeats": 1, 
  "##characteristics#compile#compilation_success#all": [
    "yes"
  ], 
  "##characteristics#compile#compilation_success#all_unique": [
    "yes"
  ], 
  "##characteristics#compile#compilation_success#min": "yes", 
  "##characteristics#compile#compilation_success#min_imp": 0, 
  "##characteristics#compile#compilation_success#repeats": 1, 
  "##characteristics#compile#compilation_success_bool#all": [
    true
  ], 
  "##characteristics#compile#compilation_success_bool#all_unique": [
    true
  ], 
  "##characteristics#compile#compilation_success_bool#min": true, 
  "##characteristics#compile#compilation_success_bool#min_imp": 0, 
  "##characteristics#compile#compilation_success_bool#repeats": 1, 
  "##characteristics#compile#compilation_time#all": [
    104.38991189002991
  ], 
  "##characteristics#compile#compilation_time#all_unique": [
    104.38991189002991
  ], 
  "##characteristics#compile#compilation_time#center": 104.38991189002991, 
  "##characteristics#compile#compilation_time#center_imp": 1.033877317104686, 
  "##characteristics#compile#compilation_time#halfrange": 0.0, 
  "##characteristics#compile#compilation_time#max": 104.38991189002991, 
  "##characteristics#compile#compilation_time#mean": 104.38991189002991, 
  "##characteristics#compile#compilation_time#mean_imp": 1.033877317104686, 
  "##characteristics#compile#compilation_time#min": 104.38991189002991, 
  "##characteristics#compile#compilation_time#min_imp": 1.033877317104686, 
  "##characteristics#compile#compilation_time#range": 0.0, 
  "##characteristics#compile#compilation_time#range_percent": 0.0, 
  "##characteristics#compile#compilation_time#repeats": 1, 
  "##characteristics#compile#compilation_time_with_module#all": [
    109.26903986930847
  ], 
  "##characteristics#compile#compilation_time_with_module#all_unique": [
    109.26903986930847
  ], 
  "##characteristics#compile#compilation_time_with_module#center": 109.26903986930847, 
  "##characteristics#compile#compilation_time_with_module#center_imp": 1.0314984563063219, 
  "##characteristics#compile#compilation_time_with_module#halfrange": 0.0, 
  "##characteristics#compile#compilation_time_with_module#max": 109.26903986930847, 
  "##characteristics#compile#compilation_time_with_module#mean": 109.26903986930847, 
  "##characteristics#compile#compilation_time_with_module#mean_imp": 1.0314984563063219, 
  "##characteristics#compile#compilation_time_with_module#min": 109.26903986930847, 
  "##characteristics#compile#compilation_time_with_module#min_imp": 1.0314984563063219, 
  "##characteristics#compile#compilation_time_with_module#range": 0.0, 
  "##characteristics#compile#compilation_time_with_module#range_percent": 0.0, 
  "##characteristics#compile#compilation_time_with_module#repeats": 1, 
  "##characteristics#compile#joined_compiler_flags#all": [
    "-O3 -fira-algorithm=priority -fno-compare-elim -fno-defer-pop -fdevirtualize-speculatively -fforward-propagate -fno-isolate-erroneous-paths-dereference -floop-parallelize-all -fno-sched-pressure -fsched-spec-insn-heuristic -fno-selective-scheduling -ftree-builtin-call-dce -ftree-tail-merge -fno-unsafe-math-optimizations"
  ], 
  "##characteristics#compile#joined_compiler_flags#all_unique": [
    "-O3 -fira-algorithm=priority -fno-compare-elim -fno-defer-pop -fdevirtualize-speculatively -fforward-propagate -fno-isolate-erroneous-paths-dereference -floop-parallelize-all -fno-sched-pressure -fsched-spec-insn-heuristic -fno-selective-scheduling -ftree-builtin-call-dce -ftree-tail-merge -fno-unsafe-math-optimizations"
  ], 
  "##characteristics#compile#joined_compiler_flags#min": "-O3 -fira-algorithm=priority -fno-compare-elim -fno-defer-pop -fdevirtualize-speculatively -fforward-propagate -fno-isolate-erroneous-paths-dereference -floop-parallelize-all -fno-sched-pressure -fsched-spec-insn-heuristic -fno-selective-scheduling -ftree-builtin-call-dce -ftree-tail-merge -fno-unsafe-math-optimizations", 
  "##characteristics#compile#joined_compiler_flags#min_imp": 0, 
  "##characteristics#compile#joined_compiler_flags#repeats": 1, 
  "##characteristics#compile#md5_sum#all": [
    "4e34414d10222843002e8f93f8a767db"
  ], 
  "##characteristics#compile#md5_sum#all_unique": [
    "4e34414d10222843002e8f93f8a767db"
  ], 
  "##characteristics#compile#md5_sum#min": "4e34414d10222843002e8f93f8a767db", 
  "##characteristics#compile#md5_sum#min_imp": 0, 
  "##characteristics#compile#md5_sum#repeats": 1, 
  "##characteristics#compile#obj_size#all": [
    114888
  ], 
  "##characteristics#compile#obj_size#all_unique": [
    114888
  ], 
  "##characteristics#compile#obj_size#center": 114888, 
  "##characteristics#compile#obj_size#center_imp": 0.9996170183134879, 
  "##characteristics#compile#obj_size#halfrange": 0, 
  "##characteristics#compile#obj_size#max": 114888, 
  "##characteristics#compile#obj_size#mean": 114888.0, 
  "##characteristics#compile#obj_size#mean_imp": 0.9996170183134879, 
  "##characteristics#compile#obj_size#min": 114888, 
  "##characteristics#compile#obj_size#min_imp": 0.9996170183134879, 
  "##characteristics#compile#obj_size#range": 0, 
  "##characteristics#compile#obj_size#range_percent": 0, 
  "##characteristics#compile#obj_size#repeats": 1, 
  "##characteristics#compile#obj_sizes#adler32.o#all": [
    2444
  ], 
  "##characteristics#compile#obj_sizes#adler32.o#all_unique": [
    2444
  ], 
  "##characteristics#compile#obj_sizes#adler32.o#center": 2444, 
  "##characteristics#compile#obj_sizes#adler32.o#center_imp": 0.9918166939443536, 
  "##characteristics#compile#obj_sizes#adler32.o#halfrange": 0, 
  "##characteristics#compile#obj_sizes#adler32.o#max": 2444, 
  "##characteristics#compile#obj_sizes#adler32.o#mean": 2444.0, 
  "##characteristics#compile#obj_sizes#adler32.o#mean_imp": 0.9918166939443536, 
  "##characteristics#compile#obj_sizes#adler32.o#min": 2444, 
  "##characteristics#compile#obj_sizes#adler32.o#min_imp": 0.9918166939443536, 
  "##characteristics#compile#obj_sizes#adler32.o#range": 0, 
  "##characteristics#compile#obj_sizes#adler32.o#range_percent": 0, 
  "##characteristics#compile#obj_sizes#adler32.o#repeats": 1, 
  "##characteristics#compile#obj_sizes#compress.o#all": [
    1560
  ], 
  "##characteristics#compile#obj_sizes#compress.o#all_unique": [
    1560
  ], 
  "##characteristics#compile#obj_sizes#compress.o#center": 1560, 
  "##characteristics#compile#obj_sizes#compress.o#center_imp": 1.005128205128205, 
  "##characteristics#compile#obj_sizes#compress.o#halfrange": 0, 
  "##characteristics#compile#obj_sizes#compress.o#max": 1560, 
  "##characteristics#compile#obj_sizes#compress.o#mean": 1560.0, 
  "##characteristics#compile#obj_sizes#compress.o#mean_imp": 1.005128205128205, 
  "##characteristics#compile#obj_sizes#compress.o#min": 1560, 
  "##characteristics#compile#obj_sizes#compress.o#min_imp": 1.005128205128205, 
  "##characteristics#compile#obj_sizes#compress.o#range": 0, 
  "##characteristics#compile#obj_sizes#compress.o#range_percent": 0, 
  "##characteristics#compile#obj_sizes#compress.o#repeats": 1, 
  "##characteristics#compile#obj_sizes#crc32.o#all": [
    10812
  ], 
  "##characteristics#compile#obj_sizes#crc32.o#all_unique": [
    10812
  ], 
  "##characteristics#compile#obj_sizes#crc32.o#center": 10812, 
  "##characteristics#compile#obj_sizes#crc32.o#center_imp": 1.005919348871624, 
  "##characteristics#compile#obj_sizes#crc32.o#halfrange": 0, 
  "##characteristics#compile#obj_sizes#crc32.o#max": 10812, 
  "##characteristics#compile#obj_sizes#crc32.o#mean": 10812.0, 
  "##characteristics#compile#obj_sizes#crc32.o#mean_imp": 1.005919348871624, 
  "##characteristics#compile#obj_sizes#crc32.o#min": 10812, 
  "##characteristics#compile#obj_sizes#crc32.o#min_imp": 1.005919348871624, 
  "##characteristics#compile#obj_sizes#crc32.o#range": 0, 
  "##characteristics#compile#obj_sizes#crc32.o#range_percent": 0, 
  "##characteristics#compile#obj_sizes#crc32.o#repeats": 1, 
  "##characteristics#compile#obj_sizes#ctuning-rtl.o#all": [
    4628
  ], 
  "##characteristics#compile#obj_sizes#ctuning-rtl.o#all_unique": [
    4628
  ], 
  "##characteristics#compile#obj_sizes#ctuning-rtl.o#center": 4628, 
  "##characteristics#compile#obj_sizes#ctuning-rtl.o#center_imp": 1.0008643042350907, 
  "##characteristics#compile#obj_sizes#ctuning-rtl.o#halfrange": 0, 
  "##characteristics#compile#obj_sizes#ctuning-rtl.o#max": 4628, 
  "##characteristics#compile#obj_sizes#ctuning-rtl.o#mean": 4628.0, 
  "##characteristics#compile#obj_sizes#ctuning-rtl.o#mean_imp": 1.0008643042350907, 
  "##characteristics#compile#obj_sizes#ctuning-rtl.o#min": 4628, 
  "##characteristics#compile#obj_sizes#ctuning-rtl.o#min_imp": 1.0008643042350907, 
  "##characteristics#compile#obj_sizes#ctuning-rtl.o#range": 0, 
  "##characteristics#compile#obj_sizes#ctuning-rtl.o#range_percent": 0, 
  "##characteristics#compile#obj_sizes#ctuning-rtl.o#repeats": 1, 
  "##characteristics#compile#obj_sizes#deflate.o#all": [
    19864
  ], 
  "##characteristics#compile#obj_sizes#deflate.o#all_unique": [
    19864
  ], 
  "##characteristics#compile#obj_sizes#deflate.o#center": 19864, 
  "##characteristics#compile#obj_sizes#deflate.o#center_imp": 1.0155054369714056, 
  "##characteristics#compile#obj_sizes#deflate.o#halfrange": 0, 
  "##characteristics#compile#obj_sizes#deflate.o#max": 19864, 
  "##characteristics#compile#obj_sizes#deflate.o#mean": 19864.0, 
  "##characteristics#compile#obj_sizes#deflate.o#mean_imp": 1.0155054369714056, 
  "##characteristics#compile#obj_sizes#deflate.o#min": 19864, 
  "##characteristics#compile#obj_sizes#deflate.o#min_imp": 1.0155054369714056, 
  "##characteristics#compile#obj_sizes#deflate.o#range": 0, 
  "##characteristics#compile#obj_sizes#deflate.o#range_percent": 0, 
  "##characteristics#compile#obj_sizes#deflate.o#repeats": 1, 
  "##characteristics#compile#obj_sizes#gzclose.o#all": [
    980
  ], 
  "##characteristics#compile#obj_sizes#gzclose.o#all_unique": [
    980
  ], 
  "##characteristics#compile#obj_sizes#gzclose.o#center": 980, 
  "##characteristics#compile#obj_sizes#gzclose.o#center_imp": 1.0, 
  "##characteristics#compile#obj_sizes#gzclose.o#halfrange": 0, 
  "##characteristics#compile#obj_sizes#gzclose.o#max": 980, 
  "##characteristics#compile#obj_sizes#gzclose.o#mean": 980.0, 
  "##characteristics#compile#obj_sizes#gzclose.o#mean_imp": 1.0, 
  "##characteristics#compile#obj_sizes#gzclose.o#min": 980, 
  "##characteristics#compile#obj_sizes#gzclose.o#min_imp": 1.0, 
  "##characteristics#compile#obj_sizes#gzclose.o#range": 0, 
  "##characteristics#compile#obj_sizes#gzclose.o#range_percent": 0, 
  "##characteristics#compile#obj_sizes#gzclose.o#repeats": 1, 
  "##characteristics#compile#obj_sizes#gzlib.o#all": [
    6308
  ], 
  "##characteristics#compile#obj_sizes#gzlib.o#all_unique": [
    6308
  ], 
  "##characteristics#compile#obj_sizes#gzlib.o#center": 6308, 
  "##characteristics#compile#obj_sizes#gzlib.o#center_imp": 0.9987317691819911, 
  "##characteristics#compile#obj_sizes#gzlib.o#halfrange": 0, 
  "##characteristics#compile#obj_sizes#gzlib.o#max": 6308, 
  "##characteristics#compile#obj_sizes#gzlib.o#mean": 6308.0, 
  "##characteristics#compile#obj_sizes#gzlib.o#mean_imp": 0.9987317691819911, 
  "##characteristics#compile#obj_sizes#gzlib.o#min": 6308, 
  "##characteristics#compile#obj_sizes#gzlib.o#min_imp": 0.9987317691819911, 
  "##characteristics#compile#obj_sizes#gzlib.o#range": 0, 
  "##characteristics#compile#obj_sizes#gzlib.o#range_percent": 0, 
  "##characteristics#compile#obj_sizes#gzlib.o#repeats": 1, 
  "##characteristics#compile#obj_sizes#gzread.o#all": [
    5792
  ], 
  "##characteristics#compile#obj_sizes#gzread.o#all_unique": [
    5792
  ], 
  "##characteristics#compile#obj_sizes#gzread.o#center": 5792, 
  "##characteristics#compile#obj_sizes#gzread.o#center_imp": 0.9972375690607734, 
  "##characteristics#compile#obj_sizes#gzread.o#halfrange": 0, 
  "##characteristics#compile#obj_sizes#gzread.o#max": 5792, 
  "##characteristics#compile#obj_sizes#gzread.o#mean": 5792.0, 
  "##characteristics#compile#obj_sizes#gzread.o#mean_imp": 0.9972375690607734, 
  "##characteristics#compile#obj_sizes#gzread.o#min": 5792, 
  "##characteristics#compile#obj_sizes#gzread.o#min_imp": 0.9972375690607734, 
  "##characteristics#compile#obj_sizes#gzread.o#range": 0, 
  "##characteristics#compile#obj_sizes#gzread.o#range_percent": 0, 
  "##characteristics#compile#obj_sizes#gzread.o#repeats": 1, 
  "##characteristics#compile#obj_sizes#gzwrite.o#all": [
    10264
  ], 
  "##characteristics#compile#obj_sizes#gzwrite.o#all_unique": [
    10264
  ], 
  "##characteristics#compile#obj_sizes#gzwrite.o#center": 10264, 
  "##characteristics#compile#obj_sizes#gzwrite.o#center_imp": 1.0, 
  "##characteristics#compile#obj_sizes#gzwrite.o#halfrange": 0, 
  "##characteristics#compile#obj_sizes#gzwrite.o#max": 10264, 
  "##characteristics#compile#obj_sizes#gzwrite.o#mean": 10264.0, 
  "##characteristics#compile#obj_sizes#gzwrite.o#mean_imp": 1.0, 
  "##characteristics#compile#obj_sizes#gzwrite.o#min": 10264, 
  "##characteristics#compile#obj_sizes#gzwrite.o#min_imp": 1.0, 
  "##characteristics#compile#obj_sizes#gzwrite.o#range": 0, 
  "##characteristics#compile#obj_sizes#gzwrite.o#range_percent": 0, 
  "##characteristics#compile#obj_sizes#gzwrite.o#repeats": 1, 
  "##characteristics#compile#obj_sizes#infback.o#all": [
    9640
  ], 
  "##characteristics#compile#obj_sizes#infback.o#all_unique": [
    9640
  ], 
  "##characteristics#compile#obj_sizes#infback.o#center": 9640, 
  "##characteristics#compile#obj_sizes#infback.o#center_imp": 0.9929460580912863, 
  "##characteristics#compile#obj_sizes#infback.o#halfrange": 0, 
  "##characteristics#compile#obj_sizes#infback.o#max": 9640, 
  "##characteristics#compile#obj_sizes#infback.o#mean": 9640.0, 
  "##characteristics#compile#obj_sizes#infback.o#mean_imp": 0.9929460580912863, 
  "##characteristics#compile#obj_sizes#infback.o#min": 9640, 
  "##characteristics#compile#obj_sizes#infback.o#min_imp": 0.9929460580912863, 
  "##characteristics#compile#obj_sizes#infback.o#range": 0, 
  "##characteristics#compile#obj_sizes#infback.o#range_percent": 0, 
  "##characteristics#compile#obj_sizes#infback.o#repeats": 1, 
  "##characteristics#compile#obj_sizes#inffast.o#all": [
    3856
  ], 
  "##characteristics#compile#obj_sizes#inffast.o#all_unique": [
    3856
  ], 
  "##characteristics#compile#obj_sizes#inffast.o#center": 3856, 
  "##characteristics#compile#obj_sizes#inffast.o#center_imp": 1.0363070539419088, 
  "##characteristics#compile#obj_sizes#inffast.o#halfrange": 0, 
  "##characteristics#compile#obj_sizes#inffast.o#max": 3856, 
  "##characteristics#compile#obj_sizes#inffast.o#mean": 3856.0, 
  "##characteristics#compile#obj_sizes#inffast.o#mean_imp": 1.0363070539419088, 
  "##characteristics#compile#obj_sizes#inffast.o#min": 3856, 
  "##characteristics#compile#obj_sizes#inffast.o#min_imp": 1.0363070539419088, 
  "##characteristics#compile#obj_sizes#inffast.o#range": 0, 
  "##characteristics#compile#obj_sizes#inffast.o#range_percent": 0, 
  "##characteristics#compile#obj_sizes#inffast.o#repeats": 1, 
  "##characteristics#compile#obj_sizes#inflate.o#all": [
    16964
  ], 
  "##characteristics#compile#obj_sizes#inflate.o#all_unique": [
    16964
  ], 
  "##characteristics#compile#obj_sizes#inflate.o#center": 16964, 
  "##characteristics#compile#obj_sizes#inflate.o#center_imp": 0.9879745343079462, 
  "##characteristics#compile#obj_sizes#inflate.o#halfrange": 0, 
  "##characteristics#compile#obj_sizes#inflate.o#max": 16964, 
  "##characteristics#compile#obj_sizes#inflate.o#mean": 16964.0, 
  "##characteristics#compile#obj_sizes#inflate.o#mean_imp": 0.9879745343079462, 
  "##characteristics#compile#obj_sizes#inflate.o#min": 16964, 
  "##characteristics#compile#obj_sizes#inflate.o#min_imp": 0.9879745343079462, 
  "##characteristics#compile#obj_sizes#inflate.o#range": 0, 
  "##characteristics#compile#obj_sizes#inflate.o#range_percent": 0, 
  "##characteristics#compile#obj_sizes#inflate.o#repeats": 1, 
  "##characteristics#compile#obj_sizes#inftrees.o#all": [
    4416
  ], 
  "##characteristics#compile#obj_sizes#inftrees.o#all_unique": [
    4416
  ], 
  "##characteristics#compile#obj_sizes#inftrees.o#center": 4416, 
  "##characteristics#compile#obj_sizes#inftrees.o#center_imp": 1.0009057971014492, 
  "##characteristics#compile#obj_sizes#inftrees.o#halfrange": 0, 
  "##characteristics#compile#obj_sizes#inftrees.o#max": 4416, 
  "##characteristics#compile#obj_sizes#inftrees.o#mean": 4416.0, 
  "##characteristics#compile#obj_sizes#inftrees.o#mean_imp": 1.0009057971014492, 
  "##characteristics#compile#obj_sizes#inftrees.o#min": 4416, 
  "##characteristics#compile#obj_sizes#inftrees.o#min_imp": 1.0009057971014492, 
  "##characteristics#compile#obj_sizes#inftrees.o#range": 0, 
  "##characteristics#compile#obj_sizes#inftrees.o#range_percent": 0, 
  "##characteristics#compile#obj_sizes#inftrees.o#repeats": 1, 
  "##characteristics#compile#obj_sizes#trees.o#all": [
    14444
  ], 
  "##characteristics#compile#obj_sizes#trees.o#all_unique": [
    14444
  ], 
  "##characteristics#compile#obj_sizes#trees.o#center": 14444, 
  "##characteristics#compile#obj_sizes#trees.o#center_imp": 0.9819994461368042, 
  "##characteristics#compile#obj_sizes#trees.o#halfrange": 0, 
  "##characteristics#compile#obj_sizes#trees.o#max": 14444, 
  "##characteristics#compile#obj_sizes#trees.o#mean": 14444.0, 
  "##characteristics#compile#obj_sizes#trees.o#mean_imp": 0.9819994461368042, 
  "##characteristics#compile#obj_sizes#trees.o#min": 14444, 
  "##characteristics#compile#obj_sizes#trees.o#min_imp": 0.9819994461368042, 
  "##characteristics#compile#obj_sizes#trees.o#range": 0, 
  "##characteristics#compile#obj_sizes#trees.o#range_percent": 0, 
  "##characteristics#compile#obj_sizes#trees.o#repeats": 1, 
  "##characteristics#compile#obj_sizes#uncompr.o#all": [
    1268
  ], 
  "##characteristics#compile#obj_sizes#uncompr.o#all_unique": [
    1268
  ], 
  "##characteristics#compile#obj_sizes#uncompr.o#center": 1268, 
  "##characteristics#compile#obj_sizes#uncompr.o#center_imp": 1.003154574132492, 
  "##characteristics#compile#obj_sizes#uncompr.o#halfrange": 0, 
  "##characteristics#compile#obj_sizes#uncompr.o#max": 1268, 
  "##characteristics#compile#obj_sizes#uncompr.o#mean": 1268.0, 
  "##characteristics#compile#obj_sizes#uncompr.o#mean_imp": 1.003154574132492, 
  "##characteristics#compile#obj_sizes#uncompr.o#min": 1268, 
  "##characteristics#compile#obj_sizes#uncompr.o#min_imp": 1.003154574132492, 
  "##characteristics#compile#obj_sizes#uncompr.o#range": 0, 
  "##characteristics#compile#obj_sizes#uncompr.o#range_percent": 0, 
  "##characteristics#compile#obj_sizes#uncompr.o#repeats": 1, 
  "##characteristics#compile#obj_sizes#zutil.o#all": [
    1648
  ], 
  "##characteristics#compile#obj_sizes#zutil.o#all_unique": [
    1648
  ], 
  "##characteristics#compile#obj_sizes#zutil.o#center": 1648, 
  "##characteristics#compile#obj_sizes#zutil.o#center_imp": 1.0, 
  "##characteristics#compile#obj_sizes#zutil.o#halfrange": 0, 
  "##characteristics#compile#obj_sizes#zutil.o#max": 1648, 
  "##characteristics#compile#obj_sizes#zutil.o#mean": 1648.0, 
  "##characteristics#compile#obj_sizes#zutil.o#mean_imp": 1.0, 
  "##characteristics#compile#obj_sizes#zutil.o#min": 1648, 
  "##characteristics#compile#obj_sizes#zutil.o#min_imp": 1.0, 
  "##characteristics#compile#obj_sizes#zutil.o#range": 0, 
  "##characteristics#compile#obj_sizes#zutil.o#range_percent": 0, 
  "##characteristics#compile#obj_sizes#zutil.o#repeats": 1, 
  "##characteristics#compile#program_git_hash#all": [
    "04641ea86f9615c4bdca36af53651658ecea444c"
  ], 
  "##characteristics#compile#program_git_hash#all_unique": [
    "04641ea86f9615c4bdca36af53651658ecea444c"
  ], 
  "##characteristics#compile#program_git_hash#min": "04641ea86f9615c4bdca36af53651658ecea444c", 
  "##characteristics#compile#program_git_hash#min_imp": 0, 
  "##characteristics#compile#program_git_hash#repeats": 1, 
  "##characteristics#run#execution_time#all": [
    0.5117650526315789, 
    0.5384005263157894, 
    0.4891141578947369, 
    0.5070083684210526
  ], 
  "##characteristics#run#execution_time#all_unique": [
    0.5117650526315789, 
    0.5384005263157894, 
    0.4891141578947369, 
    0.5070083684210526
  ], 
  "##characteristics#run#execution_time#center": 0.5137573421052631, 
  "##characteristics#run#execution_time#center_imp": 0.9618500521877545, 
  "##characteristics#run#execution_time#halfrange": 0.024643184210526248, 
  "##characteristics#run#execution_time#max": 0.5384005263157894, 
  "##characteristics#run#execution_time#mean": 0.5115720263157895, 
  "##characteristics#run#execution_time#mean_imp": 0.9653057806286165, 
  "##characteristics#run#execution_time#min": 0.4891141578947369, 
  "##characteristics#run#execution_time#min_imp": 0.9953939285942177, 
  "##characteristics#run#execution_time#range": 0.049286368421052495, 
  "##characteristics#run#execution_time#range_percent": 0.100766595334702, 
  "##characteristics#run#execution_time#repeats": 4, 
  "##characteristics#run#execution_time_kernel_0#all": [
    9.723536, 
    10.22961, 
    9.293169, 
    9.633159
  ], 
  "##characteristics#run#execution_time_kernel_0#all_unique": [
    9.723536, 
    10.22961, 
    9.293169, 
    9.633159
  ], 
  "##characteristics#run#execution_time_kernel_0#center": 9.7613895, 
  "##characteristics#run#execution_time_kernel_0#center_imp": 0.9618500521877545, 
  "##characteristics#run#execution_time_kernel_0#halfrange": 0.46822049999999926, 
  "##characteristics#run#execution_time_kernel_0#max": 10.22961, 
  "##characteristics#run#execution_time_kernel_0#mean": 9.719868499999999, 
  "##characteristics#run#execution_time_kernel_0#mean_imp": 0.9653057806286166, 
  "##characteristics#run#execution_time_kernel_0#min": 9.293169, 
  "##characteristics#run#execution_time_kernel_0#min_imp": 0.9953939285942178, 
  "##characteristics#run#execution_time_kernel_0#range": 0.9364409999999985, 
  "##characteristics#run#execution_time_kernel_0#range_percent": 0.10076659533470213, 
  "##characteristics#run#execution_time_kernel_0#repeats": 4, 
  "##characteristics#run#execution_time_with_module#all": [
    10.449925899505615, 
    10.958631992340088, 
    10.020370960235596, 
    10.36141300201416
  ], 
  "##characteristics#run#execution_time_with_module#all_unique": [
    10.449925899505615, 
    10.958631992340088, 
    10.020370960235596, 
    10.36141300201416
  ], 
  "##characteristics#run#execution_time_with_module#center": 10.489501476287842, 
  "##characteristics#run#execution_time_with_module#center_imp": 1.066113534277243, 
  "##characteristics#run#execution_time_with_module#halfrange": 0.4691305160522461, 
  "##characteristics#run#execution_time_with_module#max": 10.958631992340088, 
  "##characteristics#run#execution_time_with_module#mean": 10.447585463523865, 
  "##characteristics#run#execution_time_with_module#mean_imp": 1.0222463880622403, 
  "##characteristics#run#execution_time_with_module#min": 10.020370960235596, 
  "##characteristics#run#execution_time_with_module#min_imp": 0.9959052530138967, 
  "##characteristics#run#execution_time_with_module#range": 0.9382610321044922, 
  "##characteristics#run#execution_time_with_module#range_percent": 0.09363535899298005, 
  "##characteristics#run#execution_time_with_module#repeats": 4, 
  "##characteristics#run#repeat#all": [
    19, 
    19, 
    19, 
    19
  ], 
  "##characteristics#run#repeat#all_unique": [
    19
  ], 
  "##characteristics#run#repeat#center": 19, 
  "##characteristics#run#repeat#center_imp": 1.0, 
  "##characteristics#run#repeat#halfrange": 0, 
  "##characteristics#run#repeat#max": 19, 
  "##characteristics#run#repeat#mean": 19.0, 
  "##characteristics#run#repeat#mean_imp": 1.0, 
  "##characteristics#run#repeat#min": 19, 
  "##characteristics#run#repeat#min_imp": 1.0, 
  "##characteristics#run#repeat#range": 0, 
  "##characteristics#run#repeat#range_percent": 0, 
  "##characteristics#run#repeat#repeats": 4, 
  "##characteristics#run#return_code#all": [
    0, 
    0, 
    0, 
    0
  ], 
  "##characteristics#run#return_code#all_unique": [
    0
  ], 
  "##characteristics#run#return_code#center": 0, 
  "##characteristics#run#return_code#halfrange": 0, 
  "##characteristics#run#return_code#max": 0, 
  "##characteristics#run#return_code#mean": 0.0, 
  "##characteristics#run#return_code#min": 0, 
  "##characteristics#run#return_code#min_imp": 1, 
  "##characteristics#run#return_code#range": 0, 
  "##characteristics#run#return_code#repeats": 4, 
  "##characteristics#run#run_success#all": [
    "yes", 
    "yes", 
    "yes", 
    "yes"
  ], 
  "##characteristics#run#run_success#all_unique": [
    "yes"
  ], 
  "##characteristics#run#run_success#min": "yes", 
  "##characteristics#run#run_success#min_imp": 1, 
  "##characteristics#run#run_success#repeats": 4, 
  "##characteristics#run#run_success_bool#all": [
    true, 
    true, 
    true, 
    true
  ], 
  "##characteristics#run#run_success_bool#all_unique": [
    true
  ], 
  "##characteristics#run#run_success_bool#min": true, 
  "##characteristics#run#run_success_bool#min_imp": 1, 
  "##characteristics#run#run_success_bool#repeats": 4, 
  "##characteristics#run#total_execution_time#all": [
    9.723536, 
    10.22961, 
    9.293169, 
    9.633159
  ], 
  "##characteristics#run#total_execution_time#all_unique": [
    9.723536, 
    10.22961, 
    9.293169, 
    9.633159
  ], 
  "##characteristics#run#total_execution_time#center": 9.7613895, 
  "##characteristics#run#total_execution_time#center_imp": 0.9618500521877545, 
  "##characteristics#run#total_execution_time#halfrange": 0.46822049999999926, 
  "##characteristics#run#total_execution_time#max": 10.22961, 
  "##characteristics#run#total_execution_time#mean": 9.719868499999999, 
  "##characteristics#run#total_execution_time#mean_imp": 0.9653057806286166, 
  "##characteristics#run#total_execution_time#min": 9.293169, 
  "##characteristics#run#total_execution_time#min_imp": 0.9953939285942178, 
  "##characteristics#run#total_execution_time#range": 0.9364409999999985, 
  "##characteristics#run#total_execution_time#range_percent": 0.10076659533470213, 
  "##characteristics#run#total_execution_time#repeats": 4
}
