{
  "##characteristics#compile#binary_size#all": [
    101620
  ], 
  "##characteristics#compile#binary_size#all_unique": [
    101620
  ], 
  "##characteristics#compile#binary_size#center": 101620, 
  "##characteristics#compile#binary_size#center_imp": 0.9983074197992521, 
  "##characteristics#compile#binary_size#halfrange": 0, 
  "##characteristics#compile#binary_size#max": 101620, 
  "##characteristics#compile#binary_size#mean": 101620.0, 
  "##characteristics#compile#binary_size#mean_imp": 0.9983074197992521, 
  "##characteristics#compile#binary_size#min": 101620, 
  "##characteristics#compile#binary_size#min_imp": 0.9983074197992521, 
  "##characteristics#compile#binary_size#range": 0, 
  "##characteristics#compile#binary_size#range_percent": 0, 
  "##characteristics#compile#binary_size#repeats": 1, 
  "##characteristics#compile#compilation_success#all": [
    "yes"
  ], 
  "##characteristics#compile#compilation_success#all_unique": [
    "yes"
  ], 
  "##characteristics#compile#compilation_success#min": "yes", 
  "##characteristics#compile#compilation_success#min_imp": 0, 
  "##characteristics#compile#compilation_success#repeats": 1, 
  "##characteristics#compile#compilation_success_bool#all": [
    true
  ], 
  "##characteristics#compile#compilation_success_bool#all_unique": [
    true
  ], 
  "##characteristics#compile#compilation_success_bool#min": true, 
  "##characteristics#compile#compilation_success_bool#min_imp": 0, 
  "##characteristics#compile#compilation_success_bool#repeats": 1, 
  "##characteristics#compile#compilation_time#all": [
    104.02093696594238
  ], 
  "##characteristics#compile#compilation_time#all_unique": [
    104.02093696594238
  ], 
  "##characteristics#compile#compilation_time#center": 104.02093696594238, 
  "##characteristics#compile#compilation_time#center_imp": 1.0375446057844584, 
  "##characteristics#compile#compilation_time#halfrange": 0.0, 
  "##characteristics#compile#compilation_time#max": 104.02093696594238, 
  "##characteristics#compile#compilation_time#mean": 104.02093696594238, 
  "##characteristics#compile#compilation_time#mean_imp": 1.0375446057844584, 
  "##characteristics#compile#compilation_time#min": 104.02093696594238, 
  "##characteristics#compile#compilation_time#min_imp": 1.0375446057844584, 
  "##characteristics#compile#compilation_time#range": 0.0, 
  "##characteristics#compile#compilation_time#range_percent": 0.0, 
  "##characteristics#compile#compilation_time#repeats": 1, 
  "##characteristics#compile#compilation_time_with_module#all": [
    109.02449202537537
  ], 
  "##characteristics#compile#compilation_time_with_module#all_unique": [
    109.02449202537537
  ], 
  "##characteristics#compile#compilation_time_with_module#center": 109.02449202537537, 
  "##characteristics#compile#compilation_time_with_module#center_imp": 1.0338121632433954, 
  "##characteristics#compile#compilation_time_with_module#halfrange": 0.0, 
  "##characteristics#compile#compilation_time_with_module#max": 109.02449202537537, 
  "##characteristics#compile#compilation_time_with_module#mean": 109.02449202537537, 
  "##characteristics#compile#compilation_time_with_module#mean_imp": 1.0338121632433954, 
  "##characteristics#compile#compilation_time_with_module#min": 109.02449202537537, 
  "##characteristics#compile#compilation_time_with_module#min_imp": 1.0338121632433954, 
  "##characteristics#compile#compilation_time_with_module#range": 0.0, 
  "##characteristics#compile#compilation_time_with_module#range_percent": 0.0, 
  "##characteristics#compile#compilation_time_with_module#repeats": 1, 
  "##characteristics#compile#joined_compiler_flags#all": [
    "-O3 -ffp-contract=off -fassociative-math -fcse-follow-jumps -fno-cse-skip-blocks -fno-cx-limited-range -fno-defer-pop -fno-float-store -fno-function-sections -finline-functions-called-once -fno-ipa-cp-clone -fipa-pta -fkeep-inline-functions -floop-parallelize-all -fno-sched2-use-superblocks -fsigned-zeros -fsingle-precision-constant -fno-strict-overflow -fno-tree-copy-prop -fno-tree-dominator-opts -ftree-fre -fno-tree-ter -fuse-linker-plugin -fno-whole-program"
  ], 
  "##characteristics#compile#joined_compiler_flags#all_unique": [
    "-O3 -ffp-contract=off -fassociative-math -fcse-follow-jumps -fno-cse-skip-blocks -fno-cx-limited-range -fno-defer-pop -fno-float-store -fno-function-sections -finline-functions-called-once -fno-ipa-cp-clone -fipa-pta -fkeep-inline-functions -floop-parallelize-all -fno-sched2-use-superblocks -fsigned-zeros -fsingle-precision-constant -fno-strict-overflow -fno-tree-copy-prop -fno-tree-dominator-opts -ftree-fre -fno-tree-ter -fuse-linker-plugin -fno-whole-program"
  ], 
  "##characteristics#compile#joined_compiler_flags#min": "-O3 -ffp-contract=off -fassociative-math -fcse-follow-jumps -fno-cse-skip-blocks -fno-cx-limited-range -fno-defer-pop -fno-float-store -fno-function-sections -finline-functions-called-once -fno-ipa-cp-clone -fipa-pta -fkeep-inline-functions -floop-parallelize-all -fno-sched2-use-superblocks -fsigned-zeros -fsingle-precision-constant -fno-strict-overflow -fno-tree-copy-prop -fno-tree-dominator-opts -ftree-fre -fno-tree-ter -fuse-linker-plugin -fno-whole-program", 
  "##characteristics#compile#joined_compiler_flags#min_imp": 0, 
  "##characteristics#compile#joined_compiler_flags#repeats": 1, 
  "##characteristics#compile#md5_sum#all": [
    "9defc394275aca766d3e15565d1d3af5"
  ], 
  "##characteristics#compile#md5_sum#all_unique": [
    "9defc394275aca766d3e15565d1d3af5"
  ], 
  "##characteristics#compile#md5_sum#min": "9defc394275aca766d3e15565d1d3af5", 
  "##characteristics#compile#md5_sum#min_imp": 0, 
  "##characteristics#compile#md5_sum#repeats": 1, 
  "##characteristics#compile#obj_size#all": [
    115224
  ], 
  "##characteristics#compile#obj_size#all_unique": [
    115224
  ], 
  "##characteristics#compile#obj_size#center": 115224, 
  "##characteristics#compile#obj_size#center_imp": 0.9967020759563979, 
  "##characteristics#compile#obj_size#halfrange": 0, 
  "##characteristics#compile#obj_size#max": 115224, 
  "##characteristics#compile#obj_size#mean": 115224.0, 
  "##characteristics#compile#obj_size#mean_imp": 0.9967020759563979, 
  "##characteristics#compile#obj_size#min": 115224, 
  "##characteristics#compile#obj_size#min_imp": 0.9967020759563979, 
  "##characteristics#compile#obj_size#range": 0, 
  "##characteristics#compile#obj_size#range_percent": 0, 
  "##characteristics#compile#obj_size#repeats": 1, 
  "##characteristics#compile#obj_sizes#adler32.o#all": [
    2612
  ], 
  "##characteristics#compile#obj_sizes#adler32.o#all_unique": [
    2612
  ], 
  "##characteristics#compile#obj_sizes#adler32.o#center": 2612, 
  "##characteristics#compile#obj_sizes#adler32.o#center_imp": 0.9280245022970903, 
  "##characteristics#compile#obj_sizes#adler32.o#halfrange": 0, 
  "##characteristics#compile#obj_sizes#adler32.o#max": 2612, 
  "##characteristics#compile#obj_sizes#adler32.o#mean": 2612.0, 
  "##characteristics#compile#obj_sizes#adler32.o#mean_imp": 0.9280245022970903, 
  "##characteristics#compile#obj_sizes#adler32.o#min": 2612, 
  "##characteristics#compile#obj_sizes#adler32.o#min_imp": 0.9280245022970903, 
  "##characteristics#compile#obj_sizes#adler32.o#range": 0, 
  "##characteristics#compile#obj_sizes#adler32.o#range_percent": 0, 
  "##characteristics#compile#obj_sizes#adler32.o#repeats": 1, 
  "##characteristics#compile#obj_sizes#compress.o#all": [
    1648
  ], 
  "##characteristics#compile#obj_sizes#compress.o#all_unique": [
    1648
  ], 
  "##characteristics#compile#obj_sizes#compress.o#center": 1648, 
  "##characteristics#compile#obj_sizes#compress.o#center_imp": 0.9514563106796117, 
  "##characteristics#compile#obj_sizes#compress.o#halfrange": 0, 
  "##characteristics#compile#obj_sizes#compress.o#max": 1648, 
  "##characteristics#compile#obj_sizes#compress.o#mean": 1648.0, 
  "##characteristics#compile#obj_sizes#compress.o#mean_imp": 0.9514563106796117, 
  "##characteristics#compile#obj_sizes#compress.o#min": 1648, 
  "##characteristics#compile#obj_sizes#compress.o#min_imp": 0.9514563106796117, 
  "##characteristics#compile#obj_sizes#compress.o#range": 0, 
  "##characteristics#compile#obj_sizes#compress.o#range_percent": 0, 
  "##characteristics#compile#obj_sizes#compress.o#repeats": 1, 
  "##characteristics#compile#obj_sizes#crc32.o#all": [
    10956
  ], 
  "##characteristics#compile#obj_sizes#crc32.o#all_unique": [
    10956
  ], 
  "##characteristics#compile#obj_sizes#crc32.o#center": 10956, 
  "##characteristics#compile#obj_sizes#crc32.o#center_imp": 0.9926980649872216, 
  "##characteristics#compile#obj_sizes#crc32.o#halfrange": 0, 
  "##characteristics#compile#obj_sizes#crc32.o#max": 10956, 
  "##characteristics#compile#obj_sizes#crc32.o#mean": 10956.0, 
  "##characteristics#compile#obj_sizes#crc32.o#mean_imp": 0.9926980649872216, 
  "##characteristics#compile#obj_sizes#crc32.o#min": 10956, 
  "##characteristics#compile#obj_sizes#crc32.o#min_imp": 0.9926980649872216, 
  "##characteristics#compile#obj_sizes#crc32.o#range": 0, 
  "##characteristics#compile#obj_sizes#crc32.o#range_percent": 0, 
  "##characteristics#compile#obj_sizes#crc32.o#repeats": 1, 
  "##characteristics#compile#obj_sizes#ctuning-rtl.o#all": [
    4700
  ], 
  "##characteristics#compile#obj_sizes#ctuning-rtl.o#all_unique": [
    4700
  ], 
  "##characteristics#compile#obj_sizes#ctuning-rtl.o#center": 4700, 
  "##characteristics#compile#obj_sizes#ctuning-rtl.o#center_imp": 0.985531914893617, 
  "##characteristics#compile#obj_sizes#ctuning-rtl.o#halfrange": 0, 
  "##characteristics#compile#obj_sizes#ctuning-rtl.o#max": 4700, 
  "##characteristics#compile#obj_sizes#ctuning-rtl.o#mean": 4700.0, 
  "##characteristics#compile#obj_sizes#ctuning-rtl.o#mean_imp": 0.985531914893617, 
  "##characteristics#compile#obj_sizes#ctuning-rtl.o#min": 4700, 
  "##characteristics#compile#obj_sizes#ctuning-rtl.o#min_imp": 0.985531914893617, 
  "##characteristics#compile#obj_sizes#ctuning-rtl.o#range": 0, 
  "##characteristics#compile#obj_sizes#ctuning-rtl.o#range_percent": 0, 
  "##characteristics#compile#obj_sizes#ctuning-rtl.o#repeats": 1, 
  "##characteristics#compile#obj_sizes#deflate.o#all": [
    20308
  ], 
  "##characteristics#compile#obj_sizes#deflate.o#all_unique": [
    20308
  ], 
  "##characteristics#compile#obj_sizes#deflate.o#center": 20308, 
  "##characteristics#compile#obj_sizes#deflate.o#center_imp": 0.9933031317707307, 
  "##characteristics#compile#obj_sizes#deflate.o#halfrange": 0, 
  "##characteristics#compile#obj_sizes#deflate.o#max": 20308, 
  "##characteristics#compile#obj_sizes#deflate.o#mean": 20308.0, 
  "##characteristics#compile#obj_sizes#deflate.o#mean_imp": 0.9933031317707307, 
  "##characteristics#compile#obj_sizes#deflate.o#min": 20308, 
  "##characteristics#compile#obj_sizes#deflate.o#min_imp": 0.9933031317707307, 
  "##characteristics#compile#obj_sizes#deflate.o#range": 0, 
  "##characteristics#compile#obj_sizes#deflate.o#range_percent": 0, 
  "##characteristics#compile#obj_sizes#deflate.o#repeats": 1, 
  "##characteristics#compile#obj_sizes#gzclose.o#all": [
    1056
  ], 
  "##characteristics#compile#obj_sizes#gzclose.o#all_unique": [
    1056
  ], 
  "##characteristics#compile#obj_sizes#gzclose.o#center": 1056, 
  "##characteristics#compile#obj_sizes#gzclose.o#center_imp": 0.928030303030303, 
  "##characteristics#compile#obj_sizes#gzclose.o#halfrange": 0, 
  "##characteristics#compile#obj_sizes#gzclose.o#max": 1056, 
  "##characteristics#compile#obj_sizes#gzclose.o#mean": 1056.0, 
  "##characteristics#compile#obj_sizes#gzclose.o#mean_imp": 0.928030303030303, 
  "##characteristics#compile#obj_sizes#gzclose.o#min": 1056, 
  "##characteristics#compile#obj_sizes#gzclose.o#min_imp": 0.928030303030303, 
  "##characteristics#compile#obj_sizes#gzclose.o#range": 0, 
  "##characteristics#compile#obj_sizes#gzclose.o#range_percent": 0, 
  "##characteristics#compile#obj_sizes#gzclose.o#repeats": 1, 
  "##characteristics#compile#obj_sizes#gzlib.o#all": [
    6416
  ], 
  "##characteristics#compile#obj_sizes#gzlib.o#all_unique": [
    6416
  ], 
  "##characteristics#compile#obj_sizes#gzlib.o#center": 6416, 
  "##characteristics#compile#obj_sizes#gzlib.o#center_imp": 0.9819201995012469, 
  "##characteristics#compile#obj_sizes#gzlib.o#halfrange": 0, 
  "##characteristics#compile#obj_sizes#gzlib.o#max": 6416, 
  "##characteristics#compile#obj_sizes#gzlib.o#mean": 6416.0, 
  "##characteristics#compile#obj_sizes#gzlib.o#mean_imp": 0.9819201995012469, 
  "##characteristics#compile#obj_sizes#gzlib.o#min": 6416, 
  "##characteristics#compile#obj_sizes#gzlib.o#min_imp": 0.9819201995012469, 
  "##characteristics#compile#obj_sizes#gzlib.o#range": 0, 
  "##characteristics#compile#obj_sizes#gzlib.o#range_percent": 0, 
  "##characteristics#compile#obj_sizes#gzlib.o#repeats": 1, 
  "##characteristics#compile#obj_sizes#gzread.o#all": [
    5960
  ], 
  "##characteristics#compile#obj_sizes#gzread.o#all_unique": [
    5960
  ], 
  "##characteristics#compile#obj_sizes#gzread.o#center": 5960, 
  "##characteristics#compile#obj_sizes#gzread.o#center_imp": 0.9691275167785235, 
  "##characteristics#compile#obj_sizes#gzread.o#halfrange": 0, 
  "##characteristics#compile#obj_sizes#gzread.o#max": 5960, 
  "##characteristics#compile#obj_sizes#gzread.o#mean": 5960.0, 
  "##characteristics#compile#obj_sizes#gzread.o#mean_imp": 0.9691275167785235, 
  "##characteristics#compile#obj_sizes#gzread.o#min": 5960, 
  "##characteristics#compile#obj_sizes#gzread.o#min_imp": 0.9691275167785235, 
  "##characteristics#compile#obj_sizes#gzread.o#range": 0, 
  "##characteristics#compile#obj_sizes#gzread.o#range_percent": 0, 
  "##characteristics#compile#obj_sizes#gzread.o#repeats": 1, 
  "##characteristics#compile#obj_sizes#gzwrite.o#all": [
    9200
  ], 
  "##characteristics#compile#obj_sizes#gzwrite.o#all_unique": [
    9200
  ], 
  "##characteristics#compile#obj_sizes#gzwrite.o#center": 9200, 
  "##characteristics#compile#obj_sizes#gzwrite.o#center_imp": 1.1156521739130434, 
  "##characteristics#compile#obj_sizes#gzwrite.o#halfrange": 0, 
  "##characteristics#compile#obj_sizes#gzwrite.o#max": 9200, 
  "##characteristics#compile#obj_sizes#gzwrite.o#mean": 9200.0, 
  "##characteristics#compile#obj_sizes#gzwrite.o#mean_imp": 1.1156521739130434, 
  "##characteristics#compile#obj_sizes#gzwrite.o#min": 9200, 
  "##characteristics#compile#obj_sizes#gzwrite.o#min_imp": 1.1156521739130434, 
  "##characteristics#compile#obj_sizes#gzwrite.o#range": 0, 
  "##characteristics#compile#obj_sizes#gzwrite.o#range_percent": 0, 
  "##characteristics#compile#obj_sizes#gzwrite.o#repeats": 1, 
  "##characteristics#compile#obj_sizes#infback.o#all": [
    9552
  ], 
  "##characteristics#compile#obj_sizes#infback.o#all_unique": [
    9552
  ], 
  "##characteristics#compile#obj_sizes#infback.o#center": 9552, 
  "##characteristics#compile#obj_sizes#infback.o#center_imp": 1.0020938023450587, 
  "##characteristics#compile#obj_sizes#infback.o#halfrange": 0, 
  "##characteristics#compile#obj_sizes#infback.o#max": 9552, 
  "##characteristics#compile#obj_sizes#infback.o#mean": 9552.0, 
  "##characteristics#compile#obj_sizes#infback.o#mean_imp": 1.0020938023450587, 
  "##characteristics#compile#obj_sizes#infback.o#min": 9552, 
  "##characteristics#compile#obj_sizes#infback.o#min_imp": 1.0020938023450587, 
  "##characteristics#compile#obj_sizes#infback.o#range": 0, 
  "##characteristics#compile#obj_sizes#infback.o#range_percent": 0, 
  "##characteristics#compile#obj_sizes#infback.o#repeats": 1, 
  "##characteristics#compile#obj_sizes#inffast.o#all": [
    4160
  ], 
  "##characteristics#compile#obj_sizes#inffast.o#all_unique": [
    4160
  ], 
  "##characteristics#compile#obj_sizes#inffast.o#center": 4160, 
  "##characteristics#compile#obj_sizes#inffast.o#center_imp": 0.9605769230769231, 
  "##characteristics#compile#obj_sizes#inffast.o#halfrange": 0, 
  "##characteristics#compile#obj_sizes#inffast.o#max": 4160, 
  "##characteristics#compile#obj_sizes#inffast.o#mean": 4160.0, 
  "##characteristics#compile#obj_sizes#inffast.o#mean_imp": 0.9605769230769231, 
  "##characteristics#compile#obj_sizes#inffast.o#min": 4160, 
  "##characteristics#compile#obj_sizes#inffast.o#min_imp": 0.9605769230769231, 
  "##characteristics#compile#obj_sizes#inffast.o#range": 0, 
  "##characteristics#compile#obj_sizes#inffast.o#range_percent": 0, 
  "##characteristics#compile#obj_sizes#inffast.o#repeats": 1, 
  "##characteristics#compile#obj_sizes#inflate.o#all": [
    16652
  ], 
  "##characteristics#compile#obj_sizes#inflate.o#all_unique": [
    16652
  ], 
  "##characteristics#compile#obj_sizes#inflate.o#center": 16652, 
  "##characteristics#compile#obj_sizes#inflate.o#center_imp": 1.0064857074225317, 
  "##characteristics#compile#obj_sizes#inflate.o#halfrange": 0, 
  "##characteristics#compile#obj_sizes#inflate.o#max": 16652, 
  "##characteristics#compile#obj_sizes#inflate.o#mean": 16652.0, 
  "##characteristics#compile#obj_sizes#inflate.o#mean_imp": 1.0064857074225317, 
  "##characteristics#compile#obj_sizes#inflate.o#min": 16652, 
  "##characteristics#compile#obj_sizes#inflate.o#min_imp": 1.0064857074225317, 
  "##characteristics#compile#obj_sizes#inflate.o#range": 0, 
  "##characteristics#compile#obj_sizes#inflate.o#range_percent": 0, 
  "##characteristics#compile#obj_sizes#inflate.o#repeats": 1, 
  "##characteristics#compile#obj_sizes#inftrees.o#all": [
    4460
  ], 
  "##characteristics#compile#obj_sizes#inftrees.o#all_unique": [
    4460
  ], 
  "##characteristics#compile#obj_sizes#inftrees.o#center": 4460, 
  "##characteristics#compile#obj_sizes#inftrees.o#center_imp": 0.9910313901345291, 
  "##characteristics#compile#obj_sizes#inftrees.o#halfrange": 0, 
  "##characteristics#compile#obj_sizes#inftrees.o#max": 4460, 
  "##characteristics#compile#obj_sizes#inftrees.o#mean": 4460.0, 
  "##characteristics#compile#obj_sizes#inftrees.o#mean_imp": 0.9910313901345291, 
  "##characteristics#compile#obj_sizes#inftrees.o#min": 4460, 
  "##characteristics#compile#obj_sizes#inftrees.o#min_imp": 0.9910313901345291, 
  "##characteristics#compile#obj_sizes#inftrees.o#range": 0, 
  "##characteristics#compile#obj_sizes#inftrees.o#range_percent": 0, 
  "##characteristics#compile#obj_sizes#inftrees.o#repeats": 1, 
  "##characteristics#compile#obj_sizes#trees.o#all": [
    14468
  ], 
  "##characteristics#compile#obj_sizes#trees.o#all_unique": [
    14468
  ], 
  "##characteristics#compile#obj_sizes#trees.o#center": 14468, 
  "##characteristics#compile#obj_sizes#trees.o#center_imp": 0.9803704727674869, 
  "##characteristics#compile#obj_sizes#trees.o#halfrange": 0, 
  "##characteristics#compile#obj_sizes#trees.o#max": 14468, 
  "##characteristics#compile#obj_sizes#trees.o#mean": 14468.0, 
  "##characteristics#compile#obj_sizes#trees.o#mean_imp": 0.9803704727674869, 
  "##characteristics#compile#obj_sizes#trees.o#min": 14468, 
  "##characteristics#compile#obj_sizes#trees.o#min_imp": 0.9803704727674869, 
  "##characteristics#compile#obj_sizes#trees.o#range": 0, 
  "##characteristics#compile#obj_sizes#trees.o#range_percent": 0, 
  "##characteristics#compile#obj_sizes#trees.o#repeats": 1, 
  "##characteristics#compile#obj_sizes#uncompr.o#all": [
    1348
  ], 
  "##characteristics#compile#obj_sizes#uncompr.o#all_unique": [
    1348
  ], 
  "##characteristics#compile#obj_sizes#uncompr.o#center": 1348, 
  "##characteristics#compile#obj_sizes#uncompr.o#center_imp": 0.9436201780415431, 
  "##characteristics#compile#obj_sizes#uncompr.o#halfrange": 0, 
  "##characteristics#compile#obj_sizes#uncompr.o#max": 1348, 
  "##characteristics#compile#obj_sizes#uncompr.o#mean": 1348.0, 
  "##characteristics#compile#obj_sizes#uncompr.o#mean_imp": 0.9436201780415431, 
  "##characteristics#compile#obj_sizes#uncompr.o#min": 1348, 
  "##characteristics#compile#obj_sizes#uncompr.o#min_imp": 0.9436201780415431, 
  "##characteristics#compile#obj_sizes#uncompr.o#range": 0, 
  "##characteristics#compile#obj_sizes#uncompr.o#range_percent": 0, 
  "##characteristics#compile#obj_sizes#uncompr.o#repeats": 1, 
  "##characteristics#compile#obj_sizes#zutil.o#all": [
    1728
  ], 
  "##characteristics#compile#obj_sizes#zutil.o#all_unique": [
    1728
  ], 
  "##characteristics#compile#obj_sizes#zutil.o#center": 1728, 
  "##characteristics#compile#obj_sizes#zutil.o#center_imp": 0.9537037037037037, 
  "##characteristics#compile#obj_sizes#zutil.o#halfrange": 0, 
  "##characteristics#compile#obj_sizes#zutil.o#max": 1728, 
  "##characteristics#compile#obj_sizes#zutil.o#mean": 1728.0, 
  "##characteristics#compile#obj_sizes#zutil.o#mean_imp": 0.9537037037037037, 
  "##characteristics#compile#obj_sizes#zutil.o#min": 1728, 
  "##characteristics#compile#obj_sizes#zutil.o#min_imp": 0.9537037037037037, 
  "##characteristics#compile#obj_sizes#zutil.o#range": 0, 
  "##characteristics#compile#obj_sizes#zutil.o#range_percent": 0, 
  "##characteristics#compile#obj_sizes#zutil.o#repeats": 1, 
  "##characteristics#compile#program_git_hash#all": [
    "04641ea86f9615c4bdca36af53651658ecea444c"
  ], 
  "##characteristics#compile#program_git_hash#all_unique": [
    "04641ea86f9615c4bdca36af53651658ecea444c"
  ], 
  "##characteristics#compile#program_git_hash#min": "04641ea86f9615c4bdca36af53651658ecea444c", 
  "##characteristics#compile#program_git_hash#min_imp": 0, 
  "##characteristics#compile#program_git_hash#repeats": 1, 
  "##characteristics#run#execution_time#all": [
    0.5014308947368421, 
    0.5256061578947367, 
    0.5321388947368422, 
    0.5071983157894737
  ], 
  "##characteristics#run#execution_time#all_unique": [
    0.5014308947368421, 
    0.5256061578947367, 
    0.5321388947368422, 
    0.5071983157894737
  ], 
  "##characteristics#run#execution_time#center": 0.5167848947368421, 
  "##characteristics#run#execution_time#center_imp": 0.9562151126097155, 
  "##characteristics#run#execution_time#halfrange": 0.015354000000000034, 
  "##characteristics#run#execution_time#max": 0.5321388947368422, 
  "##characteristics#run#execution_time#mean": 0.5165935657894737, 
  "##characteristics#run#execution_time#mean_imp": 0.9559225412648154, 
  "##characteristics#run#execution_time#min": 0.5014308947368421, 
  "##characteristics#run#execution_time#min_imp": 0.9709438893138131, 
  "##characteristics#run#execution_time#range": 0.03070800000000007, 
  "##characteristics#run#execution_time#range_percent": 0.061240741889500155, 
  "##characteristics#run#execution_time#repeats": 4, 
  "##characteristics#run#execution_time_kernel_0#all": [
    9.527187, 
    9.986517, 
    10.110639, 
    9.636768
  ], 
  "##characteristics#run#execution_time_kernel_0#all_unique": [
    9.527187, 
    9.986517, 
    10.110639, 
    9.636768
  ], 
  "##characteristics#run#execution_time_kernel_0#center": 9.818913, 
  "##characteristics#run#execution_time_kernel_0#center_imp": 0.9562151126097155, 
  "##characteristics#run#execution_time_kernel_0#halfrange": 0.2917260000000006, 
  "##characteristics#run#execution_time_kernel_0#max": 10.110639, 
  "##characteristics#run#execution_time_kernel_0#mean": 9.81527775, 
  "##characteristics#run#execution_time_kernel_0#mean_imp": 0.9559225412648155, 
  "##characteristics#run#execution_time_kernel_0#min": 9.527187, 
  "##characteristics#run#execution_time_kernel_0#min_imp": 0.9709438893138131, 
  "##characteristics#run#execution_time_kernel_0#range": 0.5834520000000012, 
  "##characteristics#run#execution_time_kernel_0#range_percent": 0.06124074188950014, 
  "##characteristics#run#execution_time_kernel_0#repeats": 4, 
  "##characteristics#run#execution_time_with_module#all": [
    10.25790810585022, 
    10.718955993652344, 
    10.847550868988037, 
    10.364723205566406
  ], 
  "##characteristics#run#execution_time_with_module#all_unique": [
    10.25790810585022, 
    10.718955993652344, 
    10.847550868988037, 
    10.364723205566406
  ], 
  "##characteristics#run#execution_time_with_module#center": 10.552729487419128, 
  "##characteristics#run#execution_time_with_module#center_imp": 1.0597257804271267, 
  "##characteristics#run#execution_time_with_module#halfrange": 0.2948213815689087, 
  "##characteristics#run#execution_time_with_module#max": 10.847550868988037, 
  "##characteristics#run#execution_time_with_module#mean": 10.547284543514252, 
  "##characteristics#run#execution_time_with_module#mean_imp": 1.0125835194828605, 
  "##characteristics#run#execution_time_with_module#min": 10.25790810585022, 
  "##characteristics#run#execution_time_with_module#min_imp": 0.9728435830649705, 
  "##characteristics#run#execution_time_with_module#range": 0.5896427631378174, 
  "##characteristics#run#execution_time_with_module#range_percent": 0.05748177474913588, 
  "##characteristics#run#execution_time_with_module#repeats": 4, 
  "##characteristics#run#repeat#all": [
    19, 
    19, 
    19, 
    19
  ], 
  "##characteristics#run#repeat#all_unique": [
    19
  ], 
  "##characteristics#run#repeat#center": 19, 
  "##characteristics#run#repeat#center_imp": 1.0, 
  "##characteristics#run#repeat#halfrange": 0, 
  "##characteristics#run#repeat#max": 19, 
  "##characteristics#run#repeat#mean": 19.0, 
  "##characteristics#run#repeat#mean_imp": 1.0, 
  "##characteristics#run#repeat#min": 19, 
  "##characteristics#run#repeat#min_imp": 1.0, 
  "##characteristics#run#repeat#range": 0, 
  "##characteristics#run#repeat#range_percent": 0, 
  "##characteristics#run#repeat#repeats": 4, 
  "##characteristics#run#return_code#all": [
    0, 
    0, 
    0, 
    0
  ], 
  "##characteristics#run#return_code#all_unique": [
    0
  ], 
  "##characteristics#run#return_code#center": 0, 
  "##characteristics#run#return_code#halfrange": 0, 
  "##characteristics#run#return_code#max": 0, 
  "##characteristics#run#return_code#mean": 0.0, 
  "##characteristics#run#return_code#min": 0, 
  "##characteristics#run#return_code#min_imp": 1, 
  "##characteristics#run#return_code#range": 0, 
  "##characteristics#run#return_code#repeats": 4, 
  "##characteristics#run#run_success#all": [
    "yes", 
    "yes", 
    "yes", 
    "yes"
  ], 
  "##characteristics#run#run_success#all_unique": [
    "yes"
  ], 
  "##characteristics#run#run_success#min": "yes", 
  "##characteristics#run#run_success#min_imp": 1, 
  "##characteristics#run#run_success#repeats": 4, 
  "##characteristics#run#run_success_bool#all": [
    true, 
    true, 
    true, 
    true
  ], 
  "##characteristics#run#run_success_bool#all_unique": [
    true
  ], 
  "##characteristics#run#run_success_bool#min": true, 
  "##characteristics#run#run_success_bool#min_imp": 1, 
  "##characteristics#run#run_success_bool#repeats": 4, 
  "##characteristics#run#total_execution_time#all": [
    9.527187, 
    9.986517, 
    10.110639, 
    9.636768
  ], 
  "##characteristics#run#total_execution_time#all_unique": [
    9.527187, 
    9.986517, 
    10.110639, 
    9.636768
  ], 
  "##characteristics#run#total_execution_time#center": 9.818913, 
  "##characteristics#run#total_execution_time#center_imp": 0.9562151126097155, 
  "##characteristics#run#total_execution_time#halfrange": 0.2917260000000006, 
  "##characteristics#run#total_execution_time#max": 10.110639, 
  "##characteristics#run#total_execution_time#mean": 9.81527775, 
  "##characteristics#run#total_execution_time#mean_imp": 0.9559225412648155, 
  "##characteristics#run#total_execution_time#min": 9.527187, 
  "##characteristics#run#total_execution_time#min_imp": 0.9709438893138131, 
  "##characteristics#run#total_execution_time#range": 0.5834520000000012, 
  "##characteristics#run#total_execution_time#range_percent": 0.06124074188950014, 
  "##characteristics#run#total_execution_time#repeats": 4
}
