{
  "characteristics_list": [
    {
      "compile": {
        "binary_size": 102012, 
        "compilation_success": "yes", 
        "compilation_success_bool": true, 
        "compilation_time": 104.55507302284241, 
        "compilation_time_with_module": 109.49882507324219, 
        "joined_compiler_flags": "-O3 -fcse-skip-blocks -ffloat-store -fgraphite-identity -fno-indirect-inlining -fipa-reference -fkeep-inline-functions -flive-range-shrinkage -fno-prefetch-loop-arrays -fno-rounding-math -fno-sched-last-insn-heuristic -fno-sched-spec-load -fno-schedule-insns -ftree-copy-prop -fno-tree-dse -ftree-loop-if-convert-stores -ftree-reassoc", 
        "md5_sum": "a217a61d1db9fe5c7a16f13cf9a913b7", 
        "obj_size": 115704, 
        "obj_sizes": {
          "adler32.o": 2840, 
          "compress.o": 1648, 
          "crc32.o": 10888, 
          "ctuning-rtl.o": 4708, 
          "deflate.o": 19868, 
          "gzclose.o": 1056, 
          "gzlib.o": 6380, 
          "gzread.o": 5896, 
          "gzwrite.o": 10332, 
          "infback.o": 9560, 
          "inffast.o": 4100, 
          "inflate.o": 16728, 
          "inftrees.o": 4480, 
          "trees.o": 14144, 
          "uncompr.o": 1348, 
          "zutil.o": 1728
        }, 
        "program_git_hash": "04641ea86f9615c4bdca36af53651658ecea444c"
      }, 
      "run": {
        "execution_time": 0.5181138421052631, 
        "execution_time_kernel_0": 9.844163, 
        "execution_time_with_module": 10.570013046264648, 
        "repeat": 19, 
        "return_code": 0, 
        "run_success": "yes", 
        "run_success_bool": true, 
        "total_execution_time": 9.844163
      }
    }, 
    {
      "run": {
        "execution_time": 0.5339207368421053, 
        "execution_time_kernel_0": 10.144494, 
        "execution_time_with_module": 10.876910924911499, 
        "repeat": 19, 
        "return_code": 0, 
        "run_success": "yes", 
        "run_success_bool": true, 
        "total_execution_time": 10.144494
      }
    }, 
    {
      "run": {
        "execution_time": 0.5146120526315789, 
        "execution_time_kernel_0": 9.777629, 
        "execution_time_with_module": 10.524912118911743, 
        "repeat": 19, 
        "return_code": 0, 
        "run_success": "yes", 
        "run_success_bool": true, 
        "total_execution_time": 9.777629
      }
    }, 
    {
      "run": {
        "execution_time": 0.5131491052631579, 
        "execution_time_kernel_0": 9.749833, 
        "execution_time_with_module": 10.488492012023926, 
        "repeat": 19, 
        "return_code": 0, 
        "run_success": "yes", 
        "run_success_bool": true, 
        "total_execution_time": 9.749833
      }
    }
  ], 
  "choices": {
    "calibration_time": 10.0, 
    "cmd_key": "encode", 
    "compile_type": "dynamic", 
    "compiler_description_uoa": "gcc-4.9.0-auto", 
    "compiler_flags": {
      "base_opt": "-O3", 
      "bool-cse-skip-blocks": "-fcse-skip-blocks", 
      "bool-float-store": "-ffloat-store", 
      "bool-graphite-identity": "-fgraphite-identity", 
      "bool-indirect-inlining": "-fno-indirect-inlining", 
      "bool-ipa-reference": "-fipa-reference", 
      "bool-keep-inline-functions": "-fkeep-inline-functions", 
      "bool-live-range-shrinkage": "-flive-range-shrinkage", 
      "bool-prefetch-loop-arrays": "-fno-prefetch-loop-arrays", 
      "bool-rounding-math": "-fno-rounding-math", 
      "bool-sched-last-insn-heuristic": "-fno-sched-last-insn-heuristic", 
      "bool-sched-spec-load": "-fno-sched-spec-load", 
      "bool-schedule-insns": "-fno-schedule-insns", 
      "bool-tree-copy-prop": "-ftree-copy-prop", 
      "bool-tree-dse": "-fno-tree-dse", 
      "bool-tree-loop-if-convert-stores": "-ftree-loop-if-convert-stores", 
      "bool-tree-reassoc": "-ftree-reassoc"
    }, 
    "data_uoa": "zlib", 
    "dataset_file": "data.wav", 
    "dataset_uoa": "audio-wav-0001", 
    "device_cfg": {}, 
    "device_id": "", 
    "host_os": "linux-32", 
    "module_uoa": "b0ac08fe1d3c2615", 
    "no_state_check": "yes", 
    "program_tags": "", 
    "repeat": 19, 
    "target": "", 
    "target_os": "linux-32", 
    "target_os_bits": "32"
  }, 
  "choices_order": [
    "##compiler_flags#base_opt", 
    "##compiler_flags#bool-cse-skip-blocks", 
    "##compiler_flags#bool-float-store", 
    "##compiler_flags#bool-graphite-identity", 
    "##compiler_flags#bool-indirect-inlining", 
    "##compiler_flags#bool-ipa-reference", 
    "##compiler_flags#bool-keep-inline-functions", 
    "##compiler_flags#bool-live-range-shrinkage", 
    "##compiler_flags#bool-prefetch-loop-arrays", 
    "##compiler_flags#bool-rounding-math", 
    "##compiler_flags#bool-sched-last-insn-heuristic", 
    "##compiler_flags#bool-sched-spec-load", 
    "##compiler_flags#bool-schedule-insns", 
    "##compiler_flags#bool-tree-copy-prop", 
    "##compiler_flags#bool-tree-dse", 
    "##compiler_flags#bool-tree-loop-if-convert-stores", 
    "##compiler_flags#bool-tree-reassoc"
  ], 
  "features": {
    "compiler_version": {
      "list": [
        4, 
        9, 
        2
      ], 
      "raw": [
        "gcc-4.9 (Raspbian 4.9.2-10) 4.9.2", 
        "Copyright (C) 2014 Free Software Foundation, Inc.", 
        "This is free software; see the source for copying conditions.  There is NO", 
        "warranty; not even for MERCHANTABILITY or FITNESS FOR A PARTICULAR PURPOSE.", 
        "", 
        ""
      ], 
      "str": "4.9.2"
    }, 
    "dataset": {
      "total_size": 311096
    }, 
    "number_of_selected_compiler_flags": 17, 
    "platform": {
      "cpu": {
        "all_freqs": {
          "0": [
            700000, 
            700000
          ]
        }, 
        "cpu_abi": "", 
        "cpu_features": "half thumb fastmult vfp edsp java tls", 
        "current_freq": {
          "0": 700.0
        }, 
        "max_freq": {
          "0": 700.0
        }, 
        "name": "BCM2708", 
        "num_proc": "1", 
        "sub_name": "ARMv6-compatible processor rev 7 (v6l)", 
        "workload_automation": {
          "device_config": {
            "core_clusters": [
              0
            ], 
            "core_names": [
              "BCM2708"
            ]
          }
        }
      }, 
      "cpu_misc": {
        "0": {
          "BogoMIPS": "697.95", 
          "CPU architecture": "7", 
          "CPU implementer": "0x41", 
          "CPU part": "0xb76", 
          "CPU revision": "7", 
          "CPU variant": "0x0", 
          "Features": "half thumb fastmult vfp edsp java tls", 
          "Hardware": "BCM2708", 
          "Revision": "0013", 
          "Serial": "00000000999033c3", 
          "all_freqs": [
            "0", 
            "0"
          ], 
          "ck_cpu_name": "BCM2708", 
          "ck_cpu_subname": "ARMv6-compatible processor rev 7 (v6l)", 
          "cpu_features": "half thumb fastmult vfp edsp java tls", 
          "cur_freq": 700.0, 
          "max_freq": 700.0, 
          "model name": "ARMv6-compatible processor rev 7 (v6l)", 
          "processor": "0"
        }
      }, 
      "cpu_new_format": "", 
      "cpu_unique": [
        {
          "BogoMIPS": "697.95", 
          "CPU architecture": "7", 
          "CPU implementer": "0x41", 
          "CPU part": "0xb76", 
          "CPU revision": "7", 
          "CPU variant": "0x0", 
          "Features": "half thumb fastmult vfp edsp java tls", 
          "Hardware": "BCM2708", 
          "Revision": "0013", 
          "Serial": "00000000999033c3", 
          "all_freqs": [
            "0", 
            "0"
          ], 
          "ck_cpu_name": "BCM2708", 
          "ck_cpu_subname": "ARMv6-compatible processor rev 7 (v6l)", 
          "cpu_features": "half thumb fastmult vfp edsp java tls", 
          "cur_freq": 700.0, 
          "max_freq": 700.0, 
          "model name": "ARMv6-compatible processor rev 7 (v6l)", 
          "processor": "0"
        }
      ], 
      "gpu": {
        "name": "", 
        "vendor": ""
      }, 
      "gpu_misc": {}, 
      "os": {
        "abi": "armv6l", 
        "bits": "32", 
        "ck_os_base_uoa": "", 
        "ck_os_uoa": "linux-32", 
        "name": "Linux 4.4.21+", 
        "name_long": "Linux-4.4.21+-armv6l-with-debian-8.0", 
        "name_short": "Linux 4.4.21+", 
        "serial_number": ""
      }, 
      "os_misc": {}, 
      "platform": {
        "model": "", 
        "name": "", 
        "vendor": ""
      }, 
      "platform_misc": {}
    }, 
    "solution_uid": "61764d46879edf84", 
    "statistical_repetitions": 4
  }
}
