{
  "characteristics_list": [
    {
      "compile": {
        "binary_size": 88600, 
        "compilation_success": "yes", 
        "compilation_success_bool": true, 
        "compilation_time": 75.09214496612549, 
        "compilation_time_with_module": 80.05387616157532, 
        "joined_compiler_flags": "-O3 -fno-check-data-deps -fcse-follow-jumps -fno-function-cse -fno-gcse -fno-gcse-after-reload -fno-gcse-las -fno-inline-functions -fno-live-range-shrinkage -fno-sel-sched-pipelining-outer-loops -fsplit-ivs-in-unroller -fno-thread-jumps -ftree-coalesce-vars -ftree-dominator-opts -fno-tree-pre -fno-unit-at-a-time -fvect-cost-model -fno-vpt", 
        "md5_sum": "72b84ec2118ee1de1efc0cb282cbc868", 
        "obj_size": 100800, 
        "obj_sizes": {
          "adler32.o": 2280, 
          "compress.o": 1372, 
          "crc32.o": 10732, 
          "ctuning-rtl.o": 4656, 
          "deflate.o": 15248, 
          "gzclose.o": 980, 
          "gzlib.o": 5392, 
          "gzread.o": 5448, 
          "gzwrite.o": 5216, 
          "infback.o": 9380, 
          "inffast.o": 4100, 
          "inflate.o": 15280, 
          "inftrees.o": 4308, 
          "trees.o": 13488, 
          "uncompr.o": 1272, 
          "zutil.o": 1648
        }, 
        "program_git_hash": "04641ea86f9615c4bdca36af53651658ecea444c"
      }, 
      "run": {
        "execution_time": 0.5026035263157894, 
        "execution_time_kernel_0": 9.549467, 
        "execution_time_with_module": 10.279916048049927, 
        "repeat": 19, 
        "return_code": 0, 
        "run_success": "yes", 
        "run_success_bool": true, 
        "total_execution_time": 9.549467
      }
    }, 
    {
      "run": {
        "execution_time": 0.5203489473684211, 
        "execution_time_kernel_0": 9.88663, 
        "execution_time_with_module": 10.613269090652466, 
        "repeat": 19, 
        "return_code": 0, 
        "run_success": "yes", 
        "run_success_bool": true, 
        "total_execution_time": 9.88663
      }
    }, 
    {
      "run": {
        "execution_time": 0.4978564736842105, 
        "execution_time_kernel_0": 9.459273, 
        "execution_time_with_module": 10.849992990493774, 
        "repeat": 19, 
        "return_code": 0, 
        "run_success": "yes", 
        "run_success_bool": true, 
        "total_execution_time": 9.459273
      }
    }, 
    {
      "run": {
        "execution_time": 0.5386327368421052, 
        "execution_time_kernel_0": 10.234022, 
        "execution_time_with_module": 10.957457065582275, 
        "repeat": 19, 
        "return_code": 0, 
        "run_success": "yes", 
        "run_success_bool": true, 
        "total_execution_time": 10.234022
      }
    }
  ], 
  "choices": {
    "calibration_time": 10.0, 
    "cmd_key": "encode", 
    "compile_type": "dynamic", 
    "compiler_description_uoa": "gcc-4.9.0-auto", 
    "compiler_flags": {
      "base_opt": "-O3", 
      "bool-check-data-deps": "-fno-check-data-deps", 
      "bool-cse-follow-jumps": "-fcse-follow-jumps", 
      "bool-function-cse": "-fno-function-cse", 
      "bool-gcse": "-fno-gcse", 
      "bool-gcse-after-reload": "-fno-gcse-after-reload", 
      "bool-gcse-las": "-fno-gcse-las", 
      "bool-inline-functions": "-fno-inline-functions", 
      "bool-live-range-shrinkage": "-fno-live-range-shrinkage", 
      "bool-sel-sched-pipelining-outer-loops": "-fno-sel-sched-pipelining-outer-loops", 
      "bool-split-ivs-in-unroller": "-fsplit-ivs-in-unroller", 
      "bool-thread-jumps": "-fno-thread-jumps", 
      "bool-tree-coalesce-vars": "-ftree-coalesce-vars", 
      "bool-tree-dominator-opts": "-ftree-dominator-opts", 
      "bool-tree-pre": "-fno-tree-pre", 
      "bool-unit-at-a-time": "-fno-unit-at-a-time", 
      "bool-vect-cost-model": "-fvect-cost-model", 
      "bool-vpt": "-fno-vpt"
    }, 
    "data_uoa": "zlib", 
    "dataset_file": "data.wav", 
    "dataset_uoa": "audio-wav-0001", 
    "device_cfg": {}, 
    "device_id": "", 
    "host_os": "linux-32", 
    "module_uoa": "b0ac08fe1d3c2615", 
    "no_state_check": "yes", 
    "program_tags": "", 
    "repeat": 19, 
    "target": "", 
    "target_os": "linux-32", 
    "target_os_bits": "32"
  }, 
  "choices_order": [
    "##compiler_flags#base_opt", 
    "##compiler_flags#bool-check-data-deps", 
    "##compiler_flags#bool-cse-follow-jumps", 
    "##compiler_flags#bool-function-cse", 
    "##compiler_flags#bool-gcse", 
    "##compiler_flags#bool-gcse-after-reload", 
    "##compiler_flags#bool-gcse-las", 
    "##compiler_flags#bool-inline-functions", 
    "##compiler_flags#bool-live-range-shrinkage", 
    "##compiler_flags#bool-sel-sched-pipelining-outer-loops", 
    "##compiler_flags#bool-split-ivs-in-unroller", 
    "##compiler_flags#bool-thread-jumps", 
    "##compiler_flags#bool-tree-coalesce-vars", 
    "##compiler_flags#bool-tree-dominator-opts", 
    "##compiler_flags#bool-tree-pre", 
    "##compiler_flags#bool-unit-at-a-time", 
    "##compiler_flags#bool-vect-cost-model", 
    "##compiler_flags#bool-vpt"
  ], 
  "features": {
    "compiler_version": {
      "list": [
        4, 
        9, 
        2
      ], 
      "raw": [
        "gcc-4.9 (Raspbian 4.9.2-10) 4.9.2", 
        "Copyright (C) 2014 Free Software Foundation, Inc.", 
        "This is free software; see the source for copying conditions.  There is NO", 
        "warranty; not even for MERCHANTABILITY or FITNESS FOR A PARTICULAR PURPOSE.", 
        "", 
        ""
      ], 
      "str": "4.9.2"
    }, 
    "dataset": {
      "total_size": 311096
    }, 
    "number_of_selected_compiler_flags": 18, 
    "platform": {
      "cpu": {
        "all_freqs": {
          "0": [
            700000, 
            700000
          ]
        }, 
        "cpu_abi": "", 
        "cpu_features": "half thumb fastmult vfp edsp java tls", 
        "current_freq": {
          "0": 700.0
        }, 
        "max_freq": {
          "0": 700.0
        }, 
        "name": "BCM2708", 
        "num_proc": "1", 
        "sub_name": "ARMv6-compatible processor rev 7 (v6l)", 
        "workload_automation": {
          "device_config": {
            "core_clusters": [
              0
            ], 
            "core_names": [
              "BCM2708"
            ]
          }
        }
      }, 
      "cpu_misc": {
        "0": {
          "BogoMIPS": "697.95", 
          "CPU architecture": "7", 
          "CPU implementer": "0x41", 
          "CPU part": "0xb76", 
          "CPU revision": "7", 
          "CPU variant": "0x0", 
          "Features": "half thumb fastmult vfp edsp java tls", 
          "Hardware": "BCM2708", 
          "Revision": "0013", 
          "Serial": "00000000999033c3", 
          "all_freqs": [
            "0", 
            "0"
          ], 
          "ck_cpu_name": "BCM2708", 
          "ck_cpu_subname": "ARMv6-compatible processor rev 7 (v6l)", 
          "cpu_features": "half thumb fastmult vfp edsp java tls", 
          "cur_freq": 700.0, 
          "max_freq": 700.0, 
          "model name": "ARMv6-compatible processor rev 7 (v6l)", 
          "processor": "0"
        }
      }, 
      "cpu_new_format": "", 
      "cpu_unique": [
        {
          "BogoMIPS": "697.95", 
          "CPU architecture": "7", 
          "CPU implementer": "0x41", 
          "CPU part": "0xb76", 
          "CPU revision": "7", 
          "CPU variant": "0x0", 
          "Features": "half thumb fastmult vfp edsp java tls", 
          "Hardware": "BCM2708", 
          "Revision": "0013", 
          "Serial": "00000000999033c3", 
          "all_freqs": [
            "0", 
            "0"
          ], 
          "ck_cpu_name": "BCM2708", 
          "ck_cpu_subname": "ARMv6-compatible processor rev 7 (v6l)", 
          "cpu_features": "half thumb fastmult vfp edsp java tls", 
          "cur_freq": 700.0, 
          "max_freq": 700.0, 
          "model name": "ARMv6-compatible processor rev 7 (v6l)", 
          "processor": "0"
        }
      ], 
      "gpu": {
        "name": "", 
        "vendor": ""
      }, 
      "gpu_misc": {}, 
      "os": {
        "abi": "armv6l", 
        "bits": "32", 
        "ck_os_base_uoa": "", 
        "ck_os_uoa": "linux-32", 
        "name": "Linux 4.4.21+", 
        "name_long": "Linux-4.4.21+-armv6l-with-debian-8.0", 
        "name_short": "Linux 4.4.21+", 
        "serial_number": ""
      }, 
      "os_misc": {}, 
      "platform": {
        "model": "", 
        "name": "", 
        "vendor": ""
      }, 
      "platform_misc": {}
    }, 
    "solution_uid": "61764d46879edf84", 
    "statistical_repetitions": 4
  }
}
