{
  "characteristics_list": [
    {
      "compile": {
        "binary_size": 107580, 
        "compilation_success": "yes", 
        "compilation_success_bool": true, 
        "compilation_time": 98.30816507339478, 
        "compilation_time_with_module": 103.22175788879395, 
        "joined_compiler_flags": "-O3 -fbranch-probabilities -fno-branch-target-load-optimize2 -fcrossjumping -fcse-skip-blocks -fdata-sections -fno-dse -fno-ipa-reference -fkeep-inline-functions -fno-modulo-sched -fmove-loop-invariants -fno-omit-frame-pointer -fno-sched-dep-count-heuristic -fno-toplevel-reorder -ftracer -fno-tree-loop-distribute-patterns -fno-tree-loop-linear -fno-tree-pre -fno-tree-reassoc -fno-unswitch-loops", 
        "md5_sum": "ae9326f555fd6a0ec29fe7069a8af3a6", 
        "obj_size": 123456, 
        "obj_sizes": {
          "adler32.o": 2556, 
          "compress.o": 1712, 
          "crc32.o": 11104, 
          "ctuning-rtl.o": 5044, 
          "deflate.o": 22104, 
          "gzclose.o": 1120, 
          "gzlib.o": 6900, 
          "gzread.o": 6552, 
          "gzwrite.o": 10680, 
          "infback.o": 10064, 
          "inffast.o": 3632, 
          "inflate.o": 17688, 
          "inftrees.o": 5680, 
          "trees.o": 15384, 
          "uncompr.o": 1388, 
          "zutil.o": 1848
        }, 
        "program_git_hash": "04641ea86f9615c4bdca36af53651658ecea444c"
      }, 
      "run": {
        "execution_time": 0.5393181052631579, 
        "execution_time_kernel_0": 10.247044, 
        "execution_time_with_module": 10.974488019943237, 
        "repeat": 19, 
        "return_code": 0, 
        "run_success": "yes", 
        "run_success_bool": true, 
        "total_execution_time": 10.247044
      }
    }, 
    {
      "run": {
        "execution_time": 0.5694512105263158, 
        "execution_time_kernel_0": 10.819573, 
        "execution_time_with_module": 11.947664022445679, 
        "repeat": 19, 
        "return_code": 0, 
        "run_success": "yes", 
        "run_success_bool": true, 
        "total_execution_time": 10.819573
      }
    }, 
    {
      "run": {
        "execution_time": 0.5366512631578948, 
        "execution_time_kernel_0": 10.196374, 
        "execution_time_with_module": 11.353570938110352, 
        "repeat": 19, 
        "return_code": 0, 
        "run_success": "yes", 
        "run_success_bool": true, 
        "total_execution_time": 10.196374
      }
    }, 
    {
      "run": {
        "execution_time": 0.5647878947368421, 
        "execution_time_kernel_0": 10.73097, 
        "execution_time_with_module": 11.457444190979004, 
        "repeat": 19, 
        "return_code": 0, 
        "run_success": "yes", 
        "run_success_bool": true, 
        "total_execution_time": 10.73097
      }
    }
  ], 
  "choices": {
    "calibration_time": 10.0, 
    "cmd_key": "encode", 
    "compile_type": "dynamic", 
    "compiler_description_uoa": "gcc-4.9.0-auto", 
    "compiler_flags": {
      "base_opt": "-O3", 
      "bool-branch-probabilities": "-fbranch-probabilities", 
      "bool-branch-target-load-optimize2": "-fno-branch-target-load-optimize2", 
      "bool-crossjumping": "-fcrossjumping", 
      "bool-cse-skip-blocks": "-fcse-skip-blocks", 
      "bool-data-sections": "-fdata-sections", 
      "bool-dse": "-fno-dse", 
      "bool-ipa-reference": "-fno-ipa-reference", 
      "bool-keep-inline-functions": "-fkeep-inline-functions", 
      "bool-modulo-sched": "-fno-modulo-sched", 
      "bool-move-loop-invariants": "-fmove-loop-invariants", 
      "bool-omit-frame-pointer": "-fno-omit-frame-pointer", 
      "bool-sched-dep-count-heuristic": "-fno-sched-dep-count-heuristic", 
      "bool-toplevel-reorder": "-fno-toplevel-reorder", 
      "bool-tracer": "-ftracer", 
      "bool-tree-loop-distribute-patterns": "-fno-tree-loop-distribute-patterns", 
      "bool-tree-loop-linear": "-fno-tree-loop-linear", 
      "bool-tree-pre": "-fno-tree-pre", 
      "bool-tree-reassoc": "-fno-tree-reassoc", 
      "bool-unswitch-loops": "-fno-unswitch-loops"
    }, 
    "data_uoa": "zlib", 
    "dataset_file": "data.wav", 
    "dataset_uoa": "audio-wav-0001", 
    "device_cfg": {}, 
    "device_id": "", 
    "host_os": "linux-32", 
    "module_uoa": "b0ac08fe1d3c2615", 
    "no_state_check": "yes", 
    "program_tags": "", 
    "repeat": 19, 
    "target": "", 
    "target_os": "linux-32", 
    "target_os_bits": "32"
  }, 
  "choices_order": [
    "##compiler_flags#base_opt", 
    "##compiler_flags#bool-branch-probabilities", 
    "##compiler_flags#bool-branch-target-load-optimize2", 
    "##compiler_flags#bool-crossjumping", 
    "##compiler_flags#bool-cse-skip-blocks", 
    "##compiler_flags#bool-data-sections", 
    "##compiler_flags#bool-dse", 
    "##compiler_flags#bool-ipa-reference", 
    "##compiler_flags#bool-keep-inline-functions", 
    "##compiler_flags#bool-modulo-sched", 
    "##compiler_flags#bool-move-loop-invariants", 
    "##compiler_flags#bool-omit-frame-pointer", 
    "##compiler_flags#bool-sched-dep-count-heuristic", 
    "##compiler_flags#bool-toplevel-reorder", 
    "##compiler_flags#bool-tracer", 
    "##compiler_flags#bool-tree-loop-distribute-patterns", 
    "##compiler_flags#bool-tree-loop-linear", 
    "##compiler_flags#bool-tree-pre", 
    "##compiler_flags#bool-tree-reassoc", 
    "##compiler_flags#bool-unswitch-loops"
  ], 
  "features": {
    "compiler_version": {
      "list": [
        4, 
        9, 
        2
      ], 
      "raw": [
        "gcc-4.9 (Raspbian 4.9.2-10) 4.9.2", 
        "Copyright (C) 2014 Free Software Foundation, Inc.", 
        "This is free software; see the source for copying conditions.  There is NO", 
        "warranty; not even for MERCHANTABILITY or FITNESS FOR A PARTICULAR PURPOSE.", 
        "", 
        ""
      ], 
      "str": "4.9.2"
    }, 
    "dataset": {
      "total_size": 311096
    }, 
    "number_of_selected_compiler_flags": 20, 
    "platform": {
      "cpu": {
        "all_freqs": {
          "0": [
            700000, 
            700000
          ]
        }, 
        "cpu_abi": "", 
        "cpu_features": "half thumb fastmult vfp edsp java tls", 
        "current_freq": {
          "0": 700.0
        }, 
        "max_freq": {
          "0": 700.0
        }, 
        "name": "BCM2708", 
        "num_proc": "1", 
        "sub_name": "ARMv6-compatible processor rev 7 (v6l)", 
        "workload_automation": {
          "device_config": {
            "core_clusters": [
              0
            ], 
            "core_names": [
              "BCM2708"
            ]
          }
        }
      }, 
      "cpu_misc": {
        "0": {
          "BogoMIPS": "697.95", 
          "CPU architecture": "7", 
          "CPU implementer": "0x41", 
          "CPU part": "0xb76", 
          "CPU revision": "7", 
          "CPU variant": "0x0", 
          "Features": "half thumb fastmult vfp edsp java tls", 
          "Hardware": "BCM2708", 
          "Revision": "0013", 
          "Serial": "00000000999033c3", 
          "all_freqs": [
            "0", 
            "0"
          ], 
          "ck_cpu_name": "BCM2708", 
          "ck_cpu_subname": "ARMv6-compatible processor rev 7 (v6l)", 
          "cpu_features": "half thumb fastmult vfp edsp java tls", 
          "cur_freq": 700.0, 
          "max_freq": 700.0, 
          "model name": "ARMv6-compatible processor rev 7 (v6l)", 
          "processor": "0"
        }
      }, 
      "cpu_new_format": "", 
      "cpu_unique": [
        {
          "BogoMIPS": "697.95", 
          "CPU architecture": "7", 
          "CPU implementer": "0x41", 
          "CPU part": "0xb76", 
          "CPU revision": "7", 
          "CPU variant": "0x0", 
          "Features": "half thumb fastmult vfp edsp java tls", 
          "Hardware": "BCM2708", 
          "Revision": "0013", 
          "Serial": "00000000999033c3", 
          "all_freqs": [
            "0", 
            "0"
          ], 
          "ck_cpu_name": "BCM2708", 
          "ck_cpu_subname": "ARMv6-compatible processor rev 7 (v6l)", 
          "cpu_features": "half thumb fastmult vfp edsp java tls", 
          "cur_freq": 700.0, 
          "max_freq": 700.0, 
          "model name": "ARMv6-compatible processor rev 7 (v6l)", 
          "processor": "0"
        }
      ], 
      "gpu": {
        "name": "", 
        "vendor": ""
      }, 
      "gpu_misc": {}, 
      "os": {
        "abi": "armv6l", 
        "bits": "32", 
        "ck_os_base_uoa": "", 
        "ck_os_uoa": "linux-32", 
        "name": "Linux 4.4.21+", 
        "name_long": "Linux-4.4.21+-armv6l-with-debian-8.0", 
        "name_short": "Linux 4.4.21+", 
        "serial_number": ""
      }, 
      "os_misc": {}, 
      "platform": {
        "model": "", 
        "name": "", 
        "vendor": ""
      }, 
      "platform_misc": {}
    }, 
    "solution_uid": "f8a394e84a40d30a", 
    "statistical_repetitions": 4
  }
}
