{
  "##choices#calibration_time": 10.0, 
  "##choices#cmd_key": "encode", 
  "##choices#compile_type": "dynamic", 
  "##choices#compiler_description_uoa": "gcc-4.9.0-auto", 
  "##choices#compiler_flags#base_opt": "-O3", 
  "##choices#compiler_flags#bool--ffp-contract=": "-ffp-contract=off", 
  "##choices#compiler_flags#bool-compare-elim": "-fcompare-elim", 
  "##choices#compiler_flags#bool-function-cse": "-fno-function-cse", 
  "##choices#compiler_flags#bool-hoist-adjacent-loads": "-fno-hoist-adjacent-loads", 
  "##choices#compiler_flags#bool-ira-share-save-slots": "-fira-share-save-slots", 
  "##choices#compiler_flags#bool-keep-static-consts": "-fkeep-static-consts", 
  "##choices#compiler_flags#bool-merge-all-constants": "-fmerge-all-constants", 
  "##choices#compiler_flags#bool-omit-frame-pointer": "-fomit-frame-pointer", 
  "##choices#compiler_flags#bool-prefetch-loop-arrays": "-fprefetch-loop-arrays", 
  "##choices#compiler_flags#bool-ree": "-free", 
  "##choices#compiler_flags#bool-sched-dep-count-heuristic": "-fno-sched-dep-count-heuristic", 
  "##choices#compiler_flags#bool-sched-spec-load-dangerous": "-fsched-spec-load-dangerous", 
  "##choices#compiler_flags#bool-split-ivs-in-unroller": "-fno-split-ivs-in-unroller", 
  "##choices#compiler_flags#bool-tree-ch": "-ftree-ch", 
  "##choices#compiler_flags#bool-tree-forwprop": "-ftree-forwprop", 
  "##choices#compiler_flags#bool-tree-vectorize": "-ftree-vectorize", 
  "##choices#compiler_flags#bool-unroll-all-loops": "-fno-unroll-all-loops", 
  "##choices#data_uoa": "zlib", 
  "##choices#dataset_file": "data.wav", 
  "##choices#dataset_uoa": "audio-wav-0001", 
  "##choices#device_id": "", 
  "##choices#host_os": "linux-32", 
  "##choices#module_uoa": "b0ac08fe1d3c2615", 
  "##choices#no_state_check": "yes", 
  "##choices#program_tags": "", 
  "##choices#repeat": 19, 
  "##choices#target": "", 
  "##choices#target_os": "linux-32", 
  "##choices#target_os_bits": "32"
}
