{
  "##characteristics#compile#binary_size#all": [
    99988
  ], 
  "##characteristics#compile#binary_size#all_unique": [
    99988
  ], 
  "##characteristics#compile#binary_size#center": 99988, 
  "##characteristics#compile#binary_size#center_imp": 1.0146017522102653, 
  "##characteristics#compile#binary_size#halfrange": 0, 
  "##characteristics#compile#binary_size#max": 99988, 
  "##characteristics#compile#binary_size#mean": 99988.0, 
  "##characteristics#compile#binary_size#mean_imp": 1.0146017522102653, 
  "##characteristics#compile#binary_size#min": 99988, 
  "##characteristics#compile#binary_size#min_imp": 1.0146017522102653, 
  "##characteristics#compile#binary_size#range": 0, 
  "##characteristics#compile#binary_size#range_percent": 0, 
  "##characteristics#compile#binary_size#repeats": 1, 
  "##characteristics#compile#compilation_success#all": [
    "yes"
  ], 
  "##characteristics#compile#compilation_success#all_unique": [
    "yes"
  ], 
  "##characteristics#compile#compilation_success#min": "yes", 
  "##characteristics#compile#compilation_success#min_imp": 0, 
  "##characteristics#compile#compilation_success#repeats": 1, 
  "##characteristics#compile#compilation_success_bool#all": [
    true
  ], 
  "##characteristics#compile#compilation_success_bool#all_unique": [
    true
  ], 
  "##characteristics#compile#compilation_success_bool#min": true, 
  "##characteristics#compile#compilation_success_bool#min_imp": 0, 
  "##characteristics#compile#compilation_success_bool#repeats": 1, 
  "##characteristics#compile#compilation_time#all": [
    94.14054989814758
  ], 
  "##characteristics#compile#compilation_time#all_unique": [
    94.14054989814758
  ], 
  "##characteristics#compile#compilation_time#center": 94.14054989814758, 
  "##characteristics#compile#compilation_time#center_imp": 1.1464386192180334, 
  "##characteristics#compile#compilation_time#halfrange": 0.0, 
  "##characteristics#compile#compilation_time#max": 94.14054989814758, 
  "##characteristics#compile#compilation_time#mean": 94.14054989814758, 
  "##characteristics#compile#compilation_time#mean_imp": 1.1464386192180334, 
  "##characteristics#compile#compilation_time#min": 94.14054989814758, 
  "##characteristics#compile#compilation_time#min_imp": 1.1464386192180334, 
  "##characteristics#compile#compilation_time#range": 0.0, 
  "##characteristics#compile#compilation_time#range_percent": 0.0, 
  "##characteristics#compile#compilation_time#repeats": 1, 
  "##characteristics#compile#compilation_time_with_module#all": [
    99.0608959197998
  ], 
  "##characteristics#compile#compilation_time_with_module#all_unique": [
    99.0608959197998
  ], 
  "##characteristics#compile#compilation_time_with_module#center": 99.0608959197998, 
  "##characteristics#compile#compilation_time_with_module#center_imp": 1.1377935248891438, 
  "##characteristics#compile#compilation_time_with_module#halfrange": 0.0, 
  "##characteristics#compile#compilation_time_with_module#max": 99.0608959197998, 
  "##characteristics#compile#compilation_time_with_module#mean": 99.0608959197998, 
  "##characteristics#compile#compilation_time_with_module#mean_imp": 1.1377935248891438, 
  "##characteristics#compile#compilation_time_with_module#min": 99.0608959197998, 
  "##characteristics#compile#compilation_time_with_module#min_imp": 1.1377935248891438, 
  "##characteristics#compile#compilation_time_with_module#range": 0.0, 
  "##characteristics#compile#compilation_time_with_module#range_percent": 0.0, 
  "##characteristics#compile#compilation_time_with_module#repeats": 1, 
  "##characteristics#compile#joined_compiler_flags#all": [
    "-O3 -fexcess-precision=fast -fno-branch-probabilities -fcprop-registers -fno-cse-skip-blocks -ffloat-store -fno-modulo-sched -fpeel-loops -fno-prefetch-loop-arrays -fno-rerun-cse-after-loop -fno-sched-spec -fno-signaling-nans -fsplit-ivs-in-unroller -ftree-loop-im -fno-tree-pre -ftree-vrp"
  ], 
  "##characteristics#compile#joined_compiler_flags#all_unique": [
    "-O3 -fexcess-precision=fast -fno-branch-probabilities -fcprop-registers -fno-cse-skip-blocks -ffloat-store -fno-modulo-sched -fpeel-loops -fno-prefetch-loop-arrays -fno-rerun-cse-after-loop -fno-sched-spec -fno-signaling-nans -fsplit-ivs-in-unroller -ftree-loop-im -fno-tree-pre -ftree-vrp"
  ], 
  "##characteristics#compile#joined_compiler_flags#min": "-O3 -fexcess-precision=fast -fno-branch-probabilities -fcprop-registers -fno-cse-skip-blocks -ffloat-store -fno-modulo-sched -fpeel-loops -fno-prefetch-loop-arrays -fno-rerun-cse-after-loop -fno-sched-spec -fno-signaling-nans -fsplit-ivs-in-unroller -ftree-loop-im -fno-tree-pre -ftree-vrp", 
  "##characteristics#compile#joined_compiler_flags#min_imp": 0, 
  "##characteristics#compile#joined_compiler_flags#repeats": 1, 
  "##characteristics#compile#md5_sum#all": [
    "fd2100e79cf5d27ce413585496534304"
  ], 
  "##characteristics#compile#md5_sum#all_unique": [
    "fd2100e79cf5d27ce413585496534304"
  ], 
  "##characteristics#compile#md5_sum#min": "fd2100e79cf5d27ce413585496534304", 
  "##characteristics#compile#md5_sum#min_imp": 0, 
  "##characteristics#compile#md5_sum#repeats": 1, 
  "##characteristics#compile#obj_size#all": [
    113336
  ], 
  "##characteristics#compile#obj_size#all_unique": [
    113336
  ], 
  "##characteristics#compile#obj_size#center": 113336, 
  "##characteristics#compile#obj_size#center_imp": 1.013305569280723, 
  "##characteristics#compile#obj_size#halfrange": 0, 
  "##characteristics#compile#obj_size#max": 113336, 
  "##characteristics#compile#obj_size#mean": 113336.0, 
  "##characteristics#compile#obj_size#mean_imp": 1.013305569280723, 
  "##characteristics#compile#obj_size#min": 113336, 
  "##characteristics#compile#obj_size#min_imp": 1.013305569280723, 
  "##characteristics#compile#obj_size#range": 0, 
  "##characteristics#compile#obj_size#range_percent": 0, 
  "##characteristics#compile#obj_size#repeats": 1, 
  "##characteristics#compile#obj_sizes#adler32.o#all": [
    2428
  ], 
  "##characteristics#compile#obj_sizes#adler32.o#all_unique": [
    2428
  ], 
  "##characteristics#compile#obj_sizes#adler32.o#center": 2428, 
  "##characteristics#compile#obj_sizes#adler32.o#center_imp": 0.9983525535420099, 
  "##characteristics#compile#obj_sizes#adler32.o#halfrange": 0, 
  "##characteristics#compile#obj_sizes#adler32.o#max": 2428, 
  "##characteristics#compile#obj_sizes#adler32.o#mean": 2428.0, 
  "##characteristics#compile#obj_sizes#adler32.o#mean_imp": 0.9983525535420099, 
  "##characteristics#compile#obj_sizes#adler32.o#min": 2428, 
  "##characteristics#compile#obj_sizes#adler32.o#min_imp": 0.9983525535420099, 
  "##characteristics#compile#obj_sizes#adler32.o#range": 0, 
  "##characteristics#compile#obj_sizes#adler32.o#range_percent": 0, 
  "##characteristics#compile#obj_sizes#adler32.o#repeats": 1, 
  "##characteristics#compile#obj_sizes#compress.o#all": [
    1568
  ], 
  "##characteristics#compile#obj_sizes#compress.o#all_unique": [
    1568
  ], 
  "##characteristics#compile#obj_sizes#compress.o#center": 1568, 
  "##characteristics#compile#obj_sizes#compress.o#center_imp": 1.0, 
  "##characteristics#compile#obj_sizes#compress.o#halfrange": 0, 
  "##characteristics#compile#obj_sizes#compress.o#max": 1568, 
  "##characteristics#compile#obj_sizes#compress.o#mean": 1568.0, 
  "##characteristics#compile#obj_sizes#compress.o#mean_imp": 1.0, 
  "##characteristics#compile#obj_sizes#compress.o#min": 1568, 
  "##characteristics#compile#obj_sizes#compress.o#min_imp": 1.0, 
  "##characteristics#compile#obj_sizes#compress.o#range": 0, 
  "##characteristics#compile#obj_sizes#compress.o#range_percent": 0, 
  "##characteristics#compile#obj_sizes#compress.o#repeats": 1, 
  "##characteristics#compile#obj_sizes#crc32.o#all": [
    10796
  ], 
  "##characteristics#compile#obj_sizes#crc32.o#all_unique": [
    10796
  ], 
  "##characteristics#compile#obj_sizes#crc32.o#center": 10796, 
  "##characteristics#compile#obj_sizes#crc32.o#center_imp": 1.0074101519081142, 
  "##characteristics#compile#obj_sizes#crc32.o#halfrange": 0, 
  "##characteristics#compile#obj_sizes#crc32.o#max": 10796, 
  "##characteristics#compile#obj_sizes#crc32.o#mean": 10796.0, 
  "##characteristics#compile#obj_sizes#crc32.o#mean_imp": 1.0074101519081142, 
  "##characteristics#compile#obj_sizes#crc32.o#min": 10796, 
  "##characteristics#compile#obj_sizes#crc32.o#min_imp": 1.0074101519081142, 
  "##characteristics#compile#obj_sizes#crc32.o#range": 0, 
  "##characteristics#compile#obj_sizes#crc32.o#range_percent": 0, 
  "##characteristics#compile#obj_sizes#crc32.o#repeats": 1, 
  "##characteristics#compile#obj_sizes#ctuning-rtl.o#all": [
    4640
  ], 
  "##characteristics#compile#obj_sizes#ctuning-rtl.o#all_unique": [
    4640
  ], 
  "##characteristics#compile#obj_sizes#ctuning-rtl.o#center": 4640, 
  "##characteristics#compile#obj_sizes#ctuning-rtl.o#center_imp": 0.9982758620689656, 
  "##characteristics#compile#obj_sizes#ctuning-rtl.o#halfrange": 0, 
  "##characteristics#compile#obj_sizes#ctuning-rtl.o#max": 4640, 
  "##characteristics#compile#obj_sizes#ctuning-rtl.o#mean": 4640.0, 
  "##characteristics#compile#obj_sizes#ctuning-rtl.o#mean_imp": 0.9982758620689656, 
  "##characteristics#compile#obj_sizes#ctuning-rtl.o#min": 4640, 
  "##characteristics#compile#obj_sizes#ctuning-rtl.o#min_imp": 0.9982758620689656, 
  "##characteristics#compile#obj_sizes#ctuning-rtl.o#range": 0, 
  "##characteristics#compile#obj_sizes#ctuning-rtl.o#range_percent": 0, 
  "##characteristics#compile#obj_sizes#ctuning-rtl.o#repeats": 1, 
  "##characteristics#compile#obj_sizes#deflate.o#all": [
    19524
  ], 
  "##characteristics#compile#obj_sizes#deflate.o#all_unique": [
    19524
  ], 
  "##characteristics#compile#obj_sizes#deflate.o#center": 19524, 
  "##characteristics#compile#obj_sizes#deflate.o#center_imp": 1.0331899200983405, 
  "##characteristics#compile#obj_sizes#deflate.o#halfrange": 0, 
  "##characteristics#compile#obj_sizes#deflate.o#max": 19524, 
  "##characteristics#compile#obj_sizes#deflate.o#mean": 19524.0, 
  "##characteristics#compile#obj_sizes#deflate.o#mean_imp": 1.0331899200983405, 
  "##characteristics#compile#obj_sizes#deflate.o#min": 19524, 
  "##characteristics#compile#obj_sizes#deflate.o#min_imp": 1.0331899200983405, 
  "##characteristics#compile#obj_sizes#deflate.o#range": 0, 
  "##characteristics#compile#obj_sizes#deflate.o#range_percent": 0, 
  "##characteristics#compile#obj_sizes#deflate.o#repeats": 1, 
  "##characteristics#compile#obj_sizes#gzclose.o#all": [
    980
  ], 
  "##characteristics#compile#obj_sizes#gzclose.o#all_unique": [
    980
  ], 
  "##characteristics#compile#obj_sizes#gzclose.o#center": 980, 
  "##characteristics#compile#obj_sizes#gzclose.o#center_imp": 1.0, 
  "##characteristics#compile#obj_sizes#gzclose.o#halfrange": 0, 
  "##characteristics#compile#obj_sizes#gzclose.o#max": 980, 
  "##characteristics#compile#obj_sizes#gzclose.o#mean": 980.0, 
  "##characteristics#compile#obj_sizes#gzclose.o#mean_imp": 1.0, 
  "##characteristics#compile#obj_sizes#gzclose.o#min": 980, 
  "##characteristics#compile#obj_sizes#gzclose.o#min_imp": 1.0, 
  "##characteristics#compile#obj_sizes#gzclose.o#range": 0, 
  "##characteristics#compile#obj_sizes#gzclose.o#range_percent": 0, 
  "##characteristics#compile#obj_sizes#gzclose.o#repeats": 1, 
  "##characteristics#compile#obj_sizes#gzlib.o#all": [
    6344
  ], 
  "##characteristics#compile#obj_sizes#gzlib.o#all_unique": [
    6344
  ], 
  "##characteristics#compile#obj_sizes#gzlib.o#center": 6344, 
  "##characteristics#compile#obj_sizes#gzlib.o#center_imp": 0.9930643127364439, 
  "##characteristics#compile#obj_sizes#gzlib.o#halfrange": 0, 
  "##characteristics#compile#obj_sizes#gzlib.o#max": 6344, 
  "##characteristics#compile#obj_sizes#gzlib.o#mean": 6344.0, 
  "##characteristics#compile#obj_sizes#gzlib.o#mean_imp": 0.9930643127364439, 
  "##characteristics#compile#obj_sizes#gzlib.o#min": 6344, 
  "##characteristics#compile#obj_sizes#gzlib.o#min_imp": 0.9930643127364439, 
  "##characteristics#compile#obj_sizes#gzlib.o#range": 0, 
  "##characteristics#compile#obj_sizes#gzlib.o#range_percent": 0, 
  "##characteristics#compile#obj_sizes#gzlib.o#repeats": 1, 
  "##characteristics#compile#obj_sizes#gzread.o#all": [
    5796
  ], 
  "##characteristics#compile#obj_sizes#gzread.o#all_unique": [
    5796
  ], 
  "##characteristics#compile#obj_sizes#gzread.o#center": 5796, 
  "##characteristics#compile#obj_sizes#gzread.o#center_imp": 0.9965493443754313, 
  "##characteristics#compile#obj_sizes#gzread.o#halfrange": 0, 
  "##characteristics#compile#obj_sizes#gzread.o#max": 5796, 
  "##characteristics#compile#obj_sizes#gzread.o#mean": 5796.0, 
  "##characteristics#compile#obj_sizes#gzread.o#mean_imp": 0.9965493443754313, 
  "##characteristics#compile#obj_sizes#gzread.o#min": 5796, 
  "##characteristics#compile#obj_sizes#gzread.o#min_imp": 0.9965493443754313, 
  "##characteristics#compile#obj_sizes#gzread.o#range": 0, 
  "##characteristics#compile#obj_sizes#gzread.o#range_percent": 0, 
  "##characteristics#compile#obj_sizes#gzread.o#repeats": 1, 
  "##characteristics#compile#obj_sizes#gzwrite.o#all": [
    10288
  ], 
  "##characteristics#compile#obj_sizes#gzwrite.o#all_unique": [
    10288
  ], 
  "##characteristics#compile#obj_sizes#gzwrite.o#center": 10288, 
  "##characteristics#compile#obj_sizes#gzwrite.o#center_imp": 0.9976671850699844, 
  "##characteristics#compile#obj_sizes#gzwrite.o#halfrange": 0, 
  "##characteristics#compile#obj_sizes#gzwrite.o#max": 10288, 
  "##characteristics#compile#obj_sizes#gzwrite.o#mean": 10288.0, 
  "##characteristics#compile#obj_sizes#gzwrite.o#mean_imp": 0.9976671850699844, 
  "##characteristics#compile#obj_sizes#gzwrite.o#min": 10288, 
  "##characteristics#compile#obj_sizes#gzwrite.o#min_imp": 0.9976671850699844, 
  "##characteristics#compile#obj_sizes#gzwrite.o#range": 0, 
  "##characteristics#compile#obj_sizes#gzwrite.o#range_percent": 0, 
  "##characteristics#compile#obj_sizes#gzwrite.o#repeats": 1, 
  "##characteristics#compile#obj_sizes#infback.o#all": [
    9236
  ], 
  "##characteristics#compile#obj_sizes#infback.o#all_unique": [
    9236
  ], 
  "##characteristics#compile#obj_sizes#infback.o#center": 9236, 
  "##characteristics#compile#obj_sizes#infback.o#center_imp": 1.0363793850151581, 
  "##characteristics#compile#obj_sizes#infback.o#halfrange": 0, 
  "##characteristics#compile#obj_sizes#infback.o#max": 9236, 
  "##characteristics#compile#obj_sizes#infback.o#mean": 9236.0, 
  "##characteristics#compile#obj_sizes#infback.o#mean_imp": 1.0363793850151581, 
  "##characteristics#compile#obj_sizes#infback.o#min": 9236, 
  "##characteristics#compile#obj_sizes#infback.o#min_imp": 1.0363793850151581, 
  "##characteristics#compile#obj_sizes#infback.o#range": 0, 
  "##characteristics#compile#obj_sizes#infback.o#range_percent": 0, 
  "##characteristics#compile#obj_sizes#infback.o#repeats": 1, 
  "##characteristics#compile#obj_sizes#inffast.o#all": [
    3972
  ], 
  "##characteristics#compile#obj_sizes#inffast.o#all_unique": [
    3972
  ], 
  "##characteristics#compile#obj_sizes#inffast.o#center": 3972, 
  "##characteristics#compile#obj_sizes#inffast.o#center_imp": 1.0060422960725075, 
  "##characteristics#compile#obj_sizes#inffast.o#halfrange": 0, 
  "##characteristics#compile#obj_sizes#inffast.o#max": 3972, 
  "##characteristics#compile#obj_sizes#inffast.o#mean": 3972.0, 
  "##characteristics#compile#obj_sizes#inffast.o#mean_imp": 1.0060422960725075, 
  "##characteristics#compile#obj_sizes#inffast.o#min": 3972, 
  "##characteristics#compile#obj_sizes#inffast.o#min_imp": 1.0060422960725075, 
  "##characteristics#compile#obj_sizes#inffast.o#range": 0, 
  "##characteristics#compile#obj_sizes#inffast.o#range_percent": 0, 
  "##characteristics#compile#obj_sizes#inffast.o#repeats": 1, 
  "##characteristics#compile#obj_sizes#inflate.o#all": [
    16416
  ], 
  "##characteristics#compile#obj_sizes#inflate.o#all_unique": [
    16416
  ], 
  "##characteristics#compile#obj_sizes#inflate.o#center": 16416, 
  "##characteristics#compile#obj_sizes#inflate.o#center_imp": 1.0209551656920077, 
  "##characteristics#compile#obj_sizes#inflate.o#halfrange": 0, 
  "##characteristics#compile#obj_sizes#inflate.o#max": 16416, 
  "##characteristics#compile#obj_sizes#inflate.o#mean": 16416.0, 
  "##characteristics#compile#obj_sizes#inflate.o#mean_imp": 1.0209551656920077, 
  "##characteristics#compile#obj_sizes#inflate.o#min": 16416, 
  "##characteristics#compile#obj_sizes#inflate.o#min_imp": 1.0209551656920077, 
  "##characteristics#compile#obj_sizes#inflate.o#range": 0, 
  "##characteristics#compile#obj_sizes#inflate.o#range_percent": 0, 
  "##characteristics#compile#obj_sizes#inflate.o#repeats": 1, 
  "##characteristics#compile#obj_sizes#inftrees.o#all": [
    4300
  ], 
  "##characteristics#compile#obj_sizes#inftrees.o#all_unique": [
    4300
  ], 
  "##characteristics#compile#obj_sizes#inftrees.o#center": 4300, 
  "##characteristics#compile#obj_sizes#inftrees.o#center_imp": 1.027906976744186, 
  "##characteristics#compile#obj_sizes#inftrees.o#halfrange": 0, 
  "##characteristics#compile#obj_sizes#inftrees.o#max": 4300, 
  "##characteristics#compile#obj_sizes#inftrees.o#mean": 4300.0, 
  "##characteristics#compile#obj_sizes#inftrees.o#mean_imp": 1.027906976744186, 
  "##characteristics#compile#obj_sizes#inftrees.o#min": 4300, 
  "##characteristics#compile#obj_sizes#inftrees.o#min_imp": 1.027906976744186, 
  "##characteristics#compile#obj_sizes#inftrees.o#range": 0, 
  "##characteristics#compile#obj_sizes#inftrees.o#range_percent": 0, 
  "##characteristics#compile#obj_sizes#inftrees.o#repeats": 1, 
  "##characteristics#compile#obj_sizes#trees.o#all": [
    14128
  ], 
  "##characteristics#compile#obj_sizes#trees.o#all_unique": [
    14128
  ], 
  "##characteristics#compile#obj_sizes#trees.o#center": 14128, 
  "##characteristics#compile#obj_sizes#trees.o#center_imp": 1.0039637599093998, 
  "##characteristics#compile#obj_sizes#trees.o#halfrange": 0, 
  "##characteristics#compile#obj_sizes#trees.o#max": 14128, 
  "##characteristics#compile#obj_sizes#trees.o#mean": 14128.0, 
  "##characteristics#compile#obj_sizes#trees.o#mean_imp": 1.0039637599093998, 
  "##characteristics#compile#obj_sizes#trees.o#min": 14128, 
  "##characteristics#compile#obj_sizes#trees.o#min_imp": 1.0039637599093998, 
  "##characteristics#compile#obj_sizes#trees.o#range": 0, 
  "##characteristics#compile#obj_sizes#trees.o#range_percent": 0, 
  "##characteristics#compile#obj_sizes#trees.o#repeats": 1, 
  "##characteristics#compile#obj_sizes#uncompr.o#all": [
    1272
  ], 
  "##characteristics#compile#obj_sizes#uncompr.o#all_unique": [
    1272
  ], 
  "##characteristics#compile#obj_sizes#uncompr.o#center": 1272, 
  "##characteristics#compile#obj_sizes#uncompr.o#center_imp": 1.0, 
  "##characteristics#compile#obj_sizes#uncompr.o#halfrange": 0, 
  "##characteristics#compile#obj_sizes#uncompr.o#max": 1272, 
  "##characteristics#compile#obj_sizes#uncompr.o#mean": 1272.0, 
  "##characteristics#compile#obj_sizes#uncompr.o#mean_imp": 1.0, 
  "##characteristics#compile#obj_sizes#uncompr.o#min": 1272, 
  "##characteristics#compile#obj_sizes#uncompr.o#min_imp": 1.0, 
  "##characteristics#compile#obj_sizes#uncompr.o#range": 0, 
  "##characteristics#compile#obj_sizes#uncompr.o#range_percent": 0, 
  "##characteristics#compile#obj_sizes#uncompr.o#repeats": 1, 
  "##characteristics#compile#obj_sizes#zutil.o#all": [
    1648
  ], 
  "##characteristics#compile#obj_sizes#zutil.o#all_unique": [
    1648
  ], 
  "##characteristics#compile#obj_sizes#zutil.o#center": 1648, 
  "##characteristics#compile#obj_sizes#zutil.o#center_imp": 1.0, 
  "##characteristics#compile#obj_sizes#zutil.o#halfrange": 0, 
  "##characteristics#compile#obj_sizes#zutil.o#max": 1648, 
  "##characteristics#compile#obj_sizes#zutil.o#mean": 1648.0, 
  "##characteristics#compile#obj_sizes#zutil.o#mean_imp": 1.0, 
  "##characteristics#compile#obj_sizes#zutil.o#min": 1648, 
  "##characteristics#compile#obj_sizes#zutil.o#min_imp": 1.0, 
  "##characteristics#compile#obj_sizes#zutil.o#range": 0, 
  "##characteristics#compile#obj_sizes#zutil.o#range_percent": 0, 
  "##characteristics#compile#obj_sizes#zutil.o#repeats": 1, 
  "##characteristics#compile#program_git_hash#all": [
    "04641ea86f9615c4bdca36af53651658ecea444c"
  ], 
  "##characteristics#compile#program_git_hash#all_unique": [
    "04641ea86f9615c4bdca36af53651658ecea444c"
  ], 
  "##characteristics#compile#program_git_hash#min": "04641ea86f9615c4bdca36af53651658ecea444c", 
  "##characteristics#compile#program_git_hash#min_imp": 0, 
  "##characteristics#compile#program_git_hash#repeats": 1, 
  "##characteristics#run#execution_time#all": [
    0.5326357894736842, 
    0.5271858947368421, 
    0.5190587368421052, 
    0.5092196842105263
  ], 
  "##characteristics#run#execution_time#all_unique": [
    0.5326357894736842, 
    0.5271858947368421, 
    0.5190587368421052, 
    0.5092196842105263
  ], 
  "##characteristics#run#execution_time#center": 0.5209277368421052, 
  "##characteristics#run#execution_time#center_imp": 0.9486105103778915, 
  "##characteristics#run#execution_time#halfrange": 0.011708052631578925, 
  "##characteristics#run#execution_time#max": 0.5326357894736842, 
  "##characteristics#run#execution_time#mean": 0.5220250263157895, 
  "##characteristics#run#execution_time#mean_imp": 0.9459765515375824, 
  "##characteristics#run#execution_time#min": 0.5092196842105263, 
  "##characteristics#run#execution_time#min_imp": 0.9560927793133228, 
  "##characteristics#run#execution_time#range": 0.02341610526315785, 
  "##characteristics#run#execution_time#range_percent": 0.045984289274797446, 
  "##characteristics#run#execution_time#repeats": 4, 
  "##characteristics#run#execution_time_kernel_0#all": [
    10.12008, 
    10.016532, 
    9.862116, 
    9.675174
  ], 
  "##characteristics#run#execution_time_kernel_0#all_unique": [
    10.12008, 
    10.016532, 
    9.862116, 
    9.675174
  ], 
  "##characteristics#run#execution_time_kernel_0#center": 9.897627, 
  "##characteristics#run#execution_time_kernel_0#center_imp": 0.9486105103778916, 
  "##characteristics#run#execution_time_kernel_0#halfrange": 0.2224529999999998, 
  "##characteristics#run#execution_time_kernel_0#max": 10.12008, 
  "##characteristics#run#execution_time_kernel_0#mean": 9.9184755, 
  "##characteristics#run#execution_time_kernel_0#mean_imp": 0.9459765515375825, 
  "##characteristics#run#execution_time_kernel_0#min": 9.675174, 
  "##characteristics#run#execution_time_kernel_0#min_imp": 0.9560927793133228, 
  "##characteristics#run#execution_time_kernel_0#range": 0.4449059999999996, 
  "##characteristics#run#execution_time_kernel_0#range_percent": 0.045984289274797495, 
  "##characteristics#run#execution_time_kernel_0#repeats": 4, 
  "##characteristics#run#execution_time_with_module#all": [
    10.845990180969238, 
    10.74880599975586, 
    10.596029996871948, 
    10.415291786193848
  ], 
  "##characteristics#run#execution_time_with_module#all_unique": [
    10.845990180969238, 
    10.74880599975586, 
    10.596029996871948, 
    10.415291786193848
  ], 
  "##characteristics#run#execution_time_with_module#center": 10.630640983581543, 
  "##characteristics#run#execution_time_with_module#center_imp": 1.0519590971949042, 
  "##characteristics#run#execution_time_with_module#halfrange": 0.2153491973876953, 
  "##characteristics#run#execution_time_with_module#max": 10.845990180969238, 
  "##characteristics#run#execution_time_with_module#mean": 10.651529490947723, 
  "##characteristics#run#execution_time_with_module#mean_imp": 1.0026735139902037, 
  "##characteristics#run#execution_time_with_module#min": 10.415291786193848, 
  "##characteristics#run#execution_time_with_module#min_imp": 0.9581431112352323, 
  "##characteristics#run#execution_time_with_module#range": 0.4306983947753906, 
  "##characteristics#run#execution_time_with_module#range_percent": 0.04135250395445566, 
  "##characteristics#run#execution_time_with_module#repeats": 4, 
  "##characteristics#run#repeat#all": [
    19, 
    19, 
    19, 
    19
  ], 
  "##characteristics#run#repeat#all_unique": [
    19
  ], 
  "##characteristics#run#repeat#center": 19, 
  "##characteristics#run#repeat#center_imp": 1.0, 
  "##characteristics#run#repeat#halfrange": 0, 
  "##characteristics#run#repeat#max": 19, 
  "##characteristics#run#repeat#mean": 19.0, 
  "##characteristics#run#repeat#mean_imp": 1.0, 
  "##characteristics#run#repeat#min": 19, 
  "##characteristics#run#repeat#min_imp": 1.0, 
  "##characteristics#run#repeat#range": 0, 
  "##characteristics#run#repeat#range_percent": 0, 
  "##characteristics#run#repeat#repeats": 4, 
  "##characteristics#run#return_code#all": [
    0, 
    0, 
    0, 
    0
  ], 
  "##characteristics#run#return_code#all_unique": [
    0
  ], 
  "##characteristics#run#return_code#center": 0, 
  "##characteristics#run#return_code#halfrange": 0, 
  "##characteristics#run#return_code#max": 0, 
  "##characteristics#run#return_code#mean": 0.0, 
  "##characteristics#run#return_code#min": 0, 
  "##characteristics#run#return_code#min_imp": 1, 
  "##characteristics#run#return_code#range": 0, 
  "##characteristics#run#return_code#repeats": 4, 
  "##characteristics#run#run_success#all": [
    "yes", 
    "yes", 
    "yes", 
    "yes"
  ], 
  "##characteristics#run#run_success#all_unique": [
    "yes"
  ], 
  "##characteristics#run#run_success#min": "yes", 
  "##characteristics#run#run_success#min_imp": 1, 
  "##characteristics#run#run_success#repeats": 4, 
  "##characteristics#run#run_success_bool#all": [
    true, 
    true, 
    true, 
    true
  ], 
  "##characteristics#run#run_success_bool#all_unique": [
    true
  ], 
  "##characteristics#run#run_success_bool#min": true, 
  "##characteristics#run#run_success_bool#min_imp": 1, 
  "##characteristics#run#run_success_bool#repeats": 4, 
  "##characteristics#run#total_execution_time#all": [
    10.12008, 
    10.016532, 
    9.862116, 
    9.675174
  ], 
  "##characteristics#run#total_execution_time#all_unique": [
    10.12008, 
    10.016532, 
    9.862116, 
    9.675174
  ], 
  "##characteristics#run#total_execution_time#center": 9.897627, 
  "##characteristics#run#total_execution_time#center_imp": 0.9486105103778916, 
  "##characteristics#run#total_execution_time#halfrange": 0.2224529999999998, 
  "##characteristics#run#total_execution_time#max": 10.12008, 
  "##characteristics#run#total_execution_time#mean": 9.9184755, 
  "##characteristics#run#total_execution_time#mean_imp": 0.9459765515375825, 
  "##characteristics#run#total_execution_time#min": 9.675174, 
  "##characteristics#run#total_execution_time#min_imp": 0.9560927793133228, 
  "##characteristics#run#total_execution_time#range": 0.4449059999999996, 
  "##characteristics#run#total_execution_time#range_percent": 0.045984289274797495, 
  "##characteristics#run#total_execution_time#repeats": 4
}
