{
  "characteristics_list": [
    {
      "compile": {
        "binary_size": 102020, 
        "compilation_success": "yes", 
        "compilation_success_bool": true, 
        "compilation_time": 102.24695491790771, 
        "compilation_time_with_module": 107.16848087310791, 
        "joined_compiler_flags": "-O3 -fno-branch-target-load-optimize -fcompare-elim -fdelayed-branch -fno-graphite-identity -fno-guess-branch-probability -fno-inline-functions-called-once -fipa-pta -fno-ipa-reference -fno-modulo-sched-allow-regmoves -fno-reorder-functions -fno-sched-pressure -fno-sched-spec-load-dangerous -fno-single-precision-constant -ftree-loop-if-convert-stores -fno-tree-pta -fno-tree-tail-merge -funsafe-math-optimizations -fzero-initialized-in-bss", 
        "md5_sum": "559bdf47a5c139ce6a0cd7a4bf265e1c", 
        "obj_size": 115052, 
        "obj_sizes": {
          "adler32.o": 2416, 
          "compress.o": 1540, 
          "crc32.o": 11240, 
          "ctuning-rtl.o": 4608, 
          "deflate.o": 24700, 
          "gzclose.o": 976, 
          "gzlib.o": 6216, 
          "gzread.o": 6088, 
          "gzwrite.o": 6972, 
          "infback.o": 9044, 
          "inffast.o": 3568, 
          "inflate.o": 16200, 
          "inftrees.o": 4260, 
          "trees.o": 14328, 
          "uncompr.o": 1252, 
          "zutil.o": 1644
        }, 
        "program_git_hash": "04641ea86f9615c4bdca36af53651658ecea444c"
      }, 
      "run": {
        "execution_time": 0.5427823684210527, 
        "execution_time_kernel_0": 10.312865, 
        "execution_time_with_module": 11.034984827041626, 
        "repeat": 19, 
        "return_code": 0, 
        "run_success": "yes", 
        "run_success_bool": true, 
        "total_execution_time": 10.312865
      }
    }, 
    {
      "run": {
        "execution_time": 0.5441011578947369, 
        "execution_time_kernel_0": 10.337922, 
        "execution_time_with_module": 11.066951990127563, 
        "repeat": 19, 
        "return_code": 0, 
        "run_success": "yes", 
        "run_success_bool": true, 
        "total_execution_time": 10.337922
      }
    }, 
    {
      "run": {
        "execution_time": 0.5518678947368422, 
        "execution_time_kernel_0": 10.48549, 
        "execution_time_with_module": 11.20915412902832, 
        "repeat": 19, 
        "return_code": 0, 
        "run_success": "yes", 
        "run_success_bool": true, 
        "total_execution_time": 10.48549
      }
    }, 
    {
      "run": {
        "execution_time": 0.5559985789473685, 
        "execution_time_kernel_0": 10.563973, 
        "execution_time_with_module": 11.29255199432373, 
        "repeat": 19, 
        "return_code": 0, 
        "run_success": "yes", 
        "run_success_bool": true, 
        "total_execution_time": 10.563973
      }
    }
  ], 
  "choices": {
    "calibration_time": 10.0, 
    "cmd_key": "encode", 
    "compile_type": "dynamic", 
    "compiler_description_uoa": "gcc-4.9.0-auto", 
    "compiler_flags": {
      "base_opt": "-O3", 
      "bool-branch-target-load-optimize": "-fno-branch-target-load-optimize", 
      "bool-compare-elim": "-fcompare-elim", 
      "bool-delayed-branch": "-fdelayed-branch", 
      "bool-graphite-identity": "-fno-graphite-identity", 
      "bool-guess-branch-probability": "-fno-guess-branch-probability", 
      "bool-inline-functions-called-once": "-fno-inline-functions-called-once", 
      "bool-ipa-pta": "-fipa-pta", 
      "bool-ipa-reference": "-fno-ipa-reference", 
      "bool-modulo-sched-allow-regmoves": "-fno-modulo-sched-allow-regmoves", 
      "bool-reorder-functions": "-fno-reorder-functions", 
      "bool-sched-pressure": "-fno-sched-pressure", 
      "bool-sched-spec-load-dangerous": "-fno-sched-spec-load-dangerous", 
      "bool-single-precision-constant": "-fno-single-precision-constant", 
      "bool-tree-loop-if-convert-stores": "-ftree-loop-if-convert-stores", 
      "bool-tree-pta": "-fno-tree-pta", 
      "bool-tree-tail-merge": "-fno-tree-tail-merge", 
      "bool-unsafe-math-optimizations": "-funsafe-math-optimizations", 
      "bool-zero-initialized-in-bss": "-fzero-initialized-in-bss"
    }, 
    "data_uoa": "zlib", 
    "dataset_file": "data.wav", 
    "dataset_uoa": "audio-wav-0001", 
    "device_cfg": {}, 
    "device_id": "", 
    "host_os": "linux-32", 
    "module_uoa": "b0ac08fe1d3c2615", 
    "no_state_check": "yes", 
    "program_tags": "", 
    "repeat": 19, 
    "target": "", 
    "target_os": "linux-32", 
    "target_os_bits": "32"
  }, 
  "choices_order": [
    "##compiler_flags#base_opt", 
    "##compiler_flags#bool-branch-target-load-optimize", 
    "##compiler_flags#bool-compare-elim", 
    "##compiler_flags#bool-delayed-branch", 
    "##compiler_flags#bool-graphite-identity", 
    "##compiler_flags#bool-guess-branch-probability", 
    "##compiler_flags#bool-inline-functions-called-once", 
    "##compiler_flags#bool-ipa-pta", 
    "##compiler_flags#bool-ipa-reference", 
    "##compiler_flags#bool-modulo-sched-allow-regmoves", 
    "##compiler_flags#bool-reorder-functions", 
    "##compiler_flags#bool-sched-pressure", 
    "##compiler_flags#bool-sched-spec-load-dangerous", 
    "##compiler_flags#bool-single-precision-constant", 
    "##compiler_flags#bool-tree-loop-if-convert-stores", 
    "##compiler_flags#bool-tree-pta", 
    "##compiler_flags#bool-tree-tail-merge", 
    "##compiler_flags#bool-unsafe-math-optimizations", 
    "##compiler_flags#bool-zero-initialized-in-bss"
  ], 
  "features": {
    "compiler_version": {
      "list": [
        4, 
        9, 
        2
      ], 
      "raw": [
        "gcc-4.9 (Raspbian 4.9.2-10) 4.9.2", 
        "Copyright (C) 2014 Free Software Foundation, Inc.", 
        "This is free software; see the source for copying conditions.  There is NO", 
        "warranty; not even for MERCHANTABILITY or FITNESS FOR A PARTICULAR PURPOSE.", 
        "", 
        ""
      ], 
      "str": "4.9.2"
    }, 
    "dataset": {
      "total_size": 311096
    }, 
    "number_of_selected_compiler_flags": 19, 
    "platform": {
      "cpu": {
        "all_freqs": {
          "0": [
            700000, 
            700000
          ]
        }, 
        "cpu_abi": "", 
        "cpu_features": "half thumb fastmult vfp edsp java tls", 
        "current_freq": {
          "0": 700.0
        }, 
        "max_freq": {
          "0": 700.0
        }, 
        "name": "BCM2708", 
        "num_proc": "1", 
        "sub_name": "ARMv6-compatible processor rev 7 (v6l)", 
        "workload_automation": {
          "device_config": {
            "core_clusters": [
              0
            ], 
            "core_names": [
              "BCM2708"
            ]
          }
        }
      }, 
      "cpu_misc": {
        "0": {
          "BogoMIPS": "697.95", 
          "CPU architecture": "7", 
          "CPU implementer": "0x41", 
          "CPU part": "0xb76", 
          "CPU revision": "7", 
          "CPU variant": "0x0", 
          "Features": "half thumb fastmult vfp edsp java tls", 
          "Hardware": "BCM2708", 
          "Revision": "0013", 
          "Serial": "00000000999033c3", 
          "all_freqs": [
            "0", 
            "0"
          ], 
          "ck_cpu_name": "BCM2708", 
          "ck_cpu_subname": "ARMv6-compatible processor rev 7 (v6l)", 
          "cpu_features": "half thumb fastmult vfp edsp java tls", 
          "cur_freq": 700.0, 
          "max_freq": 700.0, 
          "model name": "ARMv6-compatible processor rev 7 (v6l)", 
          "processor": "0"
        }
      }, 
      "cpu_new_format": "", 
      "cpu_unique": [
        {
          "BogoMIPS": "697.95", 
          "CPU architecture": "7", 
          "CPU implementer": "0x41", 
          "CPU part": "0xb76", 
          "CPU revision": "7", 
          "CPU variant": "0x0", 
          "Features": "half thumb fastmult vfp edsp java tls", 
          "Hardware": "BCM2708", 
          "Revision": "0013", 
          "Serial": "00000000999033c3", 
          "all_freqs": [
            "0", 
            "0"
          ], 
          "ck_cpu_name": "BCM2708", 
          "ck_cpu_subname": "ARMv6-compatible processor rev 7 (v6l)", 
          "cpu_features": "half thumb fastmult vfp edsp java tls", 
          "cur_freq": 700.0, 
          "max_freq": 700.0, 
          "model name": "ARMv6-compatible processor rev 7 (v6l)", 
          "processor": "0"
        }
      ], 
      "gpu": {
        "name": "", 
        "vendor": ""
      }, 
      "gpu_misc": {}, 
      "os": {
        "abi": "armv6l", 
        "bits": "32", 
        "ck_os_base_uoa": "", 
        "ck_os_uoa": "linux-32", 
        "name": "Linux 4.4.21+", 
        "name_long": "Linux-4.4.21+-armv6l-with-debian-8.0", 
        "name_short": "Linux 4.4.21+", 
        "serial_number": ""
      }, 
      "os_misc": {}, 
      "platform": {
        "model": "", 
        "name": "", 
        "vendor": ""
      }, 
      "platform_misc": {}
    }, 
    "solution_uid": "61764d46879edf84", 
    "statistical_repetitions": 4
  }
}
