{
  "characteristics_list": [
    {
      "compile": {
        "binary_size": 99988, 
        "compilation_success": "yes", 
        "compilation_success_bool": true, 
        "compilation_time": 94.14054989814758, 
        "compilation_time_with_module": 99.0608959197998, 
        "joined_compiler_flags": "-O3 -fexcess-precision=fast -fno-branch-probabilities -fcprop-registers -fno-cse-skip-blocks -ffloat-store -fno-modulo-sched -fpeel-loops -fno-prefetch-loop-arrays -fno-rerun-cse-after-loop -fno-sched-spec -fno-signaling-nans -fsplit-ivs-in-unroller -ftree-loop-im -fno-tree-pre -ftree-vrp", 
        "md5_sum": "fd2100e79cf5d27ce413585496534304", 
        "obj_size": 113336, 
        "obj_sizes": {
          "adler32.o": 2428, 
          "compress.o": 1568, 
          "crc32.o": 10796, 
          "ctuning-rtl.o": 4640, 
          "deflate.o": 19524, 
          "gzclose.o": 980, 
          "gzlib.o": 6344, 
          "gzread.o": 5796, 
          "gzwrite.o": 10288, 
          "infback.o": 9236, 
          "inffast.o": 3972, 
          "inflate.o": 16416, 
          "inftrees.o": 4300, 
          "trees.o": 14128, 
          "uncompr.o": 1272, 
          "zutil.o": 1648
        }, 
        "program_git_hash": "04641ea86f9615c4bdca36af53651658ecea444c"
      }, 
      "run": {
        "execution_time": 0.5326357894736842, 
        "execution_time_kernel_0": 10.12008, 
        "execution_time_with_module": 10.845990180969238, 
        "repeat": 19, 
        "return_code": 0, 
        "run_success": "yes", 
        "run_success_bool": true, 
        "total_execution_time": 10.12008
      }
    }, 
    {
      "run": {
        "execution_time": 0.5271858947368421, 
        "execution_time_kernel_0": 10.016532, 
        "execution_time_with_module": 10.74880599975586, 
        "repeat": 19, 
        "return_code": 0, 
        "run_success": "yes", 
        "run_success_bool": true, 
        "total_execution_time": 10.016532
      }
    }, 
    {
      "run": {
        "execution_time": 0.5190587368421052, 
        "execution_time_kernel_0": 9.862116, 
        "execution_time_with_module": 10.596029996871948, 
        "repeat": 19, 
        "return_code": 0, 
        "run_success": "yes", 
        "run_success_bool": true, 
        "total_execution_time": 9.862116
      }
    }, 
    {
      "run": {
        "execution_time": 0.5092196842105263, 
        "execution_time_kernel_0": 9.675174, 
        "execution_time_with_module": 10.415291786193848, 
        "repeat": 19, 
        "return_code": 0, 
        "run_success": "yes", 
        "run_success_bool": true, 
        "total_execution_time": 9.675174
      }
    }
  ], 
  "choices": {
    "calibration_time": 10.0, 
    "cmd_key": "encode", 
    "compile_type": "dynamic", 
    "compiler_description_uoa": "gcc-4.9.0-auto", 
    "compiler_flags": {
      "base_opt": "-O3", 
      "bool--fexcess-precision=": "-fexcess-precision=fast", 
      "bool-branch-probabilities": "-fno-branch-probabilities", 
      "bool-cprop-registers": "-fcprop-registers", 
      "bool-cse-skip-blocks": "-fno-cse-skip-blocks", 
      "bool-float-store": "-ffloat-store", 
      "bool-modulo-sched": "-fno-modulo-sched", 
      "bool-peel-loops": "-fpeel-loops", 
      "bool-prefetch-loop-arrays": "-fno-prefetch-loop-arrays", 
      "bool-rerun-cse-after-loop": "-fno-rerun-cse-after-loop", 
      "bool-sched-spec": "-fno-sched-spec", 
      "bool-signaling-nans": "-fno-signaling-nans", 
      "bool-split-ivs-in-unroller": "-fsplit-ivs-in-unroller", 
      "bool-tree-loop-im": "-ftree-loop-im", 
      "bool-tree-pre": "-fno-tree-pre", 
      "bool-tree-vrp": "-ftree-vrp"
    }, 
    "data_uoa": "zlib", 
    "dataset_file": "data.wav", 
    "dataset_uoa": "audio-wav-0001", 
    "device_cfg": {}, 
    "device_id": "", 
    "host_os": "linux-32", 
    "module_uoa": "b0ac08fe1d3c2615", 
    "no_state_check": "yes", 
    "program_tags": "", 
    "repeat": 19, 
    "target": "", 
    "target_os": "linux-32", 
    "target_os_bits": "32"
  }, 
  "choices_order": [
    "##compiler_flags#base_opt", 
    "##compiler_flags#bool--fexcess-precision=", 
    "##compiler_flags#bool-branch-probabilities", 
    "##compiler_flags#bool-cprop-registers", 
    "##compiler_flags#bool-cse-skip-blocks", 
    "##compiler_flags#bool-float-store", 
    "##compiler_flags#bool-modulo-sched", 
    "##compiler_flags#bool-peel-loops", 
    "##compiler_flags#bool-prefetch-loop-arrays", 
    "##compiler_flags#bool-rerun-cse-after-loop", 
    "##compiler_flags#bool-sched-spec", 
    "##compiler_flags#bool-signaling-nans", 
    "##compiler_flags#bool-split-ivs-in-unroller", 
    "##compiler_flags#bool-tree-loop-im", 
    "##compiler_flags#bool-tree-pre", 
    "##compiler_flags#bool-tree-vrp"
  ], 
  "features": {
    "compiler_version": {
      "list": [
        4, 
        9, 
        2
      ], 
      "raw": [
        "gcc-4.9 (Raspbian 4.9.2-10) 4.9.2", 
        "Copyright (C) 2014 Free Software Foundation, Inc.", 
        "This is free software; see the source for copying conditions.  There is NO", 
        "warranty; not even for MERCHANTABILITY or FITNESS FOR A PARTICULAR PURPOSE.", 
        "", 
        ""
      ], 
      "str": "4.9.2"
    }, 
    "dataset": {
      "total_size": 311096
    }, 
    "number_of_selected_compiler_flags": 16, 
    "platform": {
      "cpu": {
        "all_freqs": {
          "0": [
            700000, 
            700000
          ]
        }, 
        "cpu_abi": "", 
        "cpu_features": "half thumb fastmult vfp edsp java tls", 
        "current_freq": {
          "0": 700.0
        }, 
        "max_freq": {
          "0": 700.0
        }, 
        "name": "BCM2708", 
        "num_proc": "1", 
        "sub_name": "ARMv6-compatible processor rev 7 (v6l)", 
        "workload_automation": {
          "device_config": {
            "core_clusters": [
              0
            ], 
            "core_names": [
              "BCM2708"
            ]
          }
        }
      }, 
      "cpu_misc": {
        "0": {
          "BogoMIPS": "697.95", 
          "CPU architecture": "7", 
          "CPU implementer": "0x41", 
          "CPU part": "0xb76", 
          "CPU revision": "7", 
          "CPU variant": "0x0", 
          "Features": "half thumb fastmult vfp edsp java tls", 
          "Hardware": "BCM2708", 
          "Revision": "0013", 
          "Serial": "00000000999033c3", 
          "all_freqs": [
            "0", 
            "0"
          ], 
          "ck_cpu_name": "BCM2708", 
          "ck_cpu_subname": "ARMv6-compatible processor rev 7 (v6l)", 
          "cpu_features": "half thumb fastmult vfp edsp java tls", 
          "cur_freq": 700.0, 
          "max_freq": 700.0, 
          "model name": "ARMv6-compatible processor rev 7 (v6l)", 
          "processor": "0"
        }
      }, 
      "cpu_new_format": "", 
      "cpu_unique": [
        {
          "BogoMIPS": "697.95", 
          "CPU architecture": "7", 
          "CPU implementer": "0x41", 
          "CPU part": "0xb76", 
          "CPU revision": "7", 
          "CPU variant": "0x0", 
          "Features": "half thumb fastmult vfp edsp java tls", 
          "Hardware": "BCM2708", 
          "Revision": "0013", 
          "Serial": "00000000999033c3", 
          "all_freqs": [
            "0", 
            "0"
          ], 
          "ck_cpu_name": "BCM2708", 
          "ck_cpu_subname": "ARMv6-compatible processor rev 7 (v6l)", 
          "cpu_features": "half thumb fastmult vfp edsp java tls", 
          "cur_freq": 700.0, 
          "max_freq": 700.0, 
          "model name": "ARMv6-compatible processor rev 7 (v6l)", 
          "processor": "0"
        }
      ], 
      "gpu": {
        "name": "", 
        "vendor": ""
      }, 
      "gpu_misc": {}, 
      "os": {
        "abi": "armv6l", 
        "bits": "32", 
        "ck_os_base_uoa": "", 
        "ck_os_uoa": "linux-32", 
        "name": "Linux 4.4.21+", 
        "name_long": "Linux-4.4.21+-armv6l-with-debian-8.0", 
        "name_short": "Linux 4.4.21+", 
        "serial_number": ""
      }, 
      "os_misc": {}, 
      "platform": {
        "model": "", 
        "name": "", 
        "vendor": ""
      }, 
      "platform_misc": {}
    }, 
    "solution_uid": "61764d46879edf84", 
    "statistical_repetitions": 4
  }
}
