{
  "##characteristics#compile#binary_size#all": [
    107648
  ], 
  "##characteristics#compile#binary_size#all_unique": [
    107648
  ], 
  "##characteristics#compile#binary_size#center": 107648, 
  "##characteristics#compile#binary_size#center_imp": 0.9424048751486326, 
  "##characteristics#compile#binary_size#halfrange": 0, 
  "##characteristics#compile#binary_size#max": 107648, 
  "##characteristics#compile#binary_size#mean": 107648.0, 
  "##characteristics#compile#binary_size#mean_imp": 0.9424048751486326, 
  "##characteristics#compile#binary_size#min": 107648, 
  "##characteristics#compile#binary_size#min_imp": 0.9424048751486326, 
  "##characteristics#compile#binary_size#range": 0, 
  "##characteristics#compile#binary_size#range_percent": 0, 
  "##characteristics#compile#binary_size#repeats": 1, 
  "##characteristics#compile#compilation_success#all": [
    "yes"
  ], 
  "##characteristics#compile#compilation_success#all_unique": [
    "yes"
  ], 
  "##characteristics#compile#compilation_success#min": "yes", 
  "##characteristics#compile#compilation_success#min_imp": 0, 
  "##characteristics#compile#compilation_success#repeats": 1, 
  "##characteristics#compile#compilation_success_bool#all": [
    true
  ], 
  "##characteristics#compile#compilation_success_bool#all_unique": [
    true
  ], 
  "##characteristics#compile#compilation_success_bool#min": true, 
  "##characteristics#compile#compilation_success_bool#min_imp": 0, 
  "##characteristics#compile#compilation_success_bool#repeats": 1, 
  "##characteristics#compile#compilation_time#all": [
    110.26865911483765
  ], 
  "##characteristics#compile#compilation_time#all_unique": [
    110.26865911483765
  ], 
  "##characteristics#compile#compilation_time#center": 110.26865911483765, 
  "##characteristics#compile#compilation_time#center_imp": 0.9787582700652993, 
  "##characteristics#compile#compilation_time#halfrange": 0.0, 
  "##characteristics#compile#compilation_time#max": 110.26865911483765, 
  "##characteristics#compile#compilation_time#mean": 110.26865911483765, 
  "##characteristics#compile#compilation_time#mean_imp": 0.9787582700652993, 
  "##characteristics#compile#compilation_time#min": 110.26865911483765, 
  "##characteristics#compile#compilation_time#min_imp": 0.9787582700652993, 
  "##characteristics#compile#compilation_time#range": 0.0, 
  "##characteristics#compile#compilation_time#range_percent": 0.0, 
  "##characteristics#compile#compilation_time#repeats": 1, 
  "##characteristics#compile#compilation_time_with_module#all": [
    115.22121691703796
  ], 
  "##characteristics#compile#compilation_time_with_module#all_unique": [
    115.22121691703796
  ], 
  "##characteristics#compile#compilation_time_with_module#center": 115.22121691703796, 
  "##characteristics#compile#compilation_time_with_module#center_imp": 0.978212598018472, 
  "##characteristics#compile#compilation_time_with_module#halfrange": 0.0, 
  "##characteristics#compile#compilation_time_with_module#max": 115.22121691703796, 
  "##characteristics#compile#compilation_time_with_module#mean": 115.22121691703796, 
  "##characteristics#compile#compilation_time_with_module#mean_imp": 0.978212598018472, 
  "##characteristics#compile#compilation_time_with_module#min": 115.22121691703796, 
  "##characteristics#compile#compilation_time_with_module#min_imp": 0.978212598018472, 
  "##characteristics#compile#compilation_time_with_module#range": 0.0, 
  "##characteristics#compile#compilation_time_with_module#range_percent": 0.0, 
  "##characteristics#compile#compilation_time_with_module#repeats": 1, 
  "##characteristics#compile#joined_compiler_flags#all": [
    "-O3 -fcprop-registers -fcrossjumping -fdevirtualize -fno-devirtualize-speculatively -ffunction-sections -fgcse-sm -findirect-inlining -fno-keep-inline-functions -fno-live-range-shrinkage -fno-loop-interchange -fmerge-constants -fsched-dep-count-heuristic -fsched-spec-insn-heuristic -fsched-spec-load -fsched2-use-superblocks -fno-section-anchors -fno-selective-scheduling -ftracer -fvect-cost-model"
  ], 
  "##characteristics#compile#joined_compiler_flags#all_unique": [
    "-O3 -fcprop-registers -fcrossjumping -fdevirtualize -fno-devirtualize-speculatively -ffunction-sections -fgcse-sm -findirect-inlining -fno-keep-inline-functions -fno-live-range-shrinkage -fno-loop-interchange -fmerge-constants -fsched-dep-count-heuristic -fsched-spec-insn-heuristic -fsched-spec-load -fsched2-use-superblocks -fno-section-anchors -fno-selective-scheduling -ftracer -fvect-cost-model"
  ], 
  "##characteristics#compile#joined_compiler_flags#min": "-O3 -fcprop-registers -fcrossjumping -fdevirtualize -fno-devirtualize-speculatively -ffunction-sections -fgcse-sm -findirect-inlining -fno-keep-inline-functions -fno-live-range-shrinkage -fno-loop-interchange -fmerge-constants -fsched-dep-count-heuristic -fsched-spec-insn-heuristic -fsched-spec-load -fsched2-use-superblocks -fno-section-anchors -fno-selective-scheduling -ftracer -fvect-cost-model", 
  "##characteristics#compile#joined_compiler_flags#min_imp": 0, 
  "##characteristics#compile#joined_compiler_flags#repeats": 1, 
  "##characteristics#compile#md5_sum#all": [
    "dbf3f5c035c9d6845feebd3393889a42"
  ], 
  "##characteristics#compile#md5_sum#all_unique": [
    "dbf3f5c035c9d6845feebd3393889a42"
  ], 
  "##characteristics#compile#md5_sum#min": "dbf3f5c035c9d6845feebd3393889a42", 
  "##characteristics#compile#md5_sum#min_imp": 0, 
  "##characteristics#compile#md5_sum#repeats": 1, 
  "##characteristics#compile#obj_size#all": [
    132396
  ], 
  "##characteristics#compile#obj_size#all_unique": [
    132396
  ], 
  "##characteristics#compile#obj_size#center": 132396, 
  "##characteristics#compile#obj_size#center_imp": 0.8674280189733828, 
  "##characteristics#compile#obj_size#halfrange": 0, 
  "##characteristics#compile#obj_size#max": 132396, 
  "##characteristics#compile#obj_size#mean": 132396.0, 
  "##characteristics#compile#obj_size#mean_imp": 0.8674280189733828, 
  "##characteristics#compile#obj_size#min": 132396, 
  "##characteristics#compile#obj_size#min_imp": 0.8674280189733828, 
  "##characteristics#compile#obj_size#range": 0, 
  "##characteristics#compile#obj_size#range_percent": 0, 
  "##characteristics#compile#obj_size#repeats": 1, 
  "##characteristics#compile#obj_sizes#adler32.o#all": [
    2652
  ], 
  "##characteristics#compile#obj_sizes#adler32.o#all_unique": [
    2652
  ], 
  "##characteristics#compile#obj_sizes#adler32.o#center": 2652, 
  "##characteristics#compile#obj_sizes#adler32.o#center_imp": 0.9140271493212669, 
  "##characteristics#compile#obj_sizes#adler32.o#halfrange": 0, 
  "##characteristics#compile#obj_sizes#adler32.o#max": 2652, 
  "##characteristics#compile#obj_sizes#adler32.o#mean": 2652.0, 
  "##characteristics#compile#obj_sizes#adler32.o#mean_imp": 0.9140271493212669, 
  "##characteristics#compile#obj_sizes#adler32.o#min": 2652, 
  "##characteristics#compile#obj_sizes#adler32.o#min_imp": 0.9140271493212669, 
  "##characteristics#compile#obj_sizes#adler32.o#range": 0, 
  "##characteristics#compile#obj_sizes#adler32.o#range_percent": 0, 
  "##characteristics#compile#obj_sizes#adler32.o#repeats": 1, 
  "##characteristics#compile#obj_sizes#compress.o#all": [
    1828
  ], 
  "##characteristics#compile#obj_sizes#compress.o#all_unique": [
    1828
  ], 
  "##characteristics#compile#obj_sizes#compress.o#center": 1828, 
  "##characteristics#compile#obj_sizes#compress.o#center_imp": 0.8577680525164114, 
  "##characteristics#compile#obj_sizes#compress.o#halfrange": 0, 
  "##characteristics#compile#obj_sizes#compress.o#max": 1828, 
  "##characteristics#compile#obj_sizes#compress.o#mean": 1828.0, 
  "##characteristics#compile#obj_sizes#compress.o#mean_imp": 0.8577680525164114, 
  "##characteristics#compile#obj_sizes#compress.o#min": 1828, 
  "##characteristics#compile#obj_sizes#compress.o#min_imp": 0.8577680525164114, 
  "##characteristics#compile#obj_sizes#compress.o#range": 0, 
  "##characteristics#compile#obj_sizes#compress.o#range_percent": 0, 
  "##characteristics#compile#obj_sizes#compress.o#repeats": 1, 
  "##characteristics#compile#obj_sizes#crc32.o#all": [
    11472
  ], 
  "##characteristics#compile#obj_sizes#crc32.o#all_unique": [
    11472
  ], 
  "##characteristics#compile#obj_sizes#crc32.o#center": 11472, 
  "##characteristics#compile#obj_sizes#crc32.o#center_imp": 0.9480474198047419, 
  "##characteristics#compile#obj_sizes#crc32.o#halfrange": 0, 
  "##characteristics#compile#obj_sizes#crc32.o#max": 11472, 
  "##characteristics#compile#obj_sizes#crc32.o#mean": 11472.0, 
  "##characteristics#compile#obj_sizes#crc32.o#mean_imp": 0.9480474198047419, 
  "##characteristics#compile#obj_sizes#crc32.o#min": 11472, 
  "##characteristics#compile#obj_sizes#crc32.o#min_imp": 0.9480474198047419, 
  "##characteristics#compile#obj_sizes#crc32.o#range": 0, 
  "##characteristics#compile#obj_sizes#crc32.o#range_percent": 0, 
  "##characteristics#compile#obj_sizes#crc32.o#repeats": 1, 
  "##characteristics#compile#obj_sizes#ctuning-rtl.o#all": [
    5080
  ], 
  "##characteristics#compile#obj_sizes#ctuning-rtl.o#all_unique": [
    5080
  ], 
  "##characteristics#compile#obj_sizes#ctuning-rtl.o#center": 5080, 
  "##characteristics#compile#obj_sizes#ctuning-rtl.o#center_imp": 0.9118110236220472, 
  "##characteristics#compile#obj_sizes#ctuning-rtl.o#halfrange": 0, 
  "##characteristics#compile#obj_sizes#ctuning-rtl.o#max": 5080, 
  "##characteristics#compile#obj_sizes#ctuning-rtl.o#mean": 5080.0, 
  "##characteristics#compile#obj_sizes#ctuning-rtl.o#mean_imp": 0.9118110236220472, 
  "##characteristics#compile#obj_sizes#ctuning-rtl.o#min": 5080, 
  "##characteristics#compile#obj_sizes#ctuning-rtl.o#min_imp": 0.9118110236220472, 
  "##characteristics#compile#obj_sizes#ctuning-rtl.o#range": 0, 
  "##characteristics#compile#obj_sizes#ctuning-rtl.o#range_percent": 0, 
  "##characteristics#compile#obj_sizes#ctuning-rtl.o#repeats": 1, 
  "##characteristics#compile#obj_sizes#deflate.o#all": [
    24404
  ], 
  "##characteristics#compile#obj_sizes#deflate.o#all_unique": [
    24404
  ], 
  "##characteristics#compile#obj_sizes#deflate.o#center": 24404, 
  "##characteristics#compile#obj_sizes#deflate.o#center_imp": 0.8265858056056384, 
  "##characteristics#compile#obj_sizes#deflate.o#halfrange": 0, 
  "##characteristics#compile#obj_sizes#deflate.o#max": 24404, 
  "##characteristics#compile#obj_sizes#deflate.o#mean": 24404.0, 
  "##characteristics#compile#obj_sizes#deflate.o#mean_imp": 0.8265858056056384, 
  "##characteristics#compile#obj_sizes#deflate.o#min": 24404, 
  "##characteristics#compile#obj_sizes#deflate.o#min_imp": 0.8265858056056384, 
  "##characteristics#compile#obj_sizes#deflate.o#range": 0, 
  "##characteristics#compile#obj_sizes#deflate.o#range_percent": 0, 
  "##characteristics#compile#obj_sizes#deflate.o#repeats": 1, 
  "##characteristics#compile#obj_sizes#gzclose.o#all": [
    1048
  ], 
  "##characteristics#compile#obj_sizes#gzclose.o#all_unique": [
    1048
  ], 
  "##characteristics#compile#obj_sizes#gzclose.o#center": 1048, 
  "##characteristics#compile#obj_sizes#gzclose.o#center_imp": 0.9351145038167938, 
  "##characteristics#compile#obj_sizes#gzclose.o#halfrange": 0, 
  "##characteristics#compile#obj_sizes#gzclose.o#max": 1048, 
  "##characteristics#compile#obj_sizes#gzclose.o#mean": 1048.0, 
  "##characteristics#compile#obj_sizes#gzclose.o#mean_imp": 0.9351145038167938, 
  "##characteristics#compile#obj_sizes#gzclose.o#min": 1048, 
  "##characteristics#compile#obj_sizes#gzclose.o#min_imp": 0.9351145038167938, 
  "##characteristics#compile#obj_sizes#gzclose.o#range": 0, 
  "##characteristics#compile#obj_sizes#gzclose.o#range_percent": 0, 
  "##characteristics#compile#obj_sizes#gzclose.o#repeats": 1, 
  "##characteristics#compile#obj_sizes#gzlib.o#all": [
    8420
  ], 
  "##characteristics#compile#obj_sizes#gzlib.o#all_unique": [
    8420
  ], 
  "##characteristics#compile#obj_sizes#gzlib.o#center": 8420, 
  "##characteristics#compile#obj_sizes#gzlib.o#center_imp": 0.7482185273159145, 
  "##characteristics#compile#obj_sizes#gzlib.o#halfrange": 0, 
  "##characteristics#compile#obj_sizes#gzlib.o#max": 8420, 
  "##characteristics#compile#obj_sizes#gzlib.o#mean": 8420.0, 
  "##characteristics#compile#obj_sizes#gzlib.o#mean_imp": 0.7482185273159145, 
  "##characteristics#compile#obj_sizes#gzlib.o#min": 8420, 
  "##characteristics#compile#obj_sizes#gzlib.o#min_imp": 0.7482185273159145, 
  "##characteristics#compile#obj_sizes#gzlib.o#range": 0, 
  "##characteristics#compile#obj_sizes#gzlib.o#range_percent": 0, 
  "##characteristics#compile#obj_sizes#gzlib.o#repeats": 1, 
  "##characteristics#compile#obj_sizes#gzread.o#all": [
    7444
  ], 
  "##characteristics#compile#obj_sizes#gzread.o#all_unique": [
    7444
  ], 
  "##characteristics#compile#obj_sizes#gzread.o#center": 7444, 
  "##characteristics#compile#obj_sizes#gzread.o#center_imp": 0.7759269210102095, 
  "##characteristics#compile#obj_sizes#gzread.o#halfrange": 0, 
  "##characteristics#compile#obj_sizes#gzread.o#max": 7444, 
  "##characteristics#compile#obj_sizes#gzread.o#mean": 7444.0, 
  "##characteristics#compile#obj_sizes#gzread.o#mean_imp": 0.7759269210102095, 
  "##characteristics#compile#obj_sizes#gzread.o#min": 7444, 
  "##characteristics#compile#obj_sizes#gzread.o#min_imp": 0.7759269210102095, 
  "##characteristics#compile#obj_sizes#gzread.o#range": 0, 
  "##characteristics#compile#obj_sizes#gzread.o#range_percent": 0, 
  "##characteristics#compile#obj_sizes#gzread.o#repeats": 1, 
  "##characteristics#compile#obj_sizes#gzwrite.o#all": [
    12268
  ], 
  "##characteristics#compile#obj_sizes#gzwrite.o#all_unique": [
    12268
  ], 
  "##characteristics#compile#obj_sizes#gzwrite.o#center": 12268, 
  "##characteristics#compile#obj_sizes#gzwrite.o#center_imp": 0.8366481904140854, 
  "##characteristics#compile#obj_sizes#gzwrite.o#halfrange": 0, 
  "##characteristics#compile#obj_sizes#gzwrite.o#max": 12268, 
  "##characteristics#compile#obj_sizes#gzwrite.o#mean": 12268.0, 
  "##characteristics#compile#obj_sizes#gzwrite.o#mean_imp": 0.8366481904140854, 
  "##characteristics#compile#obj_sizes#gzwrite.o#min": 12268, 
  "##characteristics#compile#obj_sizes#gzwrite.o#min_imp": 0.8366481904140854, 
  "##characteristics#compile#obj_sizes#gzwrite.o#range": 0, 
  "##characteristics#compile#obj_sizes#gzwrite.o#range_percent": 0, 
  "##characteristics#compile#obj_sizes#gzwrite.o#repeats": 1, 
  "##characteristics#compile#obj_sizes#infback.o#all": [
    10296
  ], 
  "##characteristics#compile#obj_sizes#infback.o#all_unique": [
    10296
  ], 
  "##characteristics#compile#obj_sizes#infback.o#center": 10296, 
  "##characteristics#compile#obj_sizes#infback.o#center_imp": 0.9296814296814296, 
  "##characteristics#compile#obj_sizes#infback.o#halfrange": 0, 
  "##characteristics#compile#obj_sizes#infback.o#max": 10296, 
  "##characteristics#compile#obj_sizes#infback.o#mean": 10296.0, 
  "##characteristics#compile#obj_sizes#infback.o#mean_imp": 0.9296814296814296, 
  "##characteristics#compile#obj_sizes#infback.o#min": 10296, 
  "##characteristics#compile#obj_sizes#infback.o#min_imp": 0.9296814296814296, 
  "##characteristics#compile#obj_sizes#infback.o#range": 0, 
  "##characteristics#compile#obj_sizes#infback.o#range_percent": 0, 
  "##characteristics#compile#obj_sizes#infback.o#repeats": 1, 
  "##characteristics#compile#obj_sizes#inffast.o#all": [
    4088
  ], 
  "##characteristics#compile#obj_sizes#inffast.o#all_unique": [
    4088
  ], 
  "##characteristics#compile#obj_sizes#inffast.o#center": 4088, 
  "##characteristics#compile#obj_sizes#inffast.o#center_imp": 0.9774951076320939, 
  "##characteristics#compile#obj_sizes#inffast.o#halfrange": 0, 
  "##characteristics#compile#obj_sizes#inffast.o#max": 4088, 
  "##characteristics#compile#obj_sizes#inffast.o#mean": 4088.0, 
  "##characteristics#compile#obj_sizes#inffast.o#mean_imp": 0.9774951076320939, 
  "##characteristics#compile#obj_sizes#inffast.o#min": 4088, 
  "##characteristics#compile#obj_sizes#inffast.o#min_imp": 0.9774951076320939, 
  "##characteristics#compile#obj_sizes#inffast.o#range": 0, 
  "##characteristics#compile#obj_sizes#inffast.o#range_percent": 0, 
  "##characteristics#compile#obj_sizes#inffast.o#repeats": 1, 
  "##characteristics#compile#obj_sizes#inflate.o#all": [
    19076
  ], 
  "##characteristics#compile#obj_sizes#inflate.o#all_unique": [
    19076
  ], 
  "##characteristics#compile#obj_sizes#inflate.o#center": 19076, 
  "##characteristics#compile#obj_sizes#inflate.o#center_imp": 0.8785908995596561, 
  "##characteristics#compile#obj_sizes#inflate.o#halfrange": 0, 
  "##characteristics#compile#obj_sizes#inflate.o#max": 19076, 
  "##characteristics#compile#obj_sizes#inflate.o#mean": 19076.0, 
  "##characteristics#compile#obj_sizes#inflate.o#mean_imp": 0.8785908995596561, 
  "##characteristics#compile#obj_sizes#inflate.o#min": 19076, 
  "##characteristics#compile#obj_sizes#inflate.o#min_imp": 0.8785908995596561, 
  "##characteristics#compile#obj_sizes#inflate.o#range": 0, 
  "##characteristics#compile#obj_sizes#inflate.o#range_percent": 0, 
  "##characteristics#compile#obj_sizes#inflate.o#repeats": 1, 
  "##characteristics#compile#obj_sizes#inftrees.o#all": [
    5300
  ], 
  "##characteristics#compile#obj_sizes#inftrees.o#all_unique": [
    5300
  ], 
  "##characteristics#compile#obj_sizes#inftrees.o#center": 5300, 
  "##characteristics#compile#obj_sizes#inftrees.o#center_imp": 0.8339622641509434, 
  "##characteristics#compile#obj_sizes#inftrees.o#halfrange": 0, 
  "##characteristics#compile#obj_sizes#inftrees.o#max": 5300, 
  "##characteristics#compile#obj_sizes#inftrees.o#mean": 5300.0, 
  "##characteristics#compile#obj_sizes#inftrees.o#mean_imp": 0.8339622641509434, 
  "##characteristics#compile#obj_sizes#inftrees.o#min": 5300, 
  "##characteristics#compile#obj_sizes#inftrees.o#min_imp": 0.8339622641509434, 
  "##characteristics#compile#obj_sizes#inftrees.o#range": 0, 
  "##characteristics#compile#obj_sizes#inftrees.o#range_percent": 0, 
  "##characteristics#compile#obj_sizes#inftrees.o#repeats": 1, 
  "##characteristics#compile#obj_sizes#trees.o#all": [
    15504
  ], 
  "##characteristics#compile#obj_sizes#trees.o#all_unique": [
    15504
  ], 
  "##characteristics#compile#obj_sizes#trees.o#center": 15504, 
  "##characteristics#compile#obj_sizes#trees.o#center_imp": 0.9148606811145511, 
  "##characteristics#compile#obj_sizes#trees.o#halfrange": 0, 
  "##characteristics#compile#obj_sizes#trees.o#max": 15504, 
  "##characteristics#compile#obj_sizes#trees.o#mean": 15504.0, 
  "##characteristics#compile#obj_sizes#trees.o#mean_imp": 0.9148606811145511, 
  "##characteristics#compile#obj_sizes#trees.o#min": 15504, 
  "##characteristics#compile#obj_sizes#trees.o#min_imp": 0.9148606811145511, 
  "##characteristics#compile#obj_sizes#trees.o#range": 0, 
  "##characteristics#compile#obj_sizes#trees.o#range_percent": 0, 
  "##characteristics#compile#obj_sizes#trees.o#repeats": 1, 
  "##characteristics#compile#obj_sizes#uncompr.o#all": [
    1344
  ], 
  "##characteristics#compile#obj_sizes#uncompr.o#all_unique": [
    1344
  ], 
  "##characteristics#compile#obj_sizes#uncompr.o#center": 1344, 
  "##characteristics#compile#obj_sizes#uncompr.o#center_imp": 0.9464285714285714, 
  "##characteristics#compile#obj_sizes#uncompr.o#halfrange": 0, 
  "##characteristics#compile#obj_sizes#uncompr.o#max": 1344, 
  "##characteristics#compile#obj_sizes#uncompr.o#mean": 1344.0, 
  "##characteristics#compile#obj_sizes#uncompr.o#mean_imp": 0.9464285714285714, 
  "##characteristics#compile#obj_sizes#uncompr.o#min": 1344, 
  "##characteristics#compile#obj_sizes#uncompr.o#min_imp": 0.9464285714285714, 
  "##characteristics#compile#obj_sizes#uncompr.o#range": 0, 
  "##characteristics#compile#obj_sizes#uncompr.o#range_percent": 0, 
  "##characteristics#compile#obj_sizes#uncompr.o#repeats": 1, 
  "##characteristics#compile#obj_sizes#zutil.o#all": [
    2172
  ], 
  "##characteristics#compile#obj_sizes#zutil.o#all_unique": [
    2172
  ], 
  "##characteristics#compile#obj_sizes#zutil.o#center": 2172, 
  "##characteristics#compile#obj_sizes#zutil.o#center_imp": 0.7587476979742173, 
  "##characteristics#compile#obj_sizes#zutil.o#halfrange": 0, 
  "##characteristics#compile#obj_sizes#zutil.o#max": 2172, 
  "##characteristics#compile#obj_sizes#zutil.o#mean": 2172.0, 
  "##characteristics#compile#obj_sizes#zutil.o#mean_imp": 0.7587476979742173, 
  "##characteristics#compile#obj_sizes#zutil.o#min": 2172, 
  "##characteristics#compile#obj_sizes#zutil.o#min_imp": 0.7587476979742173, 
  "##characteristics#compile#obj_sizes#zutil.o#range": 0, 
  "##characteristics#compile#obj_sizes#zutil.o#range_percent": 0, 
  "##characteristics#compile#obj_sizes#zutil.o#repeats": 1, 
  "##characteristics#compile#program_git_hash#all": [
    "04641ea86f9615c4bdca36af53651658ecea444c"
  ], 
  "##characteristics#compile#program_git_hash#all_unique": [
    "04641ea86f9615c4bdca36af53651658ecea444c"
  ], 
  "##characteristics#compile#program_git_hash#min": "04641ea86f9615c4bdca36af53651658ecea444c", 
  "##characteristics#compile#program_git_hash#min_imp": 0, 
  "##characteristics#compile#program_git_hash#repeats": 1, 
  "##characteristics#run#execution_time#all": [
    0.4895544736842105, 
    0.4967433157894736, 
    0.5243087368421053, 
    0.5312425263157895
  ], 
  "##characteristics#run#execution_time#all_unique": [
    0.4895544736842105, 
    0.4967433157894736, 
    0.5243087368421053, 
    0.5312425263157895
  ], 
  "##characteristics#run#execution_time#center": 0.5103985, 
  "##characteristics#run#execution_time#center_imp": 0.9681798169778897, 
  "##characteristics#run#execution_time#halfrange": 0.020844026315789493, 
  "##characteristics#run#execution_time#max": 0.5312425263157895, 
  "##characteristics#run#execution_time#mean": 0.5104622631578948, 
  "##characteristics#run#execution_time#mean_imp": 0.9674043898084943, 
  "##characteristics#run#execution_time#min": 0.4895544736842105, 
  "##characteristics#run#execution_time#min_imp": 0.9944986499540129, 
  "##characteristics#run#execution_time#range": 0.04168805263157899, 
  "##characteristics#run#execution_time#range_percent": 0.08515508461775403, 
  "##characteristics#run#execution_time#repeats": 4, 
  "##characteristics#run#execution_time_kernel_0#all": [
    9.301535, 
    9.438123, 
    9.961866, 
    10.093608
  ], 
  "##characteristics#run#execution_time_kernel_0#all_unique": [
    9.301535, 
    9.438123, 
    9.961866, 
    10.093608
  ], 
  "##characteristics#run#execution_time_kernel_0#center": 9.697571499999999, 
  "##characteristics#run#execution_time_kernel_0#center_imp": 0.9681798169778898, 
  "##characteristics#run#execution_time_kernel_0#halfrange": 0.3960365000000001, 
  "##characteristics#run#execution_time_kernel_0#max": 10.093608, 
  "##characteristics#run#execution_time_kernel_0#mean": 9.698782999999999, 
  "##characteristics#run#execution_time_kernel_0#mean_imp": 0.9674043898084946, 
  "##characteristics#run#execution_time_kernel_0#min": 9.301535, 
  "##characteristics#run#execution_time_kernel_0#min_imp": 0.9944986499540129, 
  "##characteristics#run#execution_time_kernel_0#range": 0.7920730000000002, 
  "##characteristics#run#execution_time_kernel_0#range_percent": 0.08515508461775398, 
  "##characteristics#run#execution_time_kernel_0#repeats": 4, 
  "##characteristics#run#execution_time_with_module#all": [
    10.026325225830078, 
    10.16879916191101, 
    10.69406509399414, 
    10.816075086593628
  ], 
  "##characteristics#run#execution_time_with_module#all_unique": [
    10.026325225830078, 
    10.16879916191101, 
    10.69406509399414, 
    10.816075086593628
  ], 
  "##characteristics#run#execution_time_with_module#center": 10.421200156211853, 
  "##characteristics#run#execution_time_with_module#center_imp": 1.073100921588733, 
  "##characteristics#run#execution_time_with_module#halfrange": 0.3948749303817749, 
  "##characteristics#run#execution_time_with_module#max": 10.816075086593628, 
  "##characteristics#run#execution_time_with_module#mean": 10.426316142082214, 
  "##characteristics#run#execution_time_with_module#mean_imp": 1.024331735055749, 
  "##characteristics#run#execution_time_with_module#min": 10.026325225830078, 
  "##characteristics#run#execution_time_with_module#min_imp": 0.9953138215322898, 
  "##characteristics#run#execution_time_with_module#range": 0.7897498607635498, 
  "##characteristics#run#execution_time_with_module#range_percent": 0.07876762851547801, 
  "##characteristics#run#execution_time_with_module#repeats": 4, 
  "##characteristics#run#repeat#all": [
    19, 
    19, 
    19, 
    19
  ], 
  "##characteristics#run#repeat#all_unique": [
    19
  ], 
  "##characteristics#run#repeat#center": 19, 
  "##characteristics#run#repeat#center_imp": 1.0, 
  "##characteristics#run#repeat#halfrange": 0, 
  "##characteristics#run#repeat#max": 19, 
  "##characteristics#run#repeat#mean": 19.0, 
  "##characteristics#run#repeat#mean_imp": 1.0, 
  "##characteristics#run#repeat#min": 19, 
  "##characteristics#run#repeat#min_imp": 1.0, 
  "##characteristics#run#repeat#range": 0, 
  "##characteristics#run#repeat#range_percent": 0, 
  "##characteristics#run#repeat#repeats": 4, 
  "##characteristics#run#return_code#all": [
    0, 
    0, 
    0, 
    0
  ], 
  "##characteristics#run#return_code#all_unique": [
    0
  ], 
  "##characteristics#run#return_code#center": 0, 
  "##characteristics#run#return_code#halfrange": 0, 
  "##characteristics#run#return_code#max": 0, 
  "##characteristics#run#return_code#mean": 0.0, 
  "##characteristics#run#return_code#min": 0, 
  "##characteristics#run#return_code#min_imp": 1, 
  "##characteristics#run#return_code#range": 0, 
  "##characteristics#run#return_code#repeats": 4, 
  "##characteristics#run#run_success#all": [
    "yes", 
    "yes", 
    "yes", 
    "yes"
  ], 
  "##characteristics#run#run_success#all_unique": [
    "yes"
  ], 
  "##characteristics#run#run_success#min": "yes", 
  "##characteristics#run#run_success#min_imp": 1, 
  "##characteristics#run#run_success#repeats": 4, 
  "##characteristics#run#run_success_bool#all": [
    true, 
    true, 
    true, 
    true
  ], 
  "##characteristics#run#run_success_bool#all_unique": [
    true
  ], 
  "##characteristics#run#run_success_bool#min": true, 
  "##characteristics#run#run_success_bool#min_imp": 1, 
  "##characteristics#run#run_success_bool#repeats": 4, 
  "##characteristics#run#total_execution_time#all": [
    9.301535, 
    9.438123, 
    9.961866, 
    10.093608
  ], 
  "##characteristics#run#total_execution_time#all_unique": [
    9.301535, 
    9.438123, 
    9.961866, 
    10.093608
  ], 
  "##characteristics#run#total_execution_time#center": 9.697571499999999, 
  "##characteristics#run#total_execution_time#center_imp": 0.9681798169778898, 
  "##characteristics#run#total_execution_time#halfrange": 0.3960365000000001, 
  "##characteristics#run#total_execution_time#max": 10.093608, 
  "##characteristics#run#total_execution_time#mean": 9.698782999999999, 
  "##characteristics#run#total_execution_time#mean_imp": 0.9674043898084946, 
  "##characteristics#run#total_execution_time#min": 9.301535, 
  "##characteristics#run#total_execution_time#min_imp": 0.9944986499540129, 
  "##characteristics#run#total_execution_time#range": 0.7920730000000002, 
  "##characteristics#run#total_execution_time#range_percent": 0.08515508461775398, 
  "##characteristics#run#total_execution_time#repeats": 4
}
