{
  "characteristics_list": [
    {
      "compile": {
        "binary_size": 100828, 
        "compilation_success": "yes", 
        "compilation_success_bool": true, 
        "compilation_time": 96.930419921875, 
        "compilation_time_with_module": 101.90264296531677, 
        "joined_compiler_flags": "-O3 -fexcess-precision=fast -fno-data-sections -fno-forward-propagate -fgcse-lm -fno-ipa-cp-clone -fpartial-inlining -freorder-blocks -fsched-rank-heuristic -fno-sched-spec-insn-heuristic -fno-schedule-insns2 -fno-tree-copy-prop -fno-tree-dse -fno-tree-loop-if-convert -ftree-partial-pre -fno-tree-phiprop -ftree-pta -funsafe-loop-optimizations", 
        "md5_sum": "9ce6bb3457d401bcbc23e0cdabd9a601", 
        "obj_size": 114128, 
        "obj_sizes": {
          "adler32.o": 2424, 
          "compress.o": 1568, 
          "crc32.o": 10876, 
          "ctuning-rtl.o": 4636, 
          "deflate.o": 20208, 
          "gzclose.o": 980, 
          "gzlib.o": 6356, 
          "gzread.o": 5904, 
          "gzwrite.o": 9220, 
          "infback.o": 9532, 
          "inffast.o": 3920, 
          "inflate.o": 16836, 
          "inftrees.o": 4424, 
          "trees.o": 14324, 
          "uncompr.o": 1272, 
          "zutil.o": 1648
        }, 
        "program_git_hash": "04641ea86f9615c4bdca36af53651658ecea444c"
      }, 
      "run": {
        "execution_time": 0.4985746315789474, 
        "execution_time_kernel_0": 9.472918, 
        "execution_time_with_module": 10.198030948638916, 
        "repeat": 19, 
        "return_code": 0, 
        "run_success": "yes", 
        "run_success_bool": true, 
        "total_execution_time": 9.472918
      }
    }, 
    {
      "run": {
        "execution_time": 0.5278965789473684, 
        "execution_time_kernel_0": 10.030035, 
        "execution_time_with_module": 11.459388971328735, 
        "repeat": 19, 
        "return_code": 0, 
        "run_success": "yes", 
        "run_success_bool": true, 
        "total_execution_time": 10.030035
      }
    }, 
    {
      "run": {
        "execution_time": 0.5204618421052633, 
        "execution_time_kernel_0": 9.888775, 
        "execution_time_with_module": 11.13621711730957, 
        "repeat": 19, 
        "return_code": 0, 
        "run_success": "yes", 
        "run_success_bool": true, 
        "total_execution_time": 9.888775
      }
    }, 
    {
      "run": {
        "execution_time": 0.5346341052631579, 
        "execution_time_kernel_0": 10.158048, 
        "execution_time_with_module": 10.8940110206604, 
        "repeat": 19, 
        "return_code": 0, 
        "run_success": "yes", 
        "run_success_bool": true, 
        "total_execution_time": 10.158048
      }
    }
  ], 
  "choices": {
    "calibration_time": 10.0, 
    "cmd_key": "encode", 
    "compile_type": "dynamic", 
    "compiler_description_uoa": "gcc-4.9.0-auto", 
    "compiler_flags": {
      "base_opt": "-O3", 
      "bool--fexcess-precision=": "-fexcess-precision=fast", 
      "bool-data-sections": "-fno-data-sections", 
      "bool-forward-propagate": "-fno-forward-propagate", 
      "bool-gcse-lm": "-fgcse-lm", 
      "bool-ipa-cp-clone": "-fno-ipa-cp-clone", 
      "bool-partial-inlining": "-fpartial-inlining", 
      "bool-reorder-blocks": "-freorder-blocks", 
      "bool-sched-rank-heuristic": "-fsched-rank-heuristic", 
      "bool-sched-spec-insn-heuristic": "-fno-sched-spec-insn-heuristic", 
      "bool-schedule-insns2": "-fno-schedule-insns2", 
      "bool-tree-copy-prop": "-fno-tree-copy-prop", 
      "bool-tree-dse": "-fno-tree-dse", 
      "bool-tree-loop-if-convert": "-fno-tree-loop-if-convert", 
      "bool-tree-partial-pre": "-ftree-partial-pre", 
      "bool-tree-phiprop": "-fno-tree-phiprop", 
      "bool-tree-pta": "-ftree-pta", 
      "bool-unsafe-loop-optimizations": "-funsafe-loop-optimizations"
    }, 
    "data_uoa": "zlib", 
    "dataset_file": "data.wav", 
    "dataset_uoa": "audio-wav-0001", 
    "device_cfg": {}, 
    "device_id": "", 
    "host_os": "linux-32", 
    "module_uoa": "b0ac08fe1d3c2615", 
    "no_state_check": "yes", 
    "program_tags": "", 
    "repeat": 19, 
    "target": "", 
    "target_os": "linux-32", 
    "target_os_bits": "32"
  }, 
  "choices_order": [
    "##compiler_flags#base_opt", 
    "##compiler_flags#bool--fexcess-precision=", 
    "##compiler_flags#bool-data-sections", 
    "##compiler_flags#bool-forward-propagate", 
    "##compiler_flags#bool-gcse-lm", 
    "##compiler_flags#bool-ipa-cp-clone", 
    "##compiler_flags#bool-partial-inlining", 
    "##compiler_flags#bool-reorder-blocks", 
    "##compiler_flags#bool-sched-rank-heuristic", 
    "##compiler_flags#bool-sched-spec-insn-heuristic", 
    "##compiler_flags#bool-schedule-insns2", 
    "##compiler_flags#bool-tree-copy-prop", 
    "##compiler_flags#bool-tree-dse", 
    "##compiler_flags#bool-tree-loop-if-convert", 
    "##compiler_flags#bool-tree-partial-pre", 
    "##compiler_flags#bool-tree-phiprop", 
    "##compiler_flags#bool-tree-pta", 
    "##compiler_flags#bool-unsafe-loop-optimizations"
  ], 
  "features": {
    "compiler_version": {
      "list": [
        4, 
        9, 
        2
      ], 
      "raw": [
        "gcc-4.9 (Raspbian 4.9.2-10) 4.9.2", 
        "Copyright (C) 2014 Free Software Foundation, Inc.", 
        "This is free software; see the source for copying conditions.  There is NO", 
        "warranty; not even for MERCHANTABILITY or FITNESS FOR A PARTICULAR PURPOSE.", 
        "", 
        ""
      ], 
      "str": "4.9.2"
    }, 
    "dataset": {
      "total_size": 311096
    }, 
    "number_of_selected_compiler_flags": 18, 
    "platform": {
      "cpu": {
        "all_freqs": {
          "0": [
            700000, 
            700000
          ]
        }, 
        "cpu_abi": "", 
        "cpu_features": "half thumb fastmult vfp edsp java tls", 
        "current_freq": {
          "0": 700.0
        }, 
        "max_freq": {
          "0": 700.0
        }, 
        "name": "BCM2708", 
        "num_proc": "1", 
        "sub_name": "ARMv6-compatible processor rev 7 (v6l)", 
        "workload_automation": {
          "device_config": {
            "core_clusters": [
              0
            ], 
            "core_names": [
              "BCM2708"
            ]
          }
        }
      }, 
      "cpu_misc": {
        "0": {
          "BogoMIPS": "697.95", 
          "CPU architecture": "7", 
          "CPU implementer": "0x41", 
          "CPU part": "0xb76", 
          "CPU revision": "7", 
          "CPU variant": "0x0", 
          "Features": "half thumb fastmult vfp edsp java tls", 
          "Hardware": "BCM2708", 
          "Revision": "0013", 
          "Serial": "00000000999033c3", 
          "all_freqs": [
            "0", 
            "0"
          ], 
          "ck_cpu_name": "BCM2708", 
          "ck_cpu_subname": "ARMv6-compatible processor rev 7 (v6l)", 
          "cpu_features": "half thumb fastmult vfp edsp java tls", 
          "cur_freq": 700.0, 
          "max_freq": 700.0, 
          "model name": "ARMv6-compatible processor rev 7 (v6l)", 
          "processor": "0"
        }
      }, 
      "cpu_new_format": "", 
      "cpu_unique": [
        {
          "BogoMIPS": "697.95", 
          "CPU architecture": "7", 
          "CPU implementer": "0x41", 
          "CPU part": "0xb76", 
          "CPU revision": "7", 
          "CPU variant": "0x0", 
          "Features": "half thumb fastmult vfp edsp java tls", 
          "Hardware": "BCM2708", 
          "Revision": "0013", 
          "Serial": "00000000999033c3", 
          "all_freqs": [
            "0", 
            "0"
          ], 
          "ck_cpu_name": "BCM2708", 
          "ck_cpu_subname": "ARMv6-compatible processor rev 7 (v6l)", 
          "cpu_features": "half thumb fastmult vfp edsp java tls", 
          "cur_freq": 700.0, 
          "max_freq": 700.0, 
          "model name": "ARMv6-compatible processor rev 7 (v6l)", 
          "processor": "0"
        }
      ], 
      "gpu": {
        "name": "", 
        "vendor": ""
      }, 
      "gpu_misc": {}, 
      "os": {
        "abi": "armv6l", 
        "bits": "32", 
        "ck_os_base_uoa": "", 
        "ck_os_uoa": "linux-32", 
        "name": "Linux 4.4.21+", 
        "name_long": "Linux-4.4.21+-armv6l-with-debian-8.0", 
        "name_short": "Linux 4.4.21+", 
        "serial_number": ""
      }, 
      "os_misc": {}, 
      "platform": {
        "model": "", 
        "name": "", 
        "vendor": ""
      }, 
      "platform_misc": {}
    }, 
    "solution_uid": "61764d46879edf84", 
    "statistical_repetitions": 4
  }
}
