{
  "##choices#calibration_time": 10.0, 
  "##choices#cmd_key": "encode", 
  "##choices#compile_type": "dynamic", 
  "##choices#compiler_description_uoa": "gcc-4.9.0-auto", 
  "##choices#compiler_flags#base_opt": "-O3", 
  "##choices#compiler_flags#bool-associative-math": "-fno-associative-math", 
  "##choices#compiler_flags#bool-branch-target-load-optimize": "-fbranch-target-load-optimize", 
  "##choices#compiler_flags#bool-branch-target-load-optimize2": "-fbranch-target-load-optimize2", 
  "##choices#compiler_flags#bool-caller-saves": "-fcaller-saves", 
  "##choices#compiler_flags#bool-cse-skip-blocks": "-fno-cse-skip-blocks", 
  "##choices#compiler_flags#bool-delayed-branch": "-fno-delayed-branch", 
  "##choices#compiler_flags#bool-forward-propagate": "-fno-forward-propagate", 
  "##choices#compiler_flags#bool-gcse-las": "-fgcse-las", 
  "##choices#compiler_flags#bool-ira-share-spill-slots": "-fira-share-spill-slots", 
  "##choices#compiler_flags#bool-merge-constants": "-fmerge-constants", 
  "##choices#compiler_flags#bool-modulo-sched-allow-regmoves": "-fmodulo-sched-allow-regmoves", 
  "##choices#compiler_flags#bool-sched2-use-superblocks": "-fno-sched2-use-superblocks", 
  "##choices#compiler_flags#bool-shrink-wrap": "-fno-shrink-wrap", 
  "##choices#compiler_flags#bool-tree-bit-ccp": "-fno-tree-bit-ccp", 
  "##choices#compiler_flags#bool-tree-ccp": "-ftree-ccp", 
  "##choices#compiler_flags#bool-tree-dse": "-fno-tree-dse", 
  "##choices#compiler_flags#bool-tree-loop-if-convert": "-fno-tree-loop-if-convert", 
  "##choices#compiler_flags#bool-tree-loop-vectorize": "-fno-tree-loop-vectorize", 
  "##choices#compiler_flags#bool-tree-phiprop": "-fno-tree-phiprop", 
  "##choices#data_uoa": "zlib", 
  "##choices#dataset_file": "data.wav", 
  "##choices#dataset_uoa": "audio-wav-0001", 
  "##choices#device_id": "", 
  "##choices#host_os": "linux-32", 
  "##choices#module_uoa": "b0ac08fe1d3c2615", 
  "##choices#no_state_check": "yes", 
  "##choices#program_tags": "", 
  "##choices#repeat": 19, 
  "##choices#target": "", 
  "##choices#target_os": "linux-32", 
  "##choices#target_os_bits": "32"
}
