{
  "##characteristics#compile#binary_size#all": [
    99160
  ], 
  "##characteristics#compile#binary_size#all_unique": [
    99160
  ], 
  "##characteristics#compile#binary_size#center": 99160, 
  "##characteristics#compile#binary_size#center_imp": 1.0230738200887455, 
  "##characteristics#compile#binary_size#halfrange": 0, 
  "##characteristics#compile#binary_size#max": 99160, 
  "##characteristics#compile#binary_size#mean": 99160.0, 
  "##characteristics#compile#binary_size#mean_imp": 1.0230738200887455, 
  "##characteristics#compile#binary_size#min": 99160, 
  "##characteristics#compile#binary_size#min_imp": 1.0230738200887455, 
  "##characteristics#compile#binary_size#range": 0, 
  "##characteristics#compile#binary_size#range_percent": 0, 
  "##characteristics#compile#binary_size#repeats": 1, 
  "##characteristics#compile#compilation_success#all": [
    "yes"
  ], 
  "##characteristics#compile#compilation_success#all_unique": [
    "yes"
  ], 
  "##characteristics#compile#compilation_success#min": "yes", 
  "##characteristics#compile#compilation_success#min_imp": 0, 
  "##characteristics#compile#compilation_success#repeats": 1, 
  "##characteristics#compile#compilation_success_bool#all": [
    true
  ], 
  "##characteristics#compile#compilation_success_bool#all_unique": [
    true
  ], 
  "##characteristics#compile#compilation_success_bool#min": true, 
  "##characteristics#compile#compilation_success_bool#min_imp": 0, 
  "##characteristics#compile#compilation_success_bool#repeats": 1, 
  "##characteristics#compile#compilation_time#all": [
    97.54484105110168
  ], 
  "##characteristics#compile#compilation_time#all_unique": [
    97.54484105110168
  ], 
  "##characteristics#compile#compilation_time#center": 97.54484105110168, 
  "##characteristics#compile#compilation_time#center_imp": 1.106428191124104, 
  "##characteristics#compile#compilation_time#halfrange": 0.0, 
  "##characteristics#compile#compilation_time#max": 97.54484105110168, 
  "##characteristics#compile#compilation_time#mean": 97.54484105110168, 
  "##characteristics#compile#compilation_time#mean_imp": 1.106428191124104, 
  "##characteristics#compile#compilation_time#min": 97.54484105110168, 
  "##characteristics#compile#compilation_time#min_imp": 1.106428191124104, 
  "##characteristics#compile#compilation_time#range": 0.0, 
  "##characteristics#compile#compilation_time#range_percent": 0.0, 
  "##characteristics#compile#compilation_time#repeats": 1, 
  "##characteristics#compile#compilation_time_with_module#all": [
    102.44307494163513
  ], 
  "##characteristics#compile#compilation_time_with_module#all_unique": [
    102.44307494163513
  ], 
  "##characteristics#compile#compilation_time_with_module#center": 102.44307494163513, 
  "##characteristics#compile#compilation_time_with_module#center_imp": 1.1002290395078471, 
  "##characteristics#compile#compilation_time_with_module#halfrange": 0.0, 
  "##characteristics#compile#compilation_time_with_module#max": 102.44307494163513, 
  "##characteristics#compile#compilation_time_with_module#mean": 102.44307494163513, 
  "##characteristics#compile#compilation_time_with_module#mean_imp": 1.1002290395078471, 
  "##characteristics#compile#compilation_time_with_module#min": 102.44307494163513, 
  "##characteristics#compile#compilation_time_with_module#min_imp": 1.1002290395078471, 
  "##characteristics#compile#compilation_time_with_module#range": 0.0, 
  "##characteristics#compile#compilation_time_with_module#range_percent": 0.0, 
  "##characteristics#compile#compilation_time_with_module#repeats": 1, 
  "##characteristics#compile#joined_compiler_flags#all": [
    "-O3 -fearly-inlining -fno-finite-math-only -fgcse-lm -fno-ipa-pure-const -fira-share-save-slots -fno-loop-strip-mine -fno-modulo-sched -fno-reschedule-modulo-scheduled-loops -fsched-spec-load-dangerous -fno-tree-ch -ftree-coalesce-vars -ftree-dominator-opts -ftree-loop-distribute-patterns -ftree-loop-distribution -fno-tree-loop-linear -ftree-pta -ftree-vectorize -funit-at-a-time -fno-vect-cost-model"
  ], 
  "##characteristics#compile#joined_compiler_flags#all_unique": [
    "-O3 -fearly-inlining -fno-finite-math-only -fgcse-lm -fno-ipa-pure-const -fira-share-save-slots -fno-loop-strip-mine -fno-modulo-sched -fno-reschedule-modulo-scheduled-loops -fsched-spec-load-dangerous -fno-tree-ch -ftree-coalesce-vars -ftree-dominator-opts -ftree-loop-distribute-patterns -ftree-loop-distribution -fno-tree-loop-linear -ftree-pta -ftree-vectorize -funit-at-a-time -fno-vect-cost-model"
  ], 
  "##characteristics#compile#joined_compiler_flags#min": "-O3 -fearly-inlining -fno-finite-math-only -fgcse-lm -fno-ipa-pure-const -fira-share-save-slots -fno-loop-strip-mine -fno-modulo-sched -fno-reschedule-modulo-scheduled-loops -fsched-spec-load-dangerous -fno-tree-ch -ftree-coalesce-vars -ftree-dominator-opts -ftree-loop-distribute-patterns -ftree-loop-distribution -fno-tree-loop-linear -ftree-pta -ftree-vectorize -funit-at-a-time -fno-vect-cost-model", 
  "##characteristics#compile#joined_compiler_flags#min_imp": 0, 
  "##characteristics#compile#joined_compiler_flags#repeats": 1, 
  "##characteristics#compile#md5_sum#all": [
    "5e5634eceb91143a6e50d194806657fe"
  ], 
  "##characteristics#compile#md5_sum#all_unique": [
    "5e5634eceb91143a6e50d194806657fe"
  ], 
  "##characteristics#compile#md5_sum#min": "5e5634eceb91143a6e50d194806657fe", 
  "##characteristics#compile#md5_sum#min_imp": 0, 
  "##characteristics#compile#md5_sum#repeats": 1, 
  "##characteristics#compile#obj_size#all": [
    112548
  ], 
  "##characteristics#compile#obj_size#all_unique": [
    112548
  ], 
  "##characteristics#compile#obj_size#center": 112548, 
  "##characteristics#compile#obj_size#center_imp": 1.0204001848100366, 
  "##characteristics#compile#obj_size#halfrange": 0, 
  "##characteristics#compile#obj_size#max": 112548, 
  "##characteristics#compile#obj_size#mean": 112548.0, 
  "##characteristics#compile#obj_size#mean_imp": 1.0204001848100366, 
  "##characteristics#compile#obj_size#min": 112548, 
  "##characteristics#compile#obj_size#min_imp": 1.0204001848100366, 
  "##characteristics#compile#obj_size#range": 0, 
  "##characteristics#compile#obj_size#range_percent": 0, 
  "##characteristics#compile#obj_size#repeats": 1, 
  "##characteristics#compile#obj_sizes#adler32.o#all": [
    2664
  ], 
  "##characteristics#compile#obj_sizes#adler32.o#all_unique": [
    2664
  ], 
  "##characteristics#compile#obj_sizes#adler32.o#center": 2664, 
  "##characteristics#compile#obj_sizes#adler32.o#center_imp": 0.9099099099099099, 
  "##characteristics#compile#obj_sizes#adler32.o#halfrange": 0, 
  "##characteristics#compile#obj_sizes#adler32.o#max": 2664, 
  "##characteristics#compile#obj_sizes#adler32.o#mean": 2664.0, 
  "##characteristics#compile#obj_sizes#adler32.o#mean_imp": 0.9099099099099099, 
  "##characteristics#compile#obj_sizes#adler32.o#min": 2664, 
  "##characteristics#compile#obj_sizes#adler32.o#min_imp": 0.9099099099099099, 
  "##characteristics#compile#obj_sizes#adler32.o#range": 0, 
  "##characteristics#compile#obj_sizes#adler32.o#range_percent": 0, 
  "##characteristics#compile#obj_sizes#adler32.o#repeats": 1, 
  "##characteristics#compile#obj_sizes#compress.o#all": [
    1568
  ], 
  "##characteristics#compile#obj_sizes#compress.o#all_unique": [
    1568
  ], 
  "##characteristics#compile#obj_sizes#compress.o#center": 1568, 
  "##characteristics#compile#obj_sizes#compress.o#center_imp": 1.0, 
  "##characteristics#compile#obj_sizes#compress.o#halfrange": 0, 
  "##characteristics#compile#obj_sizes#compress.o#max": 1568, 
  "##characteristics#compile#obj_sizes#compress.o#mean": 1568.0, 
  "##characteristics#compile#obj_sizes#compress.o#mean_imp": 1.0, 
  "##characteristics#compile#obj_sizes#compress.o#min": 1568, 
  "##characteristics#compile#obj_sizes#compress.o#min_imp": 1.0, 
  "##characteristics#compile#obj_sizes#compress.o#range": 0, 
  "##characteristics#compile#obj_sizes#compress.o#range_percent": 0, 
  "##characteristics#compile#obj_sizes#compress.o#repeats": 1, 
  "##characteristics#compile#obj_sizes#crc32.o#all": [
    11244
  ], 
  "##characteristics#compile#obj_sizes#crc32.o#all_unique": [
    11244
  ], 
  "##characteristics#compile#obj_sizes#crc32.o#center": 11244, 
  "##characteristics#compile#obj_sizes#crc32.o#center_imp": 0.9672714336535041, 
  "##characteristics#compile#obj_sizes#crc32.o#halfrange": 0, 
  "##characteristics#compile#obj_sizes#crc32.o#max": 11244, 
  "##characteristics#compile#obj_sizes#crc32.o#mean": 11244.0, 
  "##characteristics#compile#obj_sizes#crc32.o#mean_imp": 0.9672714336535041, 
  "##characteristics#compile#obj_sizes#crc32.o#min": 11244, 
  "##characteristics#compile#obj_sizes#crc32.o#min_imp": 0.9672714336535041, 
  "##characteristics#compile#obj_sizes#crc32.o#range": 0, 
  "##characteristics#compile#obj_sizes#crc32.o#range_percent": 0, 
  "##characteristics#compile#obj_sizes#crc32.o#repeats": 1, 
  "##characteristics#compile#obj_sizes#ctuning-rtl.o#all": [
    4628
  ], 
  "##characteristics#compile#obj_sizes#ctuning-rtl.o#all_unique": [
    4628
  ], 
  "##characteristics#compile#obj_sizes#ctuning-rtl.o#center": 4628, 
  "##characteristics#compile#obj_sizes#ctuning-rtl.o#center_imp": 1.0008643042350907, 
  "##characteristics#compile#obj_sizes#ctuning-rtl.o#halfrange": 0, 
  "##characteristics#compile#obj_sizes#ctuning-rtl.o#max": 4628, 
  "##characteristics#compile#obj_sizes#ctuning-rtl.o#mean": 4628.0, 
  "##characteristics#compile#obj_sizes#ctuning-rtl.o#mean_imp": 1.0008643042350907, 
  "##characteristics#compile#obj_sizes#ctuning-rtl.o#min": 4628, 
  "##characteristics#compile#obj_sizes#ctuning-rtl.o#min_imp": 1.0008643042350907, 
  "##characteristics#compile#obj_sizes#ctuning-rtl.o#range": 0, 
  "##characteristics#compile#obj_sizes#ctuning-rtl.o#range_percent": 0, 
  "##characteristics#compile#obj_sizes#ctuning-rtl.o#repeats": 1, 
  "##characteristics#compile#obj_sizes#deflate.o#all": [
    20188
  ], 
  "##characteristics#compile#obj_sizes#deflate.o#all_unique": [
    20188
  ], 
  "##characteristics#compile#obj_sizes#deflate.o#center": 20188, 
  "##characteristics#compile#obj_sizes#deflate.o#center_imp": 0.9992074499702793, 
  "##characteristics#compile#obj_sizes#deflate.o#halfrange": 0, 
  "##characteristics#compile#obj_sizes#deflate.o#max": 20188, 
  "##characteristics#compile#obj_sizes#deflate.o#mean": 20188.0, 
  "##characteristics#compile#obj_sizes#deflate.o#mean_imp": 0.9992074499702793, 
  "##characteristics#compile#obj_sizes#deflate.o#min": 20188, 
  "##characteristics#compile#obj_sizes#deflate.o#min_imp": 0.9992074499702793, 
  "##characteristics#compile#obj_sizes#deflate.o#range": 0, 
  "##characteristics#compile#obj_sizes#deflate.o#range_percent": 0, 
  "##characteristics#compile#obj_sizes#deflate.o#repeats": 1, 
  "##characteristics#compile#obj_sizes#gzclose.o#all": [
    980
  ], 
  "##characteristics#compile#obj_sizes#gzclose.o#all_unique": [
    980
  ], 
  "##characteristics#compile#obj_sizes#gzclose.o#center": 980, 
  "##characteristics#compile#obj_sizes#gzclose.o#center_imp": 1.0, 
  "##characteristics#compile#obj_sizes#gzclose.o#halfrange": 0, 
  "##characteristics#compile#obj_sizes#gzclose.o#max": 980, 
  "##characteristics#compile#obj_sizes#gzclose.o#mean": 980.0, 
  "##characteristics#compile#obj_sizes#gzclose.o#mean_imp": 1.0, 
  "##characteristics#compile#obj_sizes#gzclose.o#min": 980, 
  "##characteristics#compile#obj_sizes#gzclose.o#min_imp": 1.0, 
  "##characteristics#compile#obj_sizes#gzclose.o#range": 0, 
  "##characteristics#compile#obj_sizes#gzclose.o#range_percent": 0, 
  "##characteristics#compile#obj_sizes#gzclose.o#repeats": 1, 
  "##characteristics#compile#obj_sizes#gzlib.o#all": [
    6212
  ], 
  "##characteristics#compile#obj_sizes#gzlib.o#all_unique": [
    6212
  ], 
  "##characteristics#compile#obj_sizes#gzlib.o#center": 6212, 
  "##characteristics#compile#obj_sizes#gzlib.o#center_imp": 1.0141661300708307, 
  "##characteristics#compile#obj_sizes#gzlib.o#halfrange": 0, 
  "##characteristics#compile#obj_sizes#gzlib.o#max": 6212, 
  "##characteristics#compile#obj_sizes#gzlib.o#mean": 6212.0, 
  "##characteristics#compile#obj_sizes#gzlib.o#mean_imp": 1.0141661300708307, 
  "##characteristics#compile#obj_sizes#gzlib.o#min": 6212, 
  "##characteristics#compile#obj_sizes#gzlib.o#min_imp": 1.0141661300708307, 
  "##characteristics#compile#obj_sizes#gzlib.o#range": 0, 
  "##characteristics#compile#obj_sizes#gzlib.o#range_percent": 0, 
  "##characteristics#compile#obj_sizes#gzlib.o#repeats": 1, 
  "##characteristics#compile#obj_sizes#gzread.o#all": [
    5788
  ], 
  "##characteristics#compile#obj_sizes#gzread.o#all_unique": [
    5788
  ], 
  "##characteristics#compile#obj_sizes#gzread.o#center": 5788, 
  "##characteristics#compile#obj_sizes#gzread.o#center_imp": 0.9979267449896337, 
  "##characteristics#compile#obj_sizes#gzread.o#halfrange": 0, 
  "##characteristics#compile#obj_sizes#gzread.o#max": 5788, 
  "##characteristics#compile#obj_sizes#gzread.o#mean": 5788.0, 
  "##characteristics#compile#obj_sizes#gzread.o#mean_imp": 0.9979267449896337, 
  "##characteristics#compile#obj_sizes#gzread.o#min": 5788, 
  "##characteristics#compile#obj_sizes#gzread.o#min_imp": 0.9979267449896337, 
  "##characteristics#compile#obj_sizes#gzread.o#range": 0, 
  "##characteristics#compile#obj_sizes#gzread.o#range_percent": 0, 
  "##characteristics#compile#obj_sizes#gzread.o#repeats": 1, 
  "##characteristics#compile#obj_sizes#gzwrite.o#all": [
    10216
  ], 
  "##characteristics#compile#obj_sizes#gzwrite.o#all_unique": [
    10216
  ], 
  "##characteristics#compile#obj_sizes#gzwrite.o#center": 10216, 
  "##characteristics#compile#obj_sizes#gzwrite.o#center_imp": 1.0046985121378231, 
  "##characteristics#compile#obj_sizes#gzwrite.o#halfrange": 0, 
  "##characteristics#compile#obj_sizes#gzwrite.o#max": 10216, 
  "##characteristics#compile#obj_sizes#gzwrite.o#mean": 10216.0, 
  "##characteristics#compile#obj_sizes#gzwrite.o#mean_imp": 1.0046985121378231, 
  "##characteristics#compile#obj_sizes#gzwrite.o#min": 10216, 
  "##characteristics#compile#obj_sizes#gzwrite.o#min_imp": 1.0046985121378231, 
  "##characteristics#compile#obj_sizes#gzwrite.o#range": 0, 
  "##characteristics#compile#obj_sizes#gzwrite.o#range_percent": 0, 
  "##characteristics#compile#obj_sizes#gzwrite.o#repeats": 1, 
  "##characteristics#compile#obj_sizes#infback.o#all": [
    8580
  ], 
  "##characteristics#compile#obj_sizes#infback.o#all_unique": [
    8580
  ], 
  "##characteristics#compile#obj_sizes#infback.o#center": 8580, 
  "##characteristics#compile#obj_sizes#infback.o#center_imp": 1.1156177156177156, 
  "##characteristics#compile#obj_sizes#infback.o#halfrange": 0, 
  "##characteristics#compile#obj_sizes#infback.o#max": 8580, 
  "##characteristics#compile#obj_sizes#infback.o#mean": 8580.0, 
  "##characteristics#compile#obj_sizes#infback.o#mean_imp": 1.1156177156177156, 
  "##characteristics#compile#obj_sizes#infback.o#min": 8580, 
  "##characteristics#compile#obj_sizes#infback.o#min_imp": 1.1156177156177156, 
  "##characteristics#compile#obj_sizes#infback.o#range": 0, 
  "##characteristics#compile#obj_sizes#infback.o#range_percent": 0, 
  "##characteristics#compile#obj_sizes#infback.o#repeats": 1, 
  "##characteristics#compile#obj_sizes#inffast.o#all": [
    3932
  ], 
  "##characteristics#compile#obj_sizes#inffast.o#all_unique": [
    3932
  ], 
  "##characteristics#compile#obj_sizes#inffast.o#center": 3932, 
  "##characteristics#compile#obj_sizes#inffast.o#center_imp": 1.0162767039674465, 
  "##characteristics#compile#obj_sizes#inffast.o#halfrange": 0, 
  "##characteristics#compile#obj_sizes#inffast.o#max": 3932, 
  "##characteristics#compile#obj_sizes#inffast.o#mean": 3932.0, 
  "##characteristics#compile#obj_sizes#inffast.o#mean_imp": 1.0162767039674465, 
  "##characteristics#compile#obj_sizes#inffast.o#min": 3932, 
  "##characteristics#compile#obj_sizes#inffast.o#min_imp": 1.0162767039674465, 
  "##characteristics#compile#obj_sizes#inffast.o#range": 0, 
  "##characteristics#compile#obj_sizes#inffast.o#range_percent": 0, 
  "##characteristics#compile#obj_sizes#inffast.o#repeats": 1, 
  "##characteristics#compile#obj_sizes#inflate.o#all": [
    15128
  ], 
  "##characteristics#compile#obj_sizes#inflate.o#all_unique": [
    15128
  ], 
  "##characteristics#compile#obj_sizes#inflate.o#center": 15128, 
  "##characteristics#compile#obj_sizes#inflate.o#center_imp": 1.1078794288736118, 
  "##characteristics#compile#obj_sizes#inflate.o#halfrange": 0, 
  "##characteristics#compile#obj_sizes#inflate.o#max": 15128, 
  "##characteristics#compile#obj_sizes#inflate.o#mean": 15128.0, 
  "##characteristics#compile#obj_sizes#inflate.o#mean_imp": 1.1078794288736118, 
  "##characteristics#compile#obj_sizes#inflate.o#min": 15128, 
  "##characteristics#compile#obj_sizes#inflate.o#min_imp": 1.1078794288736118, 
  "##characteristics#compile#obj_sizes#inflate.o#range": 0, 
  "##characteristics#compile#obj_sizes#inflate.o#range_percent": 0, 
  "##characteristics#compile#obj_sizes#inflate.o#repeats": 1, 
  "##characteristics#compile#obj_sizes#inftrees.o#all": [
    4404
  ], 
  "##characteristics#compile#obj_sizes#inftrees.o#all_unique": [
    4404
  ], 
  "##characteristics#compile#obj_sizes#inftrees.o#center": 4404, 
  "##characteristics#compile#obj_sizes#inftrees.o#center_imp": 1.0036330608537694, 
  "##characteristics#compile#obj_sizes#inftrees.o#halfrange": 0, 
  "##characteristics#compile#obj_sizes#inftrees.o#max": 4404, 
  "##characteristics#compile#obj_sizes#inftrees.o#mean": 4404.0, 
  "##characteristics#compile#obj_sizes#inftrees.o#mean_imp": 1.0036330608537694, 
  "##characteristics#compile#obj_sizes#inftrees.o#min": 4404, 
  "##characteristics#compile#obj_sizes#inftrees.o#min_imp": 1.0036330608537694, 
  "##characteristics#compile#obj_sizes#inftrees.o#range": 0, 
  "##characteristics#compile#obj_sizes#inftrees.o#range_percent": 0, 
  "##characteristics#compile#obj_sizes#inftrees.o#repeats": 1, 
  "##characteristics#compile#obj_sizes#trees.o#all": [
    14096
  ], 
  "##characteristics#compile#obj_sizes#trees.o#all_unique": [
    14096
  ], 
  "##characteristics#compile#obj_sizes#trees.o#center": 14096, 
  "##characteristics#compile#obj_sizes#trees.o#center_imp": 1.0062429057888762, 
  "##characteristics#compile#obj_sizes#trees.o#halfrange": 0, 
  "##characteristics#compile#obj_sizes#trees.o#max": 14096, 
  "##characteristics#compile#obj_sizes#trees.o#mean": 14096.0, 
  "##characteristics#compile#obj_sizes#trees.o#mean_imp": 1.0062429057888762, 
  "##characteristics#compile#obj_sizes#trees.o#min": 14096, 
  "##characteristics#compile#obj_sizes#trees.o#min_imp": 1.0062429057888762, 
  "##characteristics#compile#obj_sizes#trees.o#range": 0, 
  "##characteristics#compile#obj_sizes#trees.o#range_percent": 0, 
  "##characteristics#compile#obj_sizes#trees.o#repeats": 1, 
  "##characteristics#compile#obj_sizes#uncompr.o#all": [
    1272
  ], 
  "##characteristics#compile#obj_sizes#uncompr.o#all_unique": [
    1272
  ], 
  "##characteristics#compile#obj_sizes#uncompr.o#center": 1272, 
  "##characteristics#compile#obj_sizes#uncompr.o#center_imp": 1.0, 
  "##characteristics#compile#obj_sizes#uncompr.o#halfrange": 0, 
  "##characteristics#compile#obj_sizes#uncompr.o#max": 1272, 
  "##characteristics#compile#obj_sizes#uncompr.o#mean": 1272.0, 
  "##characteristics#compile#obj_sizes#uncompr.o#mean_imp": 1.0, 
  "##characteristics#compile#obj_sizes#uncompr.o#min": 1272, 
  "##characteristics#compile#obj_sizes#uncompr.o#min_imp": 1.0, 
  "##characteristics#compile#obj_sizes#uncompr.o#range": 0, 
  "##characteristics#compile#obj_sizes#uncompr.o#range_percent": 0, 
  "##characteristics#compile#obj_sizes#uncompr.o#repeats": 1, 
  "##characteristics#compile#obj_sizes#zutil.o#all": [
    1648
  ], 
  "##characteristics#compile#obj_sizes#zutil.o#all_unique": [
    1648
  ], 
  "##characteristics#compile#obj_sizes#zutil.o#center": 1648, 
  "##characteristics#compile#obj_sizes#zutil.o#center_imp": 1.0, 
  "##characteristics#compile#obj_sizes#zutil.o#halfrange": 0, 
  "##characteristics#compile#obj_sizes#zutil.o#max": 1648, 
  "##characteristics#compile#obj_sizes#zutil.o#mean": 1648.0, 
  "##characteristics#compile#obj_sizes#zutil.o#mean_imp": 1.0, 
  "##characteristics#compile#obj_sizes#zutil.o#min": 1648, 
  "##characteristics#compile#obj_sizes#zutil.o#min_imp": 1.0, 
  "##characteristics#compile#obj_sizes#zutil.o#range": 0, 
  "##characteristics#compile#obj_sizes#zutil.o#range_percent": 0, 
  "##characteristics#compile#obj_sizes#zutil.o#repeats": 1, 
  "##characteristics#compile#program_git_hash#all": [
    "04641ea86f9615c4bdca36af53651658ecea444c"
  ], 
  "##characteristics#compile#program_git_hash#all_unique": [
    "04641ea86f9615c4bdca36af53651658ecea444c"
  ], 
  "##characteristics#compile#program_git_hash#min": "04641ea86f9615c4bdca36af53651658ecea444c", 
  "##characteristics#compile#program_git_hash#min_imp": 0, 
  "##characteristics#compile#program_git_hash#repeats": 1, 
  "##characteristics#run#execution_time#all": [
    0.49323736842105265, 
    0.5027717368421053, 
    0.4980746842105263, 
    0.5047218421052632
  ], 
  "##characteristics#run#execution_time#all_unique": [
    0.49323736842105265, 
    0.5027717368421053, 
    0.4980746842105263, 
    0.5047218421052632
  ], 
  "##characteristics#run#execution_time#center": 0.4989796052631579, 
  "##characteristics#run#execution_time#center_imp": 0.9903361201610127, 
  "##characteristics#run#execution_time#halfrange": 0.005742236842105258, 
  "##characteristics#run#execution_time#max": 0.5047218421052632, 
  "##characteristics#run#execution_time#mean": 0.4997014078947368, 
  "##characteristics#run#execution_time#mean_imp": 0.9882370279704139, 
  "##characteristics#run#execution_time#min": 0.49323736842105265, 
  "##characteristics#run#execution_time#min_imp": 0.9870729476893263, 
  "##characteristics#run#execution_time#range": 0.011484473684210517, 
  "##characteristics#run#execution_time#range_percent": 0.023283867807855917, 
  "##characteristics#run#execution_time#repeats": 4, 
  "##characteristics#run#execution_time_kernel_0#all": [
    9.37151, 
    9.552663, 
    9.463419, 
    9.589715
  ], 
  "##characteristics#run#execution_time_kernel_0#all_unique": [
    9.37151, 
    9.552663, 
    9.463419, 
    9.589715
  ], 
  "##characteristics#run#execution_time_kernel_0#center": 9.4806125, 
  "##characteristics#run#execution_time_kernel_0#center_imp": 0.9903361201610128, 
  "##characteristics#run#execution_time_kernel_0#halfrange": 0.10910249999999966, 
  "##characteristics#run#execution_time_kernel_0#max": 9.589715, 
  "##characteristics#run#execution_time_kernel_0#mean": 9.49432675, 
  "##characteristics#run#execution_time_kernel_0#mean_imp": 0.9882370279704139, 
  "##characteristics#run#execution_time_kernel_0#min": 9.37151, 
  "##characteristics#run#execution_time_kernel_0#min_imp": 0.9870729476893263, 
  "##characteristics#run#execution_time_kernel_0#range": 0.21820499999999932, 
  "##characteristics#run#execution_time_kernel_0#range_percent": 0.023283867807855862, 
  "##characteristics#run#execution_time_kernel_0#repeats": 4, 
  "##characteristics#run#execution_time_with_module#all": [
    10.101132154464722, 
    10.284511804580688, 
    10.198941946029663, 
    10.32424283027649
  ], 
  "##characteristics#run#execution_time_with_module#all_unique": [
    10.101132154464722, 
    10.284511804580688, 
    10.198941946029663, 
    10.32424283027649
  ], 
  "##characteristics#run#execution_time_with_module#center": 10.212687492370605, 
  "##characteristics#run#execution_time_with_module#center_imp": 1.0950104465691186, 
  "##characteristics#run#execution_time_with_module#halfrange": 0.11155533790588379, 
  "##characteristics#run#execution_time_with_module#max": 10.32424283027649, 
  "##characteristics#run#execution_time_with_module#mean": 10.22720718383789, 
  "##characteristics#run#execution_time_with_module#mean_imp": 1.0442739950488642, 
  "##characteristics#run#execution_time_with_module#min": 10.101132154464722, 
  "##characteristics#run#execution_time_with_module#min_imp": 0.9879427299677139, 
  "##characteristics#run#execution_time_with_module#range": 0.22311067581176758, 
  "##characteristics#run#execution_time_with_module#range_percent": 0.022087690013356788, 
  "##characteristics#run#execution_time_with_module#repeats": 4, 
  "##characteristics#run#repeat#all": [
    19, 
    19, 
    19, 
    19
  ], 
  "##characteristics#run#repeat#all_unique": [
    19
  ], 
  "##characteristics#run#repeat#center": 19, 
  "##characteristics#run#repeat#center_imp": 1.0, 
  "##characteristics#run#repeat#halfrange": 0, 
  "##characteristics#run#repeat#max": 19, 
  "##characteristics#run#repeat#mean": 19.0, 
  "##characteristics#run#repeat#mean_imp": 1.0, 
  "##characteristics#run#repeat#min": 19, 
  "##characteristics#run#repeat#min_imp": 1.0, 
  "##characteristics#run#repeat#range": 0, 
  "##characteristics#run#repeat#range_percent": 0, 
  "##characteristics#run#repeat#repeats": 4, 
  "##characteristics#run#return_code#all": [
    0, 
    0, 
    0, 
    0
  ], 
  "##characteristics#run#return_code#all_unique": [
    0
  ], 
  "##characteristics#run#return_code#center": 0, 
  "##characteristics#run#return_code#halfrange": 0, 
  "##characteristics#run#return_code#max": 0, 
  "##characteristics#run#return_code#mean": 0.0, 
  "##characteristics#run#return_code#min": 0, 
  "##characteristics#run#return_code#min_imp": 1, 
  "##characteristics#run#return_code#range": 0, 
  "##characteristics#run#return_code#repeats": 4, 
  "##characteristics#run#run_success#all": [
    "yes", 
    "yes", 
    "yes", 
    "yes"
  ], 
  "##characteristics#run#run_success#all_unique": [
    "yes"
  ], 
  "##characteristics#run#run_success#min": "yes", 
  "##characteristics#run#run_success#min_imp": 1, 
  "##characteristics#run#run_success#repeats": 4, 
  "##characteristics#run#run_success_bool#all": [
    true, 
    true, 
    true, 
    true
  ], 
  "##characteristics#run#run_success_bool#all_unique": [
    true
  ], 
  "##characteristics#run#run_success_bool#min": true, 
  "##characteristics#run#run_success_bool#min_imp": 1, 
  "##characteristics#run#run_success_bool#repeats": 4, 
  "##characteristics#run#total_execution_time#all": [
    9.37151, 
    9.552663, 
    9.463419, 
    9.589715
  ], 
  "##characteristics#run#total_execution_time#all_unique": [
    9.37151, 
    9.552663, 
    9.463419, 
    9.589715
  ], 
  "##characteristics#run#total_execution_time#center": 9.4806125, 
  "##characteristics#run#total_execution_time#center_imp": 0.9903361201610128, 
  "##characteristics#run#total_execution_time#halfrange": 0.10910249999999966, 
  "##characteristics#run#total_execution_time#max": 9.589715, 
  "##characteristics#run#total_execution_time#mean": 9.49432675, 
  "##characteristics#run#total_execution_time#mean_imp": 0.9882370279704139, 
  "##characteristics#run#total_execution_time#min": 9.37151, 
  "##characteristics#run#total_execution_time#min_imp": 0.9870729476893263, 
  "##characteristics#run#total_execution_time#range": 0.21820499999999932, 
  "##characteristics#run#total_execution_time#range_percent": 0.023283867807855862, 
  "##characteristics#run#total_execution_time#repeats": 4
}
