{
  "characteristics_list": [
    {
      "compile": {
        "binary_size": 104752, 
        "compilation_success": "yes", 
        "compilation_success_bool": true, 
        "compilation_time": 101.48803400993347, 
        "compilation_time_with_module": 106.4068500995636, 
        "joined_compiler_flags": "-O3 -fexcess-precision=standard -fno-conserve-stack -fno-crossjumping -fdelayed-branch -fno-fat-lto-objects -finline-functions-called-once -fipa-pure-const -fipa-sra -fmerge-all-constants -fmodulo-sched -fno-reorder-blocks -freschedule-modulo-scheduled-loops -fno-split-wide-types -fstrict-aliasing -ftree-builtin-call-dce -fno-tree-copy-prop -fno-tree-loop-im -fuse-linker-plugin", 
        "md5_sum": "4c4429d9bf2b59a121d43efe2de22ac2", 
        "obj_size": 118500, 
        "obj_sizes": {
          "adler32.o": 3088, 
          "compress.o": 1544, 
          "crc32.o": 11016, 
          "ctuning-rtl.o": 4576, 
          "deflate.o": 20732, 
          "gzclose.o": 980, 
          "gzlib.o": 6384, 
          "gzread.o": 6076, 
          "gzwrite.o": 10480, 
          "infback.o": 9548, 
          "inffast.o": 4412, 
          "inflate.o": 17488, 
          "inftrees.o": 4924, 
          "trees.o": 14344, 
          "uncompr.o": 1260, 
          "zutil.o": 1648
        }, 
        "program_git_hash": "04641ea86f9615c4bdca36af53651658ecea444c"
      }, 
      "run": {
        "execution_time": 0.5051921578947368, 
        "execution_time_kernel_0": 9.598651, 
        "execution_time_with_module": 10.332725048065186, 
        "repeat": 19, 
        "return_code": 0, 
        "run_success": "yes", 
        "run_success_bool": true, 
        "total_execution_time": 9.598651
      }
    }, 
    {
      "run": {
        "execution_time": 0.5349775789473684, 
        "execution_time_kernel_0": 10.164574, 
        "execution_time_with_module": 10.897739171981812, 
        "repeat": 19, 
        "return_code": 0, 
        "run_success": "yes", 
        "run_success_bool": true, 
        "total_execution_time": 10.164574
      }
    }, 
    {
      "run": {
        "execution_time": 0.5298355789473684, 
        "execution_time_kernel_0": 10.066876, 
        "execution_time_with_module": 11.198731899261475, 
        "repeat": 19, 
        "return_code": 0, 
        "run_success": "yes", 
        "run_success_bool": true, 
        "total_execution_time": 10.066876
      }
    }, 
    {
      "run": {
        "execution_time": 0.5256396315789473, 
        "execution_time_kernel_0": 9.987153, 
        "execution_time_with_module": 10.72705602645874, 
        "repeat": 19, 
        "return_code": 0, 
        "run_success": "yes", 
        "run_success_bool": true, 
        "total_execution_time": 9.987153
      }
    }
  ], 
  "choices": {
    "calibration_time": 10.0, 
    "cmd_key": "encode", 
    "compile_type": "dynamic", 
    "compiler_description_uoa": "gcc-4.9.0-auto", 
    "compiler_flags": {
      "base_opt": "-O3", 
      "bool--fexcess-precision=": "-fexcess-precision=standard", 
      "bool-conserve-stack": "-fno-conserve-stack", 
      "bool-crossjumping": "-fno-crossjumping", 
      "bool-delayed-branch": "-fdelayed-branch", 
      "bool-fat-lto-objects": "-fno-fat-lto-objects", 
      "bool-inline-functions-called-once": "-finline-functions-called-once", 
      "bool-ipa-pure-const": "-fipa-pure-const", 
      "bool-ipa-sra": "-fipa-sra", 
      "bool-merge-all-constants": "-fmerge-all-constants", 
      "bool-modulo-sched": "-fmodulo-sched", 
      "bool-reorder-blocks": "-fno-reorder-blocks", 
      "bool-reschedule-modulo-scheduled-loops": "-freschedule-modulo-scheduled-loops", 
      "bool-split-wide-types": "-fno-split-wide-types", 
      "bool-strict-aliasing": "-fstrict-aliasing", 
      "bool-tree-builtin-call-dce": "-ftree-builtin-call-dce", 
      "bool-tree-copy-prop": "-fno-tree-copy-prop", 
      "bool-tree-loop-im": "-fno-tree-loop-im", 
      "bool-use-linker-plugin": "-fuse-linker-plugin"
    }, 
    "data_uoa": "zlib", 
    "dataset_file": "data.wav", 
    "dataset_uoa": "audio-wav-0001", 
    "device_cfg": {}, 
    "device_id": "", 
    "host_os": "linux-32", 
    "module_uoa": "b0ac08fe1d3c2615", 
    "no_state_check": "yes", 
    "program_tags": "", 
    "repeat": 19, 
    "target": "", 
    "target_os": "linux-32", 
    "target_os_bits": "32"
  }, 
  "choices_order": [
    "##compiler_flags#base_opt", 
    "##compiler_flags#bool--fexcess-precision=", 
    "##compiler_flags#bool-conserve-stack", 
    "##compiler_flags#bool-crossjumping", 
    "##compiler_flags#bool-delayed-branch", 
    "##compiler_flags#bool-fat-lto-objects", 
    "##compiler_flags#bool-inline-functions-called-once", 
    "##compiler_flags#bool-ipa-pure-const", 
    "##compiler_flags#bool-ipa-sra", 
    "##compiler_flags#bool-merge-all-constants", 
    "##compiler_flags#bool-modulo-sched", 
    "##compiler_flags#bool-reorder-blocks", 
    "##compiler_flags#bool-reschedule-modulo-scheduled-loops", 
    "##compiler_flags#bool-split-wide-types", 
    "##compiler_flags#bool-strict-aliasing", 
    "##compiler_flags#bool-tree-builtin-call-dce", 
    "##compiler_flags#bool-tree-copy-prop", 
    "##compiler_flags#bool-tree-loop-im", 
    "##compiler_flags#bool-use-linker-plugin"
  ], 
  "features": {
    "compiler_version": {
      "list": [
        4, 
        9, 
        2
      ], 
      "raw": [
        "gcc-4.9 (Raspbian 4.9.2-10) 4.9.2", 
        "Copyright (C) 2014 Free Software Foundation, Inc.", 
        "This is free software; see the source for copying conditions.  There is NO", 
        "warranty; not even for MERCHANTABILITY or FITNESS FOR A PARTICULAR PURPOSE.", 
        "", 
        ""
      ], 
      "str": "4.9.2"
    }, 
    "dataset": {
      "total_size": 311096
    }, 
    "number_of_selected_compiler_flags": 19, 
    "platform": {
      "cpu": {
        "all_freqs": {
          "0": [
            700000, 
            700000
          ]
        }, 
        "cpu_abi": "", 
        "cpu_features": "half thumb fastmult vfp edsp java tls", 
        "current_freq": {
          "0": 700.0
        }, 
        "max_freq": {
          "0": 700.0
        }, 
        "name": "BCM2708", 
        "num_proc": "1", 
        "sub_name": "ARMv6-compatible processor rev 7 (v6l)", 
        "workload_automation": {
          "device_config": {
            "core_clusters": [
              0
            ], 
            "core_names": [
              "BCM2708"
            ]
          }
        }
      }, 
      "cpu_misc": {
        "0": {
          "BogoMIPS": "697.95", 
          "CPU architecture": "7", 
          "CPU implementer": "0x41", 
          "CPU part": "0xb76", 
          "CPU revision": "7", 
          "CPU variant": "0x0", 
          "Features": "half thumb fastmult vfp edsp java tls", 
          "Hardware": "BCM2708", 
          "Revision": "0013", 
          "Serial": "00000000999033c3", 
          "all_freqs": [
            "0", 
            "0"
          ], 
          "ck_cpu_name": "BCM2708", 
          "ck_cpu_subname": "ARMv6-compatible processor rev 7 (v6l)", 
          "cpu_features": "half thumb fastmult vfp edsp java tls", 
          "cur_freq": 700.0, 
          "max_freq": 700.0, 
          "model name": "ARMv6-compatible processor rev 7 (v6l)", 
          "processor": "0"
        }
      }, 
      "cpu_new_format": "", 
      "cpu_unique": [
        {
          "BogoMIPS": "697.95", 
          "CPU architecture": "7", 
          "CPU implementer": "0x41", 
          "CPU part": "0xb76", 
          "CPU revision": "7", 
          "CPU variant": "0x0", 
          "Features": "half thumb fastmult vfp edsp java tls", 
          "Hardware": "BCM2708", 
          "Revision": "0013", 
          "Serial": "00000000999033c3", 
          "all_freqs": [
            "0", 
            "0"
          ], 
          "ck_cpu_name": "BCM2708", 
          "ck_cpu_subname": "ARMv6-compatible processor rev 7 (v6l)", 
          "cpu_features": "half thumb fastmult vfp edsp java tls", 
          "cur_freq": 700.0, 
          "max_freq": 700.0, 
          "model name": "ARMv6-compatible processor rev 7 (v6l)", 
          "processor": "0"
        }
      ], 
      "gpu": {
        "name": "", 
        "vendor": ""
      }, 
      "gpu_misc": {}, 
      "os": {
        "abi": "armv6l", 
        "bits": "32", 
        "ck_os_base_uoa": "", 
        "ck_os_uoa": "linux-32", 
        "name": "Linux 4.4.21+", 
        "name_long": "Linux-4.4.21+-armv6l-with-debian-8.0", 
        "name_short": "Linux 4.4.21+", 
        "serial_number": ""
      }, 
      "os_misc": {}, 
      "platform": {
        "model": "", 
        "name": "", 
        "vendor": ""
      }, 
      "platform_misc": {}
    }, 
    "solution_uid": "61764d46879edf84", 
    "statistical_repetitions": 4
  }
}
