{
  "characteristics_list": [
    {
      "compile": {
        "binary_size": 102504, 
        "compilation_success": "yes", 
        "compilation_success_bool": true, 
        "compilation_time": 105.8570408821106, 
        "compilation_time_with_module": 110.77369379997253, 
        "joined_compiler_flags": "-O3 -fno-cse-skip-blocks -fno-delayed-branch -fno-guess-branch-probability -fno-sched-dep-count-heuristic -fsel-sched-pipelining -fno-selective-scheduling2 -fshrink-wrap -fsingle-precision-constant -ftracer -fno-tree-copyrename -fno-tree-dce -ftree-loop-distribution -ftree-phiprop -ftree-pre -fno-tree-sink -ftree-tail-merge -fno-tree-ter -fno-vect-cost-model", 
        "md5_sum": "3fb55b34f0f4362e953ac3c9f7c6ccd0", 
        "obj_size": 115584, 
        "obj_sizes": {
          "adler32.o": 2424, 
          "compress.o": 1552, 
          "crc32.o": 11252, 
          "ctuning-rtl.o": 4616, 
          "deflate.o": 24556, 
          "gzclose.o": 980, 
          "gzlib.o": 6232, 
          "gzread.o": 6056, 
          "gzwrite.o": 6944, 
          "infback.o": 9060, 
          "inffast.o": 3748, 
          "inflate.o": 16448, 
          "inftrees.o": 4348, 
          "trees.o": 14460, 
          "uncompr.o": 1260, 
          "zutil.o": 1648
        }, 
        "program_git_hash": "04641ea86f9615c4bdca36af53651658ecea444c"
      }, 
      "run": {
        "execution_time": 0.5802257368421052, 
        "execution_time_kernel_0": 11.024289, 
        "execution_time_with_module": 11.748787879943848, 
        "repeat": 19, 
        "return_code": 0, 
        "run_success": "yes", 
        "run_success_bool": true, 
        "total_execution_time": 11.024289
      }
    }, 
    {
      "run": {
        "execution_time": 0.5562313684210526, 
        "execution_time_kernel_0": 10.568396, 
        "execution_time_with_module": 11.814548969268799, 
        "repeat": 19, 
        "return_code": 0, 
        "run_success": "yes", 
        "run_success_bool": true, 
        "total_execution_time": 10.568396
      }
    }, 
    {
      "run": {
        "execution_time": 0.5429422105263157, 
        "execution_time_kernel_0": 10.315902, 
        "execution_time_with_module": 11.049747943878174, 
        "repeat": 19, 
        "return_code": 0, 
        "run_success": "yes", 
        "run_success_bool": true, 
        "total_execution_time": 10.315902
      }
    }, 
    {
      "run": {
        "execution_time": 0.562453947368421, 
        "execution_time_kernel_0": 10.686625, 
        "execution_time_with_module": 12.07358694076538, 
        "repeat": 19, 
        "return_code": 0, 
        "run_success": "yes", 
        "run_success_bool": true, 
        "total_execution_time": 10.686625
      }
    }
  ], 
  "choices": {
    "calibration_time": 10.0, 
    "cmd_key": "encode", 
    "compile_type": "dynamic", 
    "compiler_description_uoa": "gcc-4.9.0-auto", 
    "compiler_flags": {
      "base_opt": "-O3", 
      "bool-cse-skip-blocks": "-fno-cse-skip-blocks", 
      "bool-delayed-branch": "-fno-delayed-branch", 
      "bool-guess-branch-probability": "-fno-guess-branch-probability", 
      "bool-sched-dep-count-heuristic": "-fno-sched-dep-count-heuristic", 
      "bool-sel-sched-pipelining": "-fsel-sched-pipelining", 
      "bool-selective-scheduling2": "-fno-selective-scheduling2", 
      "bool-shrink-wrap": "-fshrink-wrap", 
      "bool-single-precision-constant": "-fsingle-precision-constant", 
      "bool-tracer": "-ftracer", 
      "bool-tree-copyrename": "-fno-tree-copyrename", 
      "bool-tree-dce": "-fno-tree-dce", 
      "bool-tree-loop-distribution": "-ftree-loop-distribution", 
      "bool-tree-phiprop": "-ftree-phiprop", 
      "bool-tree-pre": "-ftree-pre", 
      "bool-tree-sink": "-fno-tree-sink", 
      "bool-tree-tail-merge": "-ftree-tail-merge", 
      "bool-tree-ter": "-fno-tree-ter", 
      "bool-vect-cost-model": "-fno-vect-cost-model"
    }, 
    "data_uoa": "zlib", 
    "dataset_file": "data.wav", 
    "dataset_uoa": "audio-wav-0001", 
    "device_cfg": {}, 
    "device_id": "", 
    "host_os": "linux-32", 
    "module_uoa": "b0ac08fe1d3c2615", 
    "no_state_check": "yes", 
    "program_tags": "", 
    "repeat": 19, 
    "target": "", 
    "target_os": "linux-32", 
    "target_os_bits": "32"
  }, 
  "choices_order": [
    "##compiler_flags#base_opt", 
    "##compiler_flags#bool-cse-skip-blocks", 
    "##compiler_flags#bool-delayed-branch", 
    "##compiler_flags#bool-guess-branch-probability", 
    "##compiler_flags#bool-sched-dep-count-heuristic", 
    "##compiler_flags#bool-sel-sched-pipelining", 
    "##compiler_flags#bool-selective-scheduling2", 
    "##compiler_flags#bool-shrink-wrap", 
    "##compiler_flags#bool-single-precision-constant", 
    "##compiler_flags#bool-tracer", 
    "##compiler_flags#bool-tree-copyrename", 
    "##compiler_flags#bool-tree-dce", 
    "##compiler_flags#bool-tree-loop-distribution", 
    "##compiler_flags#bool-tree-phiprop", 
    "##compiler_flags#bool-tree-pre", 
    "##compiler_flags#bool-tree-sink", 
    "##compiler_flags#bool-tree-tail-merge", 
    "##compiler_flags#bool-tree-ter", 
    "##compiler_flags#bool-vect-cost-model"
  ], 
  "features": {
    "compiler_version": {
      "list": [
        4, 
        9, 
        2
      ], 
      "raw": [
        "gcc-4.9 (Raspbian 4.9.2-10) 4.9.2", 
        "Copyright (C) 2014 Free Software Foundation, Inc.", 
        "This is free software; see the source for copying conditions.  There is NO", 
        "warranty; not even for MERCHANTABILITY or FITNESS FOR A PARTICULAR PURPOSE.", 
        "", 
        ""
      ], 
      "str": "4.9.2"
    }, 
    "dataset": {
      "total_size": 311096
    }, 
    "number_of_selected_compiler_flags": 19, 
    "platform": {
      "cpu": {
        "all_freqs": {
          "0": [
            700000, 
            700000
          ]
        }, 
        "cpu_abi": "", 
        "cpu_features": "half thumb fastmult vfp edsp java tls", 
        "current_freq": {
          "0": 700.0
        }, 
        "max_freq": {
          "0": 700.0
        }, 
        "name": "BCM2708", 
        "num_proc": "1", 
        "sub_name": "ARMv6-compatible processor rev 7 (v6l)", 
        "workload_automation": {
          "device_config": {
            "core_clusters": [
              0
            ], 
            "core_names": [
              "BCM2708"
            ]
          }
        }
      }, 
      "cpu_misc": {
        "0": {
          "BogoMIPS": "697.95", 
          "CPU architecture": "7", 
          "CPU implementer": "0x41", 
          "CPU part": "0xb76", 
          "CPU revision": "7", 
          "CPU variant": "0x0", 
          "Features": "half thumb fastmult vfp edsp java tls", 
          "Hardware": "BCM2708", 
          "Revision": "0013", 
          "Serial": "00000000999033c3", 
          "all_freqs": [
            "0", 
            "0"
          ], 
          "ck_cpu_name": "BCM2708", 
          "ck_cpu_subname": "ARMv6-compatible processor rev 7 (v6l)", 
          "cpu_features": "half thumb fastmult vfp edsp java tls", 
          "cur_freq": 700.0, 
          "max_freq": 700.0, 
          "model name": "ARMv6-compatible processor rev 7 (v6l)", 
          "processor": "0"
        }
      }, 
      "cpu_new_format": "", 
      "cpu_unique": [
        {
          "BogoMIPS": "697.95", 
          "CPU architecture": "7", 
          "CPU implementer": "0x41", 
          "CPU part": "0xb76", 
          "CPU revision": "7", 
          "CPU variant": "0x0", 
          "Features": "half thumb fastmult vfp edsp java tls", 
          "Hardware": "BCM2708", 
          "Revision": "0013", 
          "Serial": "00000000999033c3", 
          "all_freqs": [
            "0", 
            "0"
          ], 
          "ck_cpu_name": "BCM2708", 
          "ck_cpu_subname": "ARMv6-compatible processor rev 7 (v6l)", 
          "cpu_features": "half thumb fastmult vfp edsp java tls", 
          "cur_freq": 700.0, 
          "max_freq": 700.0, 
          "model name": "ARMv6-compatible processor rev 7 (v6l)", 
          "processor": "0"
        }
      ], 
      "gpu": {
        "name": "", 
        "vendor": ""
      }, 
      "gpu_misc": {}, 
      "os": {
        "abi": "armv6l", 
        "bits": "32", 
        "ck_os_base_uoa": "", 
        "ck_os_uoa": "linux-32", 
        "name": "Linux 4.4.21+", 
        "name_long": "Linux-4.4.21+-armv6l-with-debian-8.0", 
        "name_short": "Linux 4.4.21+", 
        "serial_number": ""
      }, 
      "os_misc": {}, 
      "platform": {
        "model": "", 
        "name": "", 
        "vendor": ""
      }, 
      "platform_misc": {}
    }, 
    "solution_uid": "61764d46879edf84", 
    "statistical_repetitions": 4
  }
}
