{
  "backup_data_uid": "a59438e9758ddcd8", 
  "backup_module_uid": "bc0409fb61f0aa82", 
  "backup_module_uoa": "experiment", 
  "control": {
    "author": "cTuning foundation", 
    "author_email": "admin@cTuning.org", 
    "author_webpage": "http://cTuning.org", 
    "copyright": "See CK COPYRIGHT.txt for copyright details", 
    "engine": "CK", 
    "iso_datetime": "2016-12-19T07:18:40.144536", 
    "license": "See CK LICENSE.txt for licensing details", 
    "version": [
      "1", 
      "8", 
      "4", 
      "2"
    ]
  }, 
  "data_name": "zlib_sqlite_encode_1"
}
