{
  "added": {
    "author": "cTuning foundation", 
    "author_email": "admin@cTuning.org", 
    "author_webpage": "http://cTuning.org", 
    "copyright": "See CK COPYRIGHT.txt for copyright details", 
    "engine": "CK", 
    "iso_datetime": "2016-12-19T07:18:42.205897", 
    "license": "See CK LICENSE.txt for licensing details", 
    "version": [
      "1", 
      "8", 
      "4", 
      "2"
    ]
  }, 
  "meta": {
    "cmd_key": "encode", 
    "compiler": "GCC 4.9.2", 
    "cpu_name": "BCM2708", 
    "dataset_file": "sqlite3.c", 
    "dataset_uoa": "source-code-sqlite3", 
    "objective": "min", 
    "program_uoa": "zlib", 
    "scenario_desc": "auto/crowd-tune GCC compiler flags (minimize execution time)", 
    "scenario_module_uoa": "8289e0cf24346aa7", 
    "subscenario_desc": "explore random program/cmd/data set"
  }, 
  "pipeline_uid": "b0ac08fe1d3c2615", 
  "pipeline_uoa": "b0ac08fe1d3c2615", 
  "points": "2", 
  "tags": [
    "crowdtuning", 
    "tmp"
  ]
}
