{
  "##choices#calibration_time": 10.0, 
  "##choices#cmd_key": "decode", 
  "##choices#compile_type": "dynamic", 
  "##choices#compiler_description_uoa": "gcc-4.9.0-auto", 
  "##choices#compiler_flags#base_opt": "-O3", 
  "##choices#compiler_flags#bool-delayed-branch": "-fno-delayed-branch", 
  "##choices#compiler_flags#bool-ira-hoist-pressure": "-fno-ira-hoist-pressure", 
  "##choices#compiler_flags#bool-keep-static-consts": "-fkeep-static-consts", 
  "##choices#compiler_flags#bool-loop-interchange": "-floop-interchange", 
  "##choices#compiler_flags#bool-rounding-math": "-fno-rounding-math", 
  "##choices#compiler_flags#bool-schedule-insns2": "-fno-schedule-insns2", 
  "##choices#compiler_flags#bool-sel-sched-pipelining-outer-loops": "-fno-sel-sched-pipelining-outer-loops", 
  "##choices#compiler_flags#bool-toplevel-reorder": "-fno-toplevel-reorder", 
  "##choices#compiler_flags#bool-tree-dse": "-ftree-dse", 
  "##choices#compiler_flags#bool-tree-loop-optimize": "-ftree-loop-optimize", 
  "##choices#compiler_flags#bool-tree-sra": "-fno-tree-sra", 
  "##choices#compiler_flags#bool-unroll-all-loops": "-fno-unroll-all-loops", 
  "##choices#compiler_flags#param-align-threshold": "--param align-threshold=21", 
  "##choices#compiler_flags#param-ipa-cp-array-index-hint-bonus": "--param ipa-cp-array-index-hint-bonus=45", 
  "##choices#compiler_flags#param-large-stack-frame": "--param large-stack-frame=384", 
  "##choices#compiler_flags#param-lra-max-considered-reload-pseudos": "--param lra-max-considered-reload-pseudos=284", 
  "##choices#compiler_flags#param-max-grow-copy-bb-insns": "--param max-grow-copy-bb-insns=4", 
  "##choices#compiler_flags#param-max-inline-insns-auto": "--param max-inline-insns-auto=23", 
  "##choices#compiler_flags#param-scev-max-expr-complexity": "--param scev-max-expr-complexity=8", 
  "##choices#compiler_flags#param-tracer-max-code-growth": "--param tracer-max-code-growth=141", 
  "##choices#compiler_flags#param-tree-reassoc-width": "--param tree-reassoc-width=0", 
  "##choices#compiler_flags#param-vect-max-version-for-alignment-checks": "--param vect-max-version-for-alignment-checks=1", 
  "##choices#data_uoa": "gzip", 
  "##choices#dataset_file": "data.wav.gz", 
  "##choices#dataset_uoa": "audio-wav-0001-gzipped", 
  "##choices#device_id": "", 
  "##choices#host_os": "linux-32", 
  "##choices#module_uoa": "b0ac08fe1d3c2615", 
  "##choices#no_state_check": "yes", 
  "##choices#program_tags": "", 
  "##choices#repeat": 360, 
  "##choices#target": "", 
  "##choices#target_os": "linux-32", 
  "##choices#target_os_bits": "32"
}
