{
  "##choices#calibration_time": 10.0, 
  "##choices#cmd_key": "decode", 
  "##choices#compile_type": "dynamic", 
  "##choices#compiler_description_uoa": "gcc-4.9.0-auto", 
  "##choices#compiler_flags#base_opt": "-O3", 
  "##choices#compiler_flags#bool--ffp-contract=": "-ffp-contract=on", 
  "##choices#compiler_flags#bool-check-data-deps": "-fno-check-data-deps", 
  "##choices#compiler_flags#bool-cx-fortran-rules": "-fno-cx-fortran-rules", 
  "##choices#compiler_flags#bool-dse": "-fdse", 
  "##choices#compiler_flags#bool-gcse-lm": "-fno-gcse-lm", 
  "##choices#compiler_flags#bool-gcse-sm": "-fno-gcse-sm", 
  "##choices#compiler_flags#bool-hoist-adjacent-loads": "-fhoist-adjacent-loads", 
  "##choices#compiler_flags#bool-ipa-cp-clone": "-fno-ipa-cp-clone", 
  "##choices#compiler_flags#bool-ivopts": "-fno-ivopts", 
  "##choices#compiler_flags#bool-move-loop-invariants": "-fno-move-loop-invariants", 
  "##choices#compiler_flags#bool-ree": "-free", 
  "##choices#compiler_flags#bool-section-anchors": "-fno-section-anchors", 
  "##choices#compiler_flags#bool-selective-scheduling": "-fselective-scheduling", 
  "##choices#compiler_flags#bool-shrink-wrap": "-fno-shrink-wrap", 
  "##choices#compiler_flags#bool-split-ivs-in-unroller": "-fno-split-ivs-in-unroller", 
  "##choices#compiler_flags#bool-tree-ch": "-ftree-ch", 
  "##choices#compiler_flags#bool-tree-forwprop": "-ftree-forwprop", 
  "##choices#compiler_flags#bool-tree-loop-distribute-patterns": "-ftree-loop-distribute-patterns", 
  "##choices#compiler_flags#bool-tree-loop-im": "-fno-tree-loop-im", 
  "##choices#compiler_flags#param-asan-globals": "--param asan-globals=1", 
  "##choices#compiler_flags#param-comdat-sharing-probability": "--param comdat-sharing-probability=22", 
  "##choices#compiler_flags#param-lto-min-partition": "--param lto-min-partition=934", 
  "##choices#compiler_flags#param-max-cse-path-length": "--param max-cse-path-length=18", 
  "##choices#compiler_flags#param-max-iterations-to-track": "--param max-iterations-to-track=1106", 
  "##choices#compiler_flags#param-max-peeled-insns": "--param max-peeled-insns=95", 
  "##choices#compiler_flags#param-max-reload-search-insns": "--param max-reload-search-insns=70", 
  "##choices#compiler_flags#param-min-size-for-stack-sharing": "--param min-size-for-stack-sharing=28", 
  "##choices#compiler_flags#param-scev-max-expr-complexity": "--param scev-max-expr-complexity=3", 
  "##choices#compiler_flags#param-tracer-max-code-growth": "--param tracer-max-code-growth=75", 
  "##choices#compiler_flags#param-uninit-control-dep-attempts": "--param uninit-control-dep-attempts=531", 
  "##choices#data_uoa": "gzip", 
  "##choices#dataset_file": "data.wav.gz", 
  "##choices#dataset_uoa": "audio-wav-0001-gzipped", 
  "##choices#device_id": "", 
  "##choices#host_os": "linux-32", 
  "##choices#module_uoa": "b0ac08fe1d3c2615", 
  "##choices#no_state_check": "yes", 
  "##choices#program_tags": "", 
  "##choices#repeat": 360, 
  "##choices#target": "", 
  "##choices#target_os": "linux-32", 
  "##choices#target_os_bits": "32"
}
