{
  "##choices#calibration_time": 10.0, 
  "##choices#cmd_key": "decode", 
  "##choices#compile_type": "dynamic", 
  "##choices#compiler_description_uoa": "gcc-4.9.0-auto", 
  "##choices#compiler_flags#base_opt": "-O3", 
  "##choices#compiler_flags#bool-gcse-lm": "-fno-gcse-lm", 
  "##choices#compiler_flags#bool-ipa-pta": "-fipa-pta", 
  "##choices#compiler_flags#bool-ipa-pure-const": "-fno-ipa-pure-const", 
  "##choices#compiler_flags#bool-ira-loop-pressure": "-fno-ira-loop-pressure", 
  "##choices#compiler_flags#bool-merge-all-constants": "-fmerge-all-constants", 
  "##choices#compiler_flags#bool-optimize-sibling-calls": "-foptimize-sibling-calls", 
  "##choices#compiler_flags#bool-peel-loops": "-fpeel-loops", 
  "##choices#compiler_flags#bool-peephole2": "-fpeephole2", 
  "##choices#compiler_flags#bool-rename-registers": "-frename-registers", 
  "##choices#compiler_flags#bool-reorder-blocks-and-partition": "-freorder-blocks-and-partition", 
  "##choices#compiler_flags#bool-sel-sched-pipelining": "-fno-sel-sched-pipelining", 
  "##choices#compiler_flags#bool-tree-ch": "-ftree-ch", 
  "##choices#compiler_flags#bool-tree-dominator-opts": "-ftree-dominator-opts", 
  "##choices#compiler_flags#bool-tree-loop-if-convert-stores": "-fno-tree-loop-if-convert-stores", 
  "##choices#compiler_flags#bool-tree-pre": "-ftree-pre", 
  "##choices#compiler_flags#bool-unroll-loops": "-fno-unroll-loops", 
  "##choices#compiler_flags#bool-unswitch-loops": "-fno-unswitch-loops", 
  "##choices#compiler_flags#bool-variable-expansion-in-unroller": "-fvariable-expansion-in-unroller", 
  "##choices#compiler_flags#bool-web": "-fweb", 
  "##choices#compiler_flags#param--falign-loops=": "-falign-loops=0", 
  "##choices#compiler_flags#param-asan-memintrin": "--param asan-memintrin=0", 
  "##choices#compiler_flags#param-inline-min-speedup": "--param inline-min-speedup=13", 
  "##choices#compiler_flags#param-ipa-cp-eval-threshold": "--param ipa-cp-eval-threshold=493", 
  "##choices#compiler_flags#param-ipa-max-agg-items": "--param ipa-max-agg-items=4", 
  "##choices#compiler_flags#param-ipcp-unit-growth": "--param ipcp-unit-growth=7", 
  "##choices#compiler_flags#param-max-completely-peel-times": "--param max-completely-peel-times=28", 
  "##choices#compiler_flags#param-max-dse-active-local-stores": "--param max-dse-active-local-stores=1960", 
  "##choices#compiler_flags#param-max-fields-for-field-sensitive": "--param max-fields-for-field-sensitive=0", 
  "##choices#compiler_flags#param-max-inline-recursive-depth-auto": "--param max-inline-recursive-depth-auto=12", 
  "##choices#compiler_flags#param-max-iterations-computation-cost": "--param max-iterations-computation-cost=6", 
  "##choices#compiler_flags#param-max-peel-times": "--param max-peel-times=7", 
  "##choices#compiler_flags#param-max-predicted-iterations": "--param max-predicted-iterations=107", 
  "##choices#compiler_flags#param-max-unswitch-insns": "--param max-unswitch-insns=100", 
  "##choices#compiler_flags#param-max-unswitch-level": "--param max-unswitch-level=1", 
  "##choices#compiler_flags#param-max-vartrack-reverse-op-size": "--param max-vartrack-reverse-op-size=60", 
  "##choices#compiler_flags#param-min-crossjump-insns": "--param min-crossjump-insns=8", 
  "##choices#compiler_flags#param-sched-pressure-algorithm": "--param sched-pressure-algorithm=1", 
  "##choices#compiler_flags#param-sms-min-sc": "--param sms-min-sc=4", 
  "##choices#data_uoa": "gzip", 
  "##choices#dataset_file": "data.wav.gz", 
  "##choices#dataset_uoa": "audio-wav-0001-gzipped", 
  "##choices#device_id": "", 
  "##choices#host_os": "linux-32", 
  "##choices#module_uoa": "b0ac08fe1d3c2615", 
  "##choices#no_state_check": "yes", 
  "##choices#program_tags": "", 
  "##choices#repeat": 360, 
  "##choices#target": "", 
  "##choices#target_os": "linux-32", 
  "##choices#target_os_bits": "32"
}
