{
  "##choices#calibration_time": 10.0, 
  "##choices#cmd_key": "decode", 
  "##choices#compile_type": "dynamic", 
  "##choices#compiler_description_uoa": "gcc-4.9.0-auto", 
  "##choices#compiler_flags#base_opt": "-O3", 
  "##choices#compiler_flags#bool-branch-target-load-optimize": "-fbranch-target-load-optimize", 
  "##choices#compiler_flags#bool-branch-target-load-optimize2": "-fbranch-target-load-optimize2", 
  "##choices#compiler_flags#bool-caller-saves": "-fcaller-saves", 
  "##choices#compiler_flags#bool-conserve-stack": "-fconserve-stack", 
  "##choices#compiler_flags#bool-early-inlining": "-fno-early-inlining", 
  "##choices#compiler_flags#bool-function-sections": "-ffunction-sections", 
  "##choices#compiler_flags#bool-gcse-las": "-fno-gcse-las", 
  "##choices#compiler_flags#bool-gcse-sm": "-fgcse-sm", 
  "##choices#compiler_flags#bool-if-conversion": "-fno-if-conversion", 
  "##choices#compiler_flags#bool-ipa-pure-const": "-fno-ipa-pure-const", 
  "##choices#compiler_flags#bool-live-range-shrinkage": "-flive-range-shrinkage", 
  "##choices#compiler_flags#bool-loop-block": "-floop-block", 
  "##choices#compiler_flags#bool-loop-interchange": "-floop-interchange", 
  "##choices#compiler_flags#bool-peephole": "-fpeephole", 
  "##choices#compiler_flags#bool-prefetch-loop-arrays": "-fno-prefetch-loop-arrays", 
  "##choices#compiler_flags#bool-reorder-blocks": "-fno-reorder-blocks", 
  "##choices#compiler_flags#bool-reorder-functions": "-fno-reorder-functions", 
  "##choices#compiler_flags#bool-rounding-math": "-fno-rounding-math", 
  "##choices#compiler_flags#bool-split-wide-types": "-fno-split-wide-types", 
  "##choices#compiler_flags#bool-strict-aliasing": "-fstrict-aliasing", 
  "##choices#compiler_flags#bool-thread-jumps": "-fthread-jumps", 
  "##choices#compiler_flags#bool-tree-bit-ccp": "-fno-tree-bit-ccp", 
  "##choices#compiler_flags#bool-tree-ccp": "-ftree-ccp", 
  "##choices#compiler_flags#bool-tree-copy-prop": "-ftree-copy-prop", 
  "##choices#compiler_flags#bool-tree-pre": "-ftree-pre", 
  "##choices#compiler_flags#bool-web": "-fweb", 
  "##choices#compiler_flags#param--fsched-stalled-insns-dep=": "-fsched-stalled-insns-dep=0", 
  "##choices#compiler_flags#param-allow-store-data-races": "--param allow-store-data-races=0", 
  "##choices#compiler_flags#param-asan-instrument-reads": "--param asan-instrument-reads=1", 
  "##choices#compiler_flags#param-case-values-threshold": "--param case-values-threshold=0", 
  "##choices#compiler_flags#param-graphite-max-bbs-per-function": "--param graphite-max-bbs-per-function=186", 
  "##choices#compiler_flags#param-hot-bb-count-ws-permille": "--param hot-bb-count-ws-permille=481", 
  "##choices#compiler_flags#param-hot-bb-frequency-fraction": "--param hot-bb-frequency-fraction=506", 
  "##choices#compiler_flags#param-ipa-sra-ptr-growth-factor": "--param ipa-sra-ptr-growth-factor=4", 
  "##choices#compiler_flags#param-lto-min-partition": "--param lto-min-partition=1538", 
  "##choices#compiler_flags#param-max-average-unrolled-insns": "--param max-average-unrolled-insns=114", 
  "##choices#compiler_flags#param-max-inline-insns-recursive": "--param max-inline-insns-recursive=798", 
  "##choices#compiler_flags#param-max-inline-recursive-depth": "--param max-inline-recursive-depth=7", 
  "##choices#compiler_flags#param-max-jump-thread-duplication-stmts": "--param max-jump-thread-duplication-stmts=20", 
  "##choices#compiler_flags#param-max-modulo-backtrack-attempts": "--param max-modulo-backtrack-attempts=80", 
  "##choices#compiler_flags#param-min-inline-recursive-probability": "--param min-inline-recursive-probability=20", 
  "##choices#compiler_flags#param-omega-max-wild-cards": "--param omega-max-wild-cards=0", 
  "##choices#compiler_flags#param-tracer-min-branch-probability-feedback": "--param tracer-min-branch-probability-feedback=12", 
  "##choices#data_uoa": "gzip", 
  "##choices#dataset_file": "data.wav.gz", 
  "##choices#dataset_uoa": "audio-wav-0001-gzipped", 
  "##choices#device_id": "", 
  "##choices#host_os": "linux-32", 
  "##choices#module_uoa": "b0ac08fe1d3c2615", 
  "##choices#no_state_check": "yes", 
  "##choices#program_tags": "", 
  "##choices#repeat": 360, 
  "##choices#target": "", 
  "##choices#target_os": "linux-32", 
  "##choices#target_os_bits": "32"
}
