{
  "##choices#calibration_time": 10.0, 
  "##choices#cmd_key": "decode", 
  "##choices#compile_type": "dynamic", 
  "##choices#compiler_description_uoa": "gcc-4.9.0-auto", 
  "##choices#compiler_flags#base_opt": "-O3", 
  "##choices#compiler_flags#bool-btr-bb-exclusive": "-fbtr-bb-exclusive", 
  "##choices#compiler_flags#bool-dse": "-fno-dse", 
  "##choices#compiler_flags#bool-float-store": "-fno-float-store", 
  "##choices#compiler_flags#bool-forward-propagate": "-fforward-propagate", 
  "##choices#compiler_flags#bool-gcse": "-fgcse", 
  "##choices#compiler_flags#bool-indirect-inlining": "-fno-indirect-inlining", 
  "##choices#compiler_flags#bool-inline-functions-called-once": "-finline-functions-called-once", 
  "##choices#compiler_flags#bool-ira-loop-pressure": "-fira-loop-pressure", 
  "##choices#compiler_flags#bool-ivopts": "-fno-ivopts", 
  "##choices#compiler_flags#bool-loop-nest-optimize": "-floop-nest-optimize", 
  "##choices#compiler_flags#bool-reorder-functions": "-fno-reorder-functions", 
  "##choices#compiler_flags#bool-schedule-insns": "-fno-schedule-insns", 
  "##choices#compiler_flags#bool-sel-sched-pipelining-outer-loops": "-fsel-sched-pipelining-outer-loops", 
  "##choices#compiler_flags#bool-trapping-math": "-ftrapping-math", 
  "##choices#compiler_flags#bool-tree-fre": "-fno-tree-fre", 
  "##choices#compiler_flags#bool-tree-loop-ivcanon": "-fno-tree-loop-ivcanon", 
  "##choices#compiler_flags#bool-tree-loop-vectorize": "-ftree-loop-vectorize", 
  "##choices#compiler_flags#bool-tree-phiprop": "-ftree-phiprop", 
  "##choices#compiler_flags#bool-tree-pta": "-ftree-pta", 
  "##choices#compiler_flags#bool-unit-at-a-time": "-funit-at-a-time", 
  "##choices#compiler_flags#bool-unsafe-math-optimizations": "-funsafe-math-optimizations", 
  "##choices#compiler_flags#param--finline-limit=": "-finline-limit=0", 
  "##choices#compiler_flags#param-graphite-max-bbs-per-function": "--param graphite-max-bbs-per-function=35", 
  "##choices#compiler_flags#param-lra-max-considered-reload-pseudos": "--param lra-max-considered-reload-pseudos=385", 
  "##choices#compiler_flags#param-max-inline-insns-auto": "--param max-inline-insns-auto=0", 
  "##choices#compiler_flags#param-max-inline-insns-recursive-auto": "--param max-inline-insns-recursive-auto=781", 
  "##choices#compiler_flags#param-max-modulo-backtrack-attempts": "--param max-modulo-backtrack-attempts=16", 
  "##choices#compiler_flags#param-max-sched-region-blocks": "--param max-sched-region-blocks=16", 
  "##choices#compiler_flags#param-min-size-for-stack-sharing": "--param min-size-for-stack-sharing=25", 
  "##choices#compiler_flags#param-omega-hash-table-size": "--param omega-hash-table-size=496", 
  "##choices#compiler_flags#param-sms-dfa-history": "--param sms-dfa-history=0", 
  "##choices#compiler_flags#param-tree-reassoc-width": "--param tree-reassoc-width=0", 
  "##choices#compiler_flags#param-use-canonical-types": "--param use-canonical-types=0", 
  "##choices#data_uoa": "gzip", 
  "##choices#dataset_file": "data.wav.gz", 
  "##choices#dataset_uoa": "audio-wav-0001-gzipped", 
  "##choices#device_id": "", 
  "##choices#host_os": "linux-32", 
  "##choices#module_uoa": "b0ac08fe1d3c2615", 
  "##choices#no_state_check": "yes", 
  "##choices#program_tags": "", 
  "##choices#repeat": 360, 
  "##choices#target": "", 
  "##choices#target_os": "linux-32", 
  "##choices#target_os_bits": "32"
}
