{
  "##choices#calibration_time": 10.0, 
  "##choices#cmd_key": "decode", 
  "##choices#compile_type": "dynamic", 
  "##choices#compiler_description_uoa": "gcc-4.9.0-auto", 
  "##choices#compiler_flags#base_opt": "-O3", 
  "##choices#compiler_flags#bool--fexcess-precision=": "-fexcess-precision=fast", 
  "##choices#compiler_flags#bool--ffp-contract=": "-ffp-contract=off", 
  "##choices#compiler_flags#bool-associative-math": "-fno-associative-math", 
  "##choices#compiler_flags#bool-cprop-registers": "-fno-cprop-registers", 
  "##choices#compiler_flags#bool-inline-functions-called-once": "-fno-inline-functions-called-once", 
  "##choices#compiler_flags#bool-modulo-sched-allow-regmoves": "-fno-modulo-sched-allow-regmoves", 
  "##choices#compiler_flags#bool-move-loop-invariants": "-fmove-loop-invariants", 
  "##choices#compiler_flags#bool-prefetch-loop-arrays": "-fno-prefetch-loop-arrays", 
  "##choices#compiler_flags#bool-sched2-use-superblocks": "-fsched2-use-superblocks", 
  "##choices#compiler_flags#bool-sel-sched-pipelining": "-fno-sel-sched-pipelining", 
  "##choices#compiler_flags#bool-tree-bit-ccp": "-fno-tree-bit-ccp", 
  "##choices#compiler_flags#bool-tree-copy-prop": "-ftree-copy-prop", 
  "##choices#compiler_flags#bool-tree-loop-vectorize": "-fno-tree-loop-vectorize", 
  "##choices#compiler_flags#bool-tree-sink": "-ftree-sink", 
  "##choices#compiler_flags#bool-tree-tail-merge": "-fno-tree-tail-merge", 
  "##choices#compiler_flags#param-allow-store-data-races": "--param allow-store-data-races=0", 
  "##choices#compiler_flags#param-asan-use-after-return": "--param asan-use-after-return=1", 
  "##choices#compiler_flags#param-ipa-cp-eval-threshold": "--param ipa-cp-eval-threshold=592", 
  "##choices#compiler_flags#param-ipcp-unit-growth": "--param ipcp-unit-growth=5", 
  "##choices#compiler_flags#param-l2-cache-size": "--param l2-cache-size=1020", 
  "##choices#compiler_flags#param-large-stack-frame-growth": "--param large-stack-frame-growth=1982", 
  "##choices#compiler_flags#param-large-unit-insns": "--param large-unit-insns=16293", 
  "##choices#compiler_flags#param-loop-block-tile-size": "--param loop-block-tile-size=77", 
  "##choices#compiler_flags#param-max-crossjump-edges": "--param max-crossjump-edges=63", 
  "##choices#compiler_flags#param-max-goto-duplication-insns": "--param max-goto-duplication-insns=3", 
  "##choices#compiler_flags#param-max-pending-list-length": "--param max-pending-list-length=26", 
  "##choices#compiler_flags#param-max-unrolled-insns": "--param max-unrolled-insns=240", 
  "##choices#compiler_flags#param-min-crossjump-insns": "--param min-crossjump-insns=9", 
  "##choices#compiler_flags#param-min-spec-prob": "--param min-spec-prob=40", 
  "##choices#compiler_flags#param-omega-max-vars": "--param omega-max-vars=213", 
  "##choices#compiler_flags#param-scev-max-expr-complexity": "--param scev-max-expr-complexity=11", 
  "##choices#compiler_flags#param-sched-state-edge-prob-cutoff": "--param sched-state-edge-prob-cutoff=38", 
  "##choices#compiler_flags#param-switch-conversion-max-branch-ratio": "--param switch-conversion-max-branch-ratio=7", 
  "##choices#compiler_flags#param-vect-max-version-for-alignment-checks": "--param vect-max-version-for-alignment-checks=12", 
  "##choices#data_uoa": "gzip", 
  "##choices#dataset_file": "data.wav.gz", 
  "##choices#dataset_uoa": "audio-wav-0001-gzipped", 
  "##choices#device_id": "", 
  "##choices#host_os": "linux-32", 
  "##choices#module_uoa": "b0ac08fe1d3c2615", 
  "##choices#no_state_check": "yes", 
  "##choices#program_tags": "", 
  "##choices#repeat": 360, 
  "##choices#target": "", 
  "##choices#target_os": "linux-32", 
  "##choices#target_os_bits": "32"
}
