{
  "##choices#calibration_time": 10.0, 
  "##choices#cmd_key": "decode", 
  "##choices#compile_type": "dynamic", 
  "##choices#compiler_description_uoa": "gcc-4.9.0-auto", 
  "##choices#compiler_flags#base_opt": "-O3", 
  "##choices#compiler_flags#bool-associative-math": "-fassociative-math", 
  "##choices#compiler_flags#bool-cx-fortran-rules": "-fno-cx-fortran-rules", 
  "##choices#compiler_flags#bool-delayed-branch": "-fdelayed-branch", 
  "##choices#compiler_flags#bool-delete-null-pointer-checks": "-fdelete-null-pointer-checks", 
  "##choices#compiler_flags#bool-forward-propagate": "-fforward-propagate", 
  "##choices#compiler_flags#bool-gcse-after-reload": "-fno-gcse-after-reload", 
  "##choices#compiler_flags#bool-ipa-cp-clone": "-fno-ipa-cp-clone", 
  "##choices#compiler_flags#bool-live-range-shrinkage": "-flive-range-shrinkage", 
  "##choices#compiler_flags#bool-loop-block": "-fno-loop-block", 
  "##choices#compiler_flags#bool-loop-nest-optimize": "-fno-loop-nest-optimize", 
  "##choices#compiler_flags#bool-sched-spec-load": "-fno-sched-spec-load", 
  "##choices#compiler_flags#bool-schedule-insns2": "-fschedule-insns2", 
  "##choices#compiler_flags#bool-tree-ccp": "-ftree-ccp", 
  "##choices#compiler_flags#bool-tree-coalesce-vars": "-fno-tree-coalesce-vars", 
  "##choices#compiler_flags#bool-tree-copy-prop": "-fno-tree-copy-prop", 
  "##choices#compiler_flags#bool-tree-dce": "-fno-tree-dce", 
  "##choices#compiler_flags#bool-tree-loop-im": "-fno-tree-loop-im", 
  "##choices#compiler_flags#bool-tree-loop-optimize": "-fno-tree-loop-optimize", 
  "##choices#compiler_flags#bool-tree-switch-conversion": "-ftree-switch-conversion", 
  "##choices#data_uoa": "gzip", 
  "##choices#dataset_file": "data.wav.gz", 
  "##choices#dataset_uoa": "audio-wav-0001-gzipped", 
  "##choices#device_id": "", 
  "##choices#host_os": "linux-32", 
  "##choices#module_uoa": "b0ac08fe1d3c2615", 
  "##choices#no_state_check": "yes", 
  "##choices#program_tags": "", 
  "##choices#repeat": 360, 
  "##choices#target": "", 
  "##choices#target_os": "linux-32", 
  "##choices#target_os_bits": "32"
}
