{
  "characteristics_list": [
    {
      "compile": {
        "binary_size": 85596, 
        "compilation_success": "yes", 
        "compilation_success_bool": true, 
        "compilation_time": 43.09728407859802, 
        "compilation_time_with_module": 45.375324010849, 
        "joined_compiler_flags": "-O3 -fgraphite-identity -fguess-branch-probability -fno-inline-functions-called-once -fipa-reference -fno-ira-loop-pressure -fisolate-erroneous-paths-attribute -fno-predictive-commoning -fno-ree -fno-tree-dce -fno-tree-fre -ftree-loop-ivcanon -ftree-loop-linear -funit-at-a-time -fno-wpa", 
        "md5_sum": "b5324ef0d1a00d759f0621cd812cb9b2", 
        "program_git_hash": "3755f7415691ee174d2e0678752597b8cce5895e"
      }, 
      "run": {
        "execution_time": 0.028285249999999998, 
        "execution_time_kernel_0": 10.18269, 
        "execution_time_with_module": 10.893108129501343, 
        "output_check_failed": "no", 
        "output_check_failed_bool": false, 
        "repeat": 360, 
        "return_code": 0, 
        "run_success": "yes", 
        "run_success_bool": true, 
        "total_execution_time": 10.18269
      }
    }, 
    {
      "run": {
        "execution_time": 0.028309377777777776, 
        "execution_time_kernel_0": 10.191376, 
        "execution_time_with_module": 10.940195083618164, 
        "output_check_failed": "no", 
        "output_check_failed_bool": false, 
        "repeat": 360, 
        "return_code": 0, 
        "run_success": "yes", 
        "run_success_bool": true, 
        "total_execution_time": 10.191376
      }
    }, 
    {
      "run": {
        "execution_time": 0.03371403333333334, 
        "execution_time_kernel_0": 12.137052, 
        "execution_time_with_module": 12.852758169174194, 
        "output_check_failed": "no", 
        "output_check_failed_bool": false, 
        "repeat": 360, 
        "return_code": 0, 
        "run_success": "yes", 
        "run_success_bool": true, 
        "total_execution_time": 12.137052
      }
    }
  ], 
  "choices": {
    "calibration_time": 10.0, 
    "cmd_key": "decode", 
    "compile_type": "dynamic", 
    "compiler_description_uoa": "gcc-4.9.0-auto", 
    "compiler_flags": {
      "base_opt": "-O3", 
      "bool-graphite-identity": "-fgraphite-identity", 
      "bool-guess-branch-probability": "-fguess-branch-probability", 
      "bool-inline-functions-called-once": "-fno-inline-functions-called-once", 
      "bool-ipa-reference": "-fipa-reference", 
      "bool-ira-loop-pressure": "-fno-ira-loop-pressure", 
      "bool-isolate-erroneous-paths-attribute": "-fisolate-erroneous-paths-attribute", 
      "bool-predictive-commoning": "-fno-predictive-commoning", 
      "bool-ree": "-fno-ree", 
      "bool-tree-dce": "-fno-tree-dce", 
      "bool-tree-fre": "-fno-tree-fre", 
      "bool-tree-loop-ivcanon": "-ftree-loop-ivcanon", 
      "bool-tree-loop-linear": "-ftree-loop-linear", 
      "bool-unit-at-a-time": "-funit-at-a-time", 
      "bool-wpa": "-fno-wpa"
    }, 
    "data_uoa": "gzip", 
    "dataset_file": "data.wav.gz", 
    "dataset_uoa": "audio-wav-0001-gzipped", 
    "device_cfg": {}, 
    "device_id": "", 
    "host_os": "linux-32", 
    "module_uoa": "b0ac08fe1d3c2615", 
    "no_state_check": "yes", 
    "program_tags": "", 
    "repeat": 360, 
    "target": "", 
    "target_os": "linux-32", 
    "target_os_bits": "32"
  }, 
  "choices_order": [
    "##compiler_flags#base_opt", 
    "##compiler_flags#bool-graphite-identity", 
    "##compiler_flags#bool-guess-branch-probability", 
    "##compiler_flags#bool-inline-functions-called-once", 
    "##compiler_flags#bool-ipa-reference", 
    "##compiler_flags#bool-ira-loop-pressure", 
    "##compiler_flags#bool-isolate-erroneous-paths-attribute", 
    "##compiler_flags#bool-predictive-commoning", 
    "##compiler_flags#bool-ree", 
    "##compiler_flags#bool-tree-dce", 
    "##compiler_flags#bool-tree-fre", 
    "##compiler_flags#bool-tree-loop-ivcanon", 
    "##compiler_flags#bool-tree-loop-linear", 
    "##compiler_flags#bool-unit-at-a-time", 
    "##compiler_flags#bool-wpa"
  ], 
  "features": {
    "compiler_version": {
      "list": [
        4, 
        9, 
        2
      ], 
      "raw": [
        "gcc-4.9 (Raspbian 4.9.2-10) 4.9.2", 
        "Copyright (C) 2014 Free Software Foundation, Inc.", 
        "This is free software; see the source for copying conditions.  There is NO", 
        "warranty; not even for MERCHANTABILITY or FITNESS FOR A PARTICULAR PURPOSE.", 
        "", 
        ""
      ], 
      "str": "4.9.2"
    }, 
    "dataset": {
      "total_size": 116981
    }, 
    "number_of_selected_compiler_flags": 15, 
    "platform": {
      "cpu": {
        "all_freqs": {
          "0": [
            600000, 
            1200000
          ], 
          "1": [
            600000, 
            1200000
          ], 
          "2": [
            600000, 
            1200000
          ], 
          "3": [
            600000, 
            1200000
          ]
        }, 
        "cpu_abi": "", 
        "cpu_features": "half thumb fastmult vfp edsp neon vfpv3 tls vfpv4 idiva idivt vfpd32 lpae evtstrm crc32", 
        "current_freq": {
          "0": 1200.0, 
          "1": 1200.0, 
          "2": 1200.0, 
          "3": 1200.0
        }, 
        "max_freq": {
          "0": 1200.0, 
          "1": 1200.0, 
          "2": 1200.0, 
          "3": 1200.0
        }, 
        "name": "BCM2709", 
        "num_proc": "4", 
        "sub_name": "ARMv7 Processor rev 4 (v7l)", 
        "workload_automation": {
          "device_config": {
            "core_clusters": [
              0, 
              0, 
              0, 
              1
            ], 
            "core_names": [
              "ARMv7 Processor rev 4 (v7l)", 
              "ARMv7 Processor rev 4 (v7l)", 
              "ARMv7 Processor rev 4 (v7l)", 
              "BCM2709"
            ]
          }
        }
      }, 
      "cpu_misc": {
        "0": {
          "BogoMIPS": "76.80", 
          "CPU architecture": "7", 
          "CPU implementer": "0x41", 
          "CPU part": "0xd03", 
          "CPU revision": "4", 
          "CPU variant": "0x0", 
          "Features": "half thumb fastmult vfp edsp neon vfpv3 tls vfpv4 idiva idivt vfpd32 lpae evtstrm crc32", 
          "all_freqs": [
            "0", 
            "0"
          ], 
          "ck_cpu_name": "ARMv7 Processor rev 4 (v7l)", 
          "ck_cpu_subname": "ARMv7 Processor rev 4 (v7l)", 
          "cpu_features": "half thumb fastmult vfp edsp neon vfpv3 tls vfpv4 idiva idivt vfpd32 lpae evtstrm crc32", 
          "cur_freq": 1200.0, 
          "max_freq": 1200.0, 
          "model name": "ARMv7 Processor rev 4 (v7l)", 
          "processor": "0"
        }, 
        "1": {
          "BogoMIPS": "76.80", 
          "CPU architecture": "7", 
          "CPU implementer": "0x41", 
          "CPU part": "0xd03", 
          "CPU revision": "4", 
          "CPU variant": "0x0", 
          "Features": "half thumb fastmult vfp edsp neon vfpv3 tls vfpv4 idiva idivt vfpd32 lpae evtstrm crc32", 
          "all_freqs": [
            "1", 
            "1"
          ], 
          "ck_cpu_name": "ARMv7 Processor rev 4 (v7l)", 
          "ck_cpu_subname": "ARMv7 Processor rev 4 (v7l)", 
          "cpu_features": "half thumb fastmult vfp edsp neon vfpv3 tls vfpv4 idiva idivt vfpd32 lpae evtstrm crc32", 
          "cur_freq": 1200.0, 
          "max_freq": 1200.0, 
          "model name": "ARMv7 Processor rev 4 (v7l)", 
          "processor": "1"
        }, 
        "2": {
          "BogoMIPS": "76.80", 
          "CPU architecture": "7", 
          "CPU implementer": "0x41", 
          "CPU part": "0xd03", 
          "CPU revision": "4", 
          "CPU variant": "0x0", 
          "Features": "half thumb fastmult vfp edsp neon vfpv3 tls vfpv4 idiva idivt vfpd32 lpae evtstrm crc32", 
          "all_freqs": [
            "2", 
            "2"
          ], 
          "ck_cpu_name": "ARMv7 Processor rev 4 (v7l)", 
          "ck_cpu_subname": "ARMv7 Processor rev 4 (v7l)", 
          "cpu_features": "half thumb fastmult vfp edsp neon vfpv3 tls vfpv4 idiva idivt vfpd32 lpae evtstrm crc32", 
          "cur_freq": 1200.0, 
          "max_freq": 1200.0, 
          "model name": "ARMv7 Processor rev 4 (v7l)", 
          "processor": "2"
        }, 
        "3": {
          "BogoMIPS": "76.80", 
          "CPU architecture": "7", 
          "CPU implementer": "0x41", 
          "CPU part": "0xd03", 
          "CPU revision": "4", 
          "CPU variant": "0x0", 
          "Features": "half thumb fastmult vfp edsp neon vfpv3 tls vfpv4 idiva idivt vfpd32 lpae evtstrm crc32", 
          "Hardware": "BCM2709", 
          "Revision": "a02082", 
          "Serial": "00000000e3db06b9", 
          "all_freqs": [
            "3", 
            "3"
          ], 
          "ck_cpu_name": "BCM2709", 
          "ck_cpu_subname": "ARMv7 Processor rev 4 (v7l)", 
          "cpu_features": "half thumb fastmult vfp edsp neon vfpv3 tls vfpv4 idiva idivt vfpd32 lpae evtstrm crc32", 
          "cur_freq": 1200.0, 
          "max_freq": 1200.0, 
          "model name": "ARMv7 Processor rev 4 (v7l)", 
          "processor": "3"
        }
      }, 
      "cpu_new_format": "", 
      "cpu_unique": [
        {
          "BogoMIPS": "76.80", 
          "CPU architecture": "7", 
          "CPU implementer": "0x41", 
          "CPU part": "0xd03", 
          "CPU revision": "4", 
          "CPU variant": "0x0", 
          "Features": "half thumb fastmult vfp edsp neon vfpv3 tls vfpv4 idiva idivt vfpd32 lpae evtstrm crc32", 
          "all_freqs": [
            "0", 
            "0"
          ], 
          "ck_cpu_name": "ARMv7 Processor rev 4 (v7l)", 
          "ck_cpu_subname": "ARMv7 Processor rev 4 (v7l)", 
          "cpu_features": "half thumb fastmult vfp edsp neon vfpv3 tls vfpv4 idiva idivt vfpd32 lpae evtstrm crc32", 
          "cur_freq": 1200.0, 
          "max_freq": 1200.0, 
          "model name": "ARMv7 Processor rev 4 (v7l)", 
          "processor": "0"
        }, 
        {
          "BogoMIPS": "76.80", 
          "CPU architecture": "7", 
          "CPU implementer": "0x41", 
          "CPU part": "0xd03", 
          "CPU revision": "4", 
          "CPU variant": "0x0", 
          "Features": "half thumb fastmult vfp edsp neon vfpv3 tls vfpv4 idiva idivt vfpd32 lpae evtstrm crc32", 
          "Hardware": "BCM2709", 
          "Revision": "a02082", 
          "Serial": "00000000e3db06b9", 
          "all_freqs": [
            "3", 
            "3"
          ], 
          "ck_cpu_name": "BCM2709", 
          "ck_cpu_subname": "ARMv7 Processor rev 4 (v7l)", 
          "cpu_features": "half thumb fastmult vfp edsp neon vfpv3 tls vfpv4 idiva idivt vfpd32 lpae evtstrm crc32", 
          "cur_freq": 1200.0, 
          "max_freq": 1200.0, 
          "model name": "ARMv7 Processor rev 4 (v7l)", 
          "processor": "3"
        }
      ], 
      "gpu": {
        "name": "", 
        "vendor": ""
      }, 
      "gpu_misc": {}, 
      "os": {
        "abi": "armv7l", 
        "bits": "32", 
        "ck_os_base_uoa": "", 
        "ck_os_uoa": "linux-32", 
        "name": "Linux 4.4.34", 
        "name_long": "Linux-4.4.34-v7+-armv7l-with-debian-8.0", 
        "name_short": "Linux 4.4.34", 
        "serial_number": ""
      }, 
      "os_misc": {}, 
      "platform": {
        "model": "", 
        "name": "", 
        "vendor": ""
      }, 
      "platform_misc": {}
    }, 
    "solution_uid": "c1a63bccf456f801", 
    "statistical_repetitions": 3
  }
}
