{
  "##choices#calibration_time": 10.0, 
  "##choices#cmd_key": "decode", 
  "##choices#compile_type": "dynamic", 
  "##choices#compiler_description_uoa": "gcc-4.9.0-auto", 
  "##choices#compiler_flags#base_opt": "-O3", 
  "##choices#compiler_flags#bool-delayed-branch": "-fdelayed-branch", 
  "##choices#compiler_flags#bool-gcse": "-fgcse", 
  "##choices#compiler_flags#bool-indirect-inlining": "-findirect-inlining", 
  "##choices#compiler_flags#bool-ipa-sra": "-fipa-sra", 
  "##choices#compiler_flags#bool-omit-frame-pointer": "-fomit-frame-pointer", 
  "##choices#compiler_flags#bool-peel-loops": "-fpeel-loops", 
  "##choices#compiler_flags#bool-rename-registers": "-fno-rename-registers", 
  "##choices#compiler_flags#bool-reorder-functions": "-fno-reorder-functions", 
  "##choices#compiler_flags#bool-sched-spec-load": "-fno-sched-spec-load", 
  "##choices#compiler_flags#bool-schedule-insns2": "-fschedule-insns2", 
  "##choices#compiler_flags#bool-sel-sched-pipelining-outer-loops": "-fno-sel-sched-pipelining-outer-loops", 
  "##choices#compiler_flags#bool-tree-dominator-opts": "-ftree-dominator-opts", 
  "##choices#compiler_flags#bool-tree-loop-im": "-fno-tree-loop-im", 
  "##choices#compiler_flags#bool-tree-loop-vectorize": "-fno-tree-loop-vectorize", 
  "##choices#compiler_flags#bool-tree-partial-pre": "-fno-tree-partial-pre", 
  "##choices#compiler_flags#bool-tree-pre": "-ftree-pre", 
  "##choices#compiler_flags#bool-tree-vrp": "-fno-tree-vrp", 
  "##choices#compiler_flags#bool-whole-program": "-fno-whole-program", 
  "##choices#compiler_flags#param-allow-packed-load-data-races": "--param allow-packed-load-data-races=1", 
  "##choices#compiler_flags#param-asan-instrument-reads": "--param asan-instrument-reads=0", 
  "##choices#compiler_flags#param-asan-memintrin": "--param asan-memintrin=0", 
  "##choices#compiler_flags#param-builtin-expect-probability": "--param builtin-expect-probability=7", 
  "##choices#compiler_flags#param-gcse-cost-distance-ratio": "--param gcse-cost-distance-ratio=16", 
  "##choices#compiler_flags#param-gcse-unrestricted-cost": "--param gcse-unrestricted-cost=1", 
  "##choices#compiler_flags#param-hot-bb-frequency-fraction": "--param hot-bb-frequency-fraction=1124", 
  "##choices#compiler_flags#param-ipa-max-agg-items": "--param ipa-max-agg-items=0", 
  "##choices#compiler_flags#param-ira-max-loops-num": "--param ira-max-loops-num=7", 
  "##choices#compiler_flags#param-iv-always-prune-cand-set-bound": "--param iv-always-prune-cand-set-bound=15", 
  "##choices#compiler_flags#param-iv-max-considered-uses": "--param iv-max-considered-uses=329", 
  "##choices#compiler_flags#param-large-stack-frame": "--param large-stack-frame=440", 
  "##choices#compiler_flags#param-max-fields-for-field-sensitive": "--param max-fields-for-field-sensitive=0", 
  "##choices#compiler_flags#param-max-inline-recursive-depth": "--param max-inline-recursive-depth=1", 
  "##choices#compiler_flags#param-max-iterations-computation-cost": "--param max-iterations-computation-cost=9", 
  "##choices#compiler_flags#param-max-peeled-insns": "--param max-peeled-insns=197", 
  "##choices#compiler_flags#param-max-unswitch-level": "--param max-unswitch-level=6", 
  "##choices#compiler_flags#param-omega-max-eqs": "--param omega-max-eqs=1", 
  "##choices#compiler_flags#param-sched-spec-prob-cutoff": "--param sched-spec-prob-cutoff=99", 
  "##choices#data_uoa": "gzip", 
  "##choices#dataset_file": "data.wav.gz", 
  "##choices#dataset_uoa": "audio-wav-0001-gzipped", 
  "##choices#device_id": "", 
  "##choices#host_os": "linux-32", 
  "##choices#module_uoa": "b0ac08fe1d3c2615", 
  "##choices#no_state_check": "yes", 
  "##choices#program_tags": "", 
  "##choices#repeat": 360, 
  "##choices#target": "", 
  "##choices#target_os": "linux-32", 
  "##choices#target_os_bits": "32"
}
