{
  "##choices#calibration_time": 10.0, 
  "##choices#cmd_key": "decode", 
  "##choices#compile_type": "dynamic", 
  "##choices#compiler_description_uoa": "gcc-4.9.0-auto", 
  "##choices#compiler_flags#base_opt": "-O3", 
  "##choices#compiler_flags#bool--fexcess-precision=": "-fexcess-precision=fast", 
  "##choices#compiler_flags#bool-dce": "-fdce", 
  "##choices#compiler_flags#bool-defer-pop": "-fdefer-pop", 
  "##choices#compiler_flags#bool-finite-math-only": "-fno-finite-math-only", 
  "##choices#compiler_flags#bool-float-store": "-ffloat-store", 
  "##choices#compiler_flags#bool-inline-small-functions": "-fno-inline-small-functions", 
  "##choices#compiler_flags#bool-ipa-pure-const": "-fno-ipa-pure-const", 
  "##choices#compiler_flags#bool-ipa-sra": "-fipa-sra", 
  "##choices#compiler_flags#bool-peel-loops": "-fpeel-loops", 
  "##choices#compiler_flags#bool-predictive-commoning": "-fpredictive-commoning", 
  "##choices#compiler_flags#bool-sched-dep-count-heuristic": "-fsched-dep-count-heuristic", 
  "##choices#compiler_flags#bool-section-anchors": "-fno-section-anchors", 
  "##choices#compiler_flags#bool-sel-sched-pipelining": "-fno-sel-sched-pipelining", 
  "##choices#compiler_flags#bool-tree-dce": "-ftree-dce", 
  "##choices#compiler_flags#bool-tree-forwprop": "-fno-tree-forwprop", 
  "##choices#compiler_flags#bool-tree-loop-ivcanon": "-ftree-loop-ivcanon", 
  "##choices#compiler_flags#bool-tree-reassoc": "-ftree-reassoc", 
  "##choices#compiler_flags#bool-tree-switch-conversion": "-fno-tree-switch-conversion", 
  "##choices#compiler_flags#param--falign-functions=": "-falign-functions=0", 
  "##choices#compiler_flags#param-early-inlining-insns": "--param early-inlining-insns=11", 
  "##choices#compiler_flags#param-inline-min-speedup": "--param inline-min-speedup=8", 
  "##choices#compiler_flags#param-ira-max-loops-num": "--param ira-max-loops-num=147", 
  "##choices#compiler_flags#param-lim-expensive": "--param lim-expensive=32", 
  "##choices#compiler_flags#param-loop-max-datarefs-for-datadeps": "--param loop-max-datarefs-for-datadeps=1666", 
  "##choices#compiler_flags#param-max-goto-duplication-insns": "--param max-goto-duplication-insns=15", 
  "##choices#compiler_flags#param-max-peel-branches": "--param max-peel-branches=42", 
  "##choices#compiler_flags#param-max-sched-region-blocks": "--param max-sched-region-blocks=12", 
  "##choices#compiler_flags#param-omega-eliminate-redundant-constraints": "--param omega-eliminate-redundant-constraints=1", 
  "##choices#compiler_flags#param-omega-max-eqs": "--param omega-max-eqs=9", 
  "##choices#compiler_flags#param-sccvn-max-alias-queries-per-access": "--param sccvn-max-alias-queries-per-access=1368", 
  "##choices#compiler_flags#param-selsched-max-sched-times": "--param selsched-max-sched-times=4", 
  "##choices#compiler_flags#param-sms-max-ii-factor": "--param sms-max-ii-factor=26", 
  "##choices#compiler_flags#param-tracer-max-code-growth": "--param tracer-max-code-growth=183", 
  "##choices#compiler_flags#param-unlikely-bb-count-fraction": "--param unlikely-bb-count-fraction=8927", 
  "##choices#compiler_flags#param-use-canonical-types": "--param use-canonical-types=0", 
  "##choices#data_uoa": "gzip", 
  "##choices#dataset_file": "data.wav.gz", 
  "##choices#dataset_uoa": "audio-wav-0001-gzipped", 
  "##choices#device_id": "", 
  "##choices#host_os": "linux-32", 
  "##choices#module_uoa": "b0ac08fe1d3c2615", 
  "##choices#no_state_check": "yes", 
  "##choices#program_tags": "", 
  "##choices#repeat": 360, 
  "##choices#target": "", 
  "##choices#target_os": "linux-32", 
  "##choices#target_os_bits": "32"
}
