{
  "characteristics_list": [
    {
      "compile": {
        "binary_size": 86132, 
        "compilation_success": "yes", 
        "compilation_success_bool": true, 
        "compilation_time": 37.6362509727478, 
        "compilation_time_with_module": 39.76328802108765, 
        "joined_compiler_flags": "-O3 -fcrossjumping -fno-data-sections -fno-devirtualize-speculatively -fearly-inlining -fexpensive-optimizations -fno-graphite-identity -fmove-loop-invariants -fno-math-errno -fsched-rank-heuristic -fsched-dep-count-heuristic -fno-strict-aliasing -fstrict-overflow -fno-thread-jumps -fno-tree-builtin-call-dce -fno-unroll-all-loops -fno-unroll-loops -fuse-linker-plugin -fira-region=all -fsched-stalled-insns=0 --param max-inline-insns-recursive-auto=272 --param comdat-sharing-probability=23 --param max-delay-slot-insn-search=69 --param max-peeled-insns=184 --param align-threshold=156 --param max-predicted-iterations=180 --param tracer-min-branch-probability=25 --param max-cse-path-length=15 --param omega-max-vars=208 --param max-cselib-memory-locations=36 --param integer-share-limit=292 --param l1-cache-line-size=34 --param use-canonical-types=1 --param graphite-max-nb-scop-params=11 --param loop-max-datarefs-for-datadeps=48 --param max-vartrack-expr-depth=10 --param ipa-cp-eval-threshold=423 --param lto-min-partition=1787 --param case-values-threshold=0 --param allow-store-data-races=0 --param max-tail-merge-comparisons=8 --param asan-stack=0 --param asan-memintrin=0", 
        "md5_sum": "257688d2d7bf51c61c10777f731fdf5b", 
        "program_git_hash": "3755f7415691ee174d2e0678752597b8cce5895e"
      }, 
      "run": {
        "execution_time": 0.030542891666666665, 
        "execution_time_kernel_0": 10.995441, 
        "execution_time_with_module": 11.564714908599854, 
        "output_check_failed": "no", 
        "output_check_failed_bool": false, 
        "repeat": 360, 
        "return_code": 0, 
        "run_success": "yes", 
        "run_success_bool": true, 
        "total_execution_time": 10.995441
      }
    }, 
    {
      "run": {
        "execution_time": 0.028529794444444444, 
        "execution_time_kernel_0": 10.270726, 
        "execution_time_with_module": 15.847487926483154, 
        "output_check_failed": "no", 
        "output_check_failed_bool": false, 
        "repeat": 360, 
        "return_code": 0, 
        "run_success": "yes", 
        "run_success_bool": true, 
        "total_execution_time": 10.270726
      }
    }, 
    {
      "run": {
        "execution_time": 0.02781901666666667, 
        "execution_time_kernel_0": 10.014846, 
        "execution_time_with_module": 14.35967206954956, 
        "output_check_failed": "no", 
        "output_check_failed_bool": false, 
        "repeat": 360, 
        "return_code": 0, 
        "run_success": "yes", 
        "run_success_bool": true, 
        "total_execution_time": 10.014846
      }
    }
  ], 
  "choices": {
    "calibration_time": 10.0, 
    "cmd_key": "decode", 
    "compile_type": "dynamic", 
    "compiler_description_uoa": "gcc-4.9.0-auto", 
    "compiler_flags": {
      "base_opt": "-O3", 
      "bool--fira-region=": "-fira-region=all", 
      "bool-crossjumping": "-fcrossjumping", 
      "bool-data-sections": "-fno-data-sections", 
      "bool-devirtualize-speculatively": "-fno-devirtualize-speculatively", 
      "bool-early-inlining": "-fearly-inlining", 
      "bool-expensive-optimizations": "-fexpensive-optimizations", 
      "bool-graphite-identity": "-fno-graphite-identity", 
      "bool-math-errno": "-fno-math-errno", 
      "bool-move-loop-invariants": "-fmove-loop-invariants", 
      "bool-sched-dep-count-heuristic": "-fsched-dep-count-heuristic", 
      "bool-sched-rank-heuristic": "-fsched-rank-heuristic", 
      "bool-strict-aliasing": "-fno-strict-aliasing", 
      "bool-strict-overflow": "-fstrict-overflow", 
      "bool-thread-jumps": "-fno-thread-jumps", 
      "bool-tree-builtin-call-dce": "-fno-tree-builtin-call-dce", 
      "bool-unroll-all-loops": "-fno-unroll-all-loops", 
      "bool-unroll-loops": "-fno-unroll-loops", 
      "bool-use-linker-plugin": "-fuse-linker-plugin", 
      "param--fsched-stalled-insns=": "-fsched-stalled-insns=0", 
      "param-align-threshold": "--param align-threshold=156", 
      "param-allow-store-data-races": "--param allow-store-data-races=0", 
      "param-asan-memintrin": "--param asan-memintrin=0", 
      "param-asan-stack": "--param asan-stack=0", 
      "param-case-values-threshold": "--param case-values-threshold=0", 
      "param-comdat-sharing-probability": "--param comdat-sharing-probability=23", 
      "param-graphite-max-nb-scop-params": "--param graphite-max-nb-scop-params=11", 
      "param-integer-share-limit": "--param integer-share-limit=292", 
      "param-ipa-cp-eval-threshold": "--param ipa-cp-eval-threshold=423", 
      "param-l1-cache-line-size": "--param l1-cache-line-size=34", 
      "param-loop-max-datarefs-for-datadeps": "--param loop-max-datarefs-for-datadeps=48", 
      "param-lto-min-partition": "--param lto-min-partition=1787", 
      "param-max-cse-path-length": "--param max-cse-path-length=15", 
      "param-max-cselib-memory-locations": "--param max-cselib-memory-locations=36", 
      "param-max-delay-slot-insn-search": "--param max-delay-slot-insn-search=69", 
      "param-max-inline-insns-recursive-auto": "--param max-inline-insns-recursive-auto=272", 
      "param-max-peeled-insns": "--param max-peeled-insns=184", 
      "param-max-predicted-iterations": "--param max-predicted-iterations=180", 
      "param-max-tail-merge-comparisons": "--param max-tail-merge-comparisons=8", 
      "param-max-vartrack-expr-depth": "--param max-vartrack-expr-depth=10", 
      "param-omega-max-vars": "--param omega-max-vars=208", 
      "param-tracer-min-branch-probability": "--param tracer-min-branch-probability=25", 
      "param-use-canonical-types": "--param use-canonical-types=1"
    }, 
    "data_uoa": "gzip", 
    "dataset_file": "data.wav.gz", 
    "dataset_uoa": "audio-wav-0001-gzipped", 
    "device_cfg": {}, 
    "device_id": "", 
    "host_os": "linux-32", 
    "module_uoa": "b0ac08fe1d3c2615", 
    "no_state_check": "yes", 
    "program_tags": "", 
    "repeat": 360, 
    "target": "", 
    "target_os": "linux-32", 
    "target_os_bits": "32"
  }, 
  "choices_order": [
    "##compiler_flags#base_opt", 
    "##compiler_flags#bool-associative-math", 
    "##compiler_flags#bool-auto-inc-dec", 
    "##compiler_flags#bool-branch-probabilities", 
    "##compiler_flags#bool-branch-target-load-optimize", 
    "##compiler_flags#bool-branch-target-load-optimize2", 
    "##compiler_flags#bool-btr-bb-exclusive", 
    "##compiler_flags#bool-caller-saves", 
    "##compiler_flags#bool-check-data-deps", 
    "##compiler_flags#bool-combine-stack-adjustments", 
    "##compiler_flags#bool-conserve-stack", 
    "##compiler_flags#bool-compare-elim", 
    "##compiler_flags#bool-cprop-registers", 
    "##compiler_flags#bool-crossjumping", 
    "##compiler_flags#bool-cse-follow-jumps", 
    "##compiler_flags#bool-cse-skip-blocks", 
    "##compiler_flags#bool-cx-fortran-rules", 
    "##compiler_flags#bool-cx-limited-range", 
    "##compiler_flags#bool-data-sections", 
    "##compiler_flags#bool-dce", 
    "##compiler_flags#bool-delayed-branch", 
    "##compiler_flags#bool-delete-null-pointer-checks", 
    "##compiler_flags#bool-devirtualize", 
    "##compiler_flags#bool-devirtualize-speculatively", 
    "##compiler_flags#bool-dse", 
    "##compiler_flags#bool-early-inlining", 
    "##compiler_flags#bool-ipa-sra", 
    "##compiler_flags#bool-expensive-optimizations", 
    "##compiler_flags#bool-fat-lto-objects", 
    "##compiler_flags#bool-fast-math", 
    "##compiler_flags#bool-finite-math-only", 
    "##compiler_flags#bool-float-store", 
    "##compiler_flags#bool-forward-propagate", 
    "##compiler_flags#bool-function-sections", 
    "##compiler_flags#bool-gcse", 
    "##compiler_flags#bool-gcse-after-reload", 
    "##compiler_flags#bool-gcse-las", 
    "##compiler_flags#bool-gcse-lm", 
    "##compiler_flags#bool-graphite-identity", 
    "##compiler_flags#bool-gcse-sm", 
    "##compiler_flags#bool-hoist-adjacent-loads", 
    "##compiler_flags#bool-if-conversion", 
    "##compiler_flags#bool-if-conversion2", 
    "##compiler_flags#bool-indirect-inlining", 
    "##compiler_flags#bool-inline-functions", 
    "##compiler_flags#bool-inline-functions-called-once", 
    "##compiler_flags#bool-inline-small-functions", 
    "##compiler_flags#bool-ipa-cp", 
    "##compiler_flags#bool-ipa-cp-clone", 
    "##compiler_flags#bool-ipa-pta", 
    "##compiler_flags#bool-ipa-pure-const", 
    "##compiler_flags#bool-ipa-reference", 
    "##compiler_flags#bool-ira-hoist-pressure", 
    "##compiler_flags#bool-ira-loop-pressure", 
    "##compiler_flags#bool-ira-share-save-slots", 
    "##compiler_flags#bool-ira-share-spill-slots", 
    "##compiler_flags#bool-isolate-erroneous-paths-dereference", 
    "##compiler_flags#bool-isolate-erroneous-paths-attribute", 
    "##compiler_flags#bool-ivopts", 
    "##compiler_flags#bool-keep-inline-functions", 
    "##compiler_flags#bool-keep-static-consts", 
    "##compiler_flags#bool-live-range-shrinkage", 
    "##compiler_flags#bool-loop-block", 
    "##compiler_flags#bool-loop-interchange", 
    "##compiler_flags#bool-loop-strip-mine", 
    "##compiler_flags#bool-loop-nest-optimize", 
    "##compiler_flags#bool-loop-parallelize-all", 
    "##compiler_flags#bool-lto", 
    "##compiler_flags#bool-merge-all-constants", 
    "##compiler_flags#bool-merge-constants", 
    "##compiler_flags#bool-modulo-sched", 
    "##compiler_flags#bool-modulo-sched-allow-regmoves", 
    "##compiler_flags#bool-move-loop-invariants", 
    "##compiler_flags#bool-branch-count-reg", 
    "##compiler_flags#bool-defer-pop", 
    "##compiler_flags#bool-function-cse", 
    "##compiler_flags#bool-guess-branch-probability", 
    "##compiler_flags#bool-inline", 
    "##compiler_flags#bool-math-errno", 
    "##compiler_flags#bool-peephole", 
    "##compiler_flags#bool-peephole2", 
    "##compiler_flags#bool-sched-interblock", 
    "##compiler_flags#bool-sched-spec", 
    "##compiler_flags#bool-signed-zeros", 
    "##compiler_flags#bool-toplevel-reorder", 
    "##compiler_flags#bool-trapping-math", 
    "##compiler_flags#bool-zero-initialized-in-bss", 
    "##compiler_flags#bool-omit-frame-pointer", 
    "##compiler_flags#bool-optimize-sibling-calls", 
    "##compiler_flags#bool-partial-inlining", 
    "##compiler_flags#bool-peel-loops", 
    "##compiler_flags#bool-predictive-commoning", 
    "##compiler_flags#bool-prefetch-loop-arrays", 
    "##compiler_flags#bool-reciprocal-math", 
    "##compiler_flags#bool-ree", 
    "##compiler_flags#bool-rename-registers", 
    "##compiler_flags#bool-reorder-blocks", 
    "##compiler_flags#bool-reorder-blocks-and-partition", 
    "##compiler_flags#bool-reorder-functions", 
    "##compiler_flags#bool-rerun-cse-after-loop", 
    "##compiler_flags#bool-reschedule-modulo-scheduled-loops", 
    "##compiler_flags#bool-rounding-math", 
    "##compiler_flags#bool-sched2-use-superblocks", 
    "##compiler_flags#bool-sched-pressure", 
    "##compiler_flags#bool-sched-spec-load", 
    "##compiler_flags#bool-sched-spec-load-dangerous", 
    "##compiler_flags#bool-sched-group-heuristic", 
    "##compiler_flags#bool-sched-critical-path-heuristic", 
    "##compiler_flags#bool-sched-spec-insn-heuristic", 
    "##compiler_flags#bool-sched-rank-heuristic", 
    "##compiler_flags#bool-sched-last-insn-heuristic", 
    "##compiler_flags#bool-sched-dep-count-heuristic", 
    "##compiler_flags#bool-schedule-insns", 
    "##compiler_flags#bool-schedule-insns2", 
    "##compiler_flags#bool-section-anchors", 
    "##compiler_flags#bool-selective-scheduling", 
    "##compiler_flags#bool-selective-scheduling2", 
    "##compiler_flags#bool-sel-sched-pipelining", 
    "##compiler_flags#bool-sel-sched-pipelining-outer-loops", 
    "##compiler_flags#bool-shrink-wrap", 
    "##compiler_flags#bool-signaling-nans", 
    "##compiler_flags#bool-single-precision-constant", 
    "##compiler_flags#bool-split-ivs-in-unroller", 
    "##compiler_flags#bool-split-wide-types", 
    "##compiler_flags#bool-strict-aliasing", 
    "##compiler_flags#bool-strict-overflow", 
    "##compiler_flags#bool-thread-jumps", 
    "##compiler_flags#bool-tracer", 
    "##compiler_flags#bool-tree-bit-ccp", 
    "##compiler_flags#bool-tree-builtin-call-dce", 
    "##compiler_flags#bool-tree-ccp", 
    "##compiler_flags#bool-tree-ch", 
    "##compiler_flags#bool-tree-coalesce-vars", 
    "##compiler_flags#bool-tree-copy-prop", 
    "##compiler_flags#bool-tree-copyrename", 
    "##compiler_flags#bool-tree-dce", 
    "##compiler_flags#bool-tree-dominator-opts", 
    "##compiler_flags#bool-tree-dse", 
    "##compiler_flags#bool-tree-forwprop", 
    "##compiler_flags#bool-tree-fre", 
    "##compiler_flags#bool-tree-loop-if-convert", 
    "##compiler_flags#bool-tree-loop-if-convert-stores", 
    "##compiler_flags#bool-tree-loop-im", 
    "##compiler_flags#bool-tree-phiprop", 
    "##compiler_flags#bool-tree-loop-distribution", 
    "##compiler_flags#bool-tree-loop-distribute-patterns", 
    "##compiler_flags#bool-tree-loop-ivcanon", 
    "##compiler_flags#bool-tree-loop-linear", 
    "##compiler_flags#bool-tree-loop-optimize", 
    "##compiler_flags#bool-tree-loop-vectorize", 
    "##compiler_flags#bool-tree-pre", 
    "##compiler_flags#bool-tree-partial-pre", 
    "##compiler_flags#bool-tree-pta", 
    "##compiler_flags#bool-tree-reassoc", 
    "##compiler_flags#bool-tree-sink", 
    "##compiler_flags#bool-tree-slsr", 
    "##compiler_flags#bool-tree-sra", 
    "##compiler_flags#bool-tree-switch-conversion", 
    "##compiler_flags#bool-tree-tail-merge", 
    "##compiler_flags#bool-tree-ter", 
    "##compiler_flags#bool-tree-vectorize", 
    "##compiler_flags#bool-tree-vrp", 
    "##compiler_flags#bool-unit-at-a-time", 
    "##compiler_flags#bool-unroll-all-loops", 
    "##compiler_flags#bool-unroll-loops", 
    "##compiler_flags#bool-unsafe-loop-optimizations", 
    "##compiler_flags#bool-unsafe-math-optimizations", 
    "##compiler_flags#bool-unswitch-loops", 
    "##compiler_flags#bool-variable-expansion-in-unroller", 
    "##compiler_flags#bool-vect-cost-model", 
    "##compiler_flags#bool-vpt", 
    "##compiler_flags#bool-web", 
    "##compiler_flags#bool-whole-program", 
    "##compiler_flags#bool-wpa", 
    "##compiler_flags#bool-use-linker-plugin", 
    "##compiler_flags#param--falign-functions=", 
    "##compiler_flags#param--falign-jumps=", 
    "##compiler_flags#param--falign-labels=", 
    "##compiler_flags#param--falign-loops=", 
    "##compiler_flags#bool--fexcess-precision=", 
    "##compiler_flags#bool--ffp-contract=", 
    "##compiler_flags#param--finline-limit=", 
    "##compiler_flags#bool--fira-algorithm=", 
    "##compiler_flags#bool--fira-region=", 
    "##compiler_flags#param--fsched-stalled-insns-dep=", 
    "##compiler_flags#param--fsched-stalled-insns=", 
    "##compiler_flags#param--ftree-parallelize-loops=", 
    "##compiler_flags#param-predictable-branch-outcome", 
    "##compiler_flags#param-inline-min-speedup", 
    "##compiler_flags#param-max-inline-insns-single", 
    "##compiler_flags#param-max-inline-insns-auto", 
    "##compiler_flags#param-max-inline-insns-recursive", 
    "##compiler_flags#param-max-inline-insns-recursive-auto", 
    "##compiler_flags#param-max-inline-recursive-depth", 
    "##compiler_flags#param-max-inline-recursive-depth-auto", 
    "##compiler_flags#param-min-inline-recursive-probability", 
    "##compiler_flags#param-max-early-inliner-iterations", 
    "##compiler_flags#param-comdat-sharing-probability", 
    "##compiler_flags#param-partial-inlining-entry-probability", 
    "##compiler_flags#param-max-variable-expansions-in-unroller", 
    "##compiler_flags#param-min-vect-loop-bound", 
    "##compiler_flags#param-max-delay-slot-insn-search", 
    "##compiler_flags#param-max-delay-slot-live-search", 
    "##compiler_flags#param-max-pending-list-length", 
    "##compiler_flags#param-max-modulo-backtrack-attempts", 
    "##compiler_flags#param-large-function-insns", 
    "##compiler_flags#param-large-function-growth", 
    "##compiler_flags#param-large-unit-insns", 
    "##compiler_flags#param-inline-unit-growth", 
    "##compiler_flags#param-ipcp-unit-growth", 
    "##compiler_flags#param-early-inlining-insns", 
    "##compiler_flags#param-large-stack-frame", 
    "##compiler_flags#param-large-stack-frame-growth", 
    "##compiler_flags#param-max-gcse-insertion-ratio", 
    "##compiler_flags#param-gcse-after-reload-partial-fraction", 
    "##compiler_flags#param-gcse-after-reload-critical-fraction", 
    "##compiler_flags#param-gcse-cost-distance-ratio", 
    "##compiler_flags#param-gcse-unrestricted-cost", 
    "##compiler_flags#param-max-hoist-depth", 
    "##compiler_flags#param-max-unrolled-insns", 
    "##compiler_flags#param-max-average-unrolled-insns", 
    "##compiler_flags#param-max-unroll-times", 
    "##compiler_flags#param-max-peeled-insns", 
    "##compiler_flags#param-max-peel-times", 
    "##compiler_flags#param-max-peel-branches", 
    "##compiler_flags#param-max-completely-peeled-insns", 
    "##compiler_flags#param-max-completely-peel-times", 
    "##compiler_flags#param-max-once-peeled-insns", 
    "##compiler_flags#param-max-completely-peel-loop-nest-depth", 
    "##compiler_flags#param-max-unswitch-insns", 
    "##compiler_flags#param-max-unswitch-level", 
    "##compiler_flags#param-max-iterations-to-track", 
    "##compiler_flags#param-max-iterations-computation-cost", 
    "##compiler_flags#param-sms-max-ii-factor", 
    "##compiler_flags#param-sms-min-sc", 
    "##compiler_flags#param-sms-dfa-history", 
    "##compiler_flags#param-sms-loop-average-count-threshold", 
    "##compiler_flags#param-hot-bb-count-ws-permille", 
    "##compiler_flags#param-hot-bb-frequency-fraction", 
    "##compiler_flags#param-unlikely-bb-count-fraction", 
    "##compiler_flags#param-align-threshold", 
    "##compiler_flags#param-align-loop-iterations", 
    "##compiler_flags#param-max-predicted-iterations", 
    "##compiler_flags#param-builtin-expect-probability", 
    "##compiler_flags#param-tracer-max-code-growth", 
    "##compiler_flags#param-tracer-min-branch-ratio", 
    "##compiler_flags#param-tracer-min-branch-probability-feedback", 
    "##compiler_flags#param-tracer-min-branch-probability", 
    "##compiler_flags#param-max-crossjump-edges", 
    "##compiler_flags#param-min-crossjump-insns", 
    "##compiler_flags#param-max-grow-copy-bb-insns", 
    "##compiler_flags#param-max-goto-duplication-insns", 
    "##compiler_flags#param-max-cse-path-length", 
    "##compiler_flags#param-max-cse-insns", 
    "##compiler_flags#param-lim-expensive", 
    "##compiler_flags#param-iv-consider-all-candidates-bound", 
    "##compiler_flags#param-iv-max-considered-uses", 
    "##compiler_flags#param-iv-always-prune-cand-set-bound", 
    "##compiler_flags#param-scev-max-expr-size", 
    "##compiler_flags#param-scev-max-expr-complexity", 
    "##compiler_flags#param-omega-max-vars", 
    "##compiler_flags#param-omega-max-geqs", 
    "##compiler_flags#param-omega-max-eqs", 
    "##compiler_flags#param-omega-max-wild-cards", 
    "##compiler_flags#param-omega-hash-table-size", 
    "##compiler_flags#param-omega-max-keys", 
    "##compiler_flags#param-omega-eliminate-redundant-constraints", 
    "##compiler_flags#param-vect-max-version-for-alignment-checks", 
    "##compiler_flags#arch-mtune-native", 
    "##compiler_flags#param-vect-max-version-for-alias-checks", 
    "##compiler_flags#param-vect-max-peeling-for-alignment", 
    "##compiler_flags#param-max-cselib-memory-locations", 
    "##compiler_flags#param-max-reload-search-insns", 
    "##compiler_flags#param-sink-frequency-threshold", 
    "##compiler_flags#param-max-sched-region-blocks", 
    "##compiler_flags#param-max-sched-region-insns", 
    "##compiler_flags#param-max-pipeline-region-blocks", 
    "##compiler_flags#param-max-pipeline-region-insns", 
    "##compiler_flags#param-min-spec-prob", 
    "##compiler_flags#param-max-sched-extend-regions-iters", 
    "##compiler_flags#param-max-sched-insn-conflict-delay", 
    "##compiler_flags#param-sched-spec-prob-cutoff", 
    "##compiler_flags#param-sched-state-edge-prob-cutoff", 
    "##compiler_flags#param-selsched-max-lookahead", 
    "##compiler_flags#param-selsched-max-sched-times", 
    "##compiler_flags#param-selsched-insns-to-rename", 
    "##compiler_flags#param-sched-mem-true-dep-cost", 
    "##compiler_flags#param-max-last-value-rtl", 
    "##compiler_flags#param-integer-share-limit", 
    "##compiler_flags#param-ssp-buffer-size", 
    "##compiler_flags#param-min-size-for-stack-sharing", 
    "##compiler_flags#param-max-jump-thread-duplication-stmts", 
    "##compiler_flags#param-max-fields-for-field-sensitive", 
    "##compiler_flags#param-max-sched-ready-insns", 
    "##compiler_flags#param-max-dse-active-local-stores", 
    "##compiler_flags#param-prefetch-latency", 
    "##compiler_flags#param-simultaneous-prefetches", 
    "##compiler_flags#param-l1-cache-size", 
    "##compiler_flags#param-l1-cache-line-size", 
    "##compiler_flags#param-l2-cache-size", 
    "##compiler_flags#param-use-canonical-types", 
    "##compiler_flags#param-max-partial-antic-length", 
    "##compiler_flags#param-sccvn-max-scc-size", 
    "##compiler_flags#param-sccvn-max-alias-queries-per-access", 
    "##compiler_flags#param-ira-max-loops-num", 
    "##compiler_flags#param-ira-max-conflict-table-size", 
    "##compiler_flags#param-ira-loop-reserved-regs", 
    "##compiler_flags#param-lra-max-considered-reload-pseudos", 
    "##compiler_flags#param-switch-conversion-max-branch-ratio", 
    "##compiler_flags#param-loop-block-tile-size", 
    "##compiler_flags#param-graphite-max-nb-scop-params", 
    "##compiler_flags#param-graphite-max-bbs-per-function", 
    "##compiler_flags#param-loop-max-datarefs-for-datadeps", 
    "##compiler_flags#param-loop-invariant-max-bbs-in-loop", 
    "##compiler_flags#param-slp-max-insns-in-bb", 
    "##compiler_flags#param-min-insn-to-prefetch-ratio", 
    "##compiler_flags#param-prefetch-min-insn-to-mem-ratio", 
    "##compiler_flags#param-max-vartrack-size", 
    "##compiler_flags#param-max-vartrack-expr-depth", 
    "##compiler_flags#param-max-vartrack-reverse-op-size", 
    "##compiler_flags#param-ipa-sra-ptr-growth-factor", 
    "##compiler_flags#param-tm-max-aggregate-size", 
    "##compiler_flags#param-ipa-cp-value-list-size", 
    "##compiler_flags#param-ipa-cp-eval-threshold", 
    "##compiler_flags#param-ipa-max-agg-items", 
    "##compiler_flags#param-ipa-cp-loop-hint-bonus", 
    "##compiler_flags#param-ipa-cp-array-index-hint-bonus", 
    "##compiler_flags#param-lto-partitions", 
    "##compiler_flags#param-lto-min-partition", 
    "##compiler_flags#param-cxx-max-namespaces-for-diagnostic-help", 
    "##compiler_flags#param-max-stores-to-sink", 
    "##compiler_flags#param-case-values-threshold", 
    "##compiler_flags#param-allow-load-data-races", 
    "##compiler_flags#param-allow-store-data-races", 
    "##compiler_flags#param-allow-packed-load-data-races", 
    "##compiler_flags#param-allow-packed-store-data-races", 
    "##compiler_flags#param-tree-reassoc-width", 
    "##compiler_flags#param-max-tail-merge-comparisons", 
    "##compiler_flags#param-max-tail-merge-iterations", 
    "##compiler_flags#param-max-tracked-strlens", 
    "##compiler_flags#param-sched-pressure-algorithm", 
    "##compiler_flags#param-max-slsr-cand-scan", 
    "##compiler_flags#param-asan-stack", 
    "##compiler_flags#param-asan-globals", 
    "##compiler_flags#param-asan-instrument-writes", 
    "##compiler_flags#param-asan-instrument-reads", 
    "##compiler_flags#param-asan-memintrin", 
    "##compiler_flags#param-asan-use-after-return", 
    "##compiler_flags#param-uninit-control-dep-attempts"
  ], 
  "features": {
    "compiler_version": {
      "list": [
        4, 
        9, 
        2
      ], 
      "raw": [
        "gcc-4.9 (Raspbian 4.9.2-10) 4.9.2", 
        "Copyright (C) 2014 Free Software Foundation, Inc.", 
        "This is free software; see the source for copying conditions.  There is NO", 
        "warranty; not even for MERCHANTABILITY or FITNESS FOR A PARTICULAR PURPOSE.", 
        "", 
        ""
      ], 
      "str": "4.9.2"
    }, 
    "dataset": {
      "total_size": 116981
    }, 
    "number_of_selected_compiler_flags": 43, 
    "platform": {
      "cpu": {
        "all_freqs": {
          "0": [
            600000, 
            1200000
          ], 
          "1": [
            600000, 
            1200000
          ], 
          "2": [
            600000, 
            1200000
          ], 
          "3": [
            600000, 
            1200000
          ]
        }, 
        "cpu_abi": "", 
        "cpu_features": "half thumb fastmult vfp edsp neon vfpv3 tls vfpv4 idiva idivt vfpd32 lpae evtstrm crc32", 
        "current_freq": {
          "0": 1200.0, 
          "1": 1200.0, 
          "2": 1200.0, 
          "3": 1200.0
        }, 
        "max_freq": {
          "0": 1200.0, 
          "1": 1200.0, 
          "2": 1200.0, 
          "3": 1200.0
        }, 
        "name": "BCM2709", 
        "num_proc": "4", 
        "sub_name": "ARMv7 Processor rev 4 (v7l)", 
        "workload_automation": {
          "device_config": {
            "core_clusters": [
              0, 
              0, 
              0, 
              1
            ], 
            "core_names": [
              "ARMv7 Processor rev 4 (v7l)", 
              "ARMv7 Processor rev 4 (v7l)", 
              "ARMv7 Processor rev 4 (v7l)", 
              "BCM2709"
            ]
          }
        }
      }, 
      "cpu_misc": {
        "0": {
          "BogoMIPS": "76.80", 
          "CPU architecture": "7", 
          "CPU implementer": "0x41", 
          "CPU part": "0xd03", 
          "CPU revision": "4", 
          "CPU variant": "0x0", 
          "Features": "half thumb fastmult vfp edsp neon vfpv3 tls vfpv4 idiva idivt vfpd32 lpae evtstrm crc32", 
          "all_freqs": [
            "0", 
            "0"
          ], 
          "ck_cpu_name": "ARMv7 Processor rev 4 (v7l)", 
          "ck_cpu_subname": "ARMv7 Processor rev 4 (v7l)", 
          "cpu_features": "half thumb fastmult vfp edsp neon vfpv3 tls vfpv4 idiva idivt vfpd32 lpae evtstrm crc32", 
          "cur_freq": 1200.0, 
          "max_freq": 1200.0, 
          "model name": "ARMv7 Processor rev 4 (v7l)", 
          "processor": "0"
        }, 
        "1": {
          "BogoMIPS": "76.80", 
          "CPU architecture": "7", 
          "CPU implementer": "0x41", 
          "CPU part": "0xd03", 
          "CPU revision": "4", 
          "CPU variant": "0x0", 
          "Features": "half thumb fastmult vfp edsp neon vfpv3 tls vfpv4 idiva idivt vfpd32 lpae evtstrm crc32", 
          "all_freqs": [
            "1", 
            "1"
          ], 
          "ck_cpu_name": "ARMv7 Processor rev 4 (v7l)", 
          "ck_cpu_subname": "ARMv7 Processor rev 4 (v7l)", 
          "cpu_features": "half thumb fastmult vfp edsp neon vfpv3 tls vfpv4 idiva idivt vfpd32 lpae evtstrm crc32", 
          "cur_freq": 1200.0, 
          "max_freq": 1200.0, 
          "model name": "ARMv7 Processor rev 4 (v7l)", 
          "processor": "1"
        }, 
        "2": {
          "BogoMIPS": "76.80", 
          "CPU architecture": "7", 
          "CPU implementer": "0x41", 
          "CPU part": "0xd03", 
          "CPU revision": "4", 
          "CPU variant": "0x0", 
          "Features": "half thumb fastmult vfp edsp neon vfpv3 tls vfpv4 idiva idivt vfpd32 lpae evtstrm crc32", 
          "all_freqs": [
            "2", 
            "2"
          ], 
          "ck_cpu_name": "ARMv7 Processor rev 4 (v7l)", 
          "ck_cpu_subname": "ARMv7 Processor rev 4 (v7l)", 
          "cpu_features": "half thumb fastmult vfp edsp neon vfpv3 tls vfpv4 idiva idivt vfpd32 lpae evtstrm crc32", 
          "cur_freq": 1200.0, 
          "max_freq": 1200.0, 
          "model name": "ARMv7 Processor rev 4 (v7l)", 
          "processor": "2"
        }, 
        "3": {
          "BogoMIPS": "76.80", 
          "CPU architecture": "7", 
          "CPU implementer": "0x41", 
          "CPU part": "0xd03", 
          "CPU revision": "4", 
          "CPU variant": "0x0", 
          "Features": "half thumb fastmult vfp edsp neon vfpv3 tls vfpv4 idiva idivt vfpd32 lpae evtstrm crc32", 
          "Hardware": "BCM2709", 
          "Revision": "a02082", 
          "Serial": "00000000e3db06b9", 
          "all_freqs": [
            "3", 
            "3"
          ], 
          "ck_cpu_name": "BCM2709", 
          "ck_cpu_subname": "ARMv7 Processor rev 4 (v7l)", 
          "cpu_features": "half thumb fastmult vfp edsp neon vfpv3 tls vfpv4 idiva idivt vfpd32 lpae evtstrm crc32", 
          "cur_freq": 1200.0, 
          "max_freq": 1200.0, 
          "model name": "ARMv7 Processor rev 4 (v7l)", 
          "processor": "3"
        }
      }, 
      "cpu_new_format": "", 
      "cpu_unique": [
        {
          "BogoMIPS": "76.80", 
          "CPU architecture": "7", 
          "CPU implementer": "0x41", 
          "CPU part": "0xd03", 
          "CPU revision": "4", 
          "CPU variant": "0x0", 
          "Features": "half thumb fastmult vfp edsp neon vfpv3 tls vfpv4 idiva idivt vfpd32 lpae evtstrm crc32", 
          "all_freqs": [
            "0", 
            "0"
          ], 
          "ck_cpu_name": "ARMv7 Processor rev 4 (v7l)", 
          "ck_cpu_subname": "ARMv7 Processor rev 4 (v7l)", 
          "cpu_features": "half thumb fastmult vfp edsp neon vfpv3 tls vfpv4 idiva idivt vfpd32 lpae evtstrm crc32", 
          "cur_freq": 1200.0, 
          "max_freq": 1200.0, 
          "model name": "ARMv7 Processor rev 4 (v7l)", 
          "processor": "0"
        }, 
        {
          "BogoMIPS": "76.80", 
          "CPU architecture": "7", 
          "CPU implementer": "0x41", 
          "CPU part": "0xd03", 
          "CPU revision": "4", 
          "CPU variant": "0x0", 
          "Features": "half thumb fastmult vfp edsp neon vfpv3 tls vfpv4 idiva idivt vfpd32 lpae evtstrm crc32", 
          "Hardware": "BCM2709", 
          "Revision": "a02082", 
          "Serial": "00000000e3db06b9", 
          "all_freqs": [
            "3", 
            "3"
          ], 
          "ck_cpu_name": "BCM2709", 
          "ck_cpu_subname": "ARMv7 Processor rev 4 (v7l)", 
          "cpu_features": "half thumb fastmult vfp edsp neon vfpv3 tls vfpv4 idiva idivt vfpd32 lpae evtstrm crc32", 
          "cur_freq": 1200.0, 
          "max_freq": 1200.0, 
          "model name": "ARMv7 Processor rev 4 (v7l)", 
          "processor": "3"
        }
      ], 
      "gpu": {
        "name": "", 
        "vendor": ""
      }, 
      "gpu_misc": {}, 
      "os": {
        "abi": "armv7l", 
        "bits": "32", 
        "ck_os_base_uoa": "", 
        "ck_os_uoa": "linux-32", 
        "name": "Linux 4.4.34", 
        "name_long": "Linux-4.4.34-v7+-armv7l-with-debian-8.0", 
        "name_short": "Linux 4.4.34", 
        "serial_number": ""
      }, 
      "os_misc": {}, 
      "platform": {
        "model": "", 
        "name": "", 
        "vendor": ""
      }, 
      "platform_misc": {}
    }, 
    "statistical_repetitions": 3
  }
}
