{
  "##choices#calibration_time": 10.0, 
  "##choices#cmd_key": "decode", 
  "##choices#compile_type": "dynamic", 
  "##choices#compiler_description_uoa": "gcc-4.9.0-auto", 
  "##choices#compiler_flags#base_opt": "-O3", 
  "##choices#compiler_flags#bool--ffp-contract=": "-ffp-contract=off", 
  "##choices#compiler_flags#bool--fira-algorithm=": "-fira-algorithm=CB", 
  "##choices#compiler_flags#bool-auto-inc-dec": "-fno-auto-inc-dec", 
  "##choices#compiler_flags#bool-branch-count-reg": "-fbranch-count-reg", 
  "##choices#compiler_flags#bool-branch-target-load-optimize2": "-fno-branch-target-load-optimize2", 
  "##choices#compiler_flags#bool-conserve-stack": "-fno-conserve-stack", 
  "##choices#compiler_flags#bool-defer-pop": "-fdefer-pop", 
  "##choices#compiler_flags#bool-gcse-sm": "-fgcse-sm", 
  "##choices#compiler_flags#bool-ivopts": "-fno-ivopts", 
  "##choices#compiler_flags#bool-keep-inline-functions": "-fkeep-inline-functions", 
  "##choices#compiler_flags#bool-merge-constants": "-fno-merge-constants", 
  "##choices#compiler_flags#bool-predictive-commoning": "-fno-predictive-commoning", 
  "##choices#compiler_flags#bool-sched-last-insn-heuristic": "-fno-sched-last-insn-heuristic", 
  "##choices#compiler_flags#bool-sel-sched-pipelining": "-fsel-sched-pipelining", 
  "##choices#compiler_flags#bool-tree-bit-ccp": "-ftree-bit-ccp", 
  "##choices#compiler_flags#bool-tree-loop-im": "-ftree-loop-im", 
  "##choices#compiler_flags#bool-unsafe-math-optimizations": "-fno-unsafe-math-optimizations", 
  "##choices#compiler_flags#bool-variable-expansion-in-unroller": "-fvariable-expansion-in-unroller", 
  "##choices#compiler_flags#bool-vect-cost-model": "-fvect-cost-model", 
  "##choices#compiler_flags#param--falign-functions=": "-falign-functions=0", 
  "##choices#compiler_flags#param--falign-jumps=": "-falign-jumps=0", 
  "##choices#compiler_flags#param--ftree-parallelize-loops=": "-ftree-parallelize-loops=0", 
  "##choices#compiler_flags#param-allow-load-data-races": "--param allow-load-data-races=1", 
  "##choices#compiler_flags#param-allow-packed-load-data-races": "--param allow-packed-load-data-races=1", 
  "##choices#compiler_flags#param-hot-bb-count-ws-permille": "--param hot-bb-count-ws-permille=27", 
  "##choices#compiler_flags#param-large-function-growth": "--param large-function-growth=136", 
  "##choices#compiler_flags#param-max-completely-peel-times": "--param max-completely-peel-times=13", 
  "##choices#compiler_flags#param-max-cselib-memory-locations": "--param max-cselib-memory-locations=799", 
  "##choices#compiler_flags#param-max-fields-for-field-sensitive": "--param max-fields-for-field-sensitive=0", 
  "##choices#compiler_flags#param-max-once-peeled-insns": "--param max-once-peeled-insns=121", 
  "##choices#compiler_flags#param-max-peeled-insns": "--param max-peeled-insns=70", 
  "##choices#compiler_flags#param-max-sched-insn-conflict-delay": "--param max-sched-insn-conflict-delay=4", 
  "##choices#compiler_flags#param-max-unrolled-insns": "--param max-unrolled-insns=177", 
  "##choices#compiler_flags#param-max-unswitch-insns": "--param max-unswitch-insns=35", 
  "##choices#compiler_flags#param-max-vartrack-expr-depth": "--param max-vartrack-expr-depth=9", 
  "##choices#compiler_flags#param-scev-max-expr-size": "--param scev-max-expr-size=61", 
  "##choices#compiler_flags#param-tracer-max-code-growth": "--param tracer-max-code-growth=166", 
  "##choices#data_uoa": "gzip", 
  "##choices#dataset_file": "data.wav.gz", 
  "##choices#dataset_uoa": "audio-wav-0001-gzipped", 
  "##choices#device_id": "", 
  "##choices#host_os": "linux-32", 
  "##choices#module_uoa": "b0ac08fe1d3c2615", 
  "##choices#no_state_check": "yes", 
  "##choices#program_tags": "", 
  "##choices#repeat": 360, 
  "##choices#target": "", 
  "##choices#target_os": "linux-32", 
  "##choices#target_os_bits": "32"
}
