{
  "##choices#calibration_time": 10.0, 
  "##choices#cmd_key": "decode", 
  "##choices#compile_type": "dynamic", 
  "##choices#compiler_description_uoa": "gcc-4.9.0-auto", 
  "##choices#compiler_flags#base_opt": "-O3", 
  "##choices#compiler_flags#bool--fexcess-precision=": "-fexcess-precision=fast", 
  "##choices#compiler_flags#bool-branch-target-load-optimize2": "-fno-branch-target-load-optimize2", 
  "##choices#compiler_flags#bool-devirtualize": "-fdevirtualize", 
  "##choices#compiler_flags#bool-early-inlining": "-fno-early-inlining", 
  "##choices#compiler_flags#bool-indirect-inlining": "-findirect-inlining", 
  "##choices#compiler_flags#bool-isolate-erroneous-paths-dereference": "-fisolate-erroneous-paths-dereference", 
  "##choices#compiler_flags#bool-keep-inline-functions": "-fkeep-inline-functions", 
  "##choices#compiler_flags#bool-modulo-sched": "-fmodulo-sched", 
  "##choices#compiler_flags#bool-prefetch-loop-arrays": "-fno-prefetch-loop-arrays", 
  "##choices#compiler_flags#bool-sched-rank-heuristic": "-fsched-rank-heuristic", 
  "##choices#compiler_flags#bool-signaling-nans": "-fno-signaling-nans", 
  "##choices#compiler_flags#bool-thread-jumps": "-fno-thread-jumps", 
  "##choices#compiler_flags#bool-tree-ccp": "-ftree-ccp", 
  "##choices#compiler_flags#bool-tree-dominator-opts": "-fno-tree-dominator-opts", 
  "##choices#compiler_flags#bool-unsafe-loop-optimizations": "-funsafe-loop-optimizations", 
  "##choices#compiler_flags#bool-unsafe-math-optimizations": "-fno-unsafe-math-optimizations", 
  "##choices#compiler_flags#bool-web": "-fno-web", 
  "##choices#compiler_flags#param--falign-functions=": "-falign-functions=0", 
  "##choices#compiler_flags#param-align-loop-iterations": "--param align-loop-iterations=2", 
  "##choices#compiler_flags#param-allow-load-data-races": "--param allow-load-data-races=0", 
  "##choices#compiler_flags#param-large-function-insns": "--param large-function-insns=374", 
  "##choices#compiler_flags#param-max-delay-slot-insn-search": "--param max-delay-slot-insn-search=65", 
  "##choices#compiler_flags#param-max-dse-active-local-stores": "--param max-dse-active-local-stores=2852", 
  "##choices#compiler_flags#param-max-goto-duplication-insns": "--param max-goto-duplication-insns=1", 
  "##choices#compiler_flags#param-max-inline-insns-recursive-auto": "--param max-inline-insns-recursive-auto=108", 
  "##choices#compiler_flags#param-max-once-peeled-insns": "--param max-once-peeled-insns=54", 
  "##choices#compiler_flags#param-max-peel-branches": "--param max-peel-branches=16", 
  "##choices#compiler_flags#param-max-peeled-insns": "--param max-peeled-insns=200", 
  "##choices#compiler_flags#param-max-pipeline-region-blocks": "--param max-pipeline-region-blocks=30", 
  "##choices#compiler_flags#param-max-tail-merge-comparisons": "--param max-tail-merge-comparisons=0", 
  "##choices#compiler_flags#param-min-crossjump-insns": "--param min-crossjump-insns=4", 
  "##choices#compiler_flags#param-omega-eliminate-redundant-constraints": "--param omega-eliminate-redundant-constraints=0", 
  "##choices#compiler_flags#param-omega-hash-table-size": "--param omega-hash-table-size=818", 
  "##choices#compiler_flags#param-sched-mem-true-dep-cost": "--param sched-mem-true-dep-cost=1", 
  "##choices#compiler_flags#param-selsched-max-lookahead": "--param selsched-max-lookahead=13", 
  "##choices#compiler_flags#param-sms-loop-average-count-threshold": "--param sms-loop-average-count-threshold=0", 
  "##choices#compiler_flags#param-uninit-control-dep-attempts": "--param uninit-control-dep-attempts=942", 
  "##choices#data_uoa": "gzip", 
  "##choices#dataset_file": "data.wav.gz", 
  "##choices#dataset_uoa": "audio-wav-0001-gzipped", 
  "##choices#device_id": "", 
  "##choices#host_os": "linux-32", 
  "##choices#module_uoa": "b0ac08fe1d3c2615", 
  "##choices#no_state_check": "yes", 
  "##choices#program_tags": "", 
  "##choices#repeat": 360, 
  "##choices#target": "", 
  "##choices#target_os": "linux-32", 
  "##choices#target_os_bits": "32"
}
