{
  "##choices#calibration_time": 10.0, 
  "##choices#cmd_key": "decode", 
  "##choices#compile_type": "dynamic", 
  "##choices#compiler_description_uoa": "gcc-4.9.0-auto", 
  "##choices#compiler_flags#base_opt": "-O3", 
  "##choices#compiler_flags#bool-conserve-stack": "-fconserve-stack", 
  "##choices#compiler_flags#bool-devirtualize": "-fno-devirtualize", 
  "##choices#compiler_flags#bool-expensive-optimizations": "-fno-expensive-optimizations", 
  "##choices#compiler_flags#bool-keep-static-consts": "-fkeep-static-consts", 
  "##choices#compiler_flags#bool-loop-parallelize-all": "-floop-parallelize-all", 
  "##choices#compiler_flags#bool-merge-constants": "-fno-merge-constants", 
  "##choices#compiler_flags#bool-modulo-sched-allow-regmoves": "-fmodulo-sched-allow-regmoves", 
  "##choices#compiler_flags#bool-partial-inlining": "-fpartial-inlining", 
  "##choices#compiler_flags#bool-peephole2": "-fno-peephole2", 
  "##choices#compiler_flags#bool-rename-registers": "-frename-registers", 
  "##choices#compiler_flags#bool-sched-dep-count-heuristic": "-fsched-dep-count-heuristic", 
  "##choices#compiler_flags#bool-sched-spec-load-dangerous": "-fno-sched-spec-load-dangerous", 
  "##choices#compiler_flags#bool-schedule-insns2": "-fno-schedule-insns2", 
  "##choices#compiler_flags#bool-selective-scheduling2": "-fselective-scheduling2", 
  "##choices#compiler_flags#bool-strict-aliasing": "-fstrict-aliasing", 
  "##choices#compiler_flags#bool-thread-jumps": "-fno-thread-jumps", 
  "##choices#compiler_flags#bool-tree-coalesce-vars": "-fno-tree-coalesce-vars", 
  "##choices#compiler_flags#bool-tree-loop-if-convert-stores": "-fno-tree-loop-if-convert-stores", 
  "##choices#compiler_flags#bool-tree-loop-linear": "-fno-tree-loop-linear", 
  "##choices#compiler_flags#bool-tree-reassoc": "-fno-tree-reassoc", 
  "##choices#compiler_flags#bool-tree-ter": "-fno-tree-ter", 
  "##choices#compiler_flags#bool-use-linker-plugin": "-fno-use-linker-plugin", 
  "##choices#compiler_flags#bool-vpt": "-fvpt", 
  "##choices#compiler_flags#param--falign-jumps=": "-falign-jumps=0", 
  "##choices#compiler_flags#param--finline-limit=": "-finline-limit=0", 
  "##choices#compiler_flags#param-align-loop-iterations": "--param align-loop-iterations=1", 
  "##choices#compiler_flags#param-asan-memintrin": "--param asan-memintrin=0", 
  "##choices#compiler_flags#param-iv-always-prune-cand-set-bound": "--param iv-always-prune-cand-set-bound=10", 
  "##choices#compiler_flags#param-l1-cache-line-size": "--param l1-cache-line-size=23", 
  "##choices#compiler_flags#param-large-stack-frame-growth": "--param large-stack-frame-growth=1571", 
  "##choices#compiler_flags#param-lra-max-considered-reload-pseudos": "--param lra-max-considered-reload-pseudos=531", 
  "##choices#compiler_flags#param-max-cse-insns": "--param max-cse-insns=468", 
  "##choices#compiler_flags#param-max-fields-for-field-sensitive": "--param max-fields-for-field-sensitive=0", 
  "##choices#compiler_flags#param-max-peel-branches": "--param max-peel-branches=28", 
  "##choices#compiler_flags#param-max-peel-times": "--param max-peel-times=28", 
  "##choices#compiler_flags#param-max-sched-extend-regions-iters": "--param max-sched-extend-regions-iters=0", 
  "##choices#compiler_flags#param-max-sched-region-insns": "--param max-sched-region-insns=25", 
  "##choices#compiler_flags#param-max-stores-to-sink": "--param max-stores-to-sink=4", 
  "##choices#compiler_flags#param-max-vartrack-size": "--param max-vartrack-size=23379714", 
  "##choices#compiler_flags#param-min-insn-to-prefetch-ratio": "--param min-insn-to-prefetch-ratio=9", 
  "##choices#compiler_flags#param-selsched-insns-to-rename": "--param selsched-insns-to-rename=1", 
  "##choices#compiler_flags#param-tracer-max-code-growth": "--param tracer-max-code-growth=128", 
  "##choices#compiler_flags#param-tracer-min-branch-probability-feedback": "--param tracer-min-branch-probability-feedback=66", 
  "##choices#compiler_flags#param-uninit-control-dep-attempts": "--param uninit-control-dep-attempts=1952", 
  "##choices#compiler_flags#param-unlikely-bb-count-fraction": "--param unlikely-bb-count-fraction=830", 
  "##choices#compiler_flags#param-use-canonical-types": "--param use-canonical-types=0", 
  "##choices#data_uoa": "gzip", 
  "##choices#dataset_file": "data.wav.gz", 
  "##choices#dataset_uoa": "audio-wav-0001-gzipped", 
  "##choices#device_id": "", 
  "##choices#host_os": "linux-32", 
  "##choices#module_uoa": "b0ac08fe1d3c2615", 
  "##choices#no_state_check": "yes", 
  "##choices#program_tags": "", 
  "##choices#repeat": 360, 
  "##choices#target": "", 
  "##choices#target_os": "linux-32", 
  "##choices#target_os_bits": "32"
}
