{
  "##choices#calibration_time": 10.0, 
  "##choices#cmd_key": "decode", 
  "##choices#compile_type": "dynamic", 
  "##choices#compiler_description_uoa": "gcc-4.9.0-auto", 
  "##choices#compiler_flags#base_opt": "-O3", 
  "##choices#compiler_flags#bool-associative-math": "-fassociative-math", 
  "##choices#compiler_flags#bool-crossjumping": "-fno-crossjumping", 
  "##choices#compiler_flags#bool-cx-fortran-rules": "-fcx-fortran-rules", 
  "##choices#compiler_flags#bool-gcse-lm": "-fgcse-lm", 
  "##choices#compiler_flags#bool-peel-loops": "-fno-peel-loops", 
  "##choices#compiler_flags#bool-reorder-blocks-and-partition": "-fno-reorder-blocks-and-partition", 
  "##choices#compiler_flags#bool-sched-critical-path-heuristic": "-fno-sched-critical-path-heuristic", 
  "##choices#compiler_flags#bool-sched-spec": "-fno-sched-spec", 
  "##choices#compiler_flags#bool-schedule-insns2": "-fschedule-insns2", 
  "##choices#compiler_flags#bool-single-precision-constant": "-fno-single-precision-constant", 
  "##choices#compiler_flags#bool-toplevel-reorder": "-ftoplevel-reorder", 
  "##choices#compiler_flags#bool-unsafe-math-optimizations": "-funsafe-math-optimizations", 
  "##choices#compiler_flags#param--falign-functions=": "-falign-functions=0", 
  "##choices#compiler_flags#param--falign-loops=": "-falign-loops=0", 
  "##choices#compiler_flags#param-asan-stack": "--param asan-stack=0", 
  "##choices#compiler_flags#param-hot-bb-count-ws-permille": "--param hot-bb-count-ws-permille=87", 
  "##choices#compiler_flags#param-ira-loop-reserved-regs": "--param ira-loop-reserved-regs=2", 
  "##choices#compiler_flags#param-large-function-growth": "--param large-function-growth=13", 
  "##choices#compiler_flags#param-loop-max-datarefs-for-datadeps": "--param loop-max-datarefs-for-datadeps=1977", 
  "##choices#compiler_flags#param-max-dse-active-local-stores": "--param max-dse-active-local-stores=5235", 
  "##choices#compiler_flags#param-max-gcse-insertion-ratio": "--param max-gcse-insertion-ratio=24", 
  "##choices#compiler_flags#param-max-goto-duplication-insns": "--param max-goto-duplication-insns=14", 
  "##choices#compiler_flags#param-max-inline-insns-auto": "--param max-inline-insns-auto=46", 
  "##choices#compiler_flags#param-max-last-value-rtl": "--param max-last-value-rtl=11752", 
  "##choices#compiler_flags#param-max-peel-times": "--param max-peel-times=12", 
  "##choices#compiler_flags#param-max-sched-extend-regions-iters": "--param max-sched-extend-regions-iters=0", 
  "##choices#compiler_flags#param-max-tail-merge-iterations": "--param max-tail-merge-iterations=3", 
  "##choices#compiler_flags#param-max-vartrack-reverse-op-size": "--param max-vartrack-reverse-op-size=68", 
  "##choices#compiler_flags#param-min-spec-prob": "--param min-spec-prob=19", 
  "##choices#compiler_flags#param-prefetch-latency": "--param prefetch-latency=48", 
  "##choices#compiler_flags#param-selsched-insns-to-rename": "--param selsched-insns-to-rename=0", 
  "##choices#compiler_flags#param-tree-reassoc-width": "--param tree-reassoc-width=0", 
  "##choices#data_uoa": "gzip", 
  "##choices#dataset_file": "data.wav.gz", 
  "##choices#dataset_uoa": "audio-wav-0001-gzipped", 
  "##choices#device_id": "", 
  "##choices#host_os": "linux-32", 
  "##choices#module_uoa": "b0ac08fe1d3c2615", 
  "##choices#no_state_check": "yes", 
  "##choices#program_tags": "", 
  "##choices#repeat": 360, 
  "##choices#target": "", 
  "##choices#target_os": "linux-32", 
  "##choices#target_os_bits": "32"
}
