{
  "##choices#calibration_time": 10.0, 
  "##choices#cmd_key": "decode", 
  "##choices#compile_type": "dynamic", 
  "##choices#compiler_description_uoa": "gcc-4.9.0-auto", 
  "##choices#compiler_flags#base_opt": "-O3", 
  "##choices#compiler_flags#bool--fexcess-precision=": "-fexcess-precision=fast", 
  "##choices#compiler_flags#bool-conserve-stack": "-fconserve-stack", 
  "##choices#compiler_flags#bool-gcse": "-fgcse", 
  "##choices#compiler_flags#bool-gcse-sm": "-fno-gcse-sm", 
  "##choices#compiler_flags#bool-inline": "-finline", 
  "##choices#compiler_flags#bool-math-errno": "-fno-math-errno", 
  "##choices#compiler_flags#bool-merge-constants": "-fmerge-constants", 
  "##choices#compiler_flags#bool-prefetch-loop-arrays": "-fno-prefetch-loop-arrays", 
  "##choices#compiler_flags#bool-sched-spec": "-fno-sched-spec", 
  "##choices#compiler_flags#bool-schedule-insns": "-fno-schedule-insns", 
  "##choices#compiler_flags#bool-schedule-insns2": "-fschedule-insns2", 
  "##choices#compiler_flags#bool-tree-loop-linear": "-fno-tree-loop-linear", 
  "##choices#compiler_flags#bool-tree-loop-vectorize": "-fno-tree-loop-vectorize", 
  "##choices#compiler_flags#bool-tree-vrp": "-fno-tree-vrp", 
  "##choices#data_uoa": "gzip", 
  "##choices#dataset_file": "data.wav.gz", 
  "##choices#dataset_uoa": "audio-wav-0001-gzipped", 
  "##choices#device_id": "", 
  "##choices#host_os": "linux-32", 
  "##choices#module_uoa": "b0ac08fe1d3c2615", 
  "##choices#no_state_check": "yes", 
  "##choices#program_tags": "", 
  "##choices#repeat": 360, 
  "##choices#target": "", 
  "##choices#target_os": "linux-32", 
  "##choices#target_os_bits": "32"
}
