{
  "##choices#calibration_time": 10.0, 
  "##choices#cmd_key": "decode", 
  "##choices#compile_type": "dynamic", 
  "##choices#compiler_description_uoa": "gcc-4.9.0-auto", 
  "##choices#compiler_flags#base_opt": "-O3", 
  "##choices#compiler_flags#bool-crossjumping": "-fno-crossjumping", 
  "##choices#compiler_flags#bool-float-store": "-fno-float-store", 
  "##choices#compiler_flags#bool-function-cse": "-ffunction-cse", 
  "##choices#compiler_flags#bool-gcse-sm": "-fgcse-sm", 
  "##choices#compiler_flags#bool-ipa-cp": "-fno-ipa-cp", 
  "##choices#compiler_flags#bool-lto": "-flto", 
  "##choices#compiler_flags#bool-merge-constants": "-fno-merge-constants", 
  "##choices#compiler_flags#bool-peephole": "-fpeephole", 
  "##choices#compiler_flags#bool-prefetch-loop-arrays": "-fno-prefetch-loop-arrays", 
  "##choices#compiler_flags#bool-sched-rank-heuristic": "-fno-sched-rank-heuristic", 
  "##choices#compiler_flags#bool-sched2-use-superblocks": "-fsched2-use-superblocks", 
  "##choices#compiler_flags#bool-schedule-insns2": "-fno-schedule-insns2", 
  "##choices#compiler_flags#bool-shrink-wrap": "-fshrink-wrap", 
  "##choices#compiler_flags#bool-thread-jumps": "-fno-thread-jumps", 
  "##choices#compiler_flags#bool-tree-builtin-call-dce": "-ftree-builtin-call-dce", 
  "##choices#compiler_flags#bool-tree-coalesce-vars": "-ftree-coalesce-vars", 
  "##choices#compiler_flags#bool-tree-loop-if-convert": "-ftree-loop-if-convert", 
  "##choices#compiler_flags#bool-tree-reassoc": "-ftree-reassoc", 
  "##choices#compiler_flags#param--falign-loops=": "-falign-loops=0", 
  "##choices#compiler_flags#param-case-values-threshold": "--param case-values-threshold=0", 
  "##choices#compiler_flags#param-inline-unit-growth": "--param inline-unit-growth=7", 
  "##choices#compiler_flags#param-ira-max-conflict-table-size": "--param ira-max-conflict-table-size=277", 
  "##choices#compiler_flags#param-ira-max-loops-num": "--param ira-max-loops-num=22", 
  "##choices#compiler_flags#param-l1-cache-line-size": "--param l1-cache-line-size=55", 
  "##choices#compiler_flags#param-loop-invariant-max-bbs-in-loop": "--param loop-invariant-max-bbs-in-loop=1240", 
  "##choices#compiler_flags#param-max-completely-peel-loop-nest-depth": "--param max-completely-peel-loop-nest-depth=9", 
  "##choices#compiler_flags#param-max-cse-path-length": "--param max-cse-path-length=1", 
  "##choices#compiler_flags#param-max-inline-recursive-depth": "--param max-inline-recursive-depth=11", 
  "##choices#compiler_flags#param-max-sched-ready-insns": "--param max-sched-ready-insns=122", 
  "##choices#compiler_flags#param-max-slsr-cand-scan": "--param max-slsr-cand-scan=508031", 
  "##choices#compiler_flags#param-max-tail-merge-iterations": "--param max-tail-merge-iterations=2", 
  "##choices#compiler_flags#param-max-unswitch-insns": "--param max-unswitch-insns=3", 
  "##choices#compiler_flags#param-max-vartrack-expr-depth": "--param max-vartrack-expr-depth=23", 
  "##choices#compiler_flags#param-min-size-for-stack-sharing": "--param min-size-for-stack-sharing=6", 
  "##choices#compiler_flags#param-predictable-branch-outcome": "--param predictable-branch-outcome=27", 
  "##choices#compiler_flags#param-scev-max-expr-size": "--param scev-max-expr-size=52", 
  "##choices#compiler_flags#param-tracer-max-code-growth": "--param tracer-max-code-growth=117", 
  "##choices#compiler_flags#param-tracer-min-branch-probability": "--param tracer-min-branch-probability=33", 
  "##choices#compiler_flags#param-use-canonical-types": "--param use-canonical-types=1", 
  "##choices#data_uoa": "gzip", 
  "##choices#dataset_file": "data.wav.gz", 
  "##choices#dataset_uoa": "audio-wav-0001-gzipped", 
  "##choices#device_id": "", 
  "##choices#host_os": "linux-32", 
  "##choices#module_uoa": "b0ac08fe1d3c2615", 
  "##choices#no_state_check": "yes", 
  "##choices#program_tags": "", 
  "##choices#repeat": 360, 
  "##choices#target": "", 
  "##choices#target_os": "linux-32", 
  "##choices#target_os_bits": "32"
}
