{
  "##choices#calibration_time": 10.0, 
  "##choices#cmd_key": "decode", 
  "##choices#compile_type": "dynamic", 
  "##choices#compiler_description_uoa": "gcc-4.9.0-auto", 
  "##choices#compiler_flags#base_opt": "-O3", 
  "##choices#compiler_flags#bool-crossjumping": "-fcrossjumping", 
  "##choices#compiler_flags#bool-cse-skip-blocks": "-fno-cse-skip-blocks", 
  "##choices#compiler_flags#bool-gcse-las": "-fgcse-las", 
  "##choices#compiler_flags#bool-gcse-lm": "-fno-gcse-lm", 
  "##choices#compiler_flags#bool-inline-functions-called-once": "-finline-functions-called-once", 
  "##choices#compiler_flags#bool-loop-nest-optimize": "-floop-nest-optimize", 
  "##choices#compiler_flags#bool-loop-strip-mine": "-floop-strip-mine", 
  "##choices#compiler_flags#bool-math-errno": "-fmath-errno", 
  "##choices#compiler_flags#bool-merge-all-constants": "-fno-merge-all-constants", 
  "##choices#compiler_flags#bool-modulo-sched": "-fmodulo-sched", 
  "##choices#compiler_flags#bool-rename-registers": "-fno-rename-registers", 
  "##choices#compiler_flags#bool-reorder-blocks": "-freorder-blocks", 
  "##choices#compiler_flags#bool-sched-spec-insn-heuristic": "-fno-sched-spec-insn-heuristic", 
  "##choices#compiler_flags#bool-tree-ccp": "-fno-tree-ccp", 
  "##choices#compiler_flags#bool-tree-dce": "-fno-tree-dce", 
  "##choices#compiler_flags#bool-tree-loop-distribute-patterns": "-ftree-loop-distribute-patterns", 
  "##choices#compiler_flags#bool-tree-loop-if-convert": "-ftree-loop-if-convert", 
  "##choices#compiler_flags#param--fsched-stalled-insns-dep=": "-fsched-stalled-insns-dep=0", 
  "##choices#compiler_flags#param-allow-packed-store-data-races": "--param allow-packed-store-data-races=0", 
  "##choices#compiler_flags#param-lto-partitions": "--param lto-partitions=8", 
  "##choices#compiler_flags#param-max-completely-peeled-insns": "--param max-completely-peeled-insns=54", 
  "##choices#compiler_flags#param-max-delay-slot-live-search": "--param max-delay-slot-live-search=103", 
  "##choices#compiler_flags#param-max-early-inliner-iterations": "--param max-early-inliner-iterations=1", 
  "##choices#compiler_flags#param-max-inline-insns-auto": "--param max-inline-insns-auto=45", 
  "##choices#compiler_flags#param-max-inline-recursive-depth": "--param max-inline-recursive-depth=14", 
  "##choices#compiler_flags#param-max-last-value-rtl": "--param max-last-value-rtl=19216", 
  "##choices#compiler_flags#param-max-once-peeled-insns": "--param max-once-peeled-insns=225", 
  "##choices#compiler_flags#param-max-predicted-iterations": "--param max-predicted-iterations=143", 
  "##choices#compiler_flags#param-max-vartrack-size": "--param max-vartrack-size=54122411", 
  "##choices#compiler_flags#param-min-crossjump-insns": "--param min-crossjump-insns=3", 
  "##choices#compiler_flags#param-min-spec-prob": "--param min-spec-prob=41", 
  "##choices#compiler_flags#param-min-vect-loop-bound": "--param min-vect-loop-bound=1", 
  "##choices#compiler_flags#param-slp-max-insns-in-bb": "--param slp-max-insns-in-bb=1820", 
  "##choices#compiler_flags#param-switch-conversion-max-branch-ratio": "--param switch-conversion-max-branch-ratio=4", 
  "##choices#data_uoa": "gzip", 
  "##choices#dataset_file": "data.wav.gz", 
  "##choices#dataset_uoa": "audio-wav-0001-gzipped", 
  "##choices#device_id": "", 
  "##choices#host_os": "linux-32", 
  "##choices#module_uoa": "b0ac08fe1d3c2615", 
  "##choices#no_state_check": "yes", 
  "##choices#program_tags": "", 
  "##choices#repeat": 360, 
  "##choices#target": "", 
  "##choices#target_os": "linux-32", 
  "##choices#target_os_bits": "32"
}
