{
  "##choices#calibration_time": 10.0, 
  "##choices#cmd_key": "decode", 
  "##choices#compile_type": "dynamic", 
  "##choices#compiler_description_uoa": "gcc-4.9.0-auto", 
  "##choices#compiler_flags#base_opt": "-O3", 
  "##choices#compiler_flags#bool-auto-inc-dec": "-fno-auto-inc-dec", 
  "##choices#compiler_flags#bool-dce": "-fno-dce", 
  "##choices#compiler_flags#bool-defer-pop": "-fdefer-pop", 
  "##choices#compiler_flags#bool-delayed-branch": "-fdelayed-branch", 
  "##choices#compiler_flags#bool-devirtualize": "-fdevirtualize", 
  "##choices#compiler_flags#bool-function-cse": "-ffunction-cse", 
  "##choices#compiler_flags#bool-inline-functions-called-once": "-finline-functions-called-once", 
  "##choices#compiler_flags#bool-loop-parallelize-all": "-floop-parallelize-all", 
  "##choices#compiler_flags#bool-partial-inlining": "-fpartial-inlining", 
  "##choices#compiler_flags#bool-sched-last-insn-heuristic": "-fno-sched-last-insn-heuristic", 
  "##choices#compiler_flags#bool-split-wide-types": "-fno-split-wide-types", 
  "##choices#compiler_flags#bool-tree-loop-if-convert": "-ftree-loop-if-convert", 
  "##choices#compiler_flags#bool-tree-loop-if-convert-stores": "-fno-tree-loop-if-convert-stores", 
  "##choices#compiler_flags#bool-tree-loop-optimize": "-ftree-loop-optimize", 
  "##choices#compiler_flags#param--fsched-stalled-insns=": "-fsched-stalled-insns=0", 
  "##choices#compiler_flags#param-gcse-after-reload-critical-fraction": "--param gcse-after-reload-critical-fraction=10", 
  "##choices#compiler_flags#param-ipa-cp-loop-hint-bonus": "--param ipa-cp-loop-hint-bonus=113", 
  "##choices#compiler_flags#param-ira-loop-reserved-regs": "--param ira-loop-reserved-regs=0", 
  "##choices#compiler_flags#param-ira-max-loops-num": "--param ira-max-loops-num=64", 
  "##choices#compiler_flags#param-lto-partitions": "--param lto-partitions=23", 
  "##choices#compiler_flags#param-max-completely-peeled-insns": "--param max-completely-peeled-insns=80", 
  "##choices#compiler_flags#param-max-gcse-insertion-ratio": "--param max-gcse-insertion-ratio=19", 
  "##choices#compiler_flags#param-max-sched-region-insns": "--param max-sched-region-insns=145", 
  "##choices#compiler_flags#param-max-tail-merge-iterations": "--param max-tail-merge-iterations=2", 
  "##choices#compiler_flags#param-sched-mem-true-dep-cost": "--param sched-mem-true-dep-cost=2", 
  "##choices#compiler_flags#param-selsched-max-sched-times": "--param selsched-max-sched-times=3", 
  "##choices#compiler_flags#param-tracer-min-branch-probability": "--param tracer-min-branch-probability=5", 
  "##choices#compiler_flags#param-unlikely-bb-count-fraction": "--param unlikely-bb-count-fraction=3300", 
  "##choices#compiler_flags#param-use-canonical-types": "--param use-canonical-types=0", 
  "##choices#data_uoa": "gzip", 
  "##choices#dataset_file": "data.wav.gz", 
  "##choices#dataset_uoa": "audio-wav-0001-gzipped", 
  "##choices#device_id": "", 
  "##choices#host_os": "linux-32", 
  "##choices#module_uoa": "b0ac08fe1d3c2615", 
  "##choices#no_state_check": "yes", 
  "##choices#program_tags": "", 
  "##choices#repeat": 360, 
  "##choices#target": "", 
  "##choices#target_os": "linux-32", 
  "##choices#target_os_bits": "32"
}
