{
  "##choices#calibration_time": 10.0, 
  "##choices#cmd_key": "decode", 
  "##choices#compile_type": "dynamic", 
  "##choices#compiler_description_uoa": "gcc-4.9.0-auto", 
  "##choices#compiler_flags#base_opt": "-O3", 
  "##choices#compiler_flags#bool-auto-inc-dec": "-fauto-inc-dec", 
  "##choices#compiler_flags#bool-devirtualize": "-fdevirtualize", 
  "##choices#compiler_flags#bool-isolate-erroneous-paths-attribute": "-fno-isolate-erroneous-paths-attribute", 
  "##choices#compiler_flags#bool-ivopts": "-fivopts", 
  "##choices#compiler_flags#bool-live-range-shrinkage": "-flive-range-shrinkage", 
  "##choices#compiler_flags#bool-merge-constants": "-fno-merge-constants", 
  "##choices#compiler_flags#bool-move-loop-invariants": "-fmove-loop-invariants", 
  "##choices#compiler_flags#bool-reciprocal-math": "-fno-reciprocal-math", 
  "##choices#compiler_flags#bool-sched-last-insn-heuristic": "-fsched-last-insn-heuristic", 
  "##choices#compiler_flags#bool-schedule-insns": "-fno-schedule-insns", 
  "##choices#compiler_flags#bool-signed-zeros": "-fsigned-zeros", 
  "##choices#compiler_flags#bool-split-ivs-in-unroller": "-fno-split-ivs-in-unroller", 
  "##choices#compiler_flags#bool-trapping-math": "-ftrapping-math", 
  "##choices#compiler_flags#bool-tree-coalesce-vars": "-fno-tree-coalesce-vars", 
  "##choices#compiler_flags#bool-tree-pta": "-ftree-pta", 
  "##choices#compiler_flags#bool-tree-slsr": "-ftree-slsr", 
  "##choices#compiler_flags#bool-tree-ter": "-fno-tree-ter", 
  "##choices#data_uoa": "gzip", 
  "##choices#dataset_file": "data.wav.gz", 
  "##choices#dataset_uoa": "audio-wav-0001-gzipped", 
  "##choices#device_id": "", 
  "##choices#host_os": "linux-32", 
  "##choices#module_uoa": "b0ac08fe1d3c2615", 
  "##choices#no_state_check": "yes", 
  "##choices#program_tags": "", 
  "##choices#repeat": 360, 
  "##choices#target": "", 
  "##choices#target_os": "linux-32", 
  "##choices#target_os_bits": "32"
}
