{
  "##choices#calibration_time": 10.0, 
  "##choices#cmd_key": "decode", 
  "##choices#compile_type": "dynamic", 
  "##choices#compiler_description_uoa": "gcc-4.9.0-auto", 
  "##choices#compiler_flags#base_opt": "-O3", 
  "##choices#compiler_flags#bool-btr-bb-exclusive": "-fbtr-bb-exclusive", 
  "##choices#compiler_flags#bool-devirtualize": "-fno-devirtualize", 
  "##choices#compiler_flags#bool-function-cse": "-fno-function-cse", 
  "##choices#compiler_flags#bool-gcse-las": "-fno-gcse-las", 
  "##choices#compiler_flags#bool-keep-inline-functions": "-fno-keep-inline-functions", 
  "##choices#compiler_flags#bool-loop-nest-optimize": "-floop-nest-optimize", 
  "##choices#compiler_flags#bool-modulo-sched-allow-regmoves": "-fno-modulo-sched-allow-regmoves", 
  "##choices#compiler_flags#bool-omit-frame-pointer": "-fno-omit-frame-pointer", 
  "##choices#compiler_flags#bool-reschedule-modulo-scheduled-loops": "-freschedule-modulo-scheduled-loops", 
  "##choices#compiler_flags#bool-sched-interblock": "-fno-sched-interblock", 
  "##choices#compiler_flags#bool-sched2-use-superblocks": "-fno-sched2-use-superblocks", 
  "##choices#compiler_flags#bool-selective-scheduling": "-fno-selective-scheduling", 
  "##choices#compiler_flags#bool-shrink-wrap": "-fshrink-wrap", 
  "##choices#compiler_flags#bool-tree-ch": "-fno-tree-ch", 
  "##choices#compiler_flags#bool-tree-dominator-opts": "-fno-tree-dominator-opts", 
  "##choices#compiler_flags#bool-tree-loop-linear": "-fno-tree-loop-linear", 
  "##choices#compiler_flags#bool-tree-loop-optimize": "-ftree-loop-optimize", 
  "##choices#compiler_flags#bool-tree-partial-pre": "-fno-tree-partial-pre", 
  "##choices#compiler_flags#bool-unroll-loops": "-fno-unroll-loops", 
  "##choices#compiler_flags#param--falign-loops=": "-falign-loops=0", 
  "##choices#compiler_flags#param-allow-packed-load-data-races": "--param allow-packed-load-data-races=1", 
  "##choices#compiler_flags#param-allow-packed-store-data-races": "--param allow-packed-store-data-races=1", 
  "##choices#compiler_flags#param-asan-instrument-writes": "--param asan-instrument-writes=1", 
  "##choices#compiler_flags#param-ipa-cp-eval-threshold": "--param ipa-cp-eval-threshold=996", 
  "##choices#compiler_flags#param-ira-loop-reserved-regs": "--param ira-loop-reserved-regs=2", 
  "##choices#compiler_flags#param-iv-consider-all-candidates-bound": "--param iv-consider-all-candidates-bound=52", 
  "##choices#compiler_flags#param-lra-max-considered-reload-pseudos": "--param lra-max-considered-reload-pseudos=271", 
  "##choices#compiler_flags#param-max-inline-insns-recursive": "--param max-inline-insns-recursive=44", 
  "##choices#compiler_flags#param-max-jump-thread-duplication-stmts": "--param max-jump-thread-duplication-stmts=15", 
  "##choices#compiler_flags#param-max-once-peeled-insns": "--param max-once-peeled-insns=248", 
  "##choices#compiler_flags#param-max-tail-merge-comparisons": "--param max-tail-merge-comparisons=10", 
  "##choices#compiler_flags#param-max-unrolled-insns": "--param max-unrolled-insns=29", 
  "##choices#compiler_flags#param-simultaneous-prefetches": "--param simultaneous-prefetches=2", 
  "##choices#compiler_flags#param-ssp-buffer-size": "--param ssp-buffer-size=11", 
  "##choices#compiler_flags#param-switch-conversion-max-branch-ratio": "--param switch-conversion-max-branch-ratio=10", 
  "##choices#compiler_flags#param-vect-max-version-for-alias-checks": "--param vect-max-version-for-alias-checks=1", 
  "##choices#data_uoa": "gzip", 
  "##choices#dataset_file": "data.wav.gz", 
  "##choices#dataset_uoa": "audio-wav-0001-gzipped", 
  "##choices#device_id": "", 
  "##choices#host_os": "linux-32", 
  "##choices#module_uoa": "b0ac08fe1d3c2615", 
  "##choices#no_state_check": "yes", 
  "##choices#program_tags": "", 
  "##choices#repeat": 360, 
  "##choices#target": "", 
  "##choices#target_os": "linux-32", 
  "##choices#target_os_bits": "32"
}
