{
  "##choices#calibration_time": 10.0, 
  "##choices#cmd_key": "decode", 
  "##choices#compile_type": "dynamic", 
  "##choices#compiler_description_uoa": "gcc-4.9.0-auto", 
  "##choices#compiler_flags#base_opt": "-O3", 
  "##choices#compiler_flags#bool--ffp-contract=": "-ffp-contract=fast", 
  "##choices#compiler_flags#bool-cx-limited-range": "-fcx-limited-range", 
  "##choices#compiler_flags#bool-data-sections": "-fno-data-sections", 
  "##choices#compiler_flags#bool-dce": "-fdce", 
  "##choices#compiler_flags#bool-devirtualize": "-fno-devirtualize", 
  "##choices#compiler_flags#bool-gcse": "-fgcse", 
  "##choices#compiler_flags#bool-gcse-sm": "-fno-gcse-sm", 
  "##choices#compiler_flags#bool-hoist-adjacent-loads": "-fhoist-adjacent-loads", 
  "##choices#compiler_flags#bool-indirect-inlining": "-fno-indirect-inlining", 
  "##choices#compiler_flags#bool-inline": "-fno-inline", 
  "##choices#compiler_flags#bool-inline-functions": "-fno-inline-functions", 
  "##choices#compiler_flags#bool-ipa-sra": "-fipa-sra", 
  "##choices#compiler_flags#bool-modulo-sched": "-fno-modulo-sched", 
  "##choices#compiler_flags#bool-peephole2": "-fno-peephole2", 
  "##choices#compiler_flags#bool-split-ivs-in-unroller": "-fsplit-ivs-in-unroller", 
  "##choices#compiler_flags#bool-tree-loop-distribution": "-ftree-loop-distribution", 
  "##choices#compiler_flags#bool-tree-loop-vectorize": "-fno-tree-loop-vectorize", 
  "##choices#compiler_flags#bool-tree-reassoc": "-ftree-reassoc", 
  "##choices#compiler_flags#bool-unswitch-loops": "-fno-unswitch-loops", 
  "##choices#compiler_flags#bool-variable-expansion-in-unroller": "-fvariable-expansion-in-unroller", 
  "##choices#compiler_flags#bool-web": "-fweb", 
  "##choices#compiler_flags#param-allow-packed-load-data-races": "--param allow-packed-load-data-races=1", 
  "##choices#compiler_flags#param-case-values-threshold": "--param case-values-threshold=0", 
  "##choices#compiler_flags#param-graphite-max-bbs-per-function": "--param graphite-max-bbs-per-function=27", 
  "##choices#compiler_flags#param-inline-min-speedup": "--param inline-min-speedup=4", 
  "##choices#compiler_flags#param-ira-loop-reserved-regs": "--param ira-loop-reserved-regs=3", 
  "##choices#compiler_flags#param-iv-max-considered-uses": "--param iv-max-considered-uses=253", 
  "##choices#compiler_flags#param-l2-cache-size": "--param l2-cache-size=321", 
  "##choices#compiler_flags#param-large-stack-frame": "--param large-stack-frame=326", 
  "##choices#compiler_flags#param-lim-expensive": "--param lim-expensive=28", 
  "##choices#compiler_flags#param-max-crossjump-edges": "--param max-crossjump-edges=61", 
  "##choices#compiler_flags#param-max-fields-for-field-sensitive": "--param max-fields-for-field-sensitive=0", 
  "##choices#compiler_flags#param-max-inline-insns-recursive": "--param max-inline-insns-recursive=70", 
  "##choices#compiler_flags#param-max-inline-insns-single": "--param max-inline-insns-single=290", 
  "##choices#compiler_flags#param-max-vartrack-size": "--param max-vartrack-size=25286251", 
  "##choices#compiler_flags#param-omega-max-wild-cards": "--param omega-max-wild-cards=5", 
  "##choices#compiler_flags#param-prefetch-latency": "--param prefetch-latency=225", 
  "##choices#compiler_flags#param-sccvn-max-scc-size": "--param sccvn-max-scc-size=16697", 
  "##choices#compiler_flags#param-simultaneous-prefetches": "--param simultaneous-prefetches=1", 
  "##choices#compiler_flags#param-ssp-buffer-size": "--param ssp-buffer-size=6", 
  "##choices#compiler_flags#param-tracer-max-code-growth": "--param tracer-max-code-growth=165", 
  "##choices#compiler_flags#param-unlikely-bb-count-fraction": "--param unlikely-bb-count-fraction=1306", 
  "##choices#data_uoa": "gzip", 
  "##choices#dataset_file": "data.wav.gz", 
  "##choices#dataset_uoa": "audio-wav-0001-gzipped", 
  "##choices#device_id": "", 
  "##choices#host_os": "linux-32", 
  "##choices#module_uoa": "b0ac08fe1d3c2615", 
  "##choices#no_state_check": "yes", 
  "##choices#program_tags": "", 
  "##choices#repeat": 360, 
  "##choices#target": "", 
  "##choices#target_os": "linux-32", 
  "##choices#target_os_bits": "32"
}
