{
  "##choices#calibration_time": 10.0, 
  "##choices#cmd_key": "decode", 
  "##choices#compile_type": "dynamic", 
  "##choices#compiler_description_uoa": "gcc-4.9.0-auto", 
  "##choices#compiler_flags#base_opt": "-O3", 
  "##choices#compiler_flags#bool-btr-bb-exclusive": "-fno-btr-bb-exclusive", 
  "##choices#compiler_flags#bool-compare-elim": "-fcompare-elim", 
  "##choices#compiler_flags#bool-fast-math": "-ffast-math", 
  "##choices#compiler_flags#bool-gcse": "-fgcse", 
  "##choices#compiler_flags#bool-isolate-erroneous-paths-attribute": "-fno-isolate-erroneous-paths-attribute", 
  "##choices#compiler_flags#bool-loop-nest-optimize": "-floop-nest-optimize", 
  "##choices#compiler_flags#bool-loop-parallelize-all": "-fno-loop-parallelize-all", 
  "##choices#compiler_flags#bool-merge-all-constants": "-fno-merge-all-constants", 
  "##choices#compiler_flags#bool-modulo-sched": "-fno-modulo-sched", 
  "##choices#compiler_flags#bool-optimize-sibling-calls": "-fno-optimize-sibling-calls", 
  "##choices#compiler_flags#bool-predictive-commoning": "-fpredictive-commoning", 
  "##choices#compiler_flags#bool-schedule-insns2": "-fno-schedule-insns2", 
  "##choices#compiler_flags#bool-strict-aliasing": "-fno-strict-aliasing", 
  "##choices#compiler_flags#bool-tree-bit-ccp": "-fno-tree-bit-ccp", 
  "##choices#compiler_flags#bool-tree-coalesce-vars": "-fno-tree-coalesce-vars", 
  "##choices#compiler_flags#bool-tree-loop-im": "-fno-tree-loop-im", 
  "##choices#compiler_flags#bool-tree-vectorize": "-ftree-vectorize", 
  "##choices#compiler_flags#bool-use-linker-plugin": "-fno-use-linker-plugin", 
  "##choices#data_uoa": "gzip", 
  "##choices#dataset_file": "data.wav.gz", 
  "##choices#dataset_uoa": "audio-wav-0001-gzipped", 
  "##choices#device_id": "", 
  "##choices#host_os": "linux-32", 
  "##choices#module_uoa": "b0ac08fe1d3c2615", 
  "##choices#no_state_check": "yes", 
  "##choices#program_tags": "", 
  "##choices#repeat": 360, 
  "##choices#target": "", 
  "##choices#target_os": "linux-32", 
  "##choices#target_os_bits": "32"
}
