{
  "##choices#calibration_time": 10.0, 
  "##choices#cmd_key": "decode", 
  "##choices#compile_type": "dynamic", 
  "##choices#compiler_description_uoa": "gcc-4.9.0-auto", 
  "##choices#compiler_flags#base_opt": "-O3", 
  "##choices#compiler_flags#bool-cx-fortran-rules": "-fcx-fortran-rules", 
  "##choices#compiler_flags#bool-float-store": "-fno-float-store", 
  "##choices#compiler_flags#bool-gcse-las": "-fgcse-las", 
  "##choices#compiler_flags#bool-hoist-adjacent-loads": "-fhoist-adjacent-loads", 
  "##choices#compiler_flags#bool-inline-functions-called-once": "-finline-functions-called-once", 
  "##choices#compiler_flags#bool-ipa-cp": "-fno-ipa-cp", 
  "##choices#compiler_flags#bool-ipa-pure-const": "-fipa-pure-const", 
  "##choices#compiler_flags#bool-ira-share-save-slots": "-fno-ira-share-save-slots", 
  "##choices#compiler_flags#bool-ivopts": "-fivopts", 
  "##choices#compiler_flags#bool-peephole2": "-fpeephole2", 
  "##choices#compiler_flags#bool-rerun-cse-after-loop": "-frerun-cse-after-loop", 
  "##choices#compiler_flags#bool-sched-interblock": "-fsched-interblock", 
  "##choices#compiler_flags#bool-tree-loop-im": "-fno-tree-loop-im", 
  "##choices#compiler_flags#bool-tree-slsr": "-fno-tree-slsr", 
  "##choices#compiler_flags#bool-unit-at-a-time": "-funit-at-a-time", 
  "##choices#compiler_flags#bool-unroll-all-loops": "-fno-unroll-all-loops", 
  "##choices#compiler_flags#bool-whole-program": "-fno-whole-program", 
  "##choices#data_uoa": "gzip", 
  "##choices#dataset_file": "data.wav.gz", 
  "##choices#dataset_uoa": "audio-wav-0001-gzipped", 
  "##choices#device_id": "", 
  "##choices#host_os": "linux-32", 
  "##choices#module_uoa": "b0ac08fe1d3c2615", 
  "##choices#no_state_check": "yes", 
  "##choices#program_tags": "", 
  "##choices#repeat": 360, 
  "##choices#target": "", 
  "##choices#target_os": "linux-32", 
  "##choices#target_os_bits": "32"
}
