{
  "##choices#calibration_time": 10.0, 
  "##choices#cmd_key": "decode", 
  "##choices#compile_type": "dynamic", 
  "##choices#compiler_description_uoa": "gcc-4.9.0-auto", 
  "##choices#compiler_flags#base_opt": "-O3", 
  "##choices#compiler_flags#bool--fira-algorithm=": "-fira-algorithm=priority", 
  "##choices#compiler_flags#bool-gcse-lm": "-fgcse-lm", 
  "##choices#compiler_flags#bool-loop-strip-mine": "-fno-loop-strip-mine", 
  "##choices#compiler_flags#bool-merge-all-constants": "-fmerge-all-constants", 
  "##choices#compiler_flags#bool-omit-frame-pointer": "-fomit-frame-pointer", 
  "##choices#compiler_flags#bool-rerun-cse-after-loop": "-fno-rerun-cse-after-loop", 
  "##choices#compiler_flags#bool-sched-dep-count-heuristic": "-fno-sched-dep-count-heuristic", 
  "##choices#compiler_flags#bool-sched-spec-load-dangerous": "-fno-sched-spec-load-dangerous", 
  "##choices#compiler_flags#bool-signaling-nans": "-fsignaling-nans", 
  "##choices#compiler_flags#bool-tree-bit-ccp": "-fno-tree-bit-ccp", 
  "##choices#compiler_flags#bool-tree-builtin-call-dce": "-ftree-builtin-call-dce", 
  "##choices#compiler_flags#bool-tree-copy-prop": "-ftree-copy-prop", 
  "##choices#compiler_flags#bool-tree-loop-im": "-ftree-loop-im", 
  "##choices#compiler_flags#bool-vpt": "-fno-vpt", 
  "##choices#data_uoa": "gzip", 
  "##choices#dataset_file": "data.wav.gz", 
  "##choices#dataset_uoa": "audio-wav-0001-gzipped", 
  "##choices#device_id": "", 
  "##choices#host_os": "linux-32", 
  "##choices#module_uoa": "b0ac08fe1d3c2615", 
  "##choices#no_state_check": "yes", 
  "##choices#program_tags": "", 
  "##choices#repeat": 360, 
  "##choices#target": "", 
  "##choices#target_os": "linux-32", 
  "##choices#target_os_bits": "32"
}
