{
  "##choices#calibration_time": 10.0, 
  "##choices#cmd_key": "decode", 
  "##choices#compile_type": "dynamic", 
  "##choices#compiler_description_uoa": "gcc-4.9.0-auto", 
  "##choices#compiler_flags#base_opt": "-O3", 
  "##choices#compiler_flags#bool-data-sections": "-fno-data-sections", 
  "##choices#compiler_flags#bool-dse": "-fdse", 
  "##choices#compiler_flags#bool-early-inlining": "-fno-early-inlining", 
  "##choices#compiler_flags#bool-if-conversion2": "-fno-if-conversion2", 
  "##choices#compiler_flags#bool-ipa-pta": "-fipa-pta", 
  "##choices#compiler_flags#bool-keep-static-consts": "-fkeep-static-consts", 
  "##choices#compiler_flags#bool-loop-block": "-fno-loop-block", 
  "##choices#compiler_flags#bool-lto": "-flto", 
  "##choices#compiler_flags#bool-peephole2": "-fpeephole2", 
  "##choices#compiler_flags#bool-reciprocal-math": "-fno-reciprocal-math", 
  "##choices#compiler_flags#bool-signaling-nans": "-fno-signaling-nans", 
  "##choices#compiler_flags#bool-tree-loop-if-convert": "-fno-tree-loop-if-convert", 
  "##choices#compiler_flags#bool-tree-partial-pre": "-fno-tree-partial-pre", 
  "##choices#compiler_flags#bool-variable-expansion-in-unroller": "-fvariable-expansion-in-unroller", 
  "##choices#compiler_flags#bool-vect-cost-model": "-fno-vect-cost-model", 
  "##choices#compiler_flags#param--fsched-stalled-insns=": "-fsched-stalled-insns=0", 
  "##choices#compiler_flags#param-align-threshold": "--param align-threshold=18", 
  "##choices#compiler_flags#param-ipcp-unit-growth": "--param ipcp-unit-growth=2", 
  "##choices#compiler_flags#param-large-stack-frame": "--param large-stack-frame=199", 
  "##choices#compiler_flags#param-large-unit-insns": "--param large-unit-insns=14507", 
  "##choices#compiler_flags#param-loop-invariant-max-bbs-in-loop": "--param loop-invariant-max-bbs-in-loop=10839", 
  "##choices#compiler_flags#param-loop-max-datarefs-for-datadeps": "--param loop-max-datarefs-for-datadeps=451", 
  "##choices#compiler_flags#param-max-cse-insns": "--param max-cse-insns=1453", 
  "##choices#compiler_flags#param-max-sched-region-blocks": "--param max-sched-region-blocks=2", 
  "##choices#compiler_flags#param-min-crossjump-insns": "--param min-crossjump-insns=8", 
  "##choices#compiler_flags#param-min-inline-recursive-probability": "--param min-inline-recursive-probability=6", 
  "##choices#data_uoa": "gzip", 
  "##choices#dataset_file": "data.wav.gz", 
  "##choices#dataset_uoa": "audio-wav-0001-gzipped", 
  "##choices#device_id": "", 
  "##choices#host_os": "linux-32", 
  "##choices#module_uoa": "b0ac08fe1d3c2615", 
  "##choices#no_state_check": "yes", 
  "##choices#program_tags": "", 
  "##choices#repeat": 360, 
  "##choices#target": "", 
  "##choices#target_os": "linux-32", 
  "##choices#target_os_bits": "32"
}
