{
  "##choices#calibration_time": 10.0, 
  "##choices#cmd_key": "decode", 
  "##choices#compile_type": "dynamic", 
  "##choices#compiler_description_uoa": "gcc-4.9.0-auto", 
  "##choices#compiler_flags#base_opt": "-O3", 
  "##choices#compiler_flags#bool--fira-algorithm=": "-fira-algorithm=CB", 
  "##choices#compiler_flags#bool-branch-target-load-optimize2": "-fbranch-target-load-optimize2", 
  "##choices#compiler_flags#bool-data-sections": "-fno-data-sections", 
  "##choices#compiler_flags#bool-inline-small-functions": "-finline-small-functions", 
  "##choices#compiler_flags#bool-ipa-reference": "-fno-ipa-reference", 
  "##choices#compiler_flags#bool-isolate-erroneous-paths-attribute": "-fno-isolate-erroneous-paths-attribute", 
  "##choices#compiler_flags#bool-loop-nest-optimize": "-floop-nest-optimize", 
  "##choices#compiler_flags#bool-tree-dominator-opts": "-ftree-dominator-opts", 
  "##choices#compiler_flags#bool-tree-loop-linear": "-ftree-loop-linear", 
  "##choices#compiler_flags#bool-tree-pre": "-ftree-pre", 
  "##choices#compiler_flags#bool-tree-vectorize": "-fno-tree-vectorize", 
  "##choices#compiler_flags#bool-zero-initialized-in-bss": "-fzero-initialized-in-bss", 
  "##choices#data_uoa": "gzip", 
  "##choices#dataset_file": "data.wav.gz", 
  "##choices#dataset_uoa": "audio-wav-0001-gzipped", 
  "##choices#device_id": "", 
  "##choices#host_os": "linux-32", 
  "##choices#module_uoa": "b0ac08fe1d3c2615", 
  "##choices#no_state_check": "yes", 
  "##choices#program_tags": "", 
  "##choices#repeat": 360, 
  "##choices#target": "", 
  "##choices#target_os": "linux-32", 
  "##choices#target_os_bits": "32"
}
