{
  "##choices#calibration_time": 10.0, 
  "##choices#cmd_key": "decode", 
  "##choices#compile_type": "dynamic", 
  "##choices#compiler_description_uoa": "gcc-4.9.0-auto", 
  "##choices#compiler_flags#base_opt": "-O3", 
  "##choices#compiler_flags#bool-delayed-branch": "-fdelayed-branch", 
  "##choices#compiler_flags#bool-early-inlining": "-fearly-inlining", 
  "##choices#compiler_flags#bool-function-cse": "-fno-function-cse", 
  "##choices#compiler_flags#bool-gcse-lm": "-fgcse-lm", 
  "##choices#compiler_flags#bool-ipa-cp-clone": "-fipa-cp-clone", 
  "##choices#compiler_flags#bool-live-range-shrinkage": "-fno-live-range-shrinkage", 
  "##choices#compiler_flags#bool-modulo-sched-allow-regmoves": "-fmodulo-sched-allow-regmoves", 
  "##choices#compiler_flags#bool-reorder-blocks": "-freorder-blocks", 
  "##choices#compiler_flags#bool-reorder-blocks-and-partition": "-fno-reorder-blocks-and-partition", 
  "##choices#compiler_flags#bool-sched-spec-load": "-fsched-spec-load", 
  "##choices#compiler_flags#bool-schedule-insns": "-fno-schedule-insns", 
  "##choices#compiler_flags#bool-single-precision-constant": "-fsingle-precision-constant", 
  "##choices#compiler_flags#bool-split-ivs-in-unroller": "-fsplit-ivs-in-unroller", 
  "##choices#compiler_flags#bool-tree-dse": "-fno-tree-dse", 
  "##choices#compiler_flags#bool-tree-loop-distribution": "-fno-tree-loop-distribution", 
  "##choices#compiler_flags#bool-tree-loop-linear": "-ftree-loop-linear", 
  "##choices#compiler_flags#bool-tree-vectorize": "-ftree-vectorize", 
  "##choices#compiler_flags#bool-variable-expansion-in-unroller": "-fno-variable-expansion-in-unroller", 
  "##choices#compiler_flags#param--falign-labels=": "-falign-labels=0", 
  "##choices#compiler_flags#param--ftree-parallelize-loops=": "-ftree-parallelize-loops=0", 
  "##choices#compiler_flags#param-cxx-max-namespaces-for-diagnostic-help": "--param cxx-max-namespaces-for-diagnostic-help=968", 
  "##choices#compiler_flags#param-graphite-max-nb-scop-params": "--param graphite-max-nb-scop-params=12", 
  "##choices#compiler_flags#param-hot-bb-frequency-fraction": "--param hot-bb-frequency-fraction=481", 
  "##choices#compiler_flags#param-integer-share-limit": "--param integer-share-limit=199", 
  "##choices#compiler_flags#param-iv-max-considered-uses": "--param iv-max-considered-uses=384", 
  "##choices#compiler_flags#param-l2-cache-size": "--param l2-cache-size=159", 
  "##choices#compiler_flags#param-loop-block-tile-size": "--param loop-block-tile-size=27", 
  "##choices#compiler_flags#param-max-completely-peeled-insns": "--param max-completely-peeled-insns=110", 
  "##choices#compiler_flags#param-max-delay-slot-insn-search": "--param max-delay-slot-insn-search=160", 
  "##choices#compiler_flags#param-max-inline-insns-single": "--param max-inline-insns-single=325", 
  "##choices#compiler_flags#param-max-peeled-insns": "--param max-peeled-insns=101", 
  "##choices#compiler_flags#param-max-sched-region-insns": "--param max-sched-region-insns=133", 
  "##choices#compiler_flags#param-omega-hash-table-size": "--param omega-hash-table-size=25", 
  "##choices#compiler_flags#param-omega-max-geqs": "--param omega-max-geqs=362", 
  "##choices#compiler_flags#param-partial-inlining-entry-probability": "--param partial-inlining-entry-probability=63", 
  "##choices#compiler_flags#param-ssp-buffer-size": "--param ssp-buffer-size=15", 
  "##choices#data_uoa": "gzip", 
  "##choices#dataset_file": "data.wav.gz", 
  "##choices#dataset_uoa": "audio-wav-0001-gzipped", 
  "##choices#device_id": "", 
  "##choices#host_os": "linux-32", 
  "##choices#module_uoa": "b0ac08fe1d3c2615", 
  "##choices#no_state_check": "yes", 
  "##choices#program_tags": "", 
  "##choices#repeat": 360, 
  "##choices#target": "", 
  "##choices#target_os": "linux-32", 
  "##choices#target_os_bits": "32"
}
