{
  "##choices#calibration_time": 10.0, 
  "##choices#cmd_key": "decode", 
  "##choices#compile_type": "dynamic", 
  "##choices#compiler_description_uoa": "gcc-4.9.0-auto", 
  "##choices#compiler_flags#base_opt": "-O3", 
  "##choices#compiler_flags#bool-auto-inc-dec": "-fno-auto-inc-dec", 
  "##choices#compiler_flags#bool-expensive-optimizations": "-fexpensive-optimizations", 
  "##choices#compiler_flags#bool-gcse": "-fno-gcse", 
  "##choices#compiler_flags#bool-ira-share-spill-slots": "-fno-ira-share-spill-slots", 
  "##choices#compiler_flags#bool-isolate-erroneous-paths-attribute": "-fisolate-erroneous-paths-attribute", 
  "##choices#compiler_flags#bool-loop-block": "-floop-block", 
  "##choices#compiler_flags#bool-lto": "-flto", 
  "##choices#compiler_flags#bool-predictive-commoning": "-fpredictive-commoning", 
  "##choices#compiler_flags#bool-ree": "-free", 
  "##choices#compiler_flags#bool-rounding-math": "-fno-rounding-math", 
  "##choices#compiler_flags#bool-sched-group-heuristic": "-fno-sched-group-heuristic", 
  "##choices#compiler_flags#bool-sched-interblock": "-fno-sched-interblock", 
  "##choices#compiler_flags#bool-signed-zeros": "-fsigned-zeros", 
  "##choices#compiler_flags#bool-strict-aliasing": "-fstrict-aliasing", 
  "##choices#compiler_flags#bool-toplevel-reorder": "-fno-toplevel-reorder", 
  "##choices#compiler_flags#bool-tree-dominator-opts": "-ftree-dominator-opts", 
  "##choices#compiler_flags#bool-tree-loop-linear": "-fno-tree-loop-linear", 
  "##choices#compiler_flags#bool-tree-loop-optimize": "-ftree-loop-optimize", 
  "##choices#compiler_flags#bool-tree-switch-conversion": "-fno-tree-switch-conversion", 
  "##choices#compiler_flags#bool-use-linker-plugin": "-fno-use-linker-plugin", 
  "##choices#compiler_flags#bool-vect-cost-model": "-fno-vect-cost-model", 
  "##choices#compiler_flags#bool-zero-initialized-in-bss": "-fzero-initialized-in-bss", 
  "##choices#compiler_flags#param-allow-load-data-races": "--param allow-load-data-races=0", 
  "##choices#compiler_flags#param-gcse-after-reload-critical-fraction": "--param gcse-after-reload-critical-fraction=1", 
  "##choices#compiler_flags#param-gcse-after-reload-partial-fraction": "--param gcse-after-reload-partial-fraction=6", 
  "##choices#compiler_flags#param-inline-unit-growth": "--param inline-unit-growth=41", 
  "##choices#compiler_flags#param-integer-share-limit": "--param integer-share-limit=253", 
  "##choices#compiler_flags#param-ipa-cp-eval-threshold": "--param ipa-cp-eval-threshold=277", 
  "##choices#compiler_flags#param-ipa-sra-ptr-growth-factor": "--param ipa-sra-ptr-growth-factor=2", 
  "##choices#compiler_flags#param-max-dse-active-local-stores": "--param max-dse-active-local-stores=5471", 
  "##choices#compiler_flags#param-max-once-peeled-insns": "--param max-once-peeled-insns=480", 
  "##choices#compiler_flags#param-max-unswitch-insns": "--param max-unswitch-insns=51", 
  "##choices#compiler_flags#param-sched-spec-prob-cutoff": "--param sched-spec-prob-cutoff=0", 
  "##choices#compiler_flags#param-sms-dfa-history": "--param sms-dfa-history=0", 
  "##choices#compiler_flags#param-tracer-min-branch-probability": "--param tracer-min-branch-probability=67", 
  "##choices#data_uoa": "gzip", 
  "##choices#dataset_file": "data.wav.gz", 
  "##choices#dataset_uoa": "audio-wav-0001-gzipped", 
  "##choices#device_id": "", 
  "##choices#host_os": "linux-32", 
  "##choices#module_uoa": "b0ac08fe1d3c2615", 
  "##choices#no_state_check": "yes", 
  "##choices#program_tags": "", 
  "##choices#repeat": 360, 
  "##choices#target": "", 
  "##choices#target_os": "linux-32", 
  "##choices#target_os_bits": "32"
}
