{
  "characteristics_list": [
    {
      "compile": {
        "binary_size": 86384, 
        "compilation_success": "yes", 
        "compilation_success_bool": true, 
        "compilation_time": 41.92379593849182, 
        "compilation_time_with_module": 46.193317890167236, 
        "joined_compiler_flags": "-O3 -fno-cx-fortran-rules -fno-defer-pop -fno-gcse -fno-gcse-after-reload -fno-gcse-sm -fno-ira-share-save-slots -fmath-errno -fno-reorder-blocks -fsched-last-insn-heuristic -fno-sel-sched-pipelining -fselective-scheduling2 -fno-tracer -ftree-ch -ftree-phiprop -fno-tree-pta", 
        "md5_sum": "5e2ccf596ac564563ebac39603a532ef", 
        "program_git_hash": "3755f7415691ee174d2e0678752597b8cce5895e"
      }, 
      "run": {
        "execution_time": 0.030374219444444444, 
        "execution_time_kernel_0": 10.934719, 
        "execution_time_with_module": 19.674266815185547, 
        "output_check_failed": "no", 
        "output_check_failed_bool": false, 
        "repeat": 360, 
        "return_code": 0, 
        "run_success": "yes", 
        "run_success_bool": true, 
        "total_execution_time": 10.934719
      }
    }, 
    {
      "run": {
        "execution_time": 0.034767508333333336, 
        "execution_time_kernel_0": 12.516303, 
        "execution_time_with_module": 13.233339071273804, 
        "output_check_failed": "no", 
        "output_check_failed_bool": false, 
        "repeat": 360, 
        "return_code": 0, 
        "run_success": "yes", 
        "run_success_bool": true, 
        "total_execution_time": 12.516303
      }
    }, 
    {
      "run": {
        "execution_time": 0.028511472222222223, 
        "execution_time_kernel_0": 10.26413, 
        "execution_time_with_module": 16.07197904586792, 
        "output_check_failed": "no", 
        "output_check_failed_bool": false, 
        "repeat": 360, 
        "return_code": 0, 
        "run_success": "yes", 
        "run_success_bool": true, 
        "total_execution_time": 10.26413
      }
    }
  ], 
  "choices": {
    "calibration_time": 10.0, 
    "cmd_key": "decode", 
    "compile_type": "dynamic", 
    "compiler_description_uoa": "gcc-4.9.0-auto", 
    "compiler_flags": {
      "base_opt": "-O3", 
      "bool-cx-fortran-rules": "-fno-cx-fortran-rules", 
      "bool-defer-pop": "-fno-defer-pop", 
      "bool-gcse": "-fno-gcse", 
      "bool-gcse-after-reload": "-fno-gcse-after-reload", 
      "bool-gcse-sm": "-fno-gcse-sm", 
      "bool-ira-share-save-slots": "-fno-ira-share-save-slots", 
      "bool-math-errno": "-fmath-errno", 
      "bool-reorder-blocks": "-fno-reorder-blocks", 
      "bool-sched-last-insn-heuristic": "-fsched-last-insn-heuristic", 
      "bool-sel-sched-pipelining": "-fno-sel-sched-pipelining", 
      "bool-selective-scheduling2": "-fselective-scheduling2", 
      "bool-tracer": "-fno-tracer", 
      "bool-tree-ch": "-ftree-ch", 
      "bool-tree-phiprop": "-ftree-phiprop", 
      "bool-tree-pta": "-fno-tree-pta"
    }, 
    "data_uoa": "gzip", 
    "dataset_file": "data.wav.gz", 
    "dataset_uoa": "audio-wav-0001-gzipped", 
    "device_cfg": {}, 
    "device_id": "", 
    "host_os": "linux-32", 
    "module_uoa": "b0ac08fe1d3c2615", 
    "no_state_check": "yes", 
    "program_tags": "", 
    "repeat": 360, 
    "target": "", 
    "target_os": "linux-32", 
    "target_os_bits": "32"
  }, 
  "choices_order": [
    "##compiler_flags#base_opt", 
    "##compiler_flags#bool-cx-fortran-rules", 
    "##compiler_flags#bool-defer-pop", 
    "##compiler_flags#bool-gcse", 
    "##compiler_flags#bool-gcse-after-reload", 
    "##compiler_flags#bool-gcse-sm", 
    "##compiler_flags#bool-ira-share-save-slots", 
    "##compiler_flags#bool-math-errno", 
    "##compiler_flags#bool-reorder-blocks", 
    "##compiler_flags#bool-sched-last-insn-heuristic", 
    "##compiler_flags#bool-sel-sched-pipelining", 
    "##compiler_flags#bool-selective-scheduling2", 
    "##compiler_flags#bool-tracer", 
    "##compiler_flags#bool-tree-ch", 
    "##compiler_flags#bool-tree-phiprop", 
    "##compiler_flags#bool-tree-pta"
  ], 
  "features": {
    "compiler_version": {
      "list": [
        4, 
        9, 
        2
      ], 
      "raw": [
        "gcc-4.9 (Raspbian 4.9.2-10) 4.9.2", 
        "Copyright (C) 2014 Free Software Foundation, Inc.", 
        "This is free software; see the source for copying conditions.  There is NO", 
        "warranty; not even for MERCHANTABILITY or FITNESS FOR A PARTICULAR PURPOSE.", 
        "", 
        ""
      ], 
      "str": "4.9.2"
    }, 
    "dataset": {
      "total_size": 116981
    }, 
    "number_of_selected_compiler_flags": 16, 
    "platform": {
      "cpu": {
        "all_freqs": {
          "0": [
            600000, 
            1200000
          ], 
          "1": [
            600000, 
            1200000
          ], 
          "2": [
            600000, 
            1200000
          ], 
          "3": [
            600000, 
            1200000
          ]
        }, 
        "cpu_abi": "", 
        "cpu_features": "half thumb fastmult vfp edsp neon vfpv3 tls vfpv4 idiva idivt vfpd32 lpae evtstrm crc32", 
        "current_freq": {
          "0": 1200.0, 
          "1": 1200.0, 
          "2": 1200.0, 
          "3": 1200.0
        }, 
        "max_freq": {
          "0": 1200.0, 
          "1": 1200.0, 
          "2": 1200.0, 
          "3": 1200.0
        }, 
        "name": "BCM2709", 
        "num_proc": "4", 
        "sub_name": "ARMv7 Processor rev 4 (v7l)", 
        "workload_automation": {
          "device_config": {
            "core_clusters": [
              0, 
              0, 
              0, 
              1
            ], 
            "core_names": [
              "ARMv7 Processor rev 4 (v7l)", 
              "ARMv7 Processor rev 4 (v7l)", 
              "ARMv7 Processor rev 4 (v7l)", 
              "BCM2709"
            ]
          }
        }
      }, 
      "cpu_misc": {
        "0": {
          "BogoMIPS": "76.80", 
          "CPU architecture": "7", 
          "CPU implementer": "0x41", 
          "CPU part": "0xd03", 
          "CPU revision": "4", 
          "CPU variant": "0x0", 
          "Features": "half thumb fastmult vfp edsp neon vfpv3 tls vfpv4 idiva idivt vfpd32 lpae evtstrm crc32", 
          "all_freqs": [
            "0", 
            "0"
          ], 
          "ck_cpu_name": "ARMv7 Processor rev 4 (v7l)", 
          "ck_cpu_subname": "ARMv7 Processor rev 4 (v7l)", 
          "cpu_features": "half thumb fastmult vfp edsp neon vfpv3 tls vfpv4 idiva idivt vfpd32 lpae evtstrm crc32", 
          "cur_freq": 1200.0, 
          "max_freq": 1200.0, 
          "model name": "ARMv7 Processor rev 4 (v7l)", 
          "processor": "0"
        }, 
        "1": {
          "BogoMIPS": "76.80", 
          "CPU architecture": "7", 
          "CPU implementer": "0x41", 
          "CPU part": "0xd03", 
          "CPU revision": "4", 
          "CPU variant": "0x0", 
          "Features": "half thumb fastmult vfp edsp neon vfpv3 tls vfpv4 idiva idivt vfpd32 lpae evtstrm crc32", 
          "all_freqs": [
            "1", 
            "1"
          ], 
          "ck_cpu_name": "ARMv7 Processor rev 4 (v7l)", 
          "ck_cpu_subname": "ARMv7 Processor rev 4 (v7l)", 
          "cpu_features": "half thumb fastmult vfp edsp neon vfpv3 tls vfpv4 idiva idivt vfpd32 lpae evtstrm crc32", 
          "cur_freq": 1200.0, 
          "max_freq": 1200.0, 
          "model name": "ARMv7 Processor rev 4 (v7l)", 
          "processor": "1"
        }, 
        "2": {
          "BogoMIPS": "76.80", 
          "CPU architecture": "7", 
          "CPU implementer": "0x41", 
          "CPU part": "0xd03", 
          "CPU revision": "4", 
          "CPU variant": "0x0", 
          "Features": "half thumb fastmult vfp edsp neon vfpv3 tls vfpv4 idiva idivt vfpd32 lpae evtstrm crc32", 
          "all_freqs": [
            "2", 
            "2"
          ], 
          "ck_cpu_name": "ARMv7 Processor rev 4 (v7l)", 
          "ck_cpu_subname": "ARMv7 Processor rev 4 (v7l)", 
          "cpu_features": "half thumb fastmult vfp edsp neon vfpv3 tls vfpv4 idiva idivt vfpd32 lpae evtstrm crc32", 
          "cur_freq": 1200.0, 
          "max_freq": 1200.0, 
          "model name": "ARMv7 Processor rev 4 (v7l)", 
          "processor": "2"
        }, 
        "3": {
          "BogoMIPS": "76.80", 
          "CPU architecture": "7", 
          "CPU implementer": "0x41", 
          "CPU part": "0xd03", 
          "CPU revision": "4", 
          "CPU variant": "0x0", 
          "Features": "half thumb fastmult vfp edsp neon vfpv3 tls vfpv4 idiva idivt vfpd32 lpae evtstrm crc32", 
          "Hardware": "BCM2709", 
          "Revision": "a02082", 
          "Serial": "00000000e3db06b9", 
          "all_freqs": [
            "3", 
            "3"
          ], 
          "ck_cpu_name": "BCM2709", 
          "ck_cpu_subname": "ARMv7 Processor rev 4 (v7l)", 
          "cpu_features": "half thumb fastmult vfp edsp neon vfpv3 tls vfpv4 idiva idivt vfpd32 lpae evtstrm crc32", 
          "cur_freq": 1200.0, 
          "max_freq": 1200.0, 
          "model name": "ARMv7 Processor rev 4 (v7l)", 
          "processor": "3"
        }
      }, 
      "cpu_new_format": "", 
      "cpu_unique": [
        {
          "BogoMIPS": "76.80", 
          "CPU architecture": "7", 
          "CPU implementer": "0x41", 
          "CPU part": "0xd03", 
          "CPU revision": "4", 
          "CPU variant": "0x0", 
          "Features": "half thumb fastmult vfp edsp neon vfpv3 tls vfpv4 idiva idivt vfpd32 lpae evtstrm crc32", 
          "all_freqs": [
            "0", 
            "0"
          ], 
          "ck_cpu_name": "ARMv7 Processor rev 4 (v7l)", 
          "ck_cpu_subname": "ARMv7 Processor rev 4 (v7l)", 
          "cpu_features": "half thumb fastmult vfp edsp neon vfpv3 tls vfpv4 idiva idivt vfpd32 lpae evtstrm crc32", 
          "cur_freq": 1200.0, 
          "max_freq": 1200.0, 
          "model name": "ARMv7 Processor rev 4 (v7l)", 
          "processor": "0"
        }, 
        {
          "BogoMIPS": "76.80", 
          "CPU architecture": "7", 
          "CPU implementer": "0x41", 
          "CPU part": "0xd03", 
          "CPU revision": "4", 
          "CPU variant": "0x0", 
          "Features": "half thumb fastmult vfp edsp neon vfpv3 tls vfpv4 idiva idivt vfpd32 lpae evtstrm crc32", 
          "Hardware": "BCM2709", 
          "Revision": "a02082", 
          "Serial": "00000000e3db06b9", 
          "all_freqs": [
            "3", 
            "3"
          ], 
          "ck_cpu_name": "BCM2709", 
          "ck_cpu_subname": "ARMv7 Processor rev 4 (v7l)", 
          "cpu_features": "half thumb fastmult vfp edsp neon vfpv3 tls vfpv4 idiva idivt vfpd32 lpae evtstrm crc32", 
          "cur_freq": 1200.0, 
          "max_freq": 1200.0, 
          "model name": "ARMv7 Processor rev 4 (v7l)", 
          "processor": "3"
        }
      ], 
      "gpu": {
        "name": "", 
        "vendor": ""
      }, 
      "gpu_misc": {}, 
      "os": {
        "abi": "armv7l", 
        "bits": "32", 
        "ck_os_base_uoa": "", 
        "ck_os_uoa": "linux-32", 
        "name": "Linux 4.4.34", 
        "name_long": "Linux-4.4.34-v7+-armv7l-with-debian-8.0", 
        "name_short": "Linux 4.4.34", 
        "serial_number": ""
      }, 
      "os_misc": {}, 
      "platform": {
        "model": "", 
        "name": "", 
        "vendor": ""
      }, 
      "platform_misc": {}
    }, 
    "solution_uid": "c1a63bccf456f801", 
    "statistical_repetitions": 3
  }
}
