{
  "##choices#calibration_time": 10.0, 
  "##choices#cmd_key": "decode", 
  "##choices#compile_type": "dynamic", 
  "##choices#compiler_description_uoa": "gcc-4.9.0-auto", 
  "##choices#compiler_flags#base_opt": "-O3", 
  "##choices#compiler_flags#bool--fira-algorithm=": "-fira-algorithm=CB", 
  "##choices#compiler_flags#bool-associative-math": "-fassociative-math", 
  "##choices#compiler_flags#bool-btr-bb-exclusive": "-fno-btr-bb-exclusive", 
  "##choices#compiler_flags#bool-delayed-branch": "-fno-delayed-branch", 
  "##choices#compiler_flags#bool-devirtualize": "-fdevirtualize", 
  "##choices#compiler_flags#bool-expensive-optimizations": "-fexpensive-optimizations", 
  "##choices#compiler_flags#bool-gcse-after-reload": "-fgcse-after-reload", 
  "##choices#compiler_flags#bool-if-conversion": "-fno-if-conversion", 
  "##choices#compiler_flags#bool-if-conversion2": "-fno-if-conversion2", 
  "##choices#compiler_flags#bool-inline": "-fno-inline", 
  "##choices#compiler_flags#bool-ipa-pta": "-fipa-pta", 
  "##choices#compiler_flags#bool-ira-hoist-pressure": "-fno-ira-hoist-pressure", 
  "##choices#compiler_flags#bool-ira-share-spill-slots": "-fira-share-spill-slots", 
  "##choices#compiler_flags#bool-loop-parallelize-all": "-fno-loop-parallelize-all", 
  "##choices#compiler_flags#bool-lto": "-fno-lto", 
  "##choices#compiler_flags#bool-prefetch-loop-arrays": "-fno-prefetch-loop-arrays", 
  "##choices#compiler_flags#bool-reorder-blocks": "-freorder-blocks", 
  "##choices#compiler_flags#bool-sched-spec-load": "-fno-sched-spec-load", 
  "##choices#compiler_flags#bool-sel-sched-pipelining-outer-loops": "-fno-sel-sched-pipelining-outer-loops", 
  "##choices#compiler_flags#bool-selective-scheduling": "-fselective-scheduling", 
  "##choices#compiler_flags#bool-thread-jumps": "-fno-thread-jumps", 
  "##choices#compiler_flags#bool-tree-copyrename": "-ftree-copyrename", 
  "##choices#compiler_flags#bool-tree-fre": "-fno-tree-fre", 
  "##choices#compiler_flags#bool-tree-partial-pre": "-ftree-partial-pre", 
  "##choices#compiler_flags#bool-tree-phiprop": "-fno-tree-phiprop", 
  "##choices#compiler_flags#param--fsched-stalled-insns=": "-fsched-stalled-insns=0", 
  "##choices#compiler_flags#param-asan-instrument-writes": "--param asan-instrument-writes=0", 
  "##choices#compiler_flags#param-asan-use-after-return": "--param asan-use-after-return=0", 
  "##choices#compiler_flags#param-case-values-threshold": "--param case-values-threshold=0", 
  "##choices#compiler_flags#param-large-function-insns": "--param large-function-insns=4341", 
  "##choices#compiler_flags#param-max-grow-copy-bb-insns": "--param max-grow-copy-bb-insns=11", 
  "##choices#compiler_flags#param-max-jump-thread-duplication-stmts": "--param max-jump-thread-duplication-stmts=8", 
  "##choices#compiler_flags#param-max-stores-to-sink": "--param max-stores-to-sink=1", 
  "##choices#compiler_flags#param-max-tracked-strlens": "--param max-tracked-strlens=153", 
  "##choices#compiler_flags#param-max-unroll-times": "--param max-unroll-times=5", 
  "##choices#compiler_flags#param-max-vartrack-size": "--param max-vartrack-size=65026731", 
  "##choices#compiler_flags#param-min-insn-to-prefetch-ratio": "--param min-insn-to-prefetch-ratio=14", 
  "##choices#compiler_flags#param-omega-eliminate-redundant-constraints": "--param omega-eliminate-redundant-constraints=0", 
  "##choices#compiler_flags#param-sched-mem-true-dep-cost": "--param sched-mem-true-dep-cost=0", 
  "##choices#compiler_flags#param-use-canonical-types": "--param use-canonical-types=0", 
  "##choices#data_uoa": "gzip", 
  "##choices#dataset_file": "data.wav.gz", 
  "##choices#dataset_uoa": "audio-wav-0001-gzipped", 
  "##choices#device_id": "", 
  "##choices#host_os": "linux-32", 
  "##choices#module_uoa": "b0ac08fe1d3c2615", 
  "##choices#no_state_check": "yes", 
  "##choices#program_tags": "", 
  "##choices#repeat": 360, 
  "##choices#target": "", 
  "##choices#target_os": "linux-32", 
  "##choices#target_os_bits": "32"
}
