{
  "##choices#calibration_time": 10.0, 
  "##choices#cmd_key": "decode", 
  "##choices#compile_type": "dynamic", 
  "##choices#compiler_description_uoa": "gcc-4.9.0-auto", 
  "##choices#compiler_flags#base_opt": "-O3", 
  "##choices#compiler_flags#bool-compare-elim": "-fcompare-elim", 
  "##choices#compiler_flags#bool-devirtualize": "-fno-devirtualize", 
  "##choices#compiler_flags#bool-if-conversion": "-fno-if-conversion", 
  "##choices#compiler_flags#bool-if-conversion2": "-fif-conversion2", 
  "##choices#compiler_flags#bool-ira-loop-pressure": "-fira-loop-pressure", 
  "##choices#compiler_flags#bool-keep-inline-functions": "-fno-keep-inline-functions", 
  "##choices#compiler_flags#bool-loop-interchange": "-fno-loop-interchange", 
  "##choices#compiler_flags#bool-modulo-sched": "-fmodulo-sched", 
  "##choices#compiler_flags#bool-predictive-commoning": "-fpredictive-commoning", 
  "##choices#compiler_flags#bool-sel-sched-pipelining-outer-loops": "-fsel-sched-pipelining-outer-loops", 
  "##choices#compiler_flags#bool-tree-bit-ccp": "-fno-tree-bit-ccp", 
  "##choices#compiler_flags#bool-tree-ccp": "-ftree-ccp", 
  "##choices#compiler_flags#bool-tree-copyrename": "-fno-tree-copyrename", 
  "##choices#compiler_flags#bool-tree-loop-linear": "-ftree-loop-linear", 
  "##choices#compiler_flags#bool-tree-ter": "-fno-tree-ter", 
  "##choices#compiler_flags#bool-unit-at-a-time": "-fno-unit-at-a-time", 
  "##choices#compiler_flags#bool-unroll-all-loops": "-funroll-all-loops", 
  "##choices#compiler_flags#param--falign-jumps=": "-falign-jumps=0", 
  "##choices#compiler_flags#param--falign-labels=": "-falign-labels=0", 
  "##choices#compiler_flags#param--fsched-stalled-insns=": "-fsched-stalled-insns=0", 
  "##choices#compiler_flags#param-large-stack-frame-growth": "--param large-stack-frame-growth=390", 
  "##choices#compiler_flags#param-lim-expensive": "--param lim-expensive=9", 
  "##choices#compiler_flags#param-loop-block-tile-size": "--param loop-block-tile-size=70", 
  "##choices#compiler_flags#param-max-cse-path-length": "--param max-cse-path-length=18", 
  "##choices#compiler_flags#param-max-gcse-insertion-ratio": "--param max-gcse-insertion-ratio=29", 
  "##choices#compiler_flags#param-max-goto-duplication-insns": "--param max-goto-duplication-insns=9", 
  "##choices#compiler_flags#param-max-pipeline-region-blocks": "--param max-pipeline-region-blocks=16", 
  "##choices#compiler_flags#param-max-pipeline-region-insns": "--param max-pipeline-region-insns=266", 
  "##choices#compiler_flags#param-max-unroll-times": "--param max-unroll-times=16", 
  "##choices#compiler_flags#param-max-vartrack-size": "--param max-vartrack-size=74779230", 
  "##choices#compiler_flags#param-omega-hash-table-size": "--param omega-hash-table-size=812", 
  "##choices#compiler_flags#param-selsched-insns-to-rename": "--param selsched-insns-to-rename=1", 
  "##choices#compiler_flags#param-simultaneous-prefetches": "--param simultaneous-prefetches=4", 
  "##choices#compiler_flags#param-tracer-min-branch-probability-feedback": "--param tracer-min-branch-probability-feedback=45", 
  "##choices#data_uoa": "gzip", 
  "##choices#dataset_file": "data.wav.gz", 
  "##choices#dataset_uoa": "audio-wav-0001-gzipped", 
  "##choices#device_id": "", 
  "##choices#host_os": "linux-32", 
  "##choices#module_uoa": "b0ac08fe1d3c2615", 
  "##choices#no_state_check": "yes", 
  "##choices#program_tags": "", 
  "##choices#repeat": 360, 
  "##choices#target": "", 
  "##choices#target_os": "linux-32", 
  "##choices#target_os_bits": "32"
}
