{
  "##choices#calibration_time": 10.0, 
  "##choices#cmd_key": "decode", 
  "##choices#compile_type": "dynamic", 
  "##choices#compiler_description_uoa": "gcc-4.9.0-auto", 
  "##choices#compiler_flags#base_opt": "-O3", 
  "##choices#compiler_flags#bool-associative-math": "-fassociative-math", 
  "##choices#compiler_flags#bool-devirtualize-speculatively": "-fdevirtualize-speculatively", 
  "##choices#compiler_flags#bool-function-sections": "-fno-function-sections", 
  "##choices#compiler_flags#bool-gcse-lm": "-fgcse-lm", 
  "##choices#compiler_flags#bool-indirect-inlining": "-fno-indirect-inlining", 
  "##choices#compiler_flags#bool-ipa-cp-clone": "-fipa-cp-clone", 
  "##choices#compiler_flags#bool-ipa-pta": "-fno-ipa-pta", 
  "##choices#compiler_flags#bool-isolate-erroneous-paths-attribute": "-fno-isolate-erroneous-paths-attribute", 
  "##choices#compiler_flags#bool-loop-nest-optimize": "-fno-loop-nest-optimize", 
  "##choices#compiler_flags#bool-prefetch-loop-arrays": "-fprefetch-loop-arrays", 
  "##choices#compiler_flags#bool-reorder-functions": "-freorder-functions", 
  "##choices#compiler_flags#bool-sched2-use-superblocks": "-fsched2-use-superblocks", 
  "##choices#compiler_flags#bool-schedule-insns2": "-fschedule-insns2", 
  "##choices#compiler_flags#bool-section-anchors": "-fno-section-anchors", 
  "##choices#compiler_flags#bool-tree-bit-ccp": "-ftree-bit-ccp", 
  "##choices#compiler_flags#bool-tree-ccp": "-ftree-ccp", 
  "##choices#compiler_flags#bool-tree-loop-distribution": "-fno-tree-loop-distribution", 
  "##choices#compiler_flags#bool-tree-tail-merge": "-ftree-tail-merge", 
  "##choices#compiler_flags#param--falign-labels=": "-falign-labels=0", 
  "##choices#compiler_flags#param-asan-stack": "--param asan-stack=0", 
  "##choices#compiler_flags#param-graphite-max-nb-scop-params": "--param graphite-max-nb-scop-params=15", 
  "##choices#compiler_flags#param-integer-share-limit": "--param integer-share-limit=36", 
  "##choices#compiler_flags#param-ipa-cp-eval-threshold": "--param ipa-cp-eval-threshold=678", 
  "##choices#compiler_flags#param-max-delay-slot-live-search": "--param max-delay-slot-live-search=55", 
  "##choices#compiler_flags#param-max-inline-insns-auto": "--param max-inline-insns-auto=30", 
  "##choices#compiler_flags#param-max-once-peeled-insns": "--param max-once-peeled-insns=221", 
  "##choices#compiler_flags#param-max-tail-merge-comparisons": "--param max-tail-merge-comparisons=9", 
  "##choices#compiler_flags#param-min-inline-recursive-probability": "--param min-inline-recursive-probability=2", 
  "##choices#compiler_flags#param-scev-max-expr-complexity": "--param scev-max-expr-complexity=12", 
  "##choices#compiler_flags#param-sched-mem-true-dep-cost": "--param sched-mem-true-dep-cost=0", 
  "##choices#compiler_flags#param-sms-loop-average-count-threshold": "--param sms-loop-average-count-threshold=0", 
  "##choices#compiler_flags#param-tracer-max-code-growth": "--param tracer-max-code-growth=17", 
  "##choices#compiler_flags#param-uninit-control-dep-attempts": "--param uninit-control-dep-attempts=864", 
  "##choices#data_uoa": "gzip", 
  "##choices#dataset_file": "data.wav.gz", 
  "##choices#dataset_uoa": "audio-wav-0001-gzipped", 
  "##choices#device_id": "", 
  "##choices#host_os": "linux-32", 
  "##choices#module_uoa": "b0ac08fe1d3c2615", 
  "##choices#no_state_check": "yes", 
  "##choices#program_tags": "", 
  "##choices#repeat": 360, 
  "##choices#target": "", 
  "##choices#target_os": "linux-32", 
  "##choices#target_os_bits": "32"
}
