{
  "##choices#calibration_time": 10.0, 
  "##choices#cmd_key": "decode", 
  "##choices#compile_type": "dynamic", 
  "##choices#compiler_description_uoa": "gcc-4.9.0-auto", 
  "##choices#compiler_flags#base_opt": "-O3", 
  "##choices#compiler_flags#bool--fira-region=": "-fira-region=all", 
  "##choices#compiler_flags#bool-ipa-cp": "-fno-ipa-cp", 
  "##choices#compiler_flags#bool-ira-loop-pressure": "-fira-loop-pressure", 
  "##choices#compiler_flags#bool-live-range-shrinkage": "-fno-live-range-shrinkage", 
  "##choices#compiler_flags#bool-merge-constants": "-fmerge-constants", 
  "##choices#compiler_flags#bool-modulo-sched-allow-regmoves": "-fno-modulo-sched-allow-regmoves", 
  "##choices#compiler_flags#bool-omit-frame-pointer": "-fno-omit-frame-pointer", 
  "##choices#compiler_flags#bool-sched-critical-path-heuristic": "-fsched-critical-path-heuristic", 
  "##choices#compiler_flags#bool-sched2-use-superblocks": "-fno-sched2-use-superblocks", 
  "##choices#compiler_flags#bool-strict-aliasing": "-fstrict-aliasing", 
  "##choices#compiler_flags#bool-toplevel-reorder": "-fno-toplevel-reorder", 
  "##choices#compiler_flags#bool-tree-coalesce-vars": "-ftree-coalesce-vars", 
  "##choices#compiler_flags#bool-tree-loop-linear": "-ftree-loop-linear", 
  "##choices#compiler_flags#bool-unit-at-a-time": "-fno-unit-at-a-time", 
  "##choices#compiler_flags#bool-unsafe-math-optimizations": "-fno-unsafe-math-optimizations", 
  "##choices#compiler_flags#param-align-threshold": "--param align-threshold=121", 
  "##choices#compiler_flags#param-allow-store-data-races": "--param allow-store-data-races=1", 
  "##choices#compiler_flags#param-asan-stack": "--param asan-stack=1", 
  "##choices#compiler_flags#param-cxx-max-namespaces-for-diagnostic-help": "--param cxx-max-namespaces-for-diagnostic-help=1828", 
  "##choices#compiler_flags#param-l2-cache-size": "--param l2-cache-size=735", 
  "##choices#compiler_flags#param-max-cselib-memory-locations": "--param max-cselib-memory-locations=866", 
  "##choices#compiler_flags#param-max-gcse-insertion-ratio": "--param max-gcse-insertion-ratio=13", 
  "##choices#compiler_flags#param-max-inline-insns-single": "--param max-inline-insns-single=530", 
  "##choices#compiler_flags#param-max-vartrack-size": "--param max-vartrack-size=53628012", 
  "##choices#compiler_flags#param-sched-state-edge-prob-cutoff": "--param sched-state-edge-prob-cutoff=65", 
  "##choices#data_uoa": "gzip", 
  "##choices#dataset_file": "data.wav.gz", 
  "##choices#dataset_uoa": "audio-wav-0001-gzipped", 
  "##choices#device_id": "", 
  "##choices#host_os": "linux-32", 
  "##choices#module_uoa": "b0ac08fe1d3c2615", 
  "##choices#no_state_check": "yes", 
  "##choices#program_tags": "", 
  "##choices#repeat": 360, 
  "##choices#target": "", 
  "##choices#target_os": "linux-32", 
  "##choices#target_os_bits": "32"
}
