{
  "##choices#calibration_time": 10.0, 
  "##choices#cmd_key": "decode", 
  "##choices#compile_type": "dynamic", 
  "##choices#compiler_description_uoa": "gcc-4.9.0-auto", 
  "##choices#compiler_flags#base_opt": "-O3", 
  "##choices#compiler_flags#bool--fexcess-precision=": "-fexcess-precision=standard", 
  "##choices#compiler_flags#bool-delayed-branch": "-fdelayed-branch", 
  "##choices#compiler_flags#bool-fat-lto-objects": "-ffat-lto-objects", 
  "##choices#compiler_flags#bool-ipa-pure-const": "-fipa-pure-const", 
  "##choices#compiler_flags#bool-ira-share-save-slots": "-fira-share-save-slots", 
  "##choices#compiler_flags#bool-ira-share-spill-slots": "-fira-share-spill-slots", 
  "##choices#compiler_flags#bool-keep-inline-functions": "-fno-keep-inline-functions", 
  "##choices#compiler_flags#bool-loop-interchange": "-fno-loop-interchange", 
  "##choices#compiler_flags#bool-merge-constants": "-fno-merge-constants", 
  "##choices#compiler_flags#bool-modulo-sched": "-fmodulo-sched", 
  "##choices#compiler_flags#bool-peel-loops": "-fno-peel-loops", 
  "##choices#compiler_flags#bool-reorder-blocks-and-partition": "-freorder-blocks-and-partition", 
  "##choices#compiler_flags#bool-sched-interblock": "-fsched-interblock", 
  "##choices#compiler_flags#bool-split-ivs-in-unroller": "-fno-split-ivs-in-unroller", 
  "##choices#compiler_flags#bool-thread-jumps": "-fno-thread-jumps", 
  "##choices#compiler_flags#bool-tree-partial-pre": "-ftree-partial-pre", 
  "##choices#compiler_flags#bool-tree-reassoc": "-fno-tree-reassoc", 
  "##choices#compiler_flags#bool-tree-sink": "-fno-tree-sink", 
  "##choices#compiler_flags#bool-variable-expansion-in-unroller": "-fvariable-expansion-in-unroller", 
  "##choices#compiler_flags#bool-wpa": "-fno-wpa", 
  "##choices#data_uoa": "gzip", 
  "##choices#dataset_file": "data.wav.gz", 
  "##choices#dataset_uoa": "audio-wav-0001-gzipped", 
  "##choices#device_id": "", 
  "##choices#host_os": "linux-32", 
  "##choices#module_uoa": "b0ac08fe1d3c2615", 
  "##choices#no_state_check": "yes", 
  "##choices#program_tags": "", 
  "##choices#repeat": 360, 
  "##choices#target": "", 
  "##choices#target_os": "linux-32", 
  "##choices#target_os_bits": "32"
}
