{
  "##choices#calibration_time": 10.0, 
  "##choices#cmd_key": "decode", 
  "##choices#compile_type": "dynamic", 
  "##choices#compiler_description_uoa": "gcc-4.9.0-auto", 
  "##choices#compiler_flags#base_opt": "-O3", 
  "##choices#compiler_flags#bool-combine-stack-adjustments": "-fcombine-stack-adjustments", 
  "##choices#compiler_flags#bool-compare-elim": "-fno-compare-elim", 
  "##choices#compiler_flags#bool-cprop-registers": "-fno-cprop-registers", 
  "##choices#compiler_flags#bool-cx-fortran-rules": "-fno-cx-fortran-rules", 
  "##choices#compiler_flags#bool-early-inlining": "-fno-early-inlining", 
  "##choices#compiler_flags#bool-gcse-las": "-fgcse-las", 
  "##choices#compiler_flags#bool-indirect-inlining": "-findirect-inlining", 
  "##choices#compiler_flags#bool-loop-nest-optimize": "-fno-loop-nest-optimize", 
  "##choices#compiler_flags#bool-lto": "-flto", 
  "##choices#compiler_flags#bool-math-errno": "-fmath-errno", 
  "##choices#compiler_flags#bool-merge-constants": "-fmerge-constants", 
  "##choices#compiler_flags#bool-ree": "-fno-ree", 
  "##choices#compiler_flags#bool-sched-pressure": "-fno-sched-pressure", 
  "##choices#compiler_flags#bool-split-ivs-in-unroller": "-fno-split-ivs-in-unroller", 
  "##choices#compiler_flags#bool-trapping-math": "-fno-trapping-math", 
  "##choices#compiler_flags#bool-tree-forwprop": "-ftree-forwprop", 
  "##choices#compiler_flags#bool-tree-sink": "-fno-tree-sink", 
  "##choices#compiler_flags#param--fsched-stalled-insns=": "-fsched-stalled-insns=0", 
  "##choices#compiler_flags#param-align-loop-iterations": "--param align-loop-iterations=2", 
  "##choices#compiler_flags#param-inline-min-speedup": "--param inline-min-speedup=2", 
  "##choices#compiler_flags#param-large-function-insns": "--param large-function-insns=3486", 
  "##choices#compiler_flags#param-max-cse-path-length": "--param max-cse-path-length=17", 
  "##choices#compiler_flags#param-max-cselib-memory-locations": "--param max-cselib-memory-locations=60", 
  "##choices#compiler_flags#param-max-fields-for-field-sensitive": "--param max-fields-for-field-sensitive=0", 
  "##choices#compiler_flags#param-max-hoist-depth": "--param max-hoist-depth=38", 
  "##choices#compiler_flags#param-max-inline-insns-auto": "--param max-inline-insns-auto=44", 
  "##choices#compiler_flags#param-max-peel-times": "--param max-peel-times=26", 
  "##choices#compiler_flags#param-max-reload-search-insns": "--param max-reload-search-insns=184", 
  "##choices#compiler_flags#param-max-unrolled-insns": "--param max-unrolled-insns=144", 
  "##choices#compiler_flags#param-max-vartrack-reverse-op-size": "--param max-vartrack-reverse-op-size=33", 
  "##choices#compiler_flags#param-omega-max-keys": "--param omega-max-keys=586", 
  "##choices#compiler_flags#param-predictable-branch-outcome": "--param predictable-branch-outcome=20", 
  "##choices#compiler_flags#param-sccvn-max-alias-queries-per-access": "--param sccvn-max-alias-queries-per-access=954", 
  "##choices#compiler_flags#param-selsched-insns-to-rename": "--param selsched-insns-to-rename=1", 
  "##choices#compiler_flags#param-slp-max-insns-in-bb": "--param slp-max-insns-in-bb=128", 
  "##choices#compiler_flags#param-tracer-max-code-growth": "--param tracer-max-code-growth=194", 
  "##choices#compiler_flags#param-tracer-min-branch-probability-feedback": "--param tracer-min-branch-probability-feedback=61", 
  "##choices#data_uoa": "gzip", 
  "##choices#dataset_file": "data.wav.gz", 
  "##choices#dataset_uoa": "audio-wav-0001-gzipped", 
  "##choices#device_id": "", 
  "##choices#host_os": "linux-32", 
  "##choices#module_uoa": "b0ac08fe1d3c2615", 
  "##choices#no_state_check": "yes", 
  "##choices#program_tags": "", 
  "##choices#repeat": 360, 
  "##choices#target": "", 
  "##choices#target_os": "linux-32", 
  "##choices#target_os_bits": "32"
}
