{
  "##choices#calibration_time": 10.0, 
  "##choices#cmd_key": "decode", 
  "##choices#compile_type": "dynamic", 
  "##choices#compiler_description_uoa": "gcc-4.9.0-auto", 
  "##choices#compiler_flags#base_opt": "-O3", 
  "##choices#compiler_flags#bool-associative-math": "-fassociative-math", 
  "##choices#compiler_flags#bool-auto-inc-dec": "-fno-auto-inc-dec", 
  "##choices#compiler_flags#bool-ipa-cp": "-fno-ipa-cp", 
  "##choices#compiler_flags#bool-ipa-cp-clone": "-fno-ipa-cp-clone", 
  "##choices#compiler_flags#bool-loop-interchange": "-floop-interchange", 
  "##choices#compiler_flags#bool-lto": "-flto", 
  "##choices#compiler_flags#bool-prefetch-loop-arrays": "-fno-prefetch-loop-arrays", 
  "##choices#compiler_flags#bool-rerun-cse-after-loop": "-frerun-cse-after-loop", 
  "##choices#compiler_flags#bool-strict-aliasing": "-fno-strict-aliasing", 
  "##choices#compiler_flags#bool-toplevel-reorder": "-ftoplevel-reorder", 
  "##choices#compiler_flags#bool-tree-builtin-call-dce": "-fno-tree-builtin-call-dce", 
  "##choices#compiler_flags#bool-tree-copy-prop": "-fno-tree-copy-prop", 
  "##choices#compiler_flags#bool-tree-loop-optimize": "-ftree-loop-optimize", 
  "##choices#compiler_flags#bool-tree-sink": "-fno-tree-sink", 
  "##choices#compiler_flags#bool-unsafe-math-optimizations": "-funsafe-math-optimizations", 
  "##choices#compiler_flags#param--fsched-stalled-insns=": "-fsched-stalled-insns=0", 
  "##choices#compiler_flags#param-allow-load-data-races": "--param allow-load-data-races=1", 
  "##choices#compiler_flags#param-allow-packed-load-data-races": "--param allow-packed-load-data-races=1", 
  "##choices#compiler_flags#param-case-values-threshold": "--param case-values-threshold=0", 
  "##choices#compiler_flags#param-graphite-max-nb-scop-params": "--param graphite-max-nb-scop-params=13", 
  "##choices#compiler_flags#param-hot-bb-count-ws-permille": "--param hot-bb-count-ws-permille=634", 
  "##choices#compiler_flags#param-inline-min-speedup": "--param inline-min-speedup=14", 
  "##choices#compiler_flags#param-loop-max-datarefs-for-datadeps": "--param loop-max-datarefs-for-datadeps=418", 
  "##choices#compiler_flags#param-max-completely-peel-loop-nest-depth": "--param max-completely-peel-loop-nest-depth=2", 
  "##choices#compiler_flags#param-max-cse-insns": "--param max-cse-insns=1851", 
  "##choices#compiler_flags#param-max-peel-branches": "--param max-peel-branches=5", 
  "##choices#compiler_flags#param-max-reload-search-insns": "--param max-reload-search-insns=42", 
  "##choices#compiler_flags#param-max-sched-region-blocks": "--param max-sched-region-blocks=8", 
  "##choices#compiler_flags#param-max-vartrack-expr-depth": "--param max-vartrack-expr-depth=7", 
  "##choices#compiler_flags#param-omega-max-eqs": "--param omega-max-eqs=216", 
  "##choices#compiler_flags#param-prefetch-min-insn-to-mem-ratio": "--param prefetch-min-insn-to-mem-ratio=6", 
  "##choices#compiler_flags#param-scev-max-expr-size": "--param scev-max-expr-size=138", 
  "##choices#compiler_flags#param-sink-frequency-threshold": "--param sink-frequency-threshold=47", 
  "##choices#compiler_flags#param-sms-max-ii-factor": "--param sms-max-ii-factor=90", 
  "##choices#compiler_flags#param-ssp-buffer-size": "--param ssp-buffer-size=7", 
  "##choices#compiler_flags#param-tracer-max-code-growth": "--param tracer-max-code-growth=154", 
  "##choices#compiler_flags#param-use-canonical-types": "--param use-canonical-types=0", 
  "##choices#data_uoa": "gzip", 
  "##choices#dataset_file": "data.wav.gz", 
  "##choices#dataset_uoa": "audio-wav-0001-gzipped", 
  "##choices#device_id": "", 
  "##choices#host_os": "linux-32", 
  "##choices#module_uoa": "b0ac08fe1d3c2615", 
  "##choices#no_state_check": "yes", 
  "##choices#program_tags": "", 
  "##choices#repeat": 360, 
  "##choices#target": "", 
  "##choices#target_os": "linux-32", 
  "##choices#target_os_bits": "32"
}
