{
  "##choices#calibration_time": 10.0, 
  "##choices#cmd_key": "decode", 
  "##choices#compile_type": "dynamic", 
  "##choices#compiler_description_uoa": "gcc-4.9.0-auto", 
  "##choices#compiler_flags#base_opt": "-O3", 
  "##choices#compiler_flags#bool-branch-probabilities": "-fno-branch-probabilities", 
  "##choices#compiler_flags#bool-conserve-stack": "-fconserve-stack", 
  "##choices#compiler_flags#bool-expensive-optimizations": "-fno-expensive-optimizations", 
  "##choices#compiler_flags#bool-finite-math-only": "-ffinite-math-only", 
  "##choices#compiler_flags#bool-inline-functions-called-once": "-finline-functions-called-once", 
  "##choices#compiler_flags#bool-ipa-cp-clone": "-fno-ipa-cp-clone", 
  "##choices#compiler_flags#bool-ipa-reference": "-fno-ipa-reference", 
  "##choices#compiler_flags#bool-loop-block": "-fno-loop-block", 
  "##choices#compiler_flags#bool-loop-nest-optimize": "-fno-loop-nest-optimize", 
  "##choices#compiler_flags#bool-merge-all-constants": "-fno-merge-all-constants", 
  "##choices#compiler_flags#bool-ree": "-free", 
  "##choices#compiler_flags#bool-rounding-math": "-frounding-math", 
  "##choices#compiler_flags#bool-selective-scheduling2": "-fno-selective-scheduling2", 
  "##choices#compiler_flags#bool-tracer": "-fno-tracer", 
  "##choices#compiler_flags#bool-tree-loop-optimize": "-fno-tree-loop-optimize", 
  "##choices#compiler_flags#bool-unit-at-a-time": "-fno-unit-at-a-time", 
  "##choices#compiler_flags#bool-unsafe-math-optimizations": "-fno-unsafe-math-optimizations", 
  "##choices#compiler_flags#bool-use-linker-plugin": "-fno-use-linker-plugin", 
  "##choices#compiler_flags#bool-whole-program": "-fno-whole-program", 
  "##choices#compiler_flags#param--finline-limit=": "-finline-limit=0", 
  "##choices#compiler_flags#param-align-loop-iterations": "--param align-loop-iterations=6", 
  "##choices#compiler_flags#param-asan-stack": "--param asan-stack=0", 
  "##choices#compiler_flags#param-early-inlining-insns": "--param early-inlining-insns=11", 
  "##choices#compiler_flags#param-gcse-after-reload-partial-fraction": "--param gcse-after-reload-partial-fraction=3", 
  "##choices#compiler_flags#param-max-goto-duplication-insns": "--param max-goto-duplication-insns=16", 
  "##choices#compiler_flags#param-max-grow-copy-bb-insns": "--param max-grow-copy-bb-insns=6", 
  "##choices#compiler_flags#param-max-inline-insns-auto": "--param max-inline-insns-auto=40", 
  "##choices#compiler_flags#param-max-pending-list-length": "--param max-pending-list-length=40", 
  "##choices#compiler_flags#param-max-tail-merge-comparisons": "--param max-tail-merge-comparisons=6", 
  "##choices#compiler_flags#param-max-tail-merge-iterations": "--param max-tail-merge-iterations=2", 
  "##choices#compiler_flags#param-max-unswitch-level": "--param max-unswitch-level=1", 
  "##choices#compiler_flags#param-omega-hash-table-size": "--param omega-hash-table-size=132", 
  "##choices#compiler_flags#param-selsched-max-lookahead": "--param selsched-max-lookahead=52", 
  "##choices#compiler_flags#param-slp-max-insns-in-bb": "--param slp-max-insns-in-bb=1050", 
  "##choices#compiler_flags#param-tm-max-aggregate-size": "--param tm-max-aggregate-size=13", 
  "##choices#data_uoa": "gzip", 
  "##choices#dataset_file": "data.wav.gz", 
  "##choices#dataset_uoa": "audio-wav-0001-gzipped", 
  "##choices#device_id": "", 
  "##choices#host_os": "linux-32", 
  "##choices#module_uoa": "b0ac08fe1d3c2615", 
  "##choices#no_state_check": "yes", 
  "##choices#program_tags": "", 
  "##choices#repeat": 360, 
  "##choices#target": "", 
  "##choices#target_os": "linux-32", 
  "##choices#target_os_bits": "32"
}
