{
  "##choices#calibration_time": 10.0, 
  "##choices#cmd_key": "decode", 
  "##choices#compile_type": "dynamic", 
  "##choices#compiler_description_uoa": "gcc-4.9.0-auto", 
  "##choices#compiler_flags#base_opt": "-O3", 
  "##choices#compiler_flags#bool-conserve-stack": "-fconserve-stack", 
  "##choices#compiler_flags#bool-delayed-branch": "-fno-delayed-branch", 
  "##choices#compiler_flags#bool-delete-null-pointer-checks": "-fno-delete-null-pointer-checks", 
  "##choices#compiler_flags#bool-fast-math": "-fno-fast-math", 
  "##choices#compiler_flags#bool-if-conversion2": "-fno-if-conversion2", 
  "##choices#compiler_flags#bool-ipa-cp": "-fipa-cp", 
  "##choices#compiler_flags#bool-ipa-pure-const": "-fipa-pure-const", 
  "##choices#compiler_flags#bool-keep-inline-functions": "-fkeep-inline-functions", 
  "##choices#compiler_flags#bool-partial-inlining": "-fno-partial-inlining", 
  "##choices#compiler_flags#bool-reorder-blocks-and-partition": "-fno-reorder-blocks-and-partition", 
  "##choices#compiler_flags#bool-reorder-functions": "-fno-reorder-functions", 
  "##choices#compiler_flags#bool-sched-dep-count-heuristic": "-fno-sched-dep-count-heuristic", 
  "##choices#compiler_flags#bool-shrink-wrap": "-fshrink-wrap", 
  "##choices#compiler_flags#bool-single-precision-constant": "-fsingle-precision-constant", 
  "##choices#compiler_flags#bool-strict-overflow": "-fstrict-overflow", 
  "##choices#compiler_flags#bool-tree-dse": "-ftree-dse", 
  "##choices#compiler_flags#bool-tree-phiprop": "-ftree-phiprop", 
  "##choices#compiler_flags#bool-tree-pta": "-ftree-pta", 
  "##choices#compiler_flags#bool-unroll-all-loops": "-fno-unroll-all-loops", 
  "##choices#compiler_flags#bool-vect-cost-model": "-fvect-cost-model", 
  "##choices#compiler_flags#bool-vpt": "-fvpt", 
  "##choices#data_uoa": "gzip", 
  "##choices#dataset_file": "data.wav.gz", 
  "##choices#dataset_uoa": "audio-wav-0001-gzipped", 
  "##choices#device_id": "", 
  "##choices#host_os": "linux-32", 
  "##choices#module_uoa": "b0ac08fe1d3c2615", 
  "##choices#no_state_check": "yes", 
  "##choices#program_tags": "", 
  "##choices#repeat": 360, 
  "##choices#target": "", 
  "##choices#target_os": "linux-32", 
  "##choices#target_os_bits": "32"
}
