{
  "##choices#calibration_time": 10.0, 
  "##choices#cmd_key": "decode", 
  "##choices#compile_type": "dynamic", 
  "##choices#compiler_description_uoa": "gcc-4.9.0-auto", 
  "##choices#compiler_flags#base_opt": "-O3", 
  "##choices#compiler_flags#bool--fexcess-precision=": "-fexcess-precision=fast", 
  "##choices#compiler_flags#bool-branch-probabilities": "-fno-branch-probabilities", 
  "##choices#compiler_flags#bool-check-data-deps": "-fno-check-data-deps", 
  "##choices#compiler_flags#bool-data-sections": "-fno-data-sections", 
  "##choices#compiler_flags#bool-defer-pop": "-fdefer-pop", 
  "##choices#compiler_flags#bool-hoist-adjacent-loads": "-fno-hoist-adjacent-loads", 
  "##choices#compiler_flags#bool-loop-nest-optimize": "-fno-loop-nest-optimize", 
  "##choices#compiler_flags#bool-modulo-sched": "-fno-modulo-sched", 
  "##choices#compiler_flags#bool-reorder-functions": "-freorder-functions", 
  "##choices#compiler_flags#bool-schedule-insns2": "-fno-schedule-insns2", 
  "##choices#compiler_flags#bool-shrink-wrap": "-fshrink-wrap", 
  "##choices#compiler_flags#bool-signed-zeros": "-fno-signed-zeros", 
  "##choices#compiler_flags#bool-tracer": "-ftracer", 
  "##choices#compiler_flags#bool-trapping-math": "-fno-trapping-math", 
  "##choices#compiler_flags#bool-tree-fre": "-fno-tree-fre", 
  "##choices#compiler_flags#bool-tree-loop-distribute-patterns": "-ftree-loop-distribute-patterns", 
  "##choices#compiler_flags#bool-tree-loop-linear": "-ftree-loop-linear", 
  "##choices#compiler_flags#bool-tree-reassoc": "-ftree-reassoc", 
  "##choices#compiler_flags#bool-variable-expansion-in-unroller": "-fvariable-expansion-in-unroller", 
  "##choices#compiler_flags#bool-web": "-fno-web", 
  "##choices#compiler_flags#param--falign-labels=": "-falign-labels=0", 
  "##choices#compiler_flags#param-allow-store-data-races": "--param allow-store-data-races=1", 
  "##choices#compiler_flags#param-loop-max-datarefs-for-datadeps": "--param loop-max-datarefs-for-datadeps=788", 
  "##choices#compiler_flags#param-max-early-inliner-iterations": "--param max-early-inliner-iterations=2", 
  "##choices#compiler_flags#param-max-inline-insns-recursive-auto": "--param max-inline-insns-recursive-auto=698", 
  "##choices#compiler_flags#param-max-once-peeled-insns": "--param max-once-peeled-insns=37", 
  "##choices#compiler_flags#param-max-pipeline-region-blocks": "--param max-pipeline-region-blocks=13", 
  "##choices#compiler_flags#param-max-tail-merge-comparisons": "--param max-tail-merge-comparisons=10", 
  "##choices#compiler_flags#param-omega-eliminate-redundant-constraints": "--param omega-eliminate-redundant-constraints=1", 
  "##choices#compiler_flags#param-partial-inlining-entry-probability": "--param partial-inlining-entry-probability=106", 
  "##choices#compiler_flags#param-predictable-branch-outcome": "--param predictable-branch-outcome=0", 
  "##choices#compiler_flags#param-sched-spec-prob-cutoff": "--param sched-spec-prob-cutoff=88", 
  "##choices#compiler_flags#param-sched-state-edge-prob-cutoff": "--param sched-state-edge-prob-cutoff=42", 
  "##choices#compiler_flags#param-sms-dfa-history": "--param sms-dfa-history=0", 
  "##choices#compiler_flags#param-ssp-buffer-size": "--param ssp-buffer-size=7", 
  "##choices#compiler_flags#param-use-canonical-types": "--param use-canonical-types=1", 
  "##choices#data_uoa": "gzip", 
  "##choices#dataset_file": "data.wav.gz", 
  "##choices#dataset_uoa": "audio-wav-0001-gzipped", 
  "##choices#device_id": "", 
  "##choices#host_os": "linux-32", 
  "##choices#module_uoa": "b0ac08fe1d3c2615", 
  "##choices#no_state_check": "yes", 
  "##choices#program_tags": "", 
  "##choices#repeat": 360, 
  "##choices#target": "", 
  "##choices#target_os": "linux-32", 
  "##choices#target_os_bits": "32"
}
