{
  "##choices#calibration_time": 10.0, 
  "##choices#cmd_key": "decode", 
  "##choices#compile_type": "dynamic", 
  "##choices#compiler_description_uoa": "gcc-4.9.0-auto", 
  "##choices#compiler_flags#base_opt": "-O3", 
  "##choices#compiler_flags#bool-auto-inc-dec": "-fauto-inc-dec", 
  "##choices#compiler_flags#bool-data-sections": "-fno-data-sections", 
  "##choices#compiler_flags#bool-defer-pop": "-fno-defer-pop", 
  "##choices#compiler_flags#bool-float-store": "-fno-float-store", 
  "##choices#compiler_flags#bool-guess-branch-probability": "-fno-guess-branch-probability", 
  "##choices#compiler_flags#bool-inline": "-finline", 
  "##choices#compiler_flags#bool-loop-strip-mine": "-fno-loop-strip-mine", 
  "##choices#compiler_flags#bool-peephole": "-fno-peephole", 
  "##choices#compiler_flags#bool-peephole2": "-fpeephole2", 
  "##choices#compiler_flags#bool-reciprocal-math": "-fno-reciprocal-math", 
  "##choices#compiler_flags#bool-ree": "-free", 
  "##choices#compiler_flags#bool-rename-registers": "-frename-registers", 
  "##choices#compiler_flags#bool-sched2-use-superblocks": "-fno-sched2-use-superblocks", 
  "##choices#compiler_flags#bool-shrink-wrap": "-fshrink-wrap", 
  "##choices#compiler_flags#bool-signaling-nans": "-fno-signaling-nans", 
  "##choices#compiler_flags#bool-trapping-math": "-ftrapping-math", 
  "##choices#compiler_flags#bool-tree-dce": "-ftree-dce", 
  "##choices#compiler_flags#bool-tree-dse": "-fno-tree-dse", 
  "##choices#compiler_flags#bool-tree-ter": "-fno-tree-ter", 
  "##choices#compiler_flags#bool-unit-at-a-time": "-fno-unit-at-a-time", 
  "##choices#compiler_flags#bool-use-linker-plugin": "-fno-use-linker-plugin", 
  "##choices#compiler_flags#param-align-loop-iterations": "--param align-loop-iterations=0", 
  "##choices#compiler_flags#param-allow-packed-store-data-races": "--param allow-packed-store-data-races=0", 
  "##choices#compiler_flags#param-asan-memintrin": "--param asan-memintrin=0", 
  "##choices#compiler_flags#param-comdat-sharing-probability": "--param comdat-sharing-probability=8", 
  "##choices#compiler_flags#param-gcse-unrestricted-cost": "--param gcse-unrestricted-cost=2", 
  "##choices#compiler_flags#param-graphite-max-bbs-per-function": "--param graphite-max-bbs-per-function=154", 
  "##choices#compiler_flags#param-ira-loop-reserved-regs": "--param ira-loop-reserved-regs=0", 
  "##choices#compiler_flags#param-loop-block-tile-size": "--param loop-block-tile-size=60", 
  "##choices#compiler_flags#param-max-average-unrolled-insns": "--param max-average-unrolled-insns=98", 
  "##choices#compiler_flags#param-max-completely-peeled-insns": "--param max-completely-peeled-insns=45", 
  "##choices#compiler_flags#param-max-crossjump-edges": "--param max-crossjump-edges=14", 
  "##choices#compiler_flags#param-max-cselib-memory-locations": "--param max-cselib-memory-locations=813", 
  "##choices#compiler_flags#param-max-inline-insns-recursive-auto": "--param max-inline-insns-recursive-auto=377", 
  "##choices#compiler_flags#param-max-unrolled-insns": "--param max-unrolled-insns=218", 
  "##choices#compiler_flags#param-max-variable-expansions-in-unroller": "--param max-variable-expansions-in-unroller=0", 
  "##choices#compiler_flags#param-omega-max-wild-cards": "--param omega-max-wild-cards=29", 
  "##choices#compiler_flags#param-partial-inlining-entry-probability": "--param partial-inlining-entry-probability=93", 
  "##choices#compiler_flags#param-sched-mem-true-dep-cost": "--param sched-mem-true-dep-cost=2", 
  "##choices#compiler_flags#param-sched-pressure-algorithm": "--param sched-pressure-algorithm=1", 
  "##choices#compiler_flags#param-simultaneous-prefetches": "--param simultaneous-prefetches=5", 
  "##choices#compiler_flags#param-switch-conversion-max-branch-ratio": "--param switch-conversion-max-branch-ratio=16", 
  "##choices#compiler_flags#param-tm-max-aggregate-size": "--param tm-max-aggregate-size=4", 
  "##choices#compiler_flags#param-tracer-min-branch-ratio": "--param tracer-min-branch-ratio=53", 
  "##choices#compiler_flags#param-uninit-control-dep-attempts": "--param uninit-control-dep-attempts=689", 
  "##choices#data_uoa": "gzip", 
  "##choices#dataset_file": "data.wav.gz", 
  "##choices#dataset_uoa": "audio-wav-0001-gzipped", 
  "##choices#device_id": "", 
  "##choices#host_os": "linux-32", 
  "##choices#module_uoa": "b0ac08fe1d3c2615", 
  "##choices#no_state_check": "yes", 
  "##choices#program_tags": "", 
  "##choices#repeat": 360, 
  "##choices#target": "", 
  "##choices#target_os": "linux-32", 
  "##choices#target_os_bits": "32"
}
