{
  "##choices#calibration_time": 10.0, 
  "##choices#cmd_key": "decode", 
  "##choices#compile_type": "dynamic", 
  "##choices#compiler_description_uoa": "gcc-4.9.0-auto", 
  "##choices#compiler_flags#base_opt": "-O3", 
  "##choices#compiler_flags#bool-associative-math": "-fno-associative-math", 
  "##choices#compiler_flags#bool-caller-saves": "-fno-caller-saves", 
  "##choices#compiler_flags#bool-check-data-deps": "-fcheck-data-deps", 
  "##choices#compiler_flags#bool-cprop-registers": "-fno-cprop-registers", 
  "##choices#compiler_flags#bool-cse-follow-jumps": "-fno-cse-follow-jumps", 
  "##choices#compiler_flags#bool-float-store": "-ffloat-store", 
  "##choices#compiler_flags#bool-inline-small-functions": "-fno-inline-small-functions", 
  "##choices#compiler_flags#bool-keep-inline-functions": "-fno-keep-inline-functions", 
  "##choices#compiler_flags#bool-loop-interchange": "-fno-loop-interchange", 
  "##choices#compiler_flags#bool-modulo-sched-allow-regmoves": "-fno-modulo-sched-allow-regmoves", 
  "##choices#compiler_flags#bool-peel-loops": "-fno-peel-loops", 
  "##choices#compiler_flags#bool-ree": "-free", 
  "##choices#compiler_flags#bool-sched-spec-insn-heuristic": "-fsched-spec-insn-heuristic", 
  "##choices#compiler_flags#bool-selective-scheduling": "-fno-selective-scheduling", 
  "##choices#compiler_flags#bool-split-ivs-in-unroller": "-fno-split-ivs-in-unroller", 
  "##choices#compiler_flags#bool-trapping-math": "-fno-trapping-math", 
  "##choices#compiler_flags#bool-tree-copy-prop": "-fno-tree-copy-prop", 
  "##choices#compiler_flags#bool-tree-dce": "-ftree-dce", 
  "##choices#compiler_flags#bool-tree-loop-optimize": "-fno-tree-loop-optimize", 
  "##choices#compiler_flags#bool-tree-switch-conversion": "-ftree-switch-conversion", 
  "##choices#compiler_flags#bool-tree-tail-merge": "-ftree-tail-merge", 
  "##choices#compiler_flags#bool-web": "-fweb", 
  "##choices#compiler_flags#param-align-loop-iterations": "--param align-loop-iterations=7", 
  "##choices#compiler_flags#param-ipa-cp-loop-hint-bonus": "--param ipa-cp-loop-hint-bonus=51", 
  "##choices#compiler_flags#param-max-pipeline-region-blocks": "--param max-pipeline-region-blocks=25", 
  "##choices#compiler_flags#param-max-unrolled-insns": "--param max-unrolled-insns=290", 
  "##choices#compiler_flags#param-sched-spec-prob-cutoff": "--param sched-spec-prob-cutoff=70", 
  "##choices#compiler_flags#param-tracer-min-branch-probability-feedback": "--param tracer-min-branch-probability-feedback=66", 
  "##choices#compiler_flags#param-uninit-control-dep-attempts": "--param uninit-control-dep-attempts=1712", 
  "##choices#data_uoa": "gzip", 
  "##choices#dataset_file": "data.wav.gz", 
  "##choices#dataset_uoa": "audio-wav-0001-gzipped", 
  "##choices#device_id": "", 
  "##choices#host_os": "linux-32", 
  "##choices#module_uoa": "b0ac08fe1d3c2615", 
  "##choices#no_state_check": "yes", 
  "##choices#program_tags": "", 
  "##choices#repeat": 360, 
  "##choices#target": "", 
  "##choices#target_os": "linux-32", 
  "##choices#target_os_bits": "32"
}
