{
  "##choices#calibration_time": 10.0, 
  "##choices#cmd_key": "decode", 
  "##choices#compile_type": "dynamic", 
  "##choices#compiler_description_uoa": "gcc-4.9.0-auto", 
  "##choices#compiler_flags#base_opt": "-O3", 
  "##choices#compiler_flags#bool-dce": "-fno-dce", 
  "##choices#compiler_flags#bool-defer-pop": "-fno-defer-pop", 
  "##choices#compiler_flags#bool-devirtualize-speculatively": "-fdevirtualize-speculatively", 
  "##choices#compiler_flags#bool-dse": "-fno-dse", 
  "##choices#compiler_flags#bool-fast-math": "-ffast-math", 
  "##choices#compiler_flags#bool-indirect-inlining": "-fno-indirect-inlining", 
  "##choices#compiler_flags#bool-inline-functions": "-fno-inline-functions", 
  "##choices#compiler_flags#bool-loop-block": "-floop-block", 
  "##choices#compiler_flags#bool-loop-interchange": "-floop-interchange", 
  "##choices#compiler_flags#bool-omit-frame-pointer": "-fno-omit-frame-pointer", 
  "##choices#compiler_flags#bool-peephole2": "-fno-peephole2", 
  "##choices#compiler_flags#bool-sched-spec": "-fno-sched-spec", 
  "##choices#compiler_flags#bool-schedule-insns": "-fno-schedule-insns", 
  "##choices#compiler_flags#bool-single-precision-constant": "-fno-single-precision-constant", 
  "##choices#compiler_flags#bool-strict-aliasing": "-fstrict-aliasing", 
  "##choices#compiler_flags#bool-tree-ccp": "-fno-tree-ccp", 
  "##choices#compiler_flags#bool-tree-copyrename": "-ftree-copyrename", 
  "##choices#compiler_flags#bool-tree-sra": "-ftree-sra", 
  "##choices#compiler_flags#bool-zero-initialized-in-bss": "-fno-zero-initialized-in-bss", 
  "##choices#compiler_flags#param-asan-instrument-writes": "--param asan-instrument-writes=0", 
  "##choices#compiler_flags#param-case-values-threshold": "--param case-values-threshold=0", 
  "##choices#compiler_flags#param-gcse-cost-distance-ratio": "--param gcse-cost-distance-ratio=5", 
  "##choices#compiler_flags#param-iv-consider-all-candidates-bound": "--param iv-consider-all-candidates-bound=39", 
  "##choices#compiler_flags#param-lra-max-considered-reload-pseudos": "--param lra-max-considered-reload-pseudos=15", 
  "##choices#compiler_flags#param-max-average-unrolled-insns": "--param max-average-unrolled-insns=127", 
  "##choices#compiler_flags#param-max-cselib-memory-locations": "--param max-cselib-memory-locations=455", 
  "##choices#compiler_flags#param-max-iterations-computation-cost": "--param max-iterations-computation-cost=6", 
  "##choices#compiler_flags#param-max-unswitch-insns": "--param max-unswitch-insns=80", 
  "##choices#compiler_flags#param-omega-eliminate-redundant-constraints": "--param omega-eliminate-redundant-constraints=0", 
  "##choices#compiler_flags#param-omega-hash-table-size": "--param omega-hash-table-size=0", 
  "##choices#compiler_flags#param-omega-max-geqs": "--param omega-max-geqs=187", 
  "##choices#compiler_flags#param-simultaneous-prefetches": "--param simultaneous-prefetches=0", 
  "##choices#compiler_flags#param-sms-dfa-history": "--param sms-dfa-history=0", 
  "##choices#compiler_flags#param-tracer-max-code-growth": "--param tracer-max-code-growth=193", 
  "##choices#data_uoa": "gzip", 
  "##choices#dataset_file": "data.wav.gz", 
  "##choices#dataset_uoa": "audio-wav-0001-gzipped", 
  "##choices#device_id": "", 
  "##choices#host_os": "linux-32", 
  "##choices#module_uoa": "b0ac08fe1d3c2615", 
  "##choices#no_state_check": "yes", 
  "##choices#program_tags": "", 
  "##choices#repeat": 360, 
  "##choices#target": "", 
  "##choices#target_os": "linux-32", 
  "##choices#target_os_bits": "32"
}
