{
  "##choices#calibration_time": 10.0, 
  "##choices#cmd_key": "decode", 
  "##choices#compile_type": "dynamic", 
  "##choices#compiler_description_uoa": "gcc-4.9.0-auto", 
  "##choices#compiler_flags#base_opt": "-O3", 
  "##choices#compiler_flags#bool--fexcess-precision=": "-fexcess-precision=fast", 
  "##choices#compiler_flags#bool-early-inlining": "-fearly-inlining", 
  "##choices#compiler_flags#bool-gcse-lm": "-fno-gcse-lm", 
  "##choices#compiler_flags#bool-hoist-adjacent-loads": "-fno-hoist-adjacent-loads", 
  "##choices#compiler_flags#bool-omit-frame-pointer": "-fomit-frame-pointer", 
  "##choices#compiler_flags#bool-peel-loops": "-fno-peel-loops", 
  "##choices#compiler_flags#bool-reorder-functions": "-fno-reorder-functions", 
  "##choices#compiler_flags#bool-sched-spec": "-fsched-spec", 
  "##choices#compiler_flags#bool-sel-sched-pipelining-outer-loops": "-fsel-sched-pipelining-outer-loops", 
  "##choices#compiler_flags#bool-selective-scheduling": "-fselective-scheduling", 
  "##choices#compiler_flags#bool-signed-zeros": "-fsigned-zeros", 
  "##choices#compiler_flags#bool-trapping-math": "-ftrapping-math", 
  "##choices#compiler_flags#bool-tree-dse": "-fno-tree-dse", 
  "##choices#compiler_flags#bool-tree-loop-ivcanon": "-fno-tree-loop-ivcanon", 
  "##choices#compiler_flags#bool-tree-sra": "-ftree-sra", 
  "##choices#compiler_flags#bool-unsafe-math-optimizations": "-fno-unsafe-math-optimizations", 
  "##choices#compiler_flags#bool-web": "-fno-web", 
  "##choices#compiler_flags#param--fsched-stalled-insns-dep=": "-fsched-stalled-insns-dep=0", 
  "##choices#compiler_flags#param--fsched-stalled-insns=": "-fsched-stalled-insns=0", 
  "##choices#compiler_flags#param-iv-consider-all-candidates-bound": "--param iv-consider-all-candidates-bound=34", 
  "##choices#compiler_flags#param-l1-cache-size": "--param l1-cache-size=72", 
  "##choices#compiler_flags#param-lto-min-partition": "--param lto-min-partition=1561", 
  "##choices#compiler_flags#param-max-inline-recursive-depth-auto": "--param max-inline-recursive-depth-auto=6", 
  "##choices#compiler_flags#param-max-partial-antic-length": "--param max-partial-antic-length=86", 
  "##choices#compiler_flags#param-max-sched-ready-insns": "--param max-sched-ready-insns=118", 
  "##choices#compiler_flags#param-max-sched-region-insns": "--param max-sched-region-insns=59", 
  "##choices#compiler_flags#param-max-stores-to-sink": "--param max-stores-to-sink=2", 
  "##choices#compiler_flags#param-max-tail-merge-iterations": "--param max-tail-merge-iterations=0", 
  "##choices#compiler_flags#param-max-tracked-strlens": "--param max-tracked-strlens=1863", 
  "##choices#compiler_flags#param-min-crossjump-insns": "--param min-crossjump-insns=3", 
  "##choices#compiler_flags#param-partial-inlining-entry-probability": "--param partial-inlining-entry-probability=30", 
  "##choices#compiler_flags#param-scev-max-expr-size": "--param scev-max-expr-size=48", 
  "##choices#compiler_flags#param-sched-pressure-algorithm": "--param sched-pressure-algorithm=2", 
  "##choices#compiler_flags#param-selsched-max-sched-times": "--param selsched-max-sched-times=1", 
  "##choices#compiler_flags#param-sms-min-sc": "--param sms-min-sc=4", 
  "##choices#compiler_flags#param-ssp-buffer-size": "--param ssp-buffer-size=4", 
  "##choices#compiler_flags#param-use-canonical-types": "--param use-canonical-types=0", 
  "##choices#data_uoa": "gzip", 
  "##choices#dataset_file": "data.wav.gz", 
  "##choices#dataset_uoa": "audio-wav-0001-gzipped", 
  "##choices#device_id": "", 
  "##choices#host_os": "linux-32", 
  "##choices#module_uoa": "b0ac08fe1d3c2615", 
  "##choices#no_state_check": "yes", 
  "##choices#program_tags": "", 
  "##choices#repeat": 360, 
  "##choices#target": "", 
  "##choices#target_os": "linux-32", 
  "##choices#target_os_bits": "32"
}
