{
  "##choices#calibration_time": 10.0, 
  "##choices#cmd_key": "decode", 
  "##choices#compile_type": "dynamic", 
  "##choices#compiler_description_uoa": "gcc-4.9.0-auto", 
  "##choices#compiler_flags#base_opt": "-O3", 
  "##choices#compiler_flags#bool--fexcess-precision=": "-fexcess-precision=fast", 
  "##choices#compiler_flags#bool-auto-inc-dec": "-fno-auto-inc-dec", 
  "##choices#compiler_flags#bool-crossjumping": "-fcrossjumping", 
  "##choices#compiler_flags#bool-gcse-after-reload": "-fgcse-after-reload", 
  "##choices#compiler_flags#bool-ipa-cp-clone": "-fno-ipa-cp-clone", 
  "##choices#compiler_flags#bool-ira-share-save-slots": "-fno-ira-share-save-slots", 
  "##choices#compiler_flags#bool-loop-block": "-floop-block", 
  "##choices#compiler_flags#bool-lto": "-flto", 
  "##choices#compiler_flags#bool-sched-group-heuristic": "-fno-sched-group-heuristic", 
  "##choices#compiler_flags#bool-sel-sched-pipelining": "-fno-sel-sched-pipelining", 
  "##choices#compiler_flags#bool-strict-overflow": "-fno-strict-overflow", 
  "##choices#compiler_flags#bool-tree-coalesce-vars": "-fno-tree-coalesce-vars", 
  "##choices#compiler_flags#bool-tree-forwprop": "-ftree-forwprop", 
  "##choices#compiler_flags#bool-tree-loop-distribution": "-ftree-loop-distribution", 
  "##choices#compiler_flags#bool-tree-loop-if-convert": "-fno-tree-loop-if-convert", 
  "##choices#compiler_flags#bool-tree-loop-optimize": "-fno-tree-loop-optimize", 
  "##choices#compiler_flags#bool-tree-vectorize": "-ftree-vectorize", 
  "##choices#compiler_flags#bool-tree-vrp": "-ftree-vrp", 
  "##choices#compiler_flags#bool-unit-at-a-time": "-fno-unit-at-a-time", 
  "##choices#compiler_flags#bool-unsafe-loop-optimizations": "-fno-unsafe-loop-optimizations", 
  "##choices#compiler_flags#param--finline-limit=": "-finline-limit=0", 
  "##choices#compiler_flags#param-asan-globals": "--param asan-globals=1", 
  "##choices#compiler_flags#param-graphite-max-bbs-per-function": "--param graphite-max-bbs-per-function=78", 
  "##choices#compiler_flags#param-hot-bb-frequency-fraction": "--param hot-bb-frequency-fraction=1817", 
  "##choices#compiler_flags#param-ipa-cp-loop-hint-bonus": "--param ipa-cp-loop-hint-bonus=63", 
  "##choices#compiler_flags#param-large-stack-frame": "--param large-stack-frame=136", 
  "##choices#compiler_flags#param-loop-block-tile-size": "--param loop-block-tile-size=37", 
  "##choices#compiler_flags#param-max-crossjump-edges": "--param max-crossjump-edges=102", 
  "##choices#compiler_flags#param-max-inline-insns-single": "--param max-inline-insns-single=271", 
  "##choices#compiler_flags#param-max-slsr-cand-scan": "--param max-slsr-cand-scan=582799", 
  "##choices#compiler_flags#param-max-stores-to-sink": "--param max-stores-to-sink=3", 
  "##choices#compiler_flags#param-max-unswitch-insns": "--param max-unswitch-insns=40", 
  "##choices#compiler_flags#param-max-vartrack-size": "--param max-vartrack-size=74830498", 
  "##choices#compiler_flags#param-sched-mem-true-dep-cost": "--param sched-mem-true-dep-cost=2", 
  "##choices#compiler_flags#param-switch-conversion-max-branch-ratio": "--param switch-conversion-max-branch-ratio=1", 
  "##choices#compiler_flags#param-tracer-min-branch-probability-feedback": "--param tracer-min-branch-probability-feedback=80", 
  "##choices#data_uoa": "gzip", 
  "##choices#dataset_file": "data.wav.gz", 
  "##choices#dataset_uoa": "audio-wav-0001-gzipped", 
  "##choices#device_id": "", 
  "##choices#host_os": "linux-32", 
  "##choices#module_uoa": "b0ac08fe1d3c2615", 
  "##choices#no_state_check": "yes", 
  "##choices#program_tags": "", 
  "##choices#repeat": 360, 
  "##choices#target": "", 
  "##choices#target_os": "linux-32", 
  "##choices#target_os_bits": "32"
}
