{
  "##choices#calibration_time": 10.0, 
  "##choices#cmd_key": "decode", 
  "##choices#compile_type": "dynamic", 
  "##choices#compiler_description_uoa": "gcc-4.9.0-auto", 
  "##choices#compiler_flags#base_opt": "-O3", 
  "##choices#compiler_flags#bool-auto-inc-dec": "-fno-auto-inc-dec", 
  "##choices#compiler_flags#bool-branch-count-reg": "-fno-branch-count-reg", 
  "##choices#compiler_flags#bool-branch-target-load-optimize": "-fno-branch-target-load-optimize", 
  "##choices#compiler_flags#bool-caller-saves": "-fcaller-saves", 
  "##choices#compiler_flags#bool-crossjumping": "-fcrossjumping", 
  "##choices#compiler_flags#bool-early-inlining": "-fearly-inlining", 
  "##choices#compiler_flags#bool-function-cse": "-ffunction-cse", 
  "##choices#compiler_flags#bool-ira-share-save-slots": "-fira-share-save-slots", 
  "##choices#compiler_flags#bool-math-errno": "-fno-math-errno", 
  "##choices#compiler_flags#bool-ree": "-free", 
  "##choices#compiler_flags#bool-reorder-blocks": "-fno-reorder-blocks", 
  "##choices#compiler_flags#bool-reorder-blocks-and-partition": "-freorder-blocks-and-partition", 
  "##choices#compiler_flags#bool-sched-critical-path-heuristic": "-fno-sched-critical-path-heuristic", 
  "##choices#compiler_flags#bool-sched-last-insn-heuristic": "-fno-sched-last-insn-heuristic", 
  "##choices#compiler_flags#bool-sched-spec-load": "-fno-sched-spec-load", 
  "##choices#compiler_flags#bool-toplevel-reorder": "-fno-toplevel-reorder", 
  "##choices#compiler_flags#bool-tree-coalesce-vars": "-fno-tree-coalesce-vars", 
  "##choices#compiler_flags#bool-tree-dce": "-ftree-dce", 
  "##choices#compiler_flags#bool-tree-dse": "-ftree-dse", 
  "##choices#compiler_flags#bool-tree-vrp": "-ftree-vrp", 
  "##choices#compiler_flags#bool-unit-at-a-time": "-funit-at-a-time", 
  "##choices#compiler_flags#param-ipa-cp-loop-hint-bonus": "--param ipa-cp-loop-hint-bonus=56", 
  "##choices#compiler_flags#param-ipa-max-agg-items": "--param ipa-max-agg-items=15", 
  "##choices#compiler_flags#param-iv-always-prune-cand-set-bound": "--param iv-always-prune-cand-set-bound=8", 
  "##choices#compiler_flags#param-l1-cache-size": "--param l1-cache-size=112", 
  "##choices#compiler_flags#param-l2-cache-size": "--param l2-cache-size=15", 
  "##choices#compiler_flags#param-max-crossjump-edges": "--param max-crossjump-edges=141", 
  "##choices#compiler_flags#param-max-inline-insns-single": "--param max-inline-insns-single=628", 
  "##choices#compiler_flags#param-max-peel-times": "--param max-peel-times=5", 
  "##choices#compiler_flags#param-max-pipeline-region-insns": "--param max-pipeline-region-insns=363", 
  "##choices#compiler_flags#param-max-slsr-cand-scan": "--param max-slsr-cand-scan=537638", 
  "##choices#compiler_flags#param-max-variable-expansions-in-unroller": "--param max-variable-expansions-in-unroller=2", 
  "##choices#compiler_flags#param-max-vartrack-size": "--param max-vartrack-size=83005379", 
  "##choices#compiler_flags#param-min-crossjump-insns": "--param min-crossjump-insns=1", 
  "##choices#compiler_flags#param-omega-max-eqs": "--param omega-max-eqs=86", 
  "##choices#compiler_flags#param-scev-max-expr-complexity": "--param scev-max-expr-complexity=16", 
  "##choices#compiler_flags#param-sched-pressure-algorithm": "--param sched-pressure-algorithm=2", 
  "##choices#compiler_flags#param-sched-spec-prob-cutoff": "--param sched-spec-prob-cutoff=53", 
  "##choices#compiler_flags#param-selsched-insns-to-rename": "--param selsched-insns-to-rename=3", 
  "##choices#compiler_flags#param-selsched-max-sched-times": "--param selsched-max-sched-times=2", 
  "##choices#compiler_flags#param-simultaneous-prefetches": "--param simultaneous-prefetches=3", 
  "##choices#compiler_flags#param-slp-max-insns-in-bb": "--param slp-max-insns-in-bb=196", 
  "##choices#data_uoa": "gzip", 
  "##choices#dataset_file": "data.wav.gz", 
  "##choices#dataset_uoa": "audio-wav-0001-gzipped", 
  "##choices#device_id": "", 
  "##choices#host_os": "linux-32", 
  "##choices#module_uoa": "b0ac08fe1d3c2615", 
  "##choices#no_state_check": "yes", 
  "##choices#program_tags": "", 
  "##choices#repeat": 360, 
  "##choices#target": "", 
  "##choices#target_os": "linux-32", 
  "##choices#target_os_bits": "32"
}
