{
  "##choices#calibration_time": 10.0, 
  "##choices#cmd_key": "decode", 
  "##choices#compile_type": "dynamic", 
  "##choices#compiler_description_uoa": "gcc-4.9.0-auto", 
  "##choices#compiler_flags#base_opt": "-O3", 
  "##choices#compiler_flags#bool-branch-count-reg": "-fbranch-count-reg", 
  "##choices#compiler_flags#bool-gcse": "-fno-gcse", 
  "##choices#compiler_flags#bool-gcse-after-reload": "-fno-gcse-after-reload", 
  "##choices#compiler_flags#bool-inline-functions-called-once": "-finline-functions-called-once", 
  "##choices#compiler_flags#bool-inline-small-functions": "-finline-small-functions", 
  "##choices#compiler_flags#bool-ipa-reference": "-fno-ipa-reference", 
  "##choices#compiler_flags#bool-ira-share-save-slots": "-fno-ira-share-save-slots", 
  "##choices#compiler_flags#bool-loop-parallelize-all": "-fno-loop-parallelize-all", 
  "##choices#compiler_flags#bool-loop-strip-mine": "-fno-loop-strip-mine", 
  "##choices#compiler_flags#bool-omit-frame-pointer": "-fno-omit-frame-pointer", 
  "##choices#compiler_flags#bool-sched-dep-count-heuristic": "-fno-sched-dep-count-heuristic", 
  "##choices#compiler_flags#bool-toplevel-reorder": "-ftoplevel-reorder", 
  "##choices#compiler_flags#bool-tree-dce": "-ftree-dce", 
  "##choices#compiler_flags#bool-tree-loop-if-convert-stores": "-fno-tree-loop-if-convert-stores", 
  "##choices#compiler_flags#bool-tree-slsr": "-fno-tree-slsr", 
  "##choices#compiler_flags#param--falign-loops=": "-falign-loops=0", 
  "##choices#compiler_flags#param-asan-globals": "--param asan-globals=1", 
  "##choices#compiler_flags#param-ira-max-conflict-table-size": "--param ira-max-conflict-table-size=1046", 
  "##choices#compiler_flags#param-l2-cache-size": "--param l2-cache-size=644", 
  "##choices#compiler_flags#param-large-function-insns": "--param large-function-insns=5092", 
  "##choices#compiler_flags#param-large-stack-frame-growth": "--param large-stack-frame-growth=1461", 
  "##choices#compiler_flags#param-lra-max-considered-reload-pseudos": "--param lra-max-considered-reload-pseudos=557", 
  "##choices#compiler_flags#param-max-completely-peel-times": "--param max-completely-peel-times=7", 
  "##choices#compiler_flags#param-max-delay-slot-live-search": "--param max-delay-slot-live-search=624", 
  "##choices#compiler_flags#param-max-gcse-insertion-ratio": "--param max-gcse-insertion-ratio=31", 
  "##choices#compiler_flags#param-max-inline-recursive-depth-auto": "--param max-inline-recursive-depth-auto=10", 
  "##choices#compiler_flags#param-max-peel-times": "--param max-peel-times=32", 
  "##choices#compiler_flags#param-max-predicted-iterations": "--param max-predicted-iterations=40", 
  "##choices#compiler_flags#param-max-unroll-times": "--param max-unroll-times=7", 
  "##choices#compiler_flags#param-max-variable-expansions-in-unroller": "--param max-variable-expansions-in-unroller=1", 
  "##choices#compiler_flags#param-selsched-max-lookahead": "--param selsched-max-lookahead=42", 
  "##choices#compiler_flags#param-sms-dfa-history": "--param sms-dfa-history=0", 
  "##choices#compiler_flags#param-unlikely-bb-count-fraction": "--param unlikely-bb-count-fraction=2425", 
  "##choices#data_uoa": "gzip", 
  "##choices#dataset_file": "data.wav.gz", 
  "##choices#dataset_uoa": "audio-wav-0001-gzipped", 
  "##choices#device_id": "", 
  "##choices#host_os": "linux-32", 
  "##choices#module_uoa": "b0ac08fe1d3c2615", 
  "##choices#no_state_check": "yes", 
  "##choices#program_tags": "", 
  "##choices#repeat": 360, 
  "##choices#target": "", 
  "##choices#target_os": "linux-32", 
  "##choices#target_os_bits": "32"
}
