{
  "##choices#calibration_time": 10.0, 
  "##choices#cmd_key": "decode", 
  "##choices#compile_type": "dynamic", 
  "##choices#compiler_description_uoa": "gcc-4.9.0-auto", 
  "##choices#compiler_flags#base_opt": "-O3", 
  "##choices#compiler_flags#bool-combine-stack-adjustments": "-fcombine-stack-adjustments", 
  "##choices#compiler_flags#bool-dse": "-fdse", 
  "##choices#compiler_flags#bool-forward-propagate": "-fforward-propagate", 
  "##choices#compiler_flags#bool-graphite-identity": "-fgraphite-identity", 
  "##choices#compiler_flags#bool-inline": "-finline", 
  "##choices#compiler_flags#bool-ira-share-save-slots": "-fno-ira-share-save-slots", 
  "##choices#compiler_flags#bool-ivopts": "-fno-ivopts", 
  "##choices#compiler_flags#bool-merge-all-constants": "-fmerge-all-constants", 
  "##choices#compiler_flags#bool-partial-inlining": "-fno-partial-inlining", 
  "##choices#compiler_flags#bool-predictive-commoning": "-fpredictive-commoning", 
  "##choices#compiler_flags#bool-rerun-cse-after-loop": "-frerun-cse-after-loop", 
  "##choices#compiler_flags#bool-sched-pressure": "-fno-sched-pressure", 
  "##choices#compiler_flags#bool-selective-scheduling": "-fno-selective-scheduling", 
  "##choices#compiler_flags#bool-selective-scheduling2": "-fselective-scheduling2", 
  "##choices#compiler_flags#bool-tree-coalesce-vars": "-ftree-coalesce-vars", 
  "##choices#compiler_flags#bool-tree-forwprop": "-ftree-forwprop", 
  "##choices#compiler_flags#bool-tree-fre": "-ftree-fre", 
  "##choices#compiler_flags#bool-tree-loop-distribution": "-fno-tree-loop-distribution", 
  "##choices#compiler_flags#bool-tree-loop-vectorize": "-ftree-loop-vectorize", 
  "##choices#compiler_flags#bool-unroll-all-loops": "-fno-unroll-all-loops", 
  "##choices#compiler_flags#bool-unsafe-loop-optimizations": "-funsafe-loop-optimizations", 
  "##choices#compiler_flags#param-allow-load-data-races": "--param allow-load-data-races=0", 
  "##choices#compiler_flags#param-allow-packed-load-data-races": "--param allow-packed-load-data-races=0", 
  "##choices#compiler_flags#param-asan-instrument-reads": "--param asan-instrument-reads=1", 
  "##choices#compiler_flags#param-comdat-sharing-probability": "--param comdat-sharing-probability=27", 
  "##choices#compiler_flags#param-graphite-max-nb-scop-params": "--param graphite-max-nb-scop-params=5", 
  "##choices#compiler_flags#param-loop-invariant-max-bbs-in-loop": "--param loop-invariant-max-bbs-in-loop=19772", 
  "##choices#compiler_flags#param-lto-min-partition": "--param lto-min-partition=1066", 
  "##choices#compiler_flags#param-max-delay-slot-live-search": "--param max-delay-slot-live-search=216", 
  "##choices#compiler_flags#param-max-hoist-depth": "--param max-hoist-depth=40", 
  "##choices#compiler_flags#param-max-peel-branches": "--param max-peel-branches=53", 
  "##choices#compiler_flags#param-max-peel-times": "--param max-peel-times=4", 
  "##choices#compiler_flags#param-max-pipeline-region-insns": "--param max-pipeline-region-insns=214", 
  "##choices#compiler_flags#param-max-sched-region-insns": "--param max-sched-region-insns=74", 
  "##choices#compiler_flags#param-max-unswitch-insns": "--param max-unswitch-insns=82", 
  "##choices#compiler_flags#param-max-vartrack-expr-depth": "--param max-vartrack-expr-depth=5", 
  "##choices#compiler_flags#param-min-spec-prob": "--param min-spec-prob=68", 
  "##choices#compiler_flags#param-scev-max-expr-complexity": "--param scev-max-expr-complexity=10", 
  "##choices#compiler_flags#param-sched-state-edge-prob-cutoff": "--param sched-state-edge-prob-cutoff=19", 
  "##choices#compiler_flags#param-slp-max-insns-in-bb": "--param slp-max-insns-in-bb=493", 
  "##choices#compiler_flags#param-sms-dfa-history": "--param sms-dfa-history=0", 
  "##choices#data_uoa": "gzip", 
  "##choices#dataset_file": "data.wav.gz", 
  "##choices#dataset_uoa": "audio-wav-0001-gzipped", 
  "##choices#device_id": "", 
  "##choices#host_os": "linux-32", 
  "##choices#module_uoa": "b0ac08fe1d3c2615", 
  "##choices#no_state_check": "yes", 
  "##choices#program_tags": "", 
  "##choices#repeat": 360, 
  "##choices#target": "", 
  "##choices#target_os": "linux-32", 
  "##choices#target_os_bits": "32"
}
