{
  "##choices#calibration_time": 10.0, 
  "##choices#cmd_key": "decode", 
  "##choices#compile_type": "dynamic", 
  "##choices#compiler_description_uoa": "gcc-4.9.0-auto", 
  "##choices#compiler_flags#base_opt": "-O3", 
  "##choices#compiler_flags#bool-forward-propagate": "-fforward-propagate", 
  "##choices#compiler_flags#bool-inline-functions-called-once": "-finline-functions-called-once", 
  "##choices#compiler_flags#bool-ira-hoist-pressure": "-fira-hoist-pressure", 
  "##choices#compiler_flags#bool-ira-loop-pressure": "-fno-ira-loop-pressure", 
  "##choices#compiler_flags#bool-loop-block": "-floop-block", 
  "##choices#compiler_flags#bool-merge-all-constants": "-fno-merge-all-constants", 
  "##choices#compiler_flags#bool-merge-constants": "-fmerge-constants", 
  "##choices#compiler_flags#bool-modulo-sched-allow-regmoves": "-fmodulo-sched-allow-regmoves", 
  "##choices#compiler_flags#bool-move-loop-invariants": "-fmove-loop-invariants", 
  "##choices#compiler_flags#bool-reciprocal-math": "-freciprocal-math", 
  "##choices#compiler_flags#bool-sched-dep-count-heuristic": "-fsched-dep-count-heuristic", 
  "##choices#compiler_flags#bool-sched-pressure": "-fsched-pressure", 
  "##choices#compiler_flags#bool-sched-spec-load": "-fno-sched-spec-load", 
  "##choices#compiler_flags#bool-tree-coalesce-vars": "-fno-tree-coalesce-vars", 
  "##choices#compiler_flags#bool-tree-fre": "-fno-tree-fre", 
  "##choices#compiler_flags#bool-tree-loop-linear": "-ftree-loop-linear", 
  "##choices#compiler_flags#param-cxx-max-namespaces-for-diagnostic-help": "--param cxx-max-namespaces-for-diagnostic-help=1307", 
  "##choices#compiler_flags#param-iv-always-prune-cand-set-bound": "--param iv-always-prune-cand-set-bound=19", 
  "##choices#compiler_flags#param-large-function-insns": "--param large-function-insns=3573", 
  "##choices#compiler_flags#param-max-completely-peeled-insns": "--param max-completely-peeled-insns=87", 
  "##choices#compiler_flags#param-max-cse-insns": "--param max-cse-insns=97", 
  "##choices#compiler_flags#param-max-delay-slot-insn-search": "--param max-delay-slot-insn-search=86", 
  "##choices#compiler_flags#param-max-inline-insns-auto": "--param max-inline-insns-auto=59", 
  "##choices#compiler_flags#param-max-iterations-computation-cost": "--param max-iterations-computation-cost=0", 
  "##choices#compiler_flags#param-max-stores-to-sink": "--param max-stores-to-sink=2", 
  "##choices#compiler_flags#param-omega-max-wild-cards": "--param omega-max-wild-cards=31", 
  "##choices#compiler_flags#param-predictable-branch-outcome": "--param predictable-branch-outcome=30", 
  "##choices#compiler_flags#param-selsched-max-lookahead": "--param selsched-max-lookahead=66", 
  "##choices#compiler_flags#param-uninit-control-dep-attempts": "--param uninit-control-dep-attempts=1323", 
  "##choices#compiler_flags#param-vect-max-version-for-alignment-checks": "--param vect-max-version-for-alignment-checks=9", 
  "##choices#data_uoa": "gzip", 
  "##choices#dataset_file": "data.wav.gz", 
  "##choices#dataset_uoa": "audio-wav-0001-gzipped", 
  "##choices#device_id": "", 
  "##choices#host_os": "linux-32", 
  "##choices#module_uoa": "b0ac08fe1d3c2615", 
  "##choices#no_state_check": "yes", 
  "##choices#program_tags": "", 
  "##choices#repeat": 360, 
  "##choices#target": "", 
  "##choices#target_os": "linux-32", 
  "##choices#target_os_bits": "32"
}
