{
  "##choices#calibration_time": 10.0, 
  "##choices#cmd_key": "decode", 
  "##choices#compile_type": "dynamic", 
  "##choices#compiler_description_uoa": "gcc-4.9.0-auto", 
  "##choices#compiler_flags#base_opt": "-O3", 
  "##choices#compiler_flags#bool-associative-math": "-fassociative-math", 
  "##choices#compiler_flags#bool-crossjumping": "-fcrossjumping", 
  "##choices#compiler_flags#bool-forward-propagate": "-fforward-propagate", 
  "##choices#compiler_flags#bool-gcse-sm": "-fno-gcse-sm", 
  "##choices#compiler_flags#bool-hoist-adjacent-loads": "-fhoist-adjacent-loads", 
  "##choices#compiler_flags#bool-isolate-erroneous-paths-dereference": "-fno-isolate-erroneous-paths-dereference", 
  "##choices#compiler_flags#bool-merge-constants": "-fno-merge-constants", 
  "##choices#compiler_flags#bool-modulo-sched-allow-regmoves": "-fno-modulo-sched-allow-regmoves", 
  "##choices#compiler_flags#bool-move-loop-invariants": "-fno-move-loop-invariants", 
  "##choices#compiler_flags#bool-optimize-sibling-calls": "-foptimize-sibling-calls", 
  "##choices#compiler_flags#bool-partial-inlining": "-fpartial-inlining", 
  "##choices#compiler_flags#bool-peephole": "-fpeephole", 
  "##choices#compiler_flags#bool-predictive-commoning": "-fpredictive-commoning", 
  "##choices#compiler_flags#bool-rounding-math": "-fno-rounding-math", 
  "##choices#compiler_flags#bool-signed-zeros": "-fno-signed-zeros", 
  "##choices#compiler_flags#bool-tree-ccp": "-ftree-ccp", 
  "##choices#compiler_flags#bool-tree-loop-distribution": "-ftree-loop-distribution", 
  "##choices#compiler_flags#bool-tree-loop-vectorize": "-ftree-loop-vectorize", 
  "##choices#compiler_flags#bool-tree-partial-pre": "-ftree-partial-pre", 
  "##choices#compiler_flags#bool-tree-pta": "-fno-tree-pta", 
  "##choices#compiler_flags#bool-variable-expansion-in-unroller": "-fno-variable-expansion-in-unroller", 
  "##choices#data_uoa": "gzip", 
  "##choices#dataset_file": "data.wav.gz", 
  "##choices#dataset_uoa": "audio-wav-0001-gzipped", 
  "##choices#device_id": "", 
  "##choices#host_os": "linux-32", 
  "##choices#module_uoa": "b0ac08fe1d3c2615", 
  "##choices#no_state_check": "yes", 
  "##choices#program_tags": "", 
  "##choices#repeat": 360, 
  "##choices#target": "", 
  "##choices#target_os": "linux-32", 
  "##choices#target_os_bits": "32"
}
