{
  "##choices#calibration_time": 10.0, 
  "##choices#cmd_key": "decode", 
  "##choices#compile_type": "dynamic", 
  "##choices#compiler_description_uoa": "gcc-4.9.0-auto", 
  "##choices#compiler_flags#base_opt": "-O3", 
  "##choices#compiler_flags#bool--fira-algorithm=": "-fira-algorithm=CB", 
  "##choices#compiler_flags#bool-compare-elim": "-fcompare-elim", 
  "##choices#compiler_flags#bool-conserve-stack": "-fno-conserve-stack", 
  "##choices#compiler_flags#bool-dce": "-fno-dce", 
  "##choices#compiler_flags#bool-delete-null-pointer-checks": "-fno-delete-null-pointer-checks", 
  "##choices#compiler_flags#bool-devirtualize-speculatively": "-fdevirtualize-speculatively", 
  "##choices#compiler_flags#bool-expensive-optimizations": "-fexpensive-optimizations", 
  "##choices#compiler_flags#bool-finite-math-only": "-ffinite-math-only", 
  "##choices#compiler_flags#bool-gcse-las": "-fno-gcse-las", 
  "##choices#compiler_flags#bool-gcse-sm": "-fgcse-sm", 
  "##choices#compiler_flags#bool-if-conversion": "-fno-if-conversion", 
  "##choices#compiler_flags#bool-ipa-reference": "-fipa-reference", 
  "##choices#compiler_flags#bool-predictive-commoning": "-fpredictive-commoning", 
  "##choices#compiler_flags#bool-sched-last-insn-heuristic": "-fno-sched-last-insn-heuristic", 
  "##choices#compiler_flags#bool-schedule-insns2": "-fno-schedule-insns2", 
  "##choices#compiler_flags#bool-tree-builtin-call-dce": "-ftree-builtin-call-dce", 
  "##choices#compiler_flags#bool-tree-copyrename": "-ftree-copyrename", 
  "##choices#compiler_flags#bool-unsafe-math-optimizations": "-fno-unsafe-math-optimizations", 
  "##choices#compiler_flags#bool-unswitch-loops": "-fno-unswitch-loops", 
  "##choices#compiler_flags#bool-vect-cost-model": "-fvect-cost-model", 
  "##choices#compiler_flags#param--finline-limit=": "-finline-limit=0", 
  "##choices#compiler_flags#param--fsched-stalled-insns-dep=": "-fsched-stalled-insns-dep=0", 
  "##choices#compiler_flags#param--fsched-stalled-insns=": "-fsched-stalled-insns=0", 
  "##choices#compiler_flags#param-asan-instrument-reads": "--param asan-instrument-reads=0", 
  "##choices#compiler_flags#param-graphite-max-nb-scop-params": "--param graphite-max-nb-scop-params=2", 
  "##choices#compiler_flags#param-inline-unit-growth": "--param inline-unit-growth=13", 
  "##choices#compiler_flags#param-l2-cache-size": "--param l2-cache-size=719", 
  "##choices#compiler_flags#param-lra-max-considered-reload-pseudos": "--param lra-max-considered-reload-pseudos=826", 
  "##choices#compiler_flags#param-max-cse-insns": "--param max-cse-insns=933", 
  "##choices#compiler_flags#param-max-delay-slot-live-search": "--param max-delay-slot-live-search=558", 
  "##choices#compiler_flags#param-max-inline-recursive-depth": "--param max-inline-recursive-depth=13", 
  "##choices#compiler_flags#param-max-last-value-rtl": "--param max-last-value-rtl=383", 
  "##choices#compiler_flags#param-max-reload-search-insns": "--param max-reload-search-insns=1", 
  "##choices#compiler_flags#param-max-sched-extend-regions-iters": "--param max-sched-extend-regions-iters=0", 
  "##choices#compiler_flags#param-max-unroll-times": "--param max-unroll-times=1", 
  "##choices#compiler_flags#param-min-spec-prob": "--param min-spec-prob=71", 
  "##choices#compiler_flags#param-omega-hash-table-size": "--param omega-hash-table-size=967", 
  "##choices#compiler_flags#param-omega-max-vars": "--param omega-max-vars=121", 
  "##choices#compiler_flags#param-partial-inlining-entry-probability": "--param partial-inlining-entry-probability=72", 
  "##choices#compiler_flags#param-slp-max-insns-in-bb": "--param slp-max-insns-in-bb=1800", 
  "##choices#compiler_flags#param-tm-max-aggregate-size": "--param tm-max-aggregate-size=9", 
  "##choices#compiler_flags#param-use-canonical-types": "--param use-canonical-types=0", 
  "##choices#data_uoa": "gzip", 
  "##choices#dataset_file": "data.wav.gz", 
  "##choices#dataset_uoa": "audio-wav-0001-gzipped", 
  "##choices#device_id": "", 
  "##choices#host_os": "linux-32", 
  "##choices#module_uoa": "b0ac08fe1d3c2615", 
  "##choices#no_state_check": "yes", 
  "##choices#program_tags": "", 
  "##choices#repeat": 360, 
  "##choices#target": "", 
  "##choices#target_os": "linux-32", 
  "##choices#target_os_bits": "32"
}
