{
  "##choices#calibration_time": 10.0, 
  "##choices#cmd_key": "decode", 
  "##choices#compile_type": "dynamic", 
  "##choices#compiler_description_uoa": "gcc-4.9.0-auto", 
  "##choices#compiler_flags#base_opt": "-O3", 
  "##choices#compiler_flags#bool-associative-math": "-fassociative-math", 
  "##choices#compiler_flags#bool-conserve-stack": "-fconserve-stack", 
  "##choices#compiler_flags#bool-cse-skip-blocks": "-fno-cse-skip-blocks", 
  "##choices#compiler_flags#bool-dce": "-fno-dce", 
  "##choices#compiler_flags#bool-function-sections": "-fno-function-sections", 
  "##choices#compiler_flags#bool-gcse-lm": "-fno-gcse-lm", 
  "##choices#compiler_flags#bool-inline-small-functions": "-finline-small-functions", 
  "##choices#compiler_flags#bool-ipa-cp-clone": "-fno-ipa-cp-clone", 
  "##choices#compiler_flags#bool-isolate-erroneous-paths-attribute": "-fisolate-erroneous-paths-attribute", 
  "##choices#compiler_flags#bool-keep-static-consts": "-fkeep-static-consts", 
  "##choices#compiler_flags#bool-live-range-shrinkage": "-flive-range-shrinkage", 
  "##choices#compiler_flags#bool-sched-spec-insn-heuristic": "-fno-sched-spec-insn-heuristic", 
  "##choices#compiler_flags#bool-sched-spec-load": "-fsched-spec-load", 
  "##choices#compiler_flags#bool-split-ivs-in-unroller": "-fsplit-ivs-in-unroller", 
  "##choices#compiler_flags#bool-tracer": "-ftracer", 
  "##choices#compiler_flags#bool-tree-ccp": "-fno-tree-ccp", 
  "##choices#compiler_flags#bool-tree-coalesce-vars": "-fno-tree-coalesce-vars", 
  "##choices#compiler_flags#bool-tree-dominator-opts": "-ftree-dominator-opts", 
  "##choices#compiler_flags#bool-tree-pre": "-ftree-pre", 
  "##choices#compiler_flags#bool-tree-slsr": "-fno-tree-slsr", 
  "##choices#compiler_flags#bool-tree-ter": "-ftree-ter", 
  "##choices#compiler_flags#bool-tree-vrp": "-fno-tree-vrp", 
  "##choices#compiler_flags#bool-unit-at-a-time": "-funit-at-a-time", 
  "##choices#compiler_flags#bool-unsafe-loop-optimizations": "-fno-unsafe-loop-optimizations", 
  "##choices#data_uoa": "gzip", 
  "##choices#dataset_file": "data.wav.gz", 
  "##choices#dataset_uoa": "audio-wav-0001-gzipped", 
  "##choices#device_id": "", 
  "##choices#host_os": "linux-32", 
  "##choices#module_uoa": "b0ac08fe1d3c2615", 
  "##choices#no_state_check": "yes", 
  "##choices#program_tags": "", 
  "##choices#repeat": 360, 
  "##choices#target": "", 
  "##choices#target_os": "linux-32", 
  "##choices#target_os_bits": "32"
}
