{
  "##choices#calibration_time": 10.0, 
  "##choices#cmd_key": "decode", 
  "##choices#compile_type": "dynamic", 
  "##choices#compiler_description_uoa": "gcc-4.9.0-auto", 
  "##choices#compiler_flags#base_opt": "-O3", 
  "##choices#compiler_flags#bool--fexcess-precision=": "-fexcess-precision=standard", 
  "##choices#compiler_flags#bool-cx-fortran-rules": "-fcx-fortran-rules", 
  "##choices#compiler_flags#bool-expensive-optimizations": "-fexpensive-optimizations", 
  "##choices#compiler_flags#bool-float-store": "-fno-float-store", 
  "##choices#compiler_flags#bool-gcse-after-reload": "-fgcse-after-reload", 
  "##choices#compiler_flags#bool-ira-share-save-slots": "-fno-ira-share-save-slots", 
  "##choices#compiler_flags#bool-loop-parallelize-all": "-fno-loop-parallelize-all", 
  "##choices#compiler_flags#bool-loop-strip-mine": "-fno-loop-strip-mine", 
  "##choices#compiler_flags#bool-move-loop-invariants": "-fmove-loop-invariants", 
  "##choices#compiler_flags#bool-peephole2": "-fpeephole2", 
  "##choices#compiler_flags#bool-prefetch-loop-arrays": "-fno-prefetch-loop-arrays", 
  "##choices#compiler_flags#bool-tree-builtin-call-dce": "-ftree-builtin-call-dce", 
  "##choices#compiler_flags#bool-tree-coalesce-vars": "-fno-tree-coalesce-vars", 
  "##choices#compiler_flags#bool-tree-forwprop": "-fno-tree-forwprop", 
  "##choices#compiler_flags#bool-tree-phiprop": "-ftree-phiprop", 
  "##choices#compiler_flags#bool-tree-vectorize": "-ftree-vectorize", 
  "##choices#compiler_flags#bool-unsafe-math-optimizations": "-fno-unsafe-math-optimizations", 
  "##choices#compiler_flags#bool-vpt": "-fno-vpt", 
  "##choices#compiler_flags#bool-zero-initialized-in-bss": "-fzero-initialized-in-bss", 
  "##choices#compiler_flags#param--fsched-stalled-insns-dep=": "-fsched-stalled-insns-dep=0", 
  "##choices#compiler_flags#param-align-loop-iterations": "--param align-loop-iterations=1", 
  "##choices#compiler_flags#param-hot-bb-frequency-fraction": "--param hot-bb-frequency-fraction=877", 
  "##choices#compiler_flags#param-ira-max-conflict-table-size": "--param ira-max-conflict-table-size=1806", 
  "##choices#compiler_flags#param-max-completely-peel-loop-nest-depth": "--param max-completely-peel-loop-nest-depth=16", 
  "##choices#compiler_flags#param-max-cselib-memory-locations": "--param max-cselib-memory-locations=8", 
  "##choices#compiler_flags#param-max-grow-copy-bb-insns": "--param max-grow-copy-bb-insns=1", 
  "##choices#compiler_flags#param-max-inline-insns-auto": "--param max-inline-insns-auto=23", 
  "##choices#compiler_flags#param-max-iterations-computation-cost": "--param max-iterations-computation-cost=7", 
  "##choices#compiler_flags#param-max-once-peeled-insns": "--param max-once-peeled-insns=100", 
  "##choices#compiler_flags#param-max-reload-search-insns": "--param max-reload-search-insns=46", 
  "##choices#compiler_flags#param-max-vartrack-size": "--param max-vartrack-size=69257505", 
  "##choices#compiler_flags#param-predictable-branch-outcome": "--param predictable-branch-outcome=42", 
  "##choices#compiler_flags#param-scev-max-expr-size": "--param scev-max-expr-size=177", 
  "##choices#compiler_flags#param-sms-max-ii-factor": "--param sms-max-ii-factor=172", 
  "##choices#compiler_flags#param-tracer-max-code-growth": "--param tracer-max-code-growth=173", 
  "##choices#data_uoa": "gzip", 
  "##choices#dataset_file": "data.wav.gz", 
  "##choices#dataset_uoa": "audio-wav-0001-gzipped", 
  "##choices#device_id": "", 
  "##choices#host_os": "linux-32", 
  "##choices#module_uoa": "b0ac08fe1d3c2615", 
  "##choices#no_state_check": "yes", 
  "##choices#program_tags": "", 
  "##choices#repeat": 360, 
  "##choices#target": "", 
  "##choices#target_os": "linux-32", 
  "##choices#target_os_bits": "32"
}
