{
  "##choices#calibration_time": 10.0, 
  "##choices#cmd_key": "decode", 
  "##choices#compile_type": "dynamic", 
  "##choices#compiler_description_uoa": "gcc-4.9.0-auto", 
  "##choices#compiler_flags#base_opt": "-O3", 
  "##choices#compiler_flags#bool--fexcess-precision=": "-fexcess-precision=standard", 
  "##choices#compiler_flags#bool-branch-target-load-optimize": "-fbranch-target-load-optimize", 
  "##choices#compiler_flags#bool-branch-target-load-optimize2": "-fbranch-target-load-optimize2", 
  "##choices#compiler_flags#bool-caller-saves": "-fno-caller-saves", 
  "##choices#compiler_flags#bool-gcse-lm": "-fgcse-lm", 
  "##choices#compiler_flags#bool-inline-functions": "-fno-inline-functions", 
  "##choices#compiler_flags#bool-ira-loop-pressure": "-fno-ira-loop-pressure", 
  "##choices#compiler_flags#bool-loop-interchange": "-floop-interchange", 
  "##choices#compiler_flags#bool-loop-strip-mine": "-floop-strip-mine", 
  "##choices#compiler_flags#bool-modulo-sched-allow-regmoves": "-fno-modulo-sched-allow-regmoves", 
  "##choices#compiler_flags#bool-peel-loops": "-fno-peel-loops", 
  "##choices#compiler_flags#bool-rounding-math": "-fno-rounding-math", 
  "##choices#compiler_flags#bool-signaling-nans": "-fsignaling-nans", 
  "##choices#compiler_flags#bool-tree-forwprop": "-ftree-forwprop", 
  "##choices#compiler_flags#bool-tree-loop-if-convert-stores": "-fno-tree-loop-if-convert-stores", 
  "##choices#compiler_flags#bool-tree-loop-im": "-ftree-loop-im", 
  "##choices#compiler_flags#bool-tree-loop-linear": "-fno-tree-loop-linear", 
  "##choices#compiler_flags#bool-tree-sink": "-ftree-sink", 
  "##choices#compiler_flags#bool-tree-slsr": "-ftree-slsr", 
  "##choices#compiler_flags#bool-tree-vectorize": "-ftree-vectorize", 
  "##choices#compiler_flags#bool-unit-at-a-time": "-fno-unit-at-a-time", 
  "##choices#compiler_flags#bool-vpt": "-fno-vpt", 
  "##choices#compiler_flags#param--ftree-parallelize-loops=": "-ftree-parallelize-loops=0", 
  "##choices#compiler_flags#param-allow-packed-load-data-races": "--param allow-packed-load-data-races=0", 
  "##choices#compiler_flags#param-asan-stack": "--param asan-stack=1", 
  "##choices#compiler_flags#param-early-inlining-insns": "--param early-inlining-insns=5", 
  "##choices#compiler_flags#param-hot-bb-count-ws-permille": "--param hot-bb-count-ws-permille=985", 
  "##choices#compiler_flags#param-ipa-cp-loop-hint-bonus": "--param ipa-cp-loop-hint-bonus=59", 
  "##choices#compiler_flags#param-ipa-cp-value-list-size": "--param ipa-cp-value-list-size=13", 
  "##choices#compiler_flags#param-ipcp-unit-growth": "--param ipcp-unit-growth=12", 
  "##choices#compiler_flags#param-large-stack-frame": "--param large-stack-frame=303", 
  "##choices#compiler_flags#param-max-dse-active-local-stores": "--param max-dse-active-local-stores=8281", 
  "##choices#compiler_flags#param-max-hoist-depth": "--param max-hoist-depth=38", 
  "##choices#compiler_flags#param-max-sched-insn-conflict-delay": "--param max-sched-insn-conflict-delay=3", 
  "##choices#compiler_flags#param-max-unswitch-insns": "--param max-unswitch-insns=94", 
  "##choices#compiler_flags#param-max-vartrack-reverse-op-size": "--param max-vartrack-reverse-op-size=18", 
  "##choices#compiler_flags#param-max-vartrack-size": "--param max-vartrack-size=16467879", 
  "##choices#compiler_flags#param-prefetch-min-insn-to-mem-ratio": "--param prefetch-min-insn-to-mem-ratio=6", 
  "##choices#compiler_flags#param-sched-state-edge-prob-cutoff": "--param sched-state-edge-prob-cutoff=92", 
  "##choices#compiler_flags#param-sms-dfa-history": "--param sms-dfa-history=0", 
  "##choices#compiler_flags#param-vect-max-version-for-alias-checks": "--param vect-max-version-for-alias-checks=3", 
  "##choices#data_uoa": "gzip", 
  "##choices#dataset_file": "data.wav.gz", 
  "##choices#dataset_uoa": "audio-wav-0001-gzipped", 
  "##choices#device_id": "", 
  "##choices#host_os": "linux-32", 
  "##choices#module_uoa": "b0ac08fe1d3c2615", 
  "##choices#no_state_check": "yes", 
  "##choices#program_tags": "", 
  "##choices#repeat": 360, 
  "##choices#target": "", 
  "##choices#target_os": "linux-32", 
  "##choices#target_os_bits": "32"
}
