{
  "##choices#calibration_time": 10.0, 
  "##choices#cmd_key": "decode", 
  "##choices#compile_type": "dynamic", 
  "##choices#compiler_description_uoa": "gcc-4.9.0-auto", 
  "##choices#compiler_flags#base_opt": "-O3", 
  "##choices#compiler_flags#bool-compare-elim": "-fno-compare-elim", 
  "##choices#compiler_flags#bool-forward-propagate": "-fno-forward-propagate", 
  "##choices#compiler_flags#bool-function-sections": "-ffunction-sections", 
  "##choices#compiler_flags#bool-indirect-inlining": "-fno-indirect-inlining", 
  "##choices#compiler_flags#bool-loop-interchange": "-floop-interchange", 
  "##choices#compiler_flags#bool-math-errno": "-fno-math-errno", 
  "##choices#compiler_flags#bool-optimize-sibling-calls": "-fno-optimize-sibling-calls", 
  "##choices#compiler_flags#bool-reciprocal-math": "-fno-reciprocal-math", 
  "##choices#compiler_flags#bool-sched-spec": "-fsched-spec", 
  "##choices#compiler_flags#bool-split-wide-types": "-fsplit-wide-types", 
  "##choices#compiler_flags#bool-tree-ccp": "-ftree-ccp", 
  "##choices#compiler_flags#bool-tree-sink": "-fno-tree-sink", 
  "##choices#compiler_flags#bool-unit-at-a-time": "-fno-unit-at-a-time", 
  "##choices#compiler_flags#bool-unroll-all-loops": "-fno-unroll-all-loops", 
  "##choices#compiler_flags#param-builtin-expect-probability": "--param builtin-expect-probability=54", 
  "##choices#compiler_flags#param-hot-bb-count-ws-permille": "--param hot-bb-count-ws-permille=818", 
  "##choices#compiler_flags#param-inline-unit-growth": "--param inline-unit-growth=40", 
  "##choices#compiler_flags#param-ipa-cp-value-list-size": "--param ipa-cp-value-list-size=6", 
  "##choices#compiler_flags#param-ipa-max-agg-items": "--param ipa-max-agg-items=20", 
  "##choices#compiler_flags#param-large-function-insns": "--param large-function-insns=3648", 
  "##choices#compiler_flags#param-loop-invariant-max-bbs-in-loop": "--param loop-invariant-max-bbs-in-loop=6397", 
  "##choices#compiler_flags#param-lra-max-considered-reload-pseudos": "--param lra-max-considered-reload-pseudos=925", 
  "##choices#compiler_flags#param-max-average-unrolled-insns": "--param max-average-unrolled-insns=65", 
  "##choices#compiler_flags#param-max-inline-recursive-depth": "--param max-inline-recursive-depth=16", 
  "##choices#compiler_flags#param-max-jump-thread-duplication-stmts": "--param max-jump-thread-duplication-stmts=8", 
  "##choices#compiler_flags#param-max-modulo-backtrack-attempts": "--param max-modulo-backtrack-attempts=73", 
  "##choices#compiler_flags#param-max-peel-times": "--param max-peel-times=3", 
  "##choices#compiler_flags#param-max-sched-insn-conflict-delay": "--param max-sched-insn-conflict-delay=8", 
  "##choices#compiler_flags#param-max-unroll-times": "--param max-unroll-times=11", 
  "##choices#compiler_flags#param-max-unswitch-level": "--param max-unswitch-level=6", 
  "##choices#compiler_flags#param-min-crossjump-insns": "--param min-crossjump-insns=10", 
  "##choices#compiler_flags#param-omega-max-keys": "--param omega-max-keys=965", 
  "##choices#compiler_flags#param-scev-max-expr-size": "--param scev-max-expr-size=53", 
  "##choices#compiler_flags#param-simultaneous-prefetches": "--param simultaneous-prefetches=0", 
  "##choices#compiler_flags#param-sink-frequency-threshold": "--param sink-frequency-threshold=16", 
  "##choices#compiler_flags#param-slp-max-insns-in-bb": "--param slp-max-insns-in-bb=1873", 
  "##choices#data_uoa": "gzip", 
  "##choices#dataset_file": "data.wav.gz", 
  "##choices#dataset_uoa": "audio-wav-0001-gzipped", 
  "##choices#device_id": "", 
  "##choices#host_os": "linux-32", 
  "##choices#module_uoa": "b0ac08fe1d3c2615", 
  "##choices#no_state_check": "yes", 
  "##choices#program_tags": "", 
  "##choices#repeat": 360, 
  "##choices#target": "", 
  "##choices#target_os": "linux-32", 
  "##choices#target_os_bits": "32"
}
