{
  "##choices#calibration_time": 10.0, 
  "##choices#cmd_key": "decode", 
  "##choices#compile_type": "dynamic", 
  "##choices#compiler_description_uoa": "gcc-4.9.0-auto", 
  "##choices#compiler_flags#base_opt": "-O3", 
  "##choices#compiler_flags#bool--ffp-contract=": "-ffp-contract=off", 
  "##choices#compiler_flags#bool-branch-target-load-optimize2": "-fbranch-target-load-optimize2", 
  "##choices#compiler_flags#bool-crossjumping": "-fno-crossjumping", 
  "##choices#compiler_flags#bool-delete-null-pointer-checks": "-fno-delete-null-pointer-checks", 
  "##choices#compiler_flags#bool-fat-lto-objects": "-ffat-lto-objects", 
  "##choices#compiler_flags#bool-forward-propagate": "-fno-forward-propagate", 
  "##choices#compiler_flags#bool-merge-all-constants": "-fno-merge-all-constants", 
  "##choices#compiler_flags#bool-reorder-blocks-and-partition": "-fno-reorder-blocks-and-partition", 
  "##choices#compiler_flags#bool-sched-spec-insn-heuristic": "-fsched-spec-insn-heuristic", 
  "##choices#compiler_flags#bool-sel-sched-pipelining": "-fsel-sched-pipelining", 
  "##choices#compiler_flags#bool-tree-loop-distribute-patterns": "-ftree-loop-distribute-patterns", 
  "##choices#compiler_flags#bool-tree-loop-if-convert-stores": "-fno-tree-loop-if-convert-stores", 
  "##choices#compiler_flags#bool-tree-phiprop": "-ftree-phiprop", 
  "##choices#compiler_flags#bool-tree-reassoc": "-ftree-reassoc", 
  "##choices#compiler_flags#bool-unroll-all-loops": "-fno-unroll-all-loops", 
  "##choices#data_uoa": "gzip", 
  "##choices#dataset_file": "data.wav.gz", 
  "##choices#dataset_uoa": "audio-wav-0001-gzipped", 
  "##choices#device_id": "", 
  "##choices#host_os": "linux-32", 
  "##choices#module_uoa": "b0ac08fe1d3c2615", 
  "##choices#no_state_check": "yes", 
  "##choices#program_tags": "", 
  "##choices#repeat": 360, 
  "##choices#target": "", 
  "##choices#target_os": "linux-32", 
  "##choices#target_os_bits": "32"
}
