{
  "##choices#calibration_time": 10.0, 
  "##choices#cmd_key": "decode", 
  "##choices#compile_type": "dynamic", 
  "##choices#compiler_description_uoa": "gcc-4.9.0-auto", 
  "##choices#compiler_flags#base_opt": "-O3", 
  "##choices#compiler_flags#bool--fexcess-precision=": "-fexcess-precision=standard", 
  "##choices#compiler_flags#bool-btr-bb-exclusive": "-fno-btr-bb-exclusive", 
  "##choices#compiler_flags#bool-cse-skip-blocks": "-fno-cse-skip-blocks", 
  "##choices#compiler_flags#bool-dse": "-fdse", 
  "##choices#compiler_flags#bool-gcse": "-fgcse", 
  "##choices#compiler_flags#bool-gcse-after-reload": "-fno-gcse-after-reload", 
  "##choices#compiler_flags#bool-guess-branch-probability": "-fno-guess-branch-probability", 
  "##choices#compiler_flags#bool-ipa-cp": "-fno-ipa-cp", 
  "##choices#compiler_flags#bool-loop-parallelize-all": "-fno-loop-parallelize-all", 
  "##choices#compiler_flags#bool-partial-inlining": "-fno-partial-inlining", 
  "##choices#compiler_flags#bool-sched-group-heuristic": "-fsched-group-heuristic", 
  "##choices#compiler_flags#bool-sched-pressure": "-fno-sched-pressure", 
  "##choices#compiler_flags#bool-split-ivs-in-unroller": "-fsplit-ivs-in-unroller", 
  "##choices#compiler_flags#bool-split-wide-types": "-fno-split-wide-types", 
  "##choices#compiler_flags#bool-tree-ccp": "-fno-tree-ccp", 
  "##choices#compiler_flags#bool-tree-dce": "-ftree-dce", 
  "##choices#compiler_flags#bool-tree-fre": "-fno-tree-fre", 
  "##choices#compiler_flags#bool-unsafe-loop-optimizations": "-funsafe-loop-optimizations", 
  "##choices#compiler_flags#bool-unsafe-math-optimizations": "-funsafe-math-optimizations", 
  "##choices#compiler_flags#bool-zero-initialized-in-bss": "-fzero-initialized-in-bss", 
  "##choices#compiler_flags#param--falign-loops=": "-falign-loops=0", 
  "##choices#compiler_flags#param-asan-instrument-reads": "--param asan-instrument-reads=0", 
  "##choices#compiler_flags#param-asan-instrument-writes": "--param asan-instrument-writes=0", 
  "##choices#compiler_flags#param-early-inlining-insns": "--param early-inlining-insns=17", 
  "##choices#compiler_flags#param-gcse-cost-distance-ratio": "--param gcse-cost-distance-ratio=1", 
  "##choices#compiler_flags#param-inline-unit-growth": "--param inline-unit-growth=33", 
  "##choices#compiler_flags#param-ira-loop-reserved-regs": "--param ira-loop-reserved-regs=0", 
  "##choices#compiler_flags#param-max-completely-peel-loop-nest-depth": "--param max-completely-peel-loop-nest-depth=1", 
  "##choices#compiler_flags#param-max-inline-insns-recursive-auto": "--param max-inline-insns-recursive-auto=489", 
  "##choices#compiler_flags#param-max-last-value-rtl": "--param max-last-value-rtl=17786", 
  "##choices#compiler_flags#param-max-peeled-insns": "--param max-peeled-insns=142", 
  "##choices#compiler_flags#param-max-sched-ready-insns": "--param max-sched-ready-insns=57", 
  "##choices#compiler_flags#param-max-sched-region-insns": "--param max-sched-region-insns=106", 
  "##choices#compiler_flags#param-max-unroll-times": "--param max-unroll-times=11", 
  "##choices#compiler_flags#param-max-unswitch-level": "--param max-unswitch-level=5", 
  "##choices#compiler_flags#param-min-crossjump-insns": "--param min-crossjump-insns=10", 
  "##choices#compiler_flags#param-min-inline-recursive-probability": "--param min-inline-recursive-probability=14", 
  "##choices#compiler_flags#param-sccvn-max-scc-size": "--param sccvn-max-scc-size=1427", 
  "##choices#compiler_flags#param-scev-max-expr-complexity": "--param scev-max-expr-complexity=9", 
  "##choices#compiler_flags#param-sched-mem-true-dep-cost": "--param sched-mem-true-dep-cost=1", 
  "##choices#compiler_flags#param-sched-pressure-algorithm": "--param sched-pressure-algorithm=2", 
  "##choices#compiler_flags#param-selsched-insns-to-rename": "--param selsched-insns-to-rename=2", 
  "##choices#compiler_flags#param-tracer-max-code-growth": "--param tracer-max-code-growth=101", 
  "##choices#compiler_flags#param-tracer-min-branch-probability": "--param tracer-min-branch-probability=93", 
  "##choices#data_uoa": "gzip", 
  "##choices#dataset_file": "data.wav.gz", 
  "##choices#dataset_uoa": "audio-wav-0001-gzipped", 
  "##choices#device_id": "", 
  "##choices#host_os": "linux-32", 
  "##choices#module_uoa": "b0ac08fe1d3c2615", 
  "##choices#no_state_check": "yes", 
  "##choices#program_tags": "", 
  "##choices#repeat": 360, 
  "##choices#target": "", 
  "##choices#target_os": "linux-32", 
  "##choices#target_os_bits": "32"
}
