{
  "##choices#calibration_time": 10.0, 
  "##choices#cmd_key": "decode", 
  "##choices#compile_type": "dynamic", 
  "##choices#compiler_description_uoa": "gcc-4.9.0-auto", 
  "##choices#compiler_flags#base_opt": "-O3", 
  "##choices#compiler_flags#bool-branch-target-load-optimize2": "-fbranch-target-load-optimize2", 
  "##choices#compiler_flags#bool-caller-saves": "-fcaller-saves", 
  "##choices#compiler_flags#bool-if-conversion2": "-fif-conversion2", 
  "##choices#compiler_flags#bool-ipa-sra": "-fipa-sra", 
  "##choices#compiler_flags#bool-isolate-erroneous-paths-dereference": "-fisolate-erroneous-paths-dereference", 
  "##choices#compiler_flags#bool-merge-all-constants": "-fno-merge-all-constants", 
  "##choices#compiler_flags#bool-sched-spec": "-fno-sched-spec", 
  "##choices#compiler_flags#bool-selective-scheduling": "-fselective-scheduling", 
  "##choices#compiler_flags#bool-tree-ccp": "-ftree-ccp", 
  "##choices#compiler_flags#bool-tree-tail-merge": "-fno-tree-tail-merge", 
  "##choices#compiler_flags#param-allow-store-data-races": "--param allow-store-data-races=0", 
  "##choices#compiler_flags#param-iv-always-prune-cand-set-bound": "--param iv-always-prune-cand-set-bound=12", 
  "##choices#compiler_flags#param-lim-expensive": "--param lim-expensive=22", 
  "##choices#compiler_flags#param-lto-min-partition": "--param lto-min-partition=1052", 
  "##choices#compiler_flags#param-max-average-unrolled-insns": "--param max-average-unrolled-insns=52", 
  "##choices#compiler_flags#param-max-completely-peeled-insns": "--param max-completely-peeled-insns=63", 
  "##choices#compiler_flags#param-max-grow-copy-bb-insns": "--param max-grow-copy-bb-insns=10", 
  "##choices#compiler_flags#param-max-inline-insns-recursive-auto": "--param max-inline-insns-recursive-auto=842", 
  "##choices#compiler_flags#param-max-inline-insns-single": "--param max-inline-insns-single=697", 
  "##choices#compiler_flags#param-max-pipeline-region-blocks": "--param max-pipeline-region-blocks=25", 
  "##choices#compiler_flags#param-max-sched-insn-conflict-delay": "--param max-sched-insn-conflict-delay=6", 
  "##choices#compiler_flags#param-max-unswitch-level": "--param max-unswitch-level=1", 
  "##choices#compiler_flags#param-max-vartrack-size": "--param max-vartrack-size=87100224", 
  "##choices#compiler_flags#param-omega-max-geqs": "--param omega-max-geqs=505", 
  "##choices#compiler_flags#param-omega-max-vars": "--param omega-max-vars=47", 
  "##choices#compiler_flags#param-prefetch-min-insn-to-mem-ratio": "--param prefetch-min-insn-to-mem-ratio=3", 
  "##choices#compiler_flags#param-sched-spec-prob-cutoff": "--param sched-spec-prob-cutoff=80", 
  "##choices#compiler_flags#param-selsched-insns-to-rename": "--param selsched-insns-to-rename=0", 
  "##choices#compiler_flags#param-slp-max-insns-in-bb": "--param slp-max-insns-in-bb=1598", 
  "##choices#data_uoa": "gzip", 
  "##choices#dataset_file": "data.wav.gz", 
  "##choices#dataset_uoa": "audio-wav-0001-gzipped", 
  "##choices#device_id": "", 
  "##choices#host_os": "linux-32", 
  "##choices#module_uoa": "b0ac08fe1d3c2615", 
  "##choices#no_state_check": "yes", 
  "##choices#program_tags": "", 
  "##choices#repeat": 360, 
  "##choices#target": "", 
  "##choices#target_os": "linux-32", 
  "##choices#target_os_bits": "32"
}
