{
  "##choices#calibration_time": 10.0, 
  "##choices#cmd_key": "decode", 
  "##choices#compile_type": "dynamic", 
  "##choices#compiler_description_uoa": "gcc-4.9.0-auto", 
  "##choices#compiler_flags#base_opt": "-O3", 
  "##choices#compiler_flags#bool-function-cse": "-fno-function-cse", 
  "##choices#compiler_flags#bool-graphite-identity": "-fno-graphite-identity", 
  "##choices#compiler_flags#bool-ira-share-save-slots": "-fira-share-save-slots", 
  "##choices#compiler_flags#bool-ivopts": "-fno-ivopts", 
  "##choices#compiler_flags#bool-sched-rank-heuristic": "-fsched-rank-heuristic", 
  "##choices#compiler_flags#bool-signaling-nans": "-fno-signaling-nans", 
  "##choices#compiler_flags#bool-toplevel-reorder": "-ftoplevel-reorder", 
  "##choices#compiler_flags#bool-tree-ch": "-fno-tree-ch", 
  "##choices#compiler_flags#bool-tree-copyrename": "-ftree-copyrename", 
  "##choices#compiler_flags#bool-tree-pre": "-ftree-pre", 
  "##choices#compiler_flags#param-asan-stack": "--param asan-stack=0", 
  "##choices#compiler_flags#param-case-values-threshold": "--param case-values-threshold=0", 
  "##choices#compiler_flags#param-ipa-cp-eval-threshold": "--param ipa-cp-eval-threshold=958", 
  "##choices#compiler_flags#param-ira-max-loops-num": "--param ira-max-loops-num=92", 
  "##choices#compiler_flags#param-iv-consider-all-candidates-bound": "--param iv-consider-all-candidates-bound=36", 
  "##choices#compiler_flags#param-loop-invariant-max-bbs-in-loop": "--param loop-invariant-max-bbs-in-loop=11517", 
  "##choices#compiler_flags#param-max-completely-peel-times": "--param max-completely-peel-times=23", 
  "##choices#compiler_flags#param-max-completely-peeled-insns": "--param max-completely-peeled-insns=184", 
  "##choices#compiler_flags#param-max-goto-duplication-insns": "--param max-goto-duplication-insns=13", 
  "##choices#compiler_flags#param-max-grow-copy-bb-insns": "--param max-grow-copy-bb-insns=9", 
  "##choices#compiler_flags#param-max-hoist-depth": "--param max-hoist-depth=20", 
  "##choices#compiler_flags#param-max-reload-search-insns": "--param max-reload-search-insns=163", 
  "##choices#compiler_flags#param-max-vartrack-expr-depth": "--param max-vartrack-expr-depth=17", 
  "##choices#compiler_flags#param-min-crossjump-insns": "--param min-crossjump-insns=2", 
  "##choices#compiler_flags#param-min-inline-recursive-probability": "--param min-inline-recursive-probability=15", 
  "##choices#compiler_flags#param-omega-hash-table-size": "--param omega-hash-table-size=894", 
  "##choices#compiler_flags#param-selsched-max-sched-times": "--param selsched-max-sched-times=3", 
  "##choices#compiler_flags#param-simultaneous-prefetches": "--param simultaneous-prefetches=5", 
  "##choices#compiler_flags#param-sink-frequency-threshold": "--param sink-frequency-threshold=7", 
  "##choices#data_uoa": "gzip", 
  "##choices#dataset_file": "data.wav.gz", 
  "##choices#dataset_uoa": "audio-wav-0001-gzipped", 
  "##choices#device_id": "", 
  "##choices#host_os": "linux-32", 
  "##choices#module_uoa": "b0ac08fe1d3c2615", 
  "##choices#no_state_check": "yes", 
  "##choices#program_tags": "", 
  "##choices#repeat": 360, 
  "##choices#target": "", 
  "##choices#target_os": "linux-32", 
  "##choices#target_os_bits": "32"
}
