{
  "##choices#calibration_time": 10.0, 
  "##choices#cmd_key": "decode", 
  "##choices#compile_type": "dynamic", 
  "##choices#compiler_description_uoa": "gcc-4.9.0-auto", 
  "##choices#compiler_flags#base_opt": "-O3", 
  "##choices#compiler_flags#bool-cx-limited-range": "-fno-cx-limited-range", 
  "##choices#compiler_flags#bool-dce": "-fno-dce", 
  "##choices#compiler_flags#bool-delayed-branch": "-fdelayed-branch", 
  "##choices#compiler_flags#bool-gcse-after-reload": "-fno-gcse-after-reload", 
  "##choices#compiler_flags#bool-graphite-identity": "-fgraphite-identity", 
  "##choices#compiler_flags#bool-if-conversion": "-fno-if-conversion", 
  "##choices#compiler_flags#bool-ipa-cp": "-fipa-cp", 
  "##choices#compiler_flags#bool-ipa-cp-clone": "-fipa-cp-clone", 
  "##choices#compiler_flags#bool-live-range-shrinkage": "-flive-range-shrinkage", 
  "##choices#compiler_flags#bool-loop-strip-mine": "-fno-loop-strip-mine", 
  "##choices#compiler_flags#bool-math-errno": "-fno-math-errno", 
  "##choices#compiler_flags#bool-reciprocal-math": "-freciprocal-math", 
  "##choices#compiler_flags#bool-rounding-math": "-frounding-math", 
  "##choices#compiler_flags#bool-sched-critical-path-heuristic": "-fno-sched-critical-path-heuristic", 
  "##choices#compiler_flags#bool-sched-pressure": "-fsched-pressure", 
  "##choices#compiler_flags#bool-sched-spec": "-fsched-spec", 
  "##choices#compiler_flags#bool-sched2-use-superblocks": "-fno-sched2-use-superblocks", 
  "##choices#compiler_flags#bool-selective-scheduling": "-fselective-scheduling", 
  "##choices#compiler_flags#bool-strict-overflow": "-fno-strict-overflow", 
  "##choices#compiler_flags#bool-toplevel-reorder": "-fno-toplevel-reorder", 
  "##choices#compiler_flags#bool-tree-copy-prop": "-fno-tree-copy-prop", 
  "##choices#compiler_flags#bool-tree-copyrename": "-ftree-copyrename", 
  "##choices#compiler_flags#bool-tree-dominator-opts": "-fno-tree-dominator-opts", 
  "##choices#compiler_flags#bool-tree-phiprop": "-ftree-phiprop", 
  "##choices#compiler_flags#bool-tree-sra": "-fno-tree-sra", 
  "##choices#compiler_flags#bool-vpt": "-fno-vpt", 
  "##choices#compiler_flags#bool-zero-initialized-in-bss": "-fno-zero-initialized-in-bss", 
  "##choices#compiler_flags#param--falign-labels=": "-falign-labels=0", 
  "##choices#compiler_flags#param--falign-loops=": "-falign-loops=0", 
  "##choices#compiler_flags#param-allow-packed-load-data-races": "--param allow-packed-load-data-races=0", 
  "##choices#compiler_flags#param-asan-instrument-writes": "--param asan-instrument-writes=1", 
  "##choices#compiler_flags#param-comdat-sharing-probability": "--param comdat-sharing-probability=25", 
  "##choices#compiler_flags#param-l1-cache-line-size": "--param l1-cache-line-size=31", 
  "##choices#compiler_flags#param-large-function-growth": "--param large-function-growth=24", 
  "##choices#compiler_flags#param-lim-expensive": "--param lim-expensive=15", 
  "##choices#compiler_flags#param-max-crossjump-edges": "--param max-crossjump-edges=125", 
  "##choices#compiler_flags#param-max-dse-active-local-stores": "--param max-dse-active-local-stores=815", 
  "##choices#compiler_flags#param-max-goto-duplication-insns": "--param max-goto-duplication-insns=5", 
  "##choices#compiler_flags#param-max-inline-insns-recursive": "--param max-inline-insns-recursive=152", 
  "##choices#compiler_flags#param-max-pipeline-region-insns": "--param max-pipeline-region-insns=316", 
  "##choices#compiler_flags#param-max-tracked-strlens": "--param max-tracked-strlens=1950", 
  "##choices#compiler_flags#param-sccvn-max-alias-queries-per-access": "--param sccvn-max-alias-queries-per-access=576", 
  "##choices#compiler_flags#param-sccvn-max-scc-size": "--param sccvn-max-scc-size=1276", 
  "##choices#compiler_flags#param-sched-pressure-algorithm": "--param sched-pressure-algorithm=1", 
  "##choices#compiler_flags#param-selsched-insns-to-rename": "--param selsched-insns-to-rename=2", 
  "##choices#compiler_flags#param-tracer-min-branch-probability-feedback": "--param tracer-min-branch-probability-feedback=26", 
  "##choices#data_uoa": "gzip", 
  "##choices#dataset_file": "data.wav.gz", 
  "##choices#dataset_uoa": "audio-wav-0001-gzipped", 
  "##choices#device_id": "", 
  "##choices#host_os": "linux-32", 
  "##choices#module_uoa": "b0ac08fe1d3c2615", 
  "##choices#no_state_check": "yes", 
  "##choices#program_tags": "", 
  "##choices#repeat": 360, 
  "##choices#target": "", 
  "##choices#target_os": "linux-32", 
  "##choices#target_os_bits": "32"
}
