{
  "##choices#calibration_time": 10.0, 
  "##choices#cmd_key": "decode", 
  "##choices#compile_type": "dynamic", 
  "##choices#compiler_description_uoa": "gcc-4.9.0-auto", 
  "##choices#compiler_flags#base_opt": "-O3", 
  "##choices#compiler_flags#bool-btr-bb-exclusive": "-fbtr-bb-exclusive", 
  "##choices#compiler_flags#bool-cprop-registers": "-fno-cprop-registers", 
  "##choices#compiler_flags#bool-cse-follow-jumps": "-fno-cse-follow-jumps", 
  "##choices#compiler_flags#bool-inline-functions": "-fno-inline-functions", 
  "##choices#compiler_flags#bool-ira-loop-pressure": "-fira-loop-pressure", 
  "##choices#compiler_flags#bool-isolate-erroneous-paths-dereference": "-fno-isolate-erroneous-paths-dereference", 
  "##choices#compiler_flags#bool-math-errno": "-fno-math-errno", 
  "##choices#compiler_flags#bool-modulo-sched-allow-regmoves": "-fmodulo-sched-allow-regmoves", 
  "##choices#compiler_flags#bool-predictive-commoning": "-fno-predictive-commoning", 
  "##choices#compiler_flags#bool-sel-sched-pipelining": "-fno-sel-sched-pipelining", 
  "##choices#compiler_flags#bool-tree-loop-if-convert-stores": "-fno-tree-loop-if-convert-stores", 
  "##choices#compiler_flags#bool-tree-partial-pre": "-ftree-partial-pre", 
  "##choices#compiler_flags#bool-tree-switch-conversion": "-ftree-switch-conversion", 
  "##choices#compiler_flags#bool-use-linker-plugin": "-fuse-linker-plugin", 
  "##choices#compiler_flags#param--falign-labels=": "-falign-labels=0", 
  "##choices#compiler_flags#param--fsched-stalled-insns-dep=": "-fsched-stalled-insns-dep=0", 
  "##choices#compiler_flags#param--fsched-stalled-insns=": "-fsched-stalled-insns=0", 
  "##choices#compiler_flags#param--ftree-parallelize-loops=": "-ftree-parallelize-loops=0", 
  "##choices#compiler_flags#param-asan-stack": "--param asan-stack=1", 
  "##choices#compiler_flags#param-comdat-sharing-probability": "--param comdat-sharing-probability=11", 
  "##choices#compiler_flags#param-cxx-max-namespaces-for-diagnostic-help": "--param cxx-max-namespaces-for-diagnostic-help=72", 
  "##choices#compiler_flags#param-early-inlining-insns": "--param early-inlining-insns=4", 
  "##choices#compiler_flags#param-gcse-after-reload-partial-fraction": "--param gcse-after-reload-partial-fraction=2", 
  "##choices#compiler_flags#param-graphite-max-bbs-per-function": "--param graphite-max-bbs-per-function=123", 
  "##choices#compiler_flags#param-iv-always-prune-cand-set-bound": "--param iv-always-prune-cand-set-bound=15", 
  "##choices#compiler_flags#param-iv-max-considered-uses": "--param iv-max-considered-uses=63", 
  "##choices#compiler_flags#param-large-stack-frame": "--param large-stack-frame=355", 
  "##choices#compiler_flags#param-max-hoist-depth": "--param max-hoist-depth=15", 
  "##choices#compiler_flags#param-max-sched-extend-regions-iters": "--param max-sched-extend-regions-iters=0", 
  "##choices#compiler_flags#param-max-sched-insn-conflict-delay": "--param max-sched-insn-conflict-delay=1", 
  "##choices#compiler_flags#param-max-sched-ready-insns": "--param max-sched-ready-insns=87", 
  "##choices#compiler_flags#param-omega-max-geqs": "--param omega-max-geqs=280", 
  "##choices#compiler_flags#param-sched-mem-true-dep-cost": "--param sched-mem-true-dep-cost=2", 
  "##choices#compiler_flags#param-slp-max-insns-in-bb": "--param slp-max-insns-in-bb=1405", 
  "##choices#compiler_flags#param-unlikely-bb-count-fraction": "--param unlikely-bb-count-fraction=8234", 
  "##choices#data_uoa": "gzip", 
  "##choices#dataset_file": "data.wav.gz", 
  "##choices#dataset_uoa": "audio-wav-0001-gzipped", 
  "##choices#device_id": "", 
  "##choices#host_os": "linux-32", 
  "##choices#module_uoa": "b0ac08fe1d3c2615", 
  "##choices#no_state_check": "yes", 
  "##choices#program_tags": "", 
  "##choices#repeat": 360, 
  "##choices#target": "", 
  "##choices#target_os": "linux-32", 
  "##choices#target_os_bits": "32"
}
