{
  "##choices#calibration_time": 10.0, 
  "##choices#cmd_key": "decode", 
  "##choices#compile_type": "dynamic", 
  "##choices#compiler_description_uoa": "gcc-4.9.0-auto", 
  "##choices#compiler_flags#base_opt": "-O3", 
  "##choices#compiler_flags#bool--fexcess-precision=": "-fexcess-precision=fast", 
  "##choices#compiler_flags#bool--ffp-contract=": "-ffp-contract=fast", 
  "##choices#compiler_flags#bool--fira-region=": "-fira-region=mixed", 
  "##choices#compiler_flags#bool-cse-follow-jumps": "-fno-cse-follow-jumps", 
  "##choices#compiler_flags#bool-defer-pop": "-fdefer-pop", 
  "##choices#compiler_flags#bool-devirtualize-speculatively": "-fdevirtualize-speculatively", 
  "##choices#compiler_flags#bool-gcse": "-fgcse", 
  "##choices#compiler_flags#bool-gcse-sm": "-fgcse-sm", 
  "##choices#compiler_flags#bool-if-conversion": "-fno-if-conversion", 
  "##choices#compiler_flags#bool-ipa-pure-const": "-fno-ipa-pure-const", 
  "##choices#compiler_flags#bool-keep-inline-functions": "-fno-keep-inline-functions", 
  "##choices#compiler_flags#bool-merge-all-constants": "-fno-merge-all-constants", 
  "##choices#compiler_flags#bool-peephole2": "-fpeephole2", 
  "##choices#compiler_flags#bool-signaling-nans": "-fno-signaling-nans", 
  "##choices#compiler_flags#bool-toplevel-reorder": "-ftoplevel-reorder", 
  "##choices#compiler_flags#bool-trapping-math": "-fno-trapping-math", 
  "##choices#compiler_flags#bool-tree-dce": "-fno-tree-dce", 
  "##choices#compiler_flags#bool-tree-slsr": "-fno-tree-slsr", 
  "##choices#compiler_flags#bool-tree-ter": "-fno-tree-ter", 
  "##choices#compiler_flags#bool-unswitch-loops": "-fno-unswitch-loops", 
  "##choices#compiler_flags#bool-variable-expansion-in-unroller": "-fvariable-expansion-in-unroller", 
  "##choices#compiler_flags#param-align-loop-iterations": "--param align-loop-iterations=8", 
  "##choices#compiler_flags#param-align-threshold": "--param align-threshold=103", 
  "##choices#compiler_flags#param-comdat-sharing-probability": "--param comdat-sharing-probability=7", 
  "##choices#compiler_flags#param-ipa-cp-eval-threshold": "--param ipa-cp-eval-threshold=683", 
  "##choices#compiler_flags#param-ipa-max-agg-items": "--param ipa-max-agg-items=16", 
  "##choices#compiler_flags#param-ipa-sra-ptr-growth-factor": "--param ipa-sra-ptr-growth-factor=2", 
  "##choices#compiler_flags#param-ipcp-unit-growth": "--param ipcp-unit-growth=9", 
  "##choices#compiler_flags#param-ira-max-loops-num": "--param ira-max-loops-num=196", 
  "##choices#compiler_flags#param-large-function-growth": "--param large-function-growth=183", 
  "##choices#compiler_flags#param-large-function-insns": "--param large-function-insns=5184", 
  "##choices#compiler_flags#param-large-stack-frame-growth": "--param large-stack-frame-growth=428", 
  "##choices#compiler_flags#param-large-unit-insns": "--param large-unit-insns=47", 
  "##choices#compiler_flags#param-max-jump-thread-duplication-stmts": "--param max-jump-thread-duplication-stmts=23", 
  "##choices#compiler_flags#param-max-unswitch-level": "--param max-unswitch-level=5", 
  "##choices#compiler_flags#param-max-variable-expansions-in-unroller": "--param max-variable-expansions-in-unroller=2", 
  "##choices#compiler_flags#param-prefetch-latency": "--param prefetch-latency=299", 
  "##choices#compiler_flags#param-sched-spec-prob-cutoff": "--param sched-spec-prob-cutoff=96", 
  "##choices#compiler_flags#param-selsched-max-lookahead": "--param selsched-max-lookahead=87", 
  "##choices#compiler_flags#param-slp-max-insns-in-bb": "--param slp-max-insns-in-bb=1971", 
  "##choices#compiler_flags#param-sms-max-ii-factor": "--param sms-max-ii-factor=1", 
  "##choices#data_uoa": "gzip", 
  "##choices#dataset_file": "data.wav.gz", 
  "##choices#dataset_uoa": "audio-wav-0001-gzipped", 
  "##choices#device_id": "", 
  "##choices#host_os": "linux-32", 
  "##choices#module_uoa": "b0ac08fe1d3c2615", 
  "##choices#no_state_check": "yes", 
  "##choices#program_tags": "", 
  "##choices#repeat": 360, 
  "##choices#target": "", 
  "##choices#target_os": "linux-32", 
  "##choices#target_os_bits": "32"
}
