{
  "characteristics_list": [
    {
      "compile": {
        "binary_size": 83852, 
        "compilation_success": "yes", 
        "compilation_success_bool": true, 
        "compilation_time": 44.734596967697144, 
        "compilation_time_with_module": 46.99863815307617, 
        "joined_compiler_flags": "-O3 -fira-algorithm=CB -fno-forward-propagate -fno-indirect-inlining -fkeep-static-consts -fno-rerun-cse-after-loop -frounding-math -fno-sched-interblock -fsched-spec -fsel-sched-pipelining -fsel-sched-pipelining-outer-loops -fno-signed-zeros -fno-thread-jumps -fno-tree-ccp -fno-tree-ch -ftree-pta -fzero-initialized-in-bss", 
        "md5_sum": "2c5fcc99689238accd30f4adf46f588a", 
        "program_git_hash": "3755f7415691ee174d2e0678752597b8cce5895e"
      }, 
      "run": {
        "execution_time": 0.02901202777777778, 
        "execution_time_kernel_0": 10.44433, 
        "execution_time_with_module": 17.705169916152954, 
        "output_check_failed": "no", 
        "output_check_failed_bool": false, 
        "repeat": 360, 
        "return_code": 0, 
        "run_success": "yes", 
        "run_success_bool": true, 
        "total_execution_time": 10.44433
      }
    }, 
    {
      "run": {
        "execution_time": 0.039580055555555556, 
        "execution_time_kernel_0": 14.24882, 
        "execution_time_with_module": 18.26904010772705, 
        "output_check_failed": "no", 
        "output_check_failed_bool": false, 
        "repeat": 360, 
        "return_code": 0, 
        "run_success": "yes", 
        "run_success_bool": true, 
        "total_execution_time": 14.24882
      }
    }, 
    {
      "run": {
        "execution_time": 0.03468505555555556, 
        "execution_time_kernel_0": 12.48662, 
        "execution_time_with_module": 13.204560041427612, 
        "output_check_failed": "no", 
        "output_check_failed_bool": false, 
        "repeat": 360, 
        "return_code": 0, 
        "run_success": "yes", 
        "run_success_bool": true, 
        "total_execution_time": 12.48662
      }
    }
  ], 
  "choices": {
    "calibration_time": 10.0, 
    "cmd_key": "decode", 
    "compile_type": "dynamic", 
    "compiler_description_uoa": "gcc-4.9.0-auto", 
    "compiler_flags": {
      "base_opt": "-O3", 
      "bool--fira-algorithm=": "-fira-algorithm=CB", 
      "bool-forward-propagate": "-fno-forward-propagate", 
      "bool-indirect-inlining": "-fno-indirect-inlining", 
      "bool-keep-static-consts": "-fkeep-static-consts", 
      "bool-rerun-cse-after-loop": "-fno-rerun-cse-after-loop", 
      "bool-rounding-math": "-frounding-math", 
      "bool-sched-interblock": "-fno-sched-interblock", 
      "bool-sched-spec": "-fsched-spec", 
      "bool-sel-sched-pipelining": "-fsel-sched-pipelining", 
      "bool-sel-sched-pipelining-outer-loops": "-fsel-sched-pipelining-outer-loops", 
      "bool-signed-zeros": "-fno-signed-zeros", 
      "bool-thread-jumps": "-fno-thread-jumps", 
      "bool-tree-ccp": "-fno-tree-ccp", 
      "bool-tree-ch": "-fno-tree-ch", 
      "bool-tree-pta": "-ftree-pta", 
      "bool-zero-initialized-in-bss": "-fzero-initialized-in-bss"
    }, 
    "data_uoa": "gzip", 
    "dataset_file": "data.wav.gz", 
    "dataset_uoa": "audio-wav-0001-gzipped", 
    "device_cfg": {}, 
    "device_id": "", 
    "host_os": "linux-32", 
    "module_uoa": "b0ac08fe1d3c2615", 
    "no_state_check": "yes", 
    "program_tags": "", 
    "repeat": 360, 
    "target": "", 
    "target_os": "linux-32", 
    "target_os_bits": "32"
  }, 
  "choices_order": [
    "##compiler_flags#base_opt", 
    "##compiler_flags#bool--fira-algorithm=", 
    "##compiler_flags#bool-forward-propagate", 
    "##compiler_flags#bool-indirect-inlining", 
    "##compiler_flags#bool-keep-static-consts", 
    "##compiler_flags#bool-rerun-cse-after-loop", 
    "##compiler_flags#bool-rounding-math", 
    "##compiler_flags#bool-sched-interblock", 
    "##compiler_flags#bool-sched-spec", 
    "##compiler_flags#bool-sel-sched-pipelining", 
    "##compiler_flags#bool-sel-sched-pipelining-outer-loops", 
    "##compiler_flags#bool-signed-zeros", 
    "##compiler_flags#bool-thread-jumps", 
    "##compiler_flags#bool-tree-ccp", 
    "##compiler_flags#bool-tree-ch", 
    "##compiler_flags#bool-tree-pta", 
    "##compiler_flags#bool-zero-initialized-in-bss"
  ], 
  "features": {
    "compiler_version": {
      "list": [
        4, 
        9, 
        2
      ], 
      "raw": [
        "gcc-4.9 (Raspbian 4.9.2-10) 4.9.2", 
        "Copyright (C) 2014 Free Software Foundation, Inc.", 
        "This is free software; see the source for copying conditions.  There is NO", 
        "warranty; not even for MERCHANTABILITY or FITNESS FOR A PARTICULAR PURPOSE.", 
        "", 
        ""
      ], 
      "str": "4.9.2"
    }, 
    "dataset": {
      "total_size": 116981
    }, 
    "number_of_selected_compiler_flags": 17, 
    "platform": {
      "cpu": {
        "all_freqs": {
          "0": [
            600000, 
            1200000
          ], 
          "1": [
            600000, 
            1200000
          ], 
          "2": [
            600000, 
            1200000
          ], 
          "3": [
            600000, 
            1200000
          ]
        }, 
        "cpu_abi": "", 
        "cpu_features": "half thumb fastmult vfp edsp neon vfpv3 tls vfpv4 idiva idivt vfpd32 lpae evtstrm crc32", 
        "current_freq": {
          "0": 1200.0, 
          "1": 1200.0, 
          "2": 1200.0, 
          "3": 1200.0
        }, 
        "max_freq": {
          "0": 1200.0, 
          "1": 1200.0, 
          "2": 1200.0, 
          "3": 1200.0
        }, 
        "name": "BCM2709", 
        "num_proc": "4", 
        "sub_name": "ARMv7 Processor rev 4 (v7l)", 
        "workload_automation": {
          "device_config": {
            "core_clusters": [
              0, 
              0, 
              0, 
              1
            ], 
            "core_names": [
              "ARMv7 Processor rev 4 (v7l)", 
              "ARMv7 Processor rev 4 (v7l)", 
              "ARMv7 Processor rev 4 (v7l)", 
              "BCM2709"
            ]
          }
        }
      }, 
      "cpu_misc": {
        "0": {
          "BogoMIPS": "76.80", 
          "CPU architecture": "7", 
          "CPU implementer": "0x41", 
          "CPU part": "0xd03", 
          "CPU revision": "4", 
          "CPU variant": "0x0", 
          "Features": "half thumb fastmult vfp edsp neon vfpv3 tls vfpv4 idiva idivt vfpd32 lpae evtstrm crc32", 
          "all_freqs": [
            "0", 
            "0"
          ], 
          "ck_cpu_name": "ARMv7 Processor rev 4 (v7l)", 
          "ck_cpu_subname": "ARMv7 Processor rev 4 (v7l)", 
          "cpu_features": "half thumb fastmult vfp edsp neon vfpv3 tls vfpv4 idiva idivt vfpd32 lpae evtstrm crc32", 
          "cur_freq": 1200.0, 
          "max_freq": 1200.0, 
          "model name": "ARMv7 Processor rev 4 (v7l)", 
          "processor": "0"
        }, 
        "1": {
          "BogoMIPS": "76.80", 
          "CPU architecture": "7", 
          "CPU implementer": "0x41", 
          "CPU part": "0xd03", 
          "CPU revision": "4", 
          "CPU variant": "0x0", 
          "Features": "half thumb fastmult vfp edsp neon vfpv3 tls vfpv4 idiva idivt vfpd32 lpae evtstrm crc32", 
          "all_freqs": [
            "1", 
            "1"
          ], 
          "ck_cpu_name": "ARMv7 Processor rev 4 (v7l)", 
          "ck_cpu_subname": "ARMv7 Processor rev 4 (v7l)", 
          "cpu_features": "half thumb fastmult vfp edsp neon vfpv3 tls vfpv4 idiva idivt vfpd32 lpae evtstrm crc32", 
          "cur_freq": 1200.0, 
          "max_freq": 1200.0, 
          "model name": "ARMv7 Processor rev 4 (v7l)", 
          "processor": "1"
        }, 
        "2": {
          "BogoMIPS": "76.80", 
          "CPU architecture": "7", 
          "CPU implementer": "0x41", 
          "CPU part": "0xd03", 
          "CPU revision": "4", 
          "CPU variant": "0x0", 
          "Features": "half thumb fastmult vfp edsp neon vfpv3 tls vfpv4 idiva idivt vfpd32 lpae evtstrm crc32", 
          "all_freqs": [
            "2", 
            "2"
          ], 
          "ck_cpu_name": "ARMv7 Processor rev 4 (v7l)", 
          "ck_cpu_subname": "ARMv7 Processor rev 4 (v7l)", 
          "cpu_features": "half thumb fastmult vfp edsp neon vfpv3 tls vfpv4 idiva idivt vfpd32 lpae evtstrm crc32", 
          "cur_freq": 1200.0, 
          "max_freq": 1200.0, 
          "model name": "ARMv7 Processor rev 4 (v7l)", 
          "processor": "2"
        }, 
        "3": {
          "BogoMIPS": "76.80", 
          "CPU architecture": "7", 
          "CPU implementer": "0x41", 
          "CPU part": "0xd03", 
          "CPU revision": "4", 
          "CPU variant": "0x0", 
          "Features": "half thumb fastmult vfp edsp neon vfpv3 tls vfpv4 idiva idivt vfpd32 lpae evtstrm crc32", 
          "Hardware": "BCM2709", 
          "Revision": "a02082", 
          "Serial": "00000000e3db06b9", 
          "all_freqs": [
            "3", 
            "3"
          ], 
          "ck_cpu_name": "BCM2709", 
          "ck_cpu_subname": "ARMv7 Processor rev 4 (v7l)", 
          "cpu_features": "half thumb fastmult vfp edsp neon vfpv3 tls vfpv4 idiva idivt vfpd32 lpae evtstrm crc32", 
          "cur_freq": 1200.0, 
          "max_freq": 1200.0, 
          "model name": "ARMv7 Processor rev 4 (v7l)", 
          "processor": "3"
        }
      }, 
      "cpu_new_format": "", 
      "cpu_unique": [
        {
          "BogoMIPS": "76.80", 
          "CPU architecture": "7", 
          "CPU implementer": "0x41", 
          "CPU part": "0xd03", 
          "CPU revision": "4", 
          "CPU variant": "0x0", 
          "Features": "half thumb fastmult vfp edsp neon vfpv3 tls vfpv4 idiva idivt vfpd32 lpae evtstrm crc32", 
          "all_freqs": [
            "0", 
            "0"
          ], 
          "ck_cpu_name": "ARMv7 Processor rev 4 (v7l)", 
          "ck_cpu_subname": "ARMv7 Processor rev 4 (v7l)", 
          "cpu_features": "half thumb fastmult vfp edsp neon vfpv3 tls vfpv4 idiva idivt vfpd32 lpae evtstrm crc32", 
          "cur_freq": 1200.0, 
          "max_freq": 1200.0, 
          "model name": "ARMv7 Processor rev 4 (v7l)", 
          "processor": "0"
        }, 
        {
          "BogoMIPS": "76.80", 
          "CPU architecture": "7", 
          "CPU implementer": "0x41", 
          "CPU part": "0xd03", 
          "CPU revision": "4", 
          "CPU variant": "0x0", 
          "Features": "half thumb fastmult vfp edsp neon vfpv3 tls vfpv4 idiva idivt vfpd32 lpae evtstrm crc32", 
          "Hardware": "BCM2709", 
          "Revision": "a02082", 
          "Serial": "00000000e3db06b9", 
          "all_freqs": [
            "3", 
            "3"
          ], 
          "ck_cpu_name": "BCM2709", 
          "ck_cpu_subname": "ARMv7 Processor rev 4 (v7l)", 
          "cpu_features": "half thumb fastmult vfp edsp neon vfpv3 tls vfpv4 idiva idivt vfpd32 lpae evtstrm crc32", 
          "cur_freq": 1200.0, 
          "max_freq": 1200.0, 
          "model name": "ARMv7 Processor rev 4 (v7l)", 
          "processor": "3"
        }
      ], 
      "gpu": {
        "name": "", 
        "vendor": ""
      }, 
      "gpu_misc": {}, 
      "os": {
        "abi": "armv7l", 
        "bits": "32", 
        "ck_os_base_uoa": "", 
        "ck_os_uoa": "linux-32", 
        "name": "Linux 4.4.34", 
        "name_long": "Linux-4.4.34-v7+-armv7l-with-debian-8.0", 
        "name_short": "Linux 4.4.34", 
        "serial_number": ""
      }, 
      "os_misc": {}, 
      "platform": {
        "model": "", 
        "name": "", 
        "vendor": ""
      }, 
      "platform_misc": {}
    }, 
    "solution_uid": "c1a63bccf456f801", 
    "statistical_repetitions": 3
  }
}
