{
  "##characteristics#compile#binary_size#all": [
    34296
  ], 
  "##characteristics#compile#binary_size#all_unique": [
    34296
  ], 
  "##characteristics#compile#binary_size#center": 34296, 
  "##characteristics#compile#binary_size#center_imp": 1.1698157219500815, 
  "##characteristics#compile#binary_size#halfrange": 0, 
  "##characteristics#compile#binary_size#max": 34296, 
  "##characteristics#compile#binary_size#mean": 34296.0, 
  "##characteristics#compile#binary_size#mean_imp": 1.1698157219500815, 
  "##characteristics#compile#binary_size#min": 34296, 
  "##characteristics#compile#binary_size#min_imp": 1.1698157219500815, 
  "##characteristics#compile#binary_size#range": 0, 
  "##characteristics#compile#binary_size#range_percent": 0, 
  "##characteristics#compile#binary_size#repeats": 1, 
  "##characteristics#compile#compilation_success#all": [
    "yes"
  ], 
  "##characteristics#compile#compilation_success#all_unique": [
    "yes"
  ], 
  "##characteristics#compile#compilation_success#min": "yes", 
  "##characteristics#compile#compilation_success#min_imp": 0, 
  "##characteristics#compile#compilation_success#repeats": 1, 
  "##characteristics#compile#compilation_success_bool#all": [
    true
  ], 
  "##characteristics#compile#compilation_success_bool#all_unique": [
    true
  ], 
  "##characteristics#compile#compilation_success_bool#min": true, 
  "##characteristics#compile#compilation_success_bool#min_imp": 0, 
  "##characteristics#compile#compilation_success_bool#repeats": 1, 
  "##characteristics#compile#compilation_time#all": [
    29.29043197631836
  ], 
  "##characteristics#compile#compilation_time#all_unique": [
    29.29043197631836
  ], 
  "##characteristics#compile#compilation_time#center": 29.29043197631836, 
  "##characteristics#compile#compilation_time#center_imp": 1.1567017879973864, 
  "##characteristics#compile#compilation_time#halfrange": 0.0, 
  "##characteristics#compile#compilation_time#max": 29.29043197631836, 
  "##characteristics#compile#compilation_time#mean": 29.29043197631836, 
  "##characteristics#compile#compilation_time#mean_imp": 1.1567017879973864, 
  "##characteristics#compile#compilation_time#min": 29.29043197631836, 
  "##characteristics#compile#compilation_time#min_imp": 1.1567017879973864, 
  "##characteristics#compile#compilation_time#range": 0.0, 
  "##characteristics#compile#compilation_time#range_percent": 0.0, 
  "##characteristics#compile#compilation_time#repeats": 1, 
  "##characteristics#compile#compilation_time_with_module#all": [
    34.440446853637695
  ], 
  "##characteristics#compile#compilation_time_with_module#all_unique": [
    34.440446853637695
  ], 
  "##characteristics#compile#compilation_time_with_module#center": 34.440446853637695, 
  "##characteristics#compile#compilation_time_with_module#center_imp": 1.1633390861337831, 
  "##characteristics#compile#compilation_time_with_module#halfrange": 0.0, 
  "##characteristics#compile#compilation_time_with_module#max": 34.440446853637695, 
  "##characteristics#compile#compilation_time_with_module#mean": 34.440446853637695, 
  "##characteristics#compile#compilation_time_with_module#mean_imp": 1.1633390861337831, 
  "##characteristics#compile#compilation_time_with_module#min": 34.440446853637695, 
  "##characteristics#compile#compilation_time_with_module#min_imp": 1.1633390861337831, 
  "##characteristics#compile#compilation_time_with_module#range": 0.0, 
  "##characteristics#compile#compilation_time_with_module#range_percent": 0.0, 
  "##characteristics#compile#compilation_time_with_module#repeats": 1, 
  "##characteristics#compile#joined_compiler_flags#all": [
    "-O3 -fbranch-target-load-optimize2 -fbtr-bb-exclusive -fcse-follow-jumps -fforward-propagate -fno-ipa-pure-const -fsched-dep-count-heuristic -fno-tree-loop-optimize"
  ], 
  "##characteristics#compile#joined_compiler_flags#all_unique": [
    "-O3 -fbranch-target-load-optimize2 -fbtr-bb-exclusive -fcse-follow-jumps -fforward-propagate -fno-ipa-pure-const -fsched-dep-count-heuristic -fno-tree-loop-optimize"
  ], 
  "##characteristics#compile#joined_compiler_flags#min": "-O3 -fbranch-target-load-optimize2 -fbtr-bb-exclusive -fcse-follow-jumps -fforward-propagate -fno-ipa-pure-const -fsched-dep-count-heuristic -fno-tree-loop-optimize", 
  "##characteristics#compile#joined_compiler_flags#min_imp": 0, 
  "##characteristics#compile#joined_compiler_flags#repeats": 1, 
  "##characteristics#compile#md5_sum#all": [
    "6acb35fc3aef80df9b58744b3c149db0"
  ], 
  "##characteristics#compile#md5_sum#all_unique": [
    "6acb35fc3aef80df9b58744b3c149db0"
  ], 
  "##characteristics#compile#md5_sum#min": "6acb35fc3aef80df9b58744b3c149db0", 
  "##characteristics#compile#md5_sum#min_imp": 0, 
  "##characteristics#compile#md5_sum#repeats": 1, 
  "##characteristics#compile#obj_size#all": [
    28684
  ], 
  "##characteristics#compile#obj_size#all_unique": [
    28684
  ], 
  "##characteristics#compile#obj_size#center": 28684, 
  "##characteristics#compile#obj_size#center_imp": 1.220331892344164, 
  "##characteristics#compile#obj_size#halfrange": 0, 
  "##characteristics#compile#obj_size#max": 28684, 
  "##characteristics#compile#obj_size#mean": 28684.0, 
  "##characteristics#compile#obj_size#mean_imp": 1.220331892344164, 
  "##characteristics#compile#obj_size#min": 28684, 
  "##characteristics#compile#obj_size#min_imp": 1.220331892344164, 
  "##characteristics#compile#obj_size#range": 0, 
  "##characteristics#compile#obj_size#range_percent": 0, 
  "##characteristics#compile#obj_size#repeats": 1, 
  "##characteristics#compile#obj_sizes#susan.o#all": [
    28684
  ], 
  "##characteristics#compile#obj_sizes#susan.o#all_unique": [
    28684
  ], 
  "##characteristics#compile#obj_sizes#susan.o#center": 28684, 
  "##characteristics#compile#obj_sizes#susan.o#center_imp": 1.220331892344164, 
  "##characteristics#compile#obj_sizes#susan.o#halfrange": 0, 
  "##characteristics#compile#obj_sizes#susan.o#max": 28684, 
  "##characteristics#compile#obj_sizes#susan.o#mean": 28684.0, 
  "##characteristics#compile#obj_sizes#susan.o#mean_imp": 1.220331892344164, 
  "##characteristics#compile#obj_sizes#susan.o#min": 28684, 
  "##characteristics#compile#obj_sizes#susan.o#min_imp": 1.220331892344164, 
  "##characteristics#compile#obj_sizes#susan.o#range": 0, 
  "##characteristics#compile#obj_sizes#susan.o#range_percent": 0, 
  "##characteristics#compile#obj_sizes#susan.o#repeats": 1, 
  "##characteristics#compile#program_git_hash#all": [
    "540987ceb20f9153dee31b7b45f428c8b3117198"
  ], 
  "##characteristics#compile#program_git_hash#all_unique": [
    "540987ceb20f9153dee31b7b45f428c8b3117198"
  ], 
  "##characteristics#compile#program_git_hash#min": "540987ceb20f9153dee31b7b45f428c8b3117198", 
  "##characteristics#compile#program_git_hash#min_imp": 0, 
  "##characteristics#compile#program_git_hash#repeats": 1, 
  "##characteristics#run#execution_time#all": [
    0.06333592125984251, 
    0.0633934566929134, 
    0.06313595275590551, 
    0.06332036220472441
  ], 
  "##characteristics#run#execution_time#all_unique": [
    0.06333592125984251, 
    0.0633934566929134, 
    0.06313595275590551, 
    0.06332036220472441
  ], 
  "##characteristics#run#execution_time#center": 0.06326470472440945, 
  "##characteristics#run#execution_time#center_imp": 0.9737895425637871, 
  "##characteristics#run#execution_time#halfrange": 0.0001287519685039401, 
  "##characteristics#run#execution_time#max": 0.0633934566929134, 
  "##characteristics#run#execution_time#mean": 0.06329642322834646, 
  "##characteristics#run#execution_time#mean_imp": 0.970870622082084, 
  "##characteristics#run#execution_time#min": 0.06313595275590551, 
  "##characteristics#run#execution_time#min_imp": 0.9687331400579625, 
  "##characteristics#run#execution_time#range": 0.0002575039370078802, 
  "##characteristics#run#execution_time#range_percent": 0.00407856262189366, 
  "##characteristics#run#execution_time#repeats": 4, 
  "##characteristics#run#execution_time_kernel_0#all": [
    8.043662, 
    8.050969, 
    8.018266, 
    8.041686
  ], 
  "##characteristics#run#execution_time_kernel_0#all_unique": [
    8.043662, 
    8.050969, 
    8.018266, 
    8.041686
  ], 
  "##characteristics#run#execution_time_kernel_0#center": 8.0346175, 
  "##characteristics#run#execution_time_kernel_0#center_imp": 0.9737895425637874, 
  "##characteristics#run#execution_time_kernel_0#halfrange": 0.016351499999999852, 
  "##characteristics#run#execution_time_kernel_0#max": 8.050969, 
  "##characteristics#run#execution_time_kernel_0#mean": 8.03864575, 
  "##characteristics#run#execution_time_kernel_0#mean_imp": 0.970870622082084, 
  "##characteristics#run#execution_time_kernel_0#min": 8.018266, 
  "##characteristics#run#execution_time_kernel_0#min_imp": 0.9687331400579625, 
  "##characteristics#run#execution_time_kernel_0#range": 0.032702999999999705, 
  "##characteristics#run#execution_time_kernel_0#range_percent": 0.0040785626218935245, 
  "##characteristics#run#execution_time_kernel_0#repeats": 4, 
  "##characteristics#run#execution_time_with_module#all": [
    8.758384943008423, 
    8.753283023834229, 
    8.730634212493896, 
    8.748736143112183
  ], 
  "##characteristics#run#execution_time_with_module#all_unique": [
    8.758384943008423, 
    8.753283023834229, 
    8.730634212493896, 
    8.748736143112183
  ], 
  "##characteristics#run#execution_time_with_module#center": 8.74450957775116, 
  "##characteristics#run#execution_time_with_module#center_imp": 1.0107119064095837, 
  "##characteristics#run#execution_time_with_module#halfrange": 0.013875365257263184, 
  "##characteristics#run#execution_time_with_module#max": 8.758384943008423, 
  "##characteristics#run#execution_time_with_module#mean": 8.747759580612183, 
  "##characteristics#run#execution_time_with_module#mean_imp": 1.011106514737783, 
  "##characteristics#run#execution_time_with_module#min": 8.730634212493896, 
  "##characteristics#run#execution_time_with_module#min_imp": 0.9728753709761185, 
  "##characteristics#run#execution_time_with_module#range": 0.027750730514526367, 
  "##characteristics#run#execution_time_with_module#range_percent": 0.003178546923293835, 
  "##characteristics#run#execution_time_with_module#repeats": 4, 
  "##characteristics#run#output_check_failed#all": [
    "no", 
    "no", 
    "no", 
    "no"
  ], 
  "##characteristics#run#output_check_failed#all_unique": [
    "no"
  ], 
  "##characteristics#run#output_check_failed#min": "no", 
  "##characteristics#run#output_check_failed#min_imp": 1, 
  "##characteristics#run#output_check_failed#repeats": 4, 
  "##characteristics#run#output_check_failed_bool#all": [
    false, 
    false, 
    false, 
    false
  ], 
  "##characteristics#run#output_check_failed_bool#all_unique": [
    false
  ], 
  "##characteristics#run#output_check_failed_bool#min": false, 
  "##characteristics#run#output_check_failed_bool#min_imp": 1, 
  "##characteristics#run#output_check_failed_bool#repeats": 4, 
  "##characteristics#run#repeat#all": [
    127, 
    127, 
    127, 
    127
  ], 
  "##characteristics#run#repeat#all_unique": [
    127
  ], 
  "##characteristics#run#repeat#center": 127, 
  "##characteristics#run#repeat#center_imp": 1.0, 
  "##characteristics#run#repeat#halfrange": 0, 
  "##characteristics#run#repeat#max": 127, 
  "##characteristics#run#repeat#mean": 127.0, 
  "##characteristics#run#repeat#mean_imp": 1.0, 
  "##characteristics#run#repeat#min": 127, 
  "##characteristics#run#repeat#min_imp": 1.0, 
  "##characteristics#run#repeat#range": 0, 
  "##characteristics#run#repeat#range_percent": 0, 
  "##characteristics#run#repeat#repeats": 4, 
  "##characteristics#run#return_code#all": [
    0, 
    0, 
    0, 
    0
  ], 
  "##characteristics#run#return_code#all_unique": [
    0
  ], 
  "##characteristics#run#return_code#center": 0, 
  "##characteristics#run#return_code#halfrange": 0, 
  "##characteristics#run#return_code#max": 0, 
  "##characteristics#run#return_code#mean": 0.0, 
  "##characteristics#run#return_code#min": 0, 
  "##characteristics#run#return_code#min_imp": 1, 
  "##characteristics#run#return_code#range": 0, 
  "##characteristics#run#return_code#repeats": 4, 
  "##characteristics#run#run_success#all": [
    "yes", 
    "yes", 
    "yes", 
    "yes"
  ], 
  "##characteristics#run#run_success#all_unique": [
    "yes"
  ], 
  "##characteristics#run#run_success#min": "yes", 
  "##characteristics#run#run_success#min_imp": 1, 
  "##characteristics#run#run_success#repeats": 4, 
  "##characteristics#run#run_success_bool#all": [
    true, 
    true, 
    true, 
    true
  ], 
  "##characteristics#run#run_success_bool#all_unique": [
    true
  ], 
  "##characteristics#run#run_success_bool#min": true, 
  "##characteristics#run#run_success_bool#min_imp": 1, 
  "##characteristics#run#run_success_bool#repeats": 4, 
  "##characteristics#run#run_time_state#image_size_x#all": [
    600, 
    600, 
    600, 
    600
  ], 
  "##characteristics#run#run_time_state#image_size_x#all_unique": [
    600
  ], 
  "##characteristics#run#run_time_state#image_size_x#center": 600, 
  "##characteristics#run#run_time_state#image_size_x#center_imp": 1.0, 
  "##characteristics#run#run_time_state#image_size_x#halfrange": 0, 
  "##characteristics#run#run_time_state#image_size_x#max": 600, 
  "##characteristics#run#run_time_state#image_size_x#mean": 600.0, 
  "##characteristics#run#run_time_state#image_size_x#mean_imp": 1.0, 
  "##characteristics#run#run_time_state#image_size_x#min": 600, 
  "##characteristics#run#run_time_state#image_size_x#min_imp": 1.0, 
  "##characteristics#run#run_time_state#image_size_x#range": 0, 
  "##characteristics#run#run_time_state#image_size_x#range_percent": 0, 
  "##characteristics#run#run_time_state#image_size_x#repeats": 4, 
  "##characteristics#run#run_time_state#image_size_y#all": [
    450, 
    450, 
    450, 
    450
  ], 
  "##characteristics#run#run_time_state#image_size_y#all_unique": [
    450
  ], 
  "##characteristics#run#run_time_state#image_size_y#center": 450, 
  "##characteristics#run#run_time_state#image_size_y#center_imp": 1.0, 
  "##characteristics#run#run_time_state#image_size_y#halfrange": 0, 
  "##characteristics#run#run_time_state#image_size_y#max": 450, 
  "##characteristics#run#run_time_state#image_size_y#mean": 450.0, 
  "##characteristics#run#run_time_state#image_size_y#mean_imp": 1.0, 
  "##characteristics#run#run_time_state#image_size_y#min": 450, 
  "##characteristics#run#run_time_state#image_size_y#min_imp": 1.0, 
  "##characteristics#run#run_time_state#image_size_y#range": 0, 
  "##characteristics#run#run_time_state#image_size_y#range_percent": 0, 
  "##characteristics#run#run_time_state#image_size_y#repeats": 4, 
  "##characteristics#run#total_execution_time#all": [
    8.043662, 
    8.050969, 
    8.018266, 
    8.041686
  ], 
  "##characteristics#run#total_execution_time#all_unique": [
    8.043662, 
    8.050969, 
    8.018266, 
    8.041686
  ], 
  "##characteristics#run#total_execution_time#center": 8.0346175, 
  "##characteristics#run#total_execution_time#center_imp": 0.9737895425637874, 
  "##characteristics#run#total_execution_time#halfrange": 0.016351499999999852, 
  "##characteristics#run#total_execution_time#max": 8.050969, 
  "##characteristics#run#total_execution_time#mean": 8.03864575, 
  "##characteristics#run#total_execution_time#mean_imp": 0.970870622082084, 
  "##characteristics#run#total_execution_time#min": 8.018266, 
  "##characteristics#run#total_execution_time#min_imp": 0.9687331400579625, 
  "##characteristics#run#total_execution_time#range": 0.032702999999999705, 
  "##characteristics#run#total_execution_time#range_percent": 0.0040785626218935245, 
  "##characteristics#run#total_execution_time#repeats": 4
}
