{
  "##characteristics#compile#binary_size#all": [
    40288
  ], 
  "##characteristics#compile#binary_size#all_unique": [
    40288
  ], 
  "##characteristics#compile#binary_size#center": 40288, 
  "##characteristics#compile#binary_size#center_imp": 1.0, 
  "##characteristics#compile#binary_size#halfrange": 0, 
  "##characteristics#compile#binary_size#max": 40288, 
  "##characteristics#compile#binary_size#mean": 40288.0, 
  "##characteristics#compile#binary_size#mean_imp": 1.0, 
  "##characteristics#compile#binary_size#min": 40288, 
  "##characteristics#compile#binary_size#min_imp": 1.0, 
  "##characteristics#compile#binary_size#range": 0, 
  "##characteristics#compile#binary_size#range_percent": 0, 
  "##characteristics#compile#binary_size#repeats": 1, 
  "##characteristics#compile#compilation_success#all": [
    "yes"
  ], 
  "##characteristics#compile#compilation_success#all_unique": [
    "yes"
  ], 
  "##characteristics#compile#compilation_success#min": "yes", 
  "##characteristics#compile#compilation_success#min_imp": 0, 
  "##characteristics#compile#compilation_success#repeats": 1, 
  "##characteristics#compile#compilation_success_bool#all": [
    true
  ], 
  "##characteristics#compile#compilation_success_bool#all_unique": [
    true
  ], 
  "##characteristics#compile#compilation_success_bool#min": true, 
  "##characteristics#compile#compilation_success_bool#min_imp": 0, 
  "##characteristics#compile#compilation_success_bool#repeats": 1, 
  "##characteristics#compile#compilation_time#all": [
    35.89440703392029
  ], 
  "##characteristics#compile#compilation_time#all_unique": [
    35.89440703392029
  ], 
  "##characteristics#compile#compilation_time#center": 35.89440703392029, 
  "##characteristics#compile#compilation_time#center_imp": 0.9512801535654893, 
  "##characteristics#compile#compilation_time#halfrange": 0.0, 
  "##characteristics#compile#compilation_time#max": 35.89440703392029, 
  "##characteristics#compile#compilation_time#mean": 35.89440703392029, 
  "##characteristics#compile#compilation_time#mean_imp": 0.9512801535654893, 
  "##characteristics#compile#compilation_time#min": 35.89440703392029, 
  "##characteristics#compile#compilation_time#min_imp": 0.9512801535654893, 
  "##characteristics#compile#compilation_time#range": 0.0, 
  "##characteristics#compile#compilation_time#range_percent": 0.0, 
  "##characteristics#compile#compilation_time#repeats": 1, 
  "##characteristics#compile#compilation_time_with_module#all": [
    41.080541133880615
  ], 
  "##characteristics#compile#compilation_time_with_module#all_unique": [
    41.080541133880615
  ], 
  "##characteristics#compile#compilation_time_with_module#center": 41.080541133880615, 
  "##characteristics#compile#compilation_time_with_module#center_imp": 0.9557322018435317, 
  "##characteristics#compile#compilation_time_with_module#halfrange": 0.0, 
  "##characteristics#compile#compilation_time_with_module#max": 41.080541133880615, 
  "##characteristics#compile#compilation_time_with_module#mean": 41.080541133880615, 
  "##characteristics#compile#compilation_time_with_module#mean_imp": 0.9557322018435317, 
  "##characteristics#compile#compilation_time_with_module#min": 41.080541133880615, 
  "##characteristics#compile#compilation_time_with_module#min_imp": 0.9557322018435317, 
  "##characteristics#compile#compilation_time_with_module#range": 0.0, 
  "##characteristics#compile#compilation_time_with_module#range_percent": 0.0, 
  "##characteristics#compile#compilation_time_with_module#repeats": 1, 
  "##characteristics#compile#joined_compiler_flags#all": [
    "-O3 -fsched-dep-count-heuristic -fno-tree-loop-optimize -funroll-all-loops"
  ], 
  "##characteristics#compile#joined_compiler_flags#all_unique": [
    "-O3 -fsched-dep-count-heuristic -fno-tree-loop-optimize -funroll-all-loops"
  ], 
  "##characteristics#compile#joined_compiler_flags#min": "-O3 -fsched-dep-count-heuristic -fno-tree-loop-optimize -funroll-all-loops", 
  "##characteristics#compile#joined_compiler_flags#min_imp": 0, 
  "##characteristics#compile#joined_compiler_flags#repeats": 1, 
  "##characteristics#compile#md5_sum#all": [
    "37dd24faf6808fd4cfc87b42bf406b39"
  ], 
  "##characteristics#compile#md5_sum#all_unique": [
    "37dd24faf6808fd4cfc87b42bf406b39"
  ], 
  "##characteristics#compile#md5_sum#min": "37dd24faf6808fd4cfc87b42bf406b39", 
  "##characteristics#compile#md5_sum#min_imp": 0, 
  "##characteristics#compile#md5_sum#repeats": 1, 
  "##characteristics#compile#obj_size#all": [
    34932
  ], 
  "##characteristics#compile#obj_size#all_unique": [
    34932
  ], 
  "##characteristics#compile#obj_size#center": 34932, 
  "##characteristics#compile#obj_size#center_imp": 1.0, 
  "##characteristics#compile#obj_size#halfrange": 0, 
  "##characteristics#compile#obj_size#max": 34932, 
  "##characteristics#compile#obj_size#mean": 34932.0, 
  "##characteristics#compile#obj_size#mean_imp": 1.0, 
  "##characteristics#compile#obj_size#min": 34932, 
  "##characteristics#compile#obj_size#min_imp": 1.0, 
  "##characteristics#compile#obj_size#range": 0, 
  "##characteristics#compile#obj_size#range_percent": 0, 
  "##characteristics#compile#obj_size#repeats": 1, 
  "##characteristics#compile#obj_sizes#susan.o#all": [
    34932
  ], 
  "##characteristics#compile#obj_sizes#susan.o#all_unique": [
    34932
  ], 
  "##characteristics#compile#obj_sizes#susan.o#center": 34932, 
  "##characteristics#compile#obj_sizes#susan.o#center_imp": 1.0, 
  "##characteristics#compile#obj_sizes#susan.o#halfrange": 0, 
  "##characteristics#compile#obj_sizes#susan.o#max": 34932, 
  "##characteristics#compile#obj_sizes#susan.o#mean": 34932.0, 
  "##characteristics#compile#obj_sizes#susan.o#mean_imp": 1.0, 
  "##characteristics#compile#obj_sizes#susan.o#min": 34932, 
  "##characteristics#compile#obj_sizes#susan.o#min_imp": 1.0, 
  "##characteristics#compile#obj_sizes#susan.o#range": 0, 
  "##characteristics#compile#obj_sizes#susan.o#range_percent": 0, 
  "##characteristics#compile#obj_sizes#susan.o#repeats": 1, 
  "##characteristics#compile#program_git_hash#all": [
    "540987ceb20f9153dee31b7b45f428c8b3117198"
  ], 
  "##characteristics#compile#program_git_hash#all_unique": [
    "540987ceb20f9153dee31b7b45f428c8b3117198"
  ], 
  "##characteristics#compile#program_git_hash#min": "540987ceb20f9153dee31b7b45f428c8b3117198", 
  "##characteristics#compile#program_git_hash#min_imp": 0, 
  "##characteristics#compile#program_git_hash#repeats": 1, 
  "##characteristics#run#execution_time#all": [
    0.06166788976377953, 
    0.0613013937007874, 
    0.0613421968503937, 
    0.06122252755905512
  ], 
  "##characteristics#run#execution_time#all_unique": [
    0.06166788976377953, 
    0.0613013937007874, 
    0.0613421968503937, 
    0.06122252755905512
  ], 
  "##characteristics#run#execution_time#center": 0.061445208661417325, 
  "##characteristics#run#execution_time#center_imp": 0.9985290652968272, 
  "##characteristics#run#execution_time#halfrange": 0.0002226811023622044, 
  "##characteristics#run#execution_time#max": 0.06166788976377953, 
  "##characteristics#run#execution_time#mean": 0.06138350196850394, 
  "##characteristics#run#execution_time#mean_imp": 1.0014525627076887, 
  "##characteristics#run#execution_time#min": 0.06122252755905512, 
  "##characteristics#run#execution_time#min_imp": 0.9975656122669065, 
  "##characteristics#run#execution_time#range": 0.0004453622047244088, 
  "##characteristics#run#execution_time#range_percent": 0.007274482490041159, 
  "##characteristics#run#execution_time#repeats": 4, 
  "##characteristics#run#execution_time_kernel_0#all": [
    7.831822, 
    7.785277, 
    7.790459, 
    7.775261
  ], 
  "##characteristics#run#execution_time_kernel_0#all_unique": [
    7.831822, 
    7.785277, 
    7.790459, 
    7.775261
  ], 
  "##characteristics#run#execution_time_kernel_0#center": 7.8035415, 
  "##characteristics#run#execution_time_kernel_0#center_imp": 0.9985290652968271, 
  "##characteristics#run#execution_time_kernel_0#halfrange": 0.02828049999999971, 
  "##characteristics#run#execution_time_kernel_0#max": 7.831822, 
  "##characteristics#run#execution_time_kernel_0#mean": 7.7957047500000005, 
  "##characteristics#run#execution_time_kernel_0#mean_imp": 1.0014525627076885, 
  "##characteristics#run#execution_time_kernel_0#min": 7.775261, 
  "##characteristics#run#execution_time_kernel_0#min_imp": 0.9975656122669064, 
  "##characteristics#run#execution_time_kernel_0#range": 0.05656099999999942, 
  "##characteristics#run#execution_time_kernel_0#range_percent": 0.007274482490041095, 
  "##characteristics#run#execution_time_kernel_0#repeats": 4, 
  "##characteristics#run#execution_time_with_module#all": [
    8.533505201339722, 
    8.482398986816406, 
    8.490466117858887, 
    8.469958066940308
  ], 
  "##characteristics#run#execution_time_with_module#all_unique": [
    8.533505201339722, 
    8.482398986816406, 
    8.490466117858887, 
    8.469958066940308
  ], 
  "##characteristics#run#execution_time_with_module#center": 8.501731634140015, 
  "##characteristics#run#execution_time_with_module#center_imp": 0.9988264483144954, 
  "##characteristics#run#execution_time_with_module#halfrange": 0.03177356719970703, 
  "##characteristics#run#execution_time_with_module#max": 8.533505201339722, 
  "##characteristics#run#execution_time_with_module#mean": 8.49408209323883, 
  "##characteristics#run#execution_time_with_module#mean_imp": 1.001332614772392, 
  "##characteristics#run#execution_time_with_module#min": 8.469958066940308, 
  "##characteristics#run#execution_time_with_module#min_imp": 0.9978742359132274, 
  "##characteristics#run#execution_time_with_module#range": 0.06354713439941406, 
  "##characteristics#run#execution_time_with_module#range_percent": 0.007502650414226887, 
  "##characteristics#run#execution_time_with_module#repeats": 4, 
  "##characteristics#run#output_check_failed#all": [
    "no", 
    "no", 
    "no", 
    "no"
  ], 
  "##characteristics#run#output_check_failed#all_unique": [
    "no"
  ], 
  "##characteristics#run#output_check_failed#min": "no", 
  "##characteristics#run#output_check_failed#min_imp": 1, 
  "##characteristics#run#output_check_failed#repeats": 4, 
  "##characteristics#run#output_check_failed_bool#all": [
    false, 
    false, 
    false, 
    false
  ], 
  "##characteristics#run#output_check_failed_bool#all_unique": [
    false
  ], 
  "##characteristics#run#output_check_failed_bool#min": false, 
  "##characteristics#run#output_check_failed_bool#min_imp": 1, 
  "##characteristics#run#output_check_failed_bool#repeats": 4, 
  "##characteristics#run#repeat#all": [
    127, 
    127, 
    127, 
    127
  ], 
  "##characteristics#run#repeat#all_unique": [
    127
  ], 
  "##characteristics#run#repeat#center": 127, 
  "##characteristics#run#repeat#center_imp": 1.0, 
  "##characteristics#run#repeat#halfrange": 0, 
  "##characteristics#run#repeat#max": 127, 
  "##characteristics#run#repeat#mean": 127.0, 
  "##characteristics#run#repeat#mean_imp": 1.0, 
  "##characteristics#run#repeat#min": 127, 
  "##characteristics#run#repeat#min_imp": 1.0, 
  "##characteristics#run#repeat#range": 0, 
  "##characteristics#run#repeat#range_percent": 0, 
  "##characteristics#run#repeat#repeats": 4, 
  "##characteristics#run#return_code#all": [
    0, 
    0, 
    0, 
    0
  ], 
  "##characteristics#run#return_code#all_unique": [
    0
  ], 
  "##characteristics#run#return_code#center": 0, 
  "##characteristics#run#return_code#halfrange": 0, 
  "##characteristics#run#return_code#max": 0, 
  "##characteristics#run#return_code#mean": 0.0, 
  "##characteristics#run#return_code#min": 0, 
  "##characteristics#run#return_code#min_imp": 1, 
  "##characteristics#run#return_code#range": 0, 
  "##characteristics#run#return_code#repeats": 4, 
  "##characteristics#run#run_success#all": [
    "yes", 
    "yes", 
    "yes", 
    "yes"
  ], 
  "##characteristics#run#run_success#all_unique": [
    "yes"
  ], 
  "##characteristics#run#run_success#min": "yes", 
  "##characteristics#run#run_success#min_imp": 1, 
  "##characteristics#run#run_success#repeats": 4, 
  "##characteristics#run#run_success_bool#all": [
    true, 
    true, 
    true, 
    true
  ], 
  "##characteristics#run#run_success_bool#all_unique": [
    true
  ], 
  "##characteristics#run#run_success_bool#min": true, 
  "##characteristics#run#run_success_bool#min_imp": 1, 
  "##characteristics#run#run_success_bool#repeats": 4, 
  "##characteristics#run#run_time_state#image_size_x#all": [
    600, 
    600, 
    600, 
    600
  ], 
  "##characteristics#run#run_time_state#image_size_x#all_unique": [
    600
  ], 
  "##characteristics#run#run_time_state#image_size_x#center": 600, 
  "##characteristics#run#run_time_state#image_size_x#center_imp": 1.0, 
  "##characteristics#run#run_time_state#image_size_x#halfrange": 0, 
  "##characteristics#run#run_time_state#image_size_x#max": 600, 
  "##characteristics#run#run_time_state#image_size_x#mean": 600.0, 
  "##characteristics#run#run_time_state#image_size_x#mean_imp": 1.0, 
  "##characteristics#run#run_time_state#image_size_x#min": 600, 
  "##characteristics#run#run_time_state#image_size_x#min_imp": 1.0, 
  "##characteristics#run#run_time_state#image_size_x#range": 0, 
  "##characteristics#run#run_time_state#image_size_x#range_percent": 0, 
  "##characteristics#run#run_time_state#image_size_x#repeats": 4, 
  "##characteristics#run#run_time_state#image_size_y#all": [
    450, 
    450, 
    450, 
    450
  ], 
  "##characteristics#run#run_time_state#image_size_y#all_unique": [
    450
  ], 
  "##characteristics#run#run_time_state#image_size_y#center": 450, 
  "##characteristics#run#run_time_state#image_size_y#center_imp": 1.0, 
  "##characteristics#run#run_time_state#image_size_y#halfrange": 0, 
  "##characteristics#run#run_time_state#image_size_y#max": 450, 
  "##characteristics#run#run_time_state#image_size_y#mean": 450.0, 
  "##characteristics#run#run_time_state#image_size_y#mean_imp": 1.0, 
  "##characteristics#run#run_time_state#image_size_y#min": 450, 
  "##characteristics#run#run_time_state#image_size_y#min_imp": 1.0, 
  "##characteristics#run#run_time_state#image_size_y#range": 0, 
  "##characteristics#run#run_time_state#image_size_y#range_percent": 0, 
  "##characteristics#run#run_time_state#image_size_y#repeats": 4, 
  "##characteristics#run#total_execution_time#all": [
    7.831822, 
    7.785277, 
    7.790459, 
    7.775261
  ], 
  "##characteristics#run#total_execution_time#all_unique": [
    7.831822, 
    7.785277, 
    7.790459, 
    7.775261
  ], 
  "##characteristics#run#total_execution_time#center": 7.8035415, 
  "##characteristics#run#total_execution_time#center_imp": 0.9985290652968271, 
  "##characteristics#run#total_execution_time#halfrange": 0.02828049999999971, 
  "##characteristics#run#total_execution_time#max": 7.831822, 
  "##characteristics#run#total_execution_time#mean": 7.7957047500000005, 
  "##characteristics#run#total_execution_time#mean_imp": 1.0014525627076885, 
  "##characteristics#run#total_execution_time#min": 7.775261, 
  "##characteristics#run#total_execution_time#min_imp": 0.9975656122669064, 
  "##characteristics#run#total_execution_time#range": 0.05656099999999942, 
  "##characteristics#run#total_execution_time#range_percent": 0.007274482490041095, 
  "##characteristics#run#total_execution_time#repeats": 4
}
