{
  "##choices#calibration_time": 10.0, 
  "##choices#cmd_key": "corners", 
  "##choices#compile_type": "dynamic", 
  "##choices#compiler_description_uoa": "gcc-4.9.0-auto", 
  "##choices#compiler_flags#base_opt": "-O3", 
  "##choices#compiler_flags#bool--fira-algorithm=": "-fira-algorithm=priority", 
  "##choices#compiler_flags#bool-branch-target-load-optimize2": "-fbranch-target-load-optimize2", 
  "##choices#compiler_flags#bool-btr-bb-exclusive": "-fbtr-bb-exclusive", 
  "##choices#compiler_flags#bool-cse-follow-jumps": "-fcse-follow-jumps", 
  "##choices#compiler_flags#bool-forward-propagate": "-fforward-propagate", 
  "##choices#compiler_flags#bool-ipa-pure-const": "-fno-ipa-pure-const", 
  "##choices#compiler_flags#bool-ivopts": "-fivopts", 
  "##choices#compiler_flags#bool-modulo-sched": "-fmodulo-sched", 
  "##choices#compiler_flags#bool-predictive-commoning": "-fpredictive-commoning", 
  "##choices#compiler_flags#bool-sched-dep-count-heuristic": "-fsched-dep-count-heuristic", 
  "##choices#compiler_flags#bool-tree-loop-optimize": "-fno-tree-loop-optimize", 
  "##choices#compiler_flags#bool-unroll-all-loops": "-funroll-all-loops", 
  "##choices#compiler_flags#bool-unsafe-math-optimizations": "-funsafe-math-optimizations", 
  "##choices#data_uoa": "cbench-automotive-susan", 
  "##choices#dataset_file": "data.pgm", 
  "##choices#dataset_uoa": "image-pgm-clean-gray-square-600-450-8", 
  "##choices#device_id": "", 
  "##choices#host_os": "linux-32", 
  "##choices#module_uoa": "b0ac08fe1d3c2615", 
  "##choices#no_state_check": "yes", 
  "##choices#program_tags": "", 
  "##choices#repeat": 127, 
  "##choices#target": "", 
  "##choices#target_os": "linux-32", 
  "##choices#target_os_bits": "32"
}
