{
  "##characteristics#compile#binary_size#all": [
    40072
  ], 
  "##characteristics#compile#binary_size#all_unique": [
    40072
  ], 
  "##characteristics#compile#binary_size#center": 40072, 
  "##characteristics#compile#binary_size#center_imp": 1.0153723298063486, 
  "##characteristics#compile#binary_size#halfrange": 0, 
  "##characteristics#compile#binary_size#max": 40072, 
  "##characteristics#compile#binary_size#mean": 40072.0, 
  "##characteristics#compile#binary_size#mean_imp": 1.0153723298063486, 
  "##characteristics#compile#binary_size#min": 40072, 
  "##characteristics#compile#binary_size#min_imp": 1.0153723298063486, 
  "##characteristics#compile#binary_size#range": 0, 
  "##characteristics#compile#binary_size#range_percent": 0, 
  "##characteristics#compile#binary_size#repeats": 1, 
  "##characteristics#compile#compilation_success#all": [
    "yes"
  ], 
  "##characteristics#compile#compilation_success#all_unique": [
    "yes"
  ], 
  "##characteristics#compile#compilation_success#min": "yes", 
  "##characteristics#compile#compilation_success#min_imp": 0, 
  "##characteristics#compile#compilation_success#repeats": 1, 
  "##characteristics#compile#compilation_success_bool#all": [
    true
  ], 
  "##characteristics#compile#compilation_success_bool#all_unique": [
    true
  ], 
  "##characteristics#compile#compilation_success_bool#min": true, 
  "##characteristics#compile#compilation_success_bool#min_imp": 0, 
  "##characteristics#compile#compilation_success_bool#repeats": 1, 
  "##characteristics#compile#compilation_time#all": [
    34.19248914718628
  ], 
  "##characteristics#compile#compilation_time#all_unique": [
    34.19248914718628
  ], 
  "##characteristics#compile#compilation_time#center": 34.19248914718628, 
  "##characteristics#compile#compilation_time#center_imp": 0.9498995751409903, 
  "##characteristics#compile#compilation_time#halfrange": 0.0, 
  "##characteristics#compile#compilation_time#max": 34.19248914718628, 
  "##characteristics#compile#compilation_time#mean": 34.19248914718628, 
  "##characteristics#compile#compilation_time#mean_imp": 0.9498995751409903, 
  "##characteristics#compile#compilation_time#min": 34.19248914718628, 
  "##characteristics#compile#compilation_time#min_imp": 0.9498995751409903, 
  "##characteristics#compile#compilation_time#range": 0.0, 
  "##characteristics#compile#compilation_time#range_percent": 0.0, 
  "##characteristics#compile#compilation_time#repeats": 1, 
  "##characteristics#compile#compilation_time_with_module#all": [
    39.35200905799866
  ], 
  "##characteristics#compile#compilation_time_with_module#all_unique": [
    39.35200905799866
  ], 
  "##characteristics#compile#compilation_time_with_module#center": 39.35200905799866, 
  "##characteristics#compile#compilation_time_with_module#center_imp": 1.0343887398163885, 
  "##characteristics#compile#compilation_time_with_module#halfrange": 0.0, 
  "##characteristics#compile#compilation_time_with_module#max": 39.35200905799866, 
  "##characteristics#compile#compilation_time_with_module#mean": 39.35200905799866, 
  "##characteristics#compile#compilation_time_with_module#mean_imp": 1.0343887398163885, 
  "##characteristics#compile#compilation_time_with_module#min": 39.35200905799866, 
  "##characteristics#compile#compilation_time_with_module#min_imp": 1.0343887398163885, 
  "##characteristics#compile#compilation_time_with_module#range": 0.0, 
  "##characteristics#compile#compilation_time_with_module#range_percent": 0.0, 
  "##characteristics#compile#compilation_time_with_module#repeats": 1, 
  "##characteristics#compile#joined_compiler_flags#all": [
    "-O3 -fbranch-target-load-optimize2 -fbtr-bb-exclusive -fcse-follow-jumps -fforward-propagate -fno-ipa-pure-const -fivopts -fpredictive-commoning -fsched-dep-count-heuristic -fno-tree-loop-optimize -funroll-all-loops -funsafe-math-optimizations"
  ], 
  "##characteristics#compile#joined_compiler_flags#all_unique": [
    "-O3 -fbranch-target-load-optimize2 -fbtr-bb-exclusive -fcse-follow-jumps -fforward-propagate -fno-ipa-pure-const -fivopts -fpredictive-commoning -fsched-dep-count-heuristic -fno-tree-loop-optimize -funroll-all-loops -funsafe-math-optimizations"
  ], 
  "##characteristics#compile#joined_compiler_flags#min": "-O3 -fbranch-target-load-optimize2 -fbtr-bb-exclusive -fcse-follow-jumps -fforward-propagate -fno-ipa-pure-const -fivopts -fpredictive-commoning -fsched-dep-count-heuristic -fno-tree-loop-optimize -funroll-all-loops -funsafe-math-optimizations", 
  "##characteristics#compile#joined_compiler_flags#min_imp": 0, 
  "##characteristics#compile#joined_compiler_flags#repeats": 1, 
  "##characteristics#compile#md5_sum#all": [
    "34b45104fd1a2cd7a985e0efc84924c7"
  ], 
  "##characteristics#compile#md5_sum#all_unique": [
    "34b45104fd1a2cd7a985e0efc84924c7"
  ], 
  "##characteristics#compile#md5_sum#min": "34b45104fd1a2cd7a985e0efc84924c7", 
  "##characteristics#compile#md5_sum#min_imp": 0, 
  "##characteristics#compile#md5_sum#repeats": 1, 
  "##characteristics#compile#obj_size#all": [
    34952
  ], 
  "##characteristics#compile#obj_size#all_unique": [
    34952
  ], 
  "##characteristics#compile#obj_size#center": 34952, 
  "##characteristics#compile#obj_size#center_imp": 1.0176241702906843, 
  "##characteristics#compile#obj_size#halfrange": 0, 
  "##characteristics#compile#obj_size#max": 34952, 
  "##characteristics#compile#obj_size#mean": 34952.0, 
  "##characteristics#compile#obj_size#mean_imp": 1.0176241702906843, 
  "##characteristics#compile#obj_size#min": 34952, 
  "##characteristics#compile#obj_size#min_imp": 1.0176241702906843, 
  "##characteristics#compile#obj_size#range": 0, 
  "##characteristics#compile#obj_size#range_percent": 0, 
  "##characteristics#compile#obj_size#repeats": 1, 
  "##characteristics#compile#obj_sizes#susan.o#all": [
    34952
  ], 
  "##characteristics#compile#obj_sizes#susan.o#all_unique": [
    34952
  ], 
  "##characteristics#compile#obj_sizes#susan.o#center": 34952, 
  "##characteristics#compile#obj_sizes#susan.o#center_imp": 1.0176241702906843, 
  "##characteristics#compile#obj_sizes#susan.o#halfrange": 0, 
  "##characteristics#compile#obj_sizes#susan.o#max": 34952, 
  "##characteristics#compile#obj_sizes#susan.o#mean": 34952.0, 
  "##characteristics#compile#obj_sizes#susan.o#mean_imp": 1.0176241702906843, 
  "##characteristics#compile#obj_sizes#susan.o#min": 34952, 
  "##characteristics#compile#obj_sizes#susan.o#min_imp": 1.0176241702906843, 
  "##characteristics#compile#obj_sizes#susan.o#range": 0, 
  "##characteristics#compile#obj_sizes#susan.o#range_percent": 0, 
  "##characteristics#compile#obj_sizes#susan.o#repeats": 1, 
  "##characteristics#compile#program_git_hash#all": [
    "540987ceb20f9153dee31b7b45f428c8b3117198"
  ], 
  "##characteristics#compile#program_git_hash#all_unique": [
    "540987ceb20f9153dee31b7b45f428c8b3117198"
  ], 
  "##characteristics#compile#program_git_hash#min": "540987ceb20f9153dee31b7b45f428c8b3117198", 
  "##characteristics#compile#program_git_hash#min_imp": 0, 
  "##characteristics#compile#program_git_hash#repeats": 1, 
  "##characteristics#run#execution_time#all": [
    0.06222464566929133, 
    0.06177128346456693, 
    0.06189563779527559, 
    0.061869527559055115
  ], 
  "##characteristics#run#execution_time#all_unique": [
    0.06222464566929133, 
    0.06177128346456693, 
    0.06189563779527559, 
    0.061869527559055115
  ], 
  "##characteristics#run#execution_time#center": 0.06199796456692913, 
  "##characteristics#run#execution_time#center_imp": 1.0078138836536608, 
  "##characteristics#run#execution_time#halfrange": 0.00022668110236220146, 
  "##characteristics#run#execution_time#max": 0.06222464566929133, 
  "##characteristics#run#execution_time#mean": 0.061940273622047244, 
  "##characteristics#run#execution_time#mean_imp": 1.008807474841064, 
  "##characteristics#run#execution_time#min": 0.06177128346456693, 
  "##characteristics#run#execution_time#min_imp": 1.0086455584883682, 
  "##characteristics#run#execution_time#range": 0.0004533622047244029, 
  "##characteristics#run#execution_time#range_percent": 0.0073393683811743896, 
  "##characteristics#run#execution_time#repeats": 4, 
  "##characteristics#run#execution_time_kernel_0#all": [
    7.90253, 
    7.844953, 
    7.860746, 
    7.85743
  ], 
  "##characteristics#run#execution_time_kernel_0#all_unique": [
    7.90253, 
    7.844953, 
    7.860746, 
    7.85743
  ], 
  "##characteristics#run#execution_time_kernel_0#center": 7.8737414999999995, 
  "##characteristics#run#execution_time_kernel_0#center_imp": 1.0078138836536608, 
  "##characteristics#run#execution_time_kernel_0#halfrange": 0.02878849999999966, 
  "##characteristics#run#execution_time_kernel_0#max": 7.90253, 
  "##characteristics#run#execution_time_kernel_0#mean": 7.86641475, 
  "##characteristics#run#execution_time_kernel_0#mean_imp": 1.008807474841064, 
  "##characteristics#run#execution_time_kernel_0#min": 7.844953, 
  "##characteristics#run#execution_time_kernel_0#min_imp": 1.0086455584883682, 
  "##characteristics#run#execution_time_kernel_0#range": 0.05757699999999932, 
  "##characteristics#run#execution_time_kernel_0#range_percent": 0.007339368381174409, 
  "##characteristics#run#execution_time_kernel_0#repeats": 4, 
  "##characteristics#run#execution_time_with_module#all": [
    9.047606945037842, 
    8.549415111541748, 
    8.555286884307861, 
    8.564543008804321
  ], 
  "##characteristics#run#execution_time_with_module#all_unique": [
    9.047606945037842, 
    8.549415111541748, 
    8.555286884307861, 
    8.564543008804321
  ], 
  "##characteristics#run#execution_time_with_module#center": 8.798511028289795, 
  "##characteristics#run#execution_time_with_module#center_imp": 1.088855879489362, 
  "##characteristics#run#execution_time_with_module#halfrange": 0.24909591674804688, 
  "##characteristics#run#execution_time_with_module#max": 9.047606945037842, 
  "##characteristics#run#execution_time_with_module#mean": 8.679212987422943, 
  "##characteristics#run#execution_time_with_module#mean_imp": 1.0503005256445763, 
  "##characteristics#run#execution_time_with_module#min": 8.549415111541748, 
  "##characteristics#run#execution_time_with_module#min_imp": 1.0075267062414668, 
  "##characteristics#run#execution_time_with_module#range": 0.49819183349609375, 
  "##characteristics#run#execution_time_with_module#range_percent": 0.05827203697519993, 
  "##characteristics#run#execution_time_with_module#repeats": 4, 
  "##characteristics#run#output_check_failed#all": [
    "no", 
    "no", 
    "no", 
    "no"
  ], 
  "##characteristics#run#output_check_failed#all_unique": [
    "no"
  ], 
  "##characteristics#run#output_check_failed#min": "no", 
  "##characteristics#run#output_check_failed#min_imp": 1, 
  "##characteristics#run#output_check_failed#repeats": 4, 
  "##characteristics#run#output_check_failed_bool#all": [
    false, 
    false, 
    false, 
    false
  ], 
  "##characteristics#run#output_check_failed_bool#all_unique": [
    false
  ], 
  "##characteristics#run#output_check_failed_bool#min": false, 
  "##characteristics#run#output_check_failed_bool#min_imp": 1, 
  "##characteristics#run#output_check_failed_bool#repeats": 4, 
  "##characteristics#run#repeat#all": [
    127, 
    127, 
    127, 
    127
  ], 
  "##characteristics#run#repeat#all_unique": [
    127
  ], 
  "##characteristics#run#repeat#center": 127, 
  "##characteristics#run#repeat#center_imp": 1.0, 
  "##characteristics#run#repeat#halfrange": 0, 
  "##characteristics#run#repeat#max": 127, 
  "##characteristics#run#repeat#mean": 127.0, 
  "##characteristics#run#repeat#mean_imp": 1.0, 
  "##characteristics#run#repeat#min": 127, 
  "##characteristics#run#repeat#min_imp": 1.0, 
  "##characteristics#run#repeat#range": 0, 
  "##characteristics#run#repeat#range_percent": 0, 
  "##characteristics#run#repeat#repeats": 4, 
  "##characteristics#run#return_code#all": [
    0, 
    0, 
    0, 
    0
  ], 
  "##characteristics#run#return_code#all_unique": [
    0
  ], 
  "##characteristics#run#return_code#center": 0, 
  "##characteristics#run#return_code#halfrange": 0, 
  "##characteristics#run#return_code#max": 0, 
  "##characteristics#run#return_code#mean": 0.0, 
  "##characteristics#run#return_code#min": 0, 
  "##characteristics#run#return_code#min_imp": 1, 
  "##characteristics#run#return_code#range": 0, 
  "##characteristics#run#return_code#repeats": 4, 
  "##characteristics#run#run_success#all": [
    "yes", 
    "yes", 
    "yes", 
    "yes"
  ], 
  "##characteristics#run#run_success#all_unique": [
    "yes"
  ], 
  "##characteristics#run#run_success#min": "yes", 
  "##characteristics#run#run_success#min_imp": 1, 
  "##characteristics#run#run_success#repeats": 4, 
  "##characteristics#run#run_success_bool#all": [
    true, 
    true, 
    true, 
    true
  ], 
  "##characteristics#run#run_success_bool#all_unique": [
    true
  ], 
  "##characteristics#run#run_success_bool#min": true, 
  "##characteristics#run#run_success_bool#min_imp": 1, 
  "##characteristics#run#run_success_bool#repeats": 4, 
  "##characteristics#run#run_time_state#image_size_x#all": [
    600, 
    600, 
    600, 
    600
  ], 
  "##characteristics#run#run_time_state#image_size_x#all_unique": [
    600
  ], 
  "##characteristics#run#run_time_state#image_size_x#center": 600, 
  "##characteristics#run#run_time_state#image_size_x#center_imp": 1.0, 
  "##characteristics#run#run_time_state#image_size_x#halfrange": 0, 
  "##characteristics#run#run_time_state#image_size_x#max": 600, 
  "##characteristics#run#run_time_state#image_size_x#mean": 600.0, 
  "##characteristics#run#run_time_state#image_size_x#mean_imp": 1.0, 
  "##characteristics#run#run_time_state#image_size_x#min": 600, 
  "##characteristics#run#run_time_state#image_size_x#min_imp": 1.0, 
  "##characteristics#run#run_time_state#image_size_x#range": 0, 
  "##characteristics#run#run_time_state#image_size_x#range_percent": 0, 
  "##characteristics#run#run_time_state#image_size_x#repeats": 4, 
  "##characteristics#run#run_time_state#image_size_y#all": [
    450, 
    450, 
    450, 
    450
  ], 
  "##characteristics#run#run_time_state#image_size_y#all_unique": [
    450
  ], 
  "##characteristics#run#run_time_state#image_size_y#center": 450, 
  "##characteristics#run#run_time_state#image_size_y#center_imp": 1.0, 
  "##characteristics#run#run_time_state#image_size_y#halfrange": 0, 
  "##characteristics#run#run_time_state#image_size_y#max": 450, 
  "##characteristics#run#run_time_state#image_size_y#mean": 450.0, 
  "##characteristics#run#run_time_state#image_size_y#mean_imp": 1.0, 
  "##characteristics#run#run_time_state#image_size_y#min": 450, 
  "##characteristics#run#run_time_state#image_size_y#min_imp": 1.0, 
  "##characteristics#run#run_time_state#image_size_y#range": 0, 
  "##characteristics#run#run_time_state#image_size_y#range_percent": 0, 
  "##characteristics#run#run_time_state#image_size_y#repeats": 4, 
  "##characteristics#run#total_execution_time#all": [
    7.90253, 
    7.844953, 
    7.860746, 
    7.85743
  ], 
  "##characteristics#run#total_execution_time#all_unique": [
    7.90253, 
    7.844953, 
    7.860746, 
    7.85743
  ], 
  "##characteristics#run#total_execution_time#center": 7.8737414999999995, 
  "##characteristics#run#total_execution_time#center_imp": 1.0078138836536608, 
  "##characteristics#run#total_execution_time#halfrange": 0.02878849999999966, 
  "##characteristics#run#total_execution_time#max": 7.90253, 
  "##characteristics#run#total_execution_time#mean": 7.86641475, 
  "##characteristics#run#total_execution_time#mean_imp": 1.008807474841064, 
  "##characteristics#run#total_execution_time#min": 7.844953, 
  "##characteristics#run#total_execution_time#min_imp": 1.0086455584883682, 
  "##characteristics#run#total_execution_time#range": 0.05757699999999932, 
  "##characteristics#run#total_execution_time#range_percent": 0.007339368381174409, 
  "##characteristics#run#total_execution_time#repeats": 4
}
