{
  "##characteristics#compile#binary_size#all": [
    41808
  ], 
  "##characteristics#compile#binary_size#all_unique": [
    41808
  ], 
  "##characteristics#compile#binary_size#center": 41808, 
  "##characteristics#compile#binary_size#center_imp": 1.0, 
  "##characteristics#compile#binary_size#halfrange": 0, 
  "##characteristics#compile#binary_size#max": 41808, 
  "##characteristics#compile#binary_size#mean": 41808.0, 
  "##characteristics#compile#binary_size#mean_imp": 1.0, 
  "##characteristics#compile#binary_size#min": 41808, 
  "##characteristics#compile#binary_size#min_imp": 1.0, 
  "##characteristics#compile#binary_size#range": 0, 
  "##characteristics#compile#binary_size#range_percent": 0, 
  "##characteristics#compile#binary_size#repeats": 1, 
  "##characteristics#compile#compilation_success#all": [
    "yes"
  ], 
  "##characteristics#compile#compilation_success#all_unique": [
    "yes"
  ], 
  "##characteristics#compile#compilation_success#min": "yes", 
  "##characteristics#compile#compilation_success#min_imp": 0, 
  "##characteristics#compile#compilation_success#repeats": 1, 
  "##characteristics#compile#compilation_success_bool#all": [
    true
  ], 
  "##characteristics#compile#compilation_success_bool#all_unique": [
    true
  ], 
  "##characteristics#compile#compilation_success_bool#min": true, 
  "##characteristics#compile#compilation_success_bool#min_imp": 0, 
  "##characteristics#compile#compilation_success_bool#repeats": 1, 
  "##characteristics#compile#compilation_time#all": [
    33.695703983306885
  ], 
  "##characteristics#compile#compilation_time#all_unique": [
    33.695703983306885
  ], 
  "##characteristics#compile#compilation_time#center": 33.695703983306885, 
  "##characteristics#compile#compilation_time#center_imp": 0.9969118593383688, 
  "##characteristics#compile#compilation_time#halfrange": 0.0, 
  "##characteristics#compile#compilation_time#max": 33.695703983306885, 
  "##characteristics#compile#compilation_time#mean": 33.695703983306885, 
  "##characteristics#compile#compilation_time#mean_imp": 0.9969118593383688, 
  "##characteristics#compile#compilation_time#min": 33.695703983306885, 
  "##characteristics#compile#compilation_time#min_imp": 0.9969118593383688, 
  "##characteristics#compile#compilation_time#range": 0.0, 
  "##characteristics#compile#compilation_time#range_percent": 0.0, 
  "##characteristics#compile#compilation_time#repeats": 1, 
  "##characteristics#compile#compilation_time_with_module#all": [
    38.85157012939453
  ], 
  "##characteristics#compile#compilation_time_with_module#all_unique": [
    38.85157012939453
  ], 
  "##characteristics#compile#compilation_time_with_module#center": 38.85157012939453, 
  "##characteristics#compile#compilation_time_with_module#center_imp": 0.999294720682168, 
  "##characteristics#compile#compilation_time_with_module#halfrange": 0.0, 
  "##characteristics#compile#compilation_time_with_module#max": 38.85157012939453, 
  "##characteristics#compile#compilation_time_with_module#mean": 38.85157012939453, 
  "##characteristics#compile#compilation_time_with_module#mean_imp": 0.999294720682168, 
  "##characteristics#compile#compilation_time_with_module#min": 38.85157012939453, 
  "##characteristics#compile#compilation_time_with_module#min_imp": 0.999294720682168, 
  "##characteristics#compile#compilation_time_with_module#range": 0.0, 
  "##characteristics#compile#compilation_time_with_module#range_percent": 0.0, 
  "##characteristics#compile#compilation_time_with_module#repeats": 1, 
  "##characteristics#compile#joined_compiler_flags#all": [
    "-O3 -fira-algorithm=priority -fbranch-target-load-optimize2 -fbtr-bb-exclusive -fcse-follow-jumps -fno-fat-lto-objects -fforward-propagate -fno-ipa-pure-const -fivopts -fmodulo-sched -fpredictive-commoning -fsched-dep-count-heuristic -fno-tree-loop-optimize -funroll-all-loops -funsafe-math-optimizations"
  ], 
  "##characteristics#compile#joined_compiler_flags#all_unique": [
    "-O3 -fira-algorithm=priority -fbranch-target-load-optimize2 -fbtr-bb-exclusive -fcse-follow-jumps -fno-fat-lto-objects -fforward-propagate -fno-ipa-pure-const -fivopts -fmodulo-sched -fpredictive-commoning -fsched-dep-count-heuristic -fno-tree-loop-optimize -funroll-all-loops -funsafe-math-optimizations"
  ], 
  "##characteristics#compile#joined_compiler_flags#min": "-O3 -fira-algorithm=priority -fbranch-target-load-optimize2 -fbtr-bb-exclusive -fcse-follow-jumps -fno-fat-lto-objects -fforward-propagate -fno-ipa-pure-const -fivopts -fmodulo-sched -fpredictive-commoning -fsched-dep-count-heuristic -fno-tree-loop-optimize -funroll-all-loops -funsafe-math-optimizations", 
  "##characteristics#compile#joined_compiler_flags#min_imp": 0, 
  "##characteristics#compile#joined_compiler_flags#repeats": 1, 
  "##characteristics#compile#md5_sum#all": [
    "630b27e44ab5ee37cc9669380e23ae64"
  ], 
  "##characteristics#compile#md5_sum#all_unique": [
    "630b27e44ab5ee37cc9669380e23ae64"
  ], 
  "##characteristics#compile#md5_sum#min": "630b27e44ab5ee37cc9669380e23ae64", 
  "##characteristics#compile#md5_sum#min_imp": 0, 
  "##characteristics#compile#md5_sum#repeats": 1, 
  "##characteristics#compile#obj_size#all": [
    36688
  ], 
  "##characteristics#compile#obj_size#all_unique": [
    36688
  ], 
  "##characteristics#compile#obj_size#center": 36688, 
  "##characteristics#compile#obj_size#center_imp": 1.0, 
  "##characteristics#compile#obj_size#halfrange": 0, 
  "##characteristics#compile#obj_size#max": 36688, 
  "##characteristics#compile#obj_size#mean": 36688.0, 
  "##characteristics#compile#obj_size#mean_imp": 1.0, 
  "##characteristics#compile#obj_size#min": 36688, 
  "##characteristics#compile#obj_size#min_imp": 1.0, 
  "##characteristics#compile#obj_size#range": 0, 
  "##characteristics#compile#obj_size#range_percent": 0, 
  "##characteristics#compile#obj_size#repeats": 1, 
  "##characteristics#compile#obj_sizes#susan.o#all": [
    36688
  ], 
  "##characteristics#compile#obj_sizes#susan.o#all_unique": [
    36688
  ], 
  "##characteristics#compile#obj_sizes#susan.o#center": 36688, 
  "##characteristics#compile#obj_sizes#susan.o#center_imp": 1.0, 
  "##characteristics#compile#obj_sizes#susan.o#halfrange": 0, 
  "##characteristics#compile#obj_sizes#susan.o#max": 36688, 
  "##characteristics#compile#obj_sizes#susan.o#mean": 36688.0, 
  "##characteristics#compile#obj_sizes#susan.o#mean_imp": 1.0, 
  "##characteristics#compile#obj_sizes#susan.o#min": 36688, 
  "##characteristics#compile#obj_sizes#susan.o#min_imp": 1.0, 
  "##characteristics#compile#obj_sizes#susan.o#range": 0, 
  "##characteristics#compile#obj_sizes#susan.o#range_percent": 0, 
  "##characteristics#compile#obj_sizes#susan.o#repeats": 1, 
  "##characteristics#compile#program_git_hash#all": [
    "540987ceb20f9153dee31b7b45f428c8b3117198"
  ], 
  "##characteristics#compile#program_git_hash#all_unique": [
    "540987ceb20f9153dee31b7b45f428c8b3117198"
  ], 
  "##characteristics#compile#program_git_hash#min": "540987ceb20f9153dee31b7b45f428c8b3117198", 
  "##characteristics#compile#program_git_hash#min_imp": 0, 
  "##characteristics#compile#program_git_hash#repeats": 1, 
  "##characteristics#run#execution_time#all": [
    0.06323905511811023, 
    0.06271456692913387, 
    0.062440606299212595, 
    0.06239706299212598
  ], 
  "##characteristics#run#execution_time#all_unique": [
    0.06323905511811023, 
    0.06271456692913387, 
    0.062440606299212595, 
    0.06239706299212598
  ], 
  "##characteristics#run#execution_time#center": 0.06281805905511811, 
  "##characteristics#run#execution_time#center_imp": 0.9941003223469953, 
  "##characteristics#run#execution_time#halfrange": 0.0004209960629921253, 
  "##characteristics#run#execution_time#max": 0.06323905511811023, 
  "##characteristics#run#execution_time#mean": 0.06269782283464567, 
  "##characteristics#run#execution_time#mean_imp": 0.9960995895385484, 
  "##characteristics#run#execution_time#min": 0.06239706299212598, 
  "##characteristics#run#execution_time#min_imp": 0.9976039907995871, 
  "##characteristics#run#execution_time#range": 0.0008419921259842506, 
  "##characteristics#run#execution_time#range_percent": 0.013494098690037756, 
  "##characteristics#run#execution_time#repeats": 4, 
  "##characteristics#run#execution_time_kernel_0#all": [
    8.03136, 
    7.96475, 
    7.929957, 
    7.924427
  ], 
  "##characteristics#run#execution_time_kernel_0#all_unique": [
    8.03136, 
    7.96475, 
    7.929957, 
    7.924427
  ], 
  "##characteristics#run#execution_time_kernel_0#center": 7.9778934999999995, 
  "##characteristics#run#execution_time_kernel_0#center_imp": 0.9941003223469955, 
  "##characteristics#run#execution_time_kernel_0#halfrange": 0.05346649999999986, 
  "##characteristics#run#execution_time_kernel_0#max": 8.03136, 
  "##characteristics#run#execution_time_kernel_0#mean": 7.962623499999999, 
  "##characteristics#run#execution_time_kernel_0#mean_imp": 0.9960995895385485, 
  "##characteristics#run#execution_time_kernel_0#min": 7.924427, 
  "##characteristics#run#execution_time_kernel_0#min_imp": 0.9976039907995872, 
  "##characteristics#run#execution_time_kernel_0#range": 0.10693299999999972, 
  "##characteristics#run#execution_time_kernel_0#range_percent": 0.013494098690037743, 
  "##characteristics#run#execution_time_kernel_0#repeats": 4, 
  "##characteristics#run#execution_time_with_module#all": [
    8.729176998138428, 
    8.6596360206604, 
    8.633743047714233, 
    8.626989841461182
  ], 
  "##characteristics#run#execution_time_with_module#all_unique": [
    8.729176998138428, 
    8.6596360206604, 
    8.633743047714233, 
    8.626989841461182
  ], 
  "##characteristics#run#execution_time_with_module#center": 8.678083419799805, 
  "##characteristics#run#execution_time_with_module#center_imp": 0.9952361112484793, 
  "##characteristics#run#execution_time_with_module#halfrange": 0.05109357833862305, 
  "##characteristics#run#execution_time_with_module#max": 8.729176998138428, 
  "##characteristics#run#execution_time_with_module#mean": 8.66238647699356, 
  "##characteristics#run#execution_time_with_module#mean_imp": 0.9965341534893147, 
  "##characteristics#run#execution_time_with_module#min": 8.626989841461182, 
  "##characteristics#run#execution_time_with_module#min_imp": 0.9969412355408648, 
  "##characteristics#run#execution_time_with_module#range": 0.1021871566772461, 
  "##characteristics#run#execution_time_with_module#range_percent": 0.011845053553458029, 
  "##characteristics#run#execution_time_with_module#repeats": 4, 
  "##characteristics#run#output_check_failed#all": [
    "no", 
    "no", 
    "no", 
    "no"
  ], 
  "##characteristics#run#output_check_failed#all_unique": [
    "no"
  ], 
  "##characteristics#run#output_check_failed#min": "no", 
  "##characteristics#run#output_check_failed#min_imp": 1, 
  "##characteristics#run#output_check_failed#repeats": 4, 
  "##characteristics#run#output_check_failed_bool#all": [
    false, 
    false, 
    false, 
    false
  ], 
  "##characteristics#run#output_check_failed_bool#all_unique": [
    false
  ], 
  "##characteristics#run#output_check_failed_bool#min": false, 
  "##characteristics#run#output_check_failed_bool#min_imp": 1, 
  "##characteristics#run#output_check_failed_bool#repeats": 4, 
  "##characteristics#run#repeat#all": [
    127, 
    127, 
    127, 
    127
  ], 
  "##characteristics#run#repeat#all_unique": [
    127
  ], 
  "##characteristics#run#repeat#center": 127, 
  "##characteristics#run#repeat#center_imp": 1.0, 
  "##characteristics#run#repeat#halfrange": 0, 
  "##characteristics#run#repeat#max": 127, 
  "##characteristics#run#repeat#mean": 127.0, 
  "##characteristics#run#repeat#mean_imp": 1.0, 
  "##characteristics#run#repeat#min": 127, 
  "##characteristics#run#repeat#min_imp": 1.0, 
  "##characteristics#run#repeat#range": 0, 
  "##characteristics#run#repeat#range_percent": 0, 
  "##characteristics#run#repeat#repeats": 4, 
  "##characteristics#run#return_code#all": [
    0, 
    0, 
    0, 
    0
  ], 
  "##characteristics#run#return_code#all_unique": [
    0
  ], 
  "##characteristics#run#return_code#center": 0, 
  "##characteristics#run#return_code#halfrange": 0, 
  "##characteristics#run#return_code#max": 0, 
  "##characteristics#run#return_code#mean": 0.0, 
  "##characteristics#run#return_code#min": 0, 
  "##characteristics#run#return_code#min_imp": 1, 
  "##characteristics#run#return_code#range": 0, 
  "##characteristics#run#return_code#repeats": 4, 
  "##characteristics#run#run_success#all": [
    "yes", 
    "yes", 
    "yes", 
    "yes"
  ], 
  "##characteristics#run#run_success#all_unique": [
    "yes"
  ], 
  "##characteristics#run#run_success#min": "yes", 
  "##characteristics#run#run_success#min_imp": 1, 
  "##characteristics#run#run_success#repeats": 4, 
  "##characteristics#run#run_success_bool#all": [
    true, 
    true, 
    true, 
    true
  ], 
  "##characteristics#run#run_success_bool#all_unique": [
    true
  ], 
  "##characteristics#run#run_success_bool#min": true, 
  "##characteristics#run#run_success_bool#min_imp": 1, 
  "##characteristics#run#run_success_bool#repeats": 4, 
  "##characteristics#run#run_time_state#image_size_x#all": [
    600, 
    600, 
    600, 
    600
  ], 
  "##characteristics#run#run_time_state#image_size_x#all_unique": [
    600
  ], 
  "##characteristics#run#run_time_state#image_size_x#center": 600, 
  "##characteristics#run#run_time_state#image_size_x#center_imp": 1.0, 
  "##characteristics#run#run_time_state#image_size_x#halfrange": 0, 
  "##characteristics#run#run_time_state#image_size_x#max": 600, 
  "##characteristics#run#run_time_state#image_size_x#mean": 600.0, 
  "##characteristics#run#run_time_state#image_size_x#mean_imp": 1.0, 
  "##characteristics#run#run_time_state#image_size_x#min": 600, 
  "##characteristics#run#run_time_state#image_size_x#min_imp": 1.0, 
  "##characteristics#run#run_time_state#image_size_x#range": 0, 
  "##characteristics#run#run_time_state#image_size_x#range_percent": 0, 
  "##characteristics#run#run_time_state#image_size_x#repeats": 4, 
  "##characteristics#run#run_time_state#image_size_y#all": [
    450, 
    450, 
    450, 
    450
  ], 
  "##characteristics#run#run_time_state#image_size_y#all_unique": [
    450
  ], 
  "##characteristics#run#run_time_state#image_size_y#center": 450, 
  "##characteristics#run#run_time_state#image_size_y#center_imp": 1.0, 
  "##characteristics#run#run_time_state#image_size_y#halfrange": 0, 
  "##characteristics#run#run_time_state#image_size_y#max": 450, 
  "##characteristics#run#run_time_state#image_size_y#mean": 450.0, 
  "##characteristics#run#run_time_state#image_size_y#mean_imp": 1.0, 
  "##characteristics#run#run_time_state#image_size_y#min": 450, 
  "##characteristics#run#run_time_state#image_size_y#min_imp": 1.0, 
  "##characteristics#run#run_time_state#image_size_y#range": 0, 
  "##characteristics#run#run_time_state#image_size_y#range_percent": 0, 
  "##characteristics#run#run_time_state#image_size_y#repeats": 4, 
  "##characteristics#run#total_execution_time#all": [
    8.03136, 
    7.96475, 
    7.929957, 
    7.924427
  ], 
  "##characteristics#run#total_execution_time#all_unique": [
    8.03136, 
    7.96475, 
    7.929957, 
    7.924427
  ], 
  "##characteristics#run#total_execution_time#center": 7.9778934999999995, 
  "##characteristics#run#total_execution_time#center_imp": 0.9941003223469955, 
  "##characteristics#run#total_execution_time#halfrange": 0.05346649999999986, 
  "##characteristics#run#total_execution_time#max": 8.03136, 
  "##characteristics#run#total_execution_time#mean": 7.962623499999999, 
  "##characteristics#run#total_execution_time#mean_imp": 0.9960995895385485, 
  "##characteristics#run#total_execution_time#min": 7.924427, 
  "##characteristics#run#total_execution_time#min_imp": 0.9976039907995872, 
  "##characteristics#run#total_execution_time#range": 0.10693299999999972, 
  "##characteristics#run#total_execution_time#range_percent": 0.013494098690037743, 
  "##characteristics#run#total_execution_time#repeats": 4
}
