{
  "##characteristics#compile#binary_size#all": [
    42944
  ], 
  "##characteristics#compile#binary_size#all_unique": [
    42944
  ], 
  "##characteristics#compile#binary_size#center": 42944, 
  "##characteristics#compile#binary_size#center_imp": 0.9735469448584203, 
  "##characteristics#compile#binary_size#halfrange": 0, 
  "##characteristics#compile#binary_size#max": 42944, 
  "##characteristics#compile#binary_size#mean": 42944.0, 
  "##characteristics#compile#binary_size#mean_imp": 0.9735469448584203, 
  "##characteristics#compile#binary_size#min": 42944, 
  "##characteristics#compile#binary_size#min_imp": 0.9735469448584203, 
  "##characteristics#compile#binary_size#range": 0, 
  "##characteristics#compile#binary_size#range_percent": 0, 
  "##characteristics#compile#binary_size#repeats": 1, 
  "##characteristics#compile#compilation_success#all": [
    "yes"
  ], 
  "##characteristics#compile#compilation_success#all_unique": [
    "yes"
  ], 
  "##characteristics#compile#compilation_success#min": "yes", 
  "##characteristics#compile#compilation_success#min_imp": 0, 
  "##characteristics#compile#compilation_success#repeats": 1, 
  "##characteristics#compile#compilation_success_bool#all": [
    true
  ], 
  "##characteristics#compile#compilation_success_bool#all_unique": [
    true
  ], 
  "##characteristics#compile#compilation_success_bool#min": true, 
  "##characteristics#compile#compilation_success_bool#min_imp": 0, 
  "##characteristics#compile#compilation_success_bool#repeats": 1, 
  "##characteristics#compile#compilation_time#all": [
    45.75141406059265
  ], 
  "##characteristics#compile#compilation_time#all_unique": [
    45.75141406059265
  ], 
  "##characteristics#compile#compilation_time#center": 45.75141406059265, 
  "##characteristics#compile#compilation_time#center_imp": 0.7466646597393384, 
  "##characteristics#compile#compilation_time#halfrange": 0.0, 
  "##characteristics#compile#compilation_time#max": 45.75141406059265, 
  "##characteristics#compile#compilation_time#mean": 45.75141406059265, 
  "##characteristics#compile#compilation_time#mean_imp": 0.7466646597393384, 
  "##characteristics#compile#compilation_time#min": 45.75141406059265, 
  "##characteristics#compile#compilation_time#min_imp": 0.7466646597393384, 
  "##characteristics#compile#compilation_time#range": 0.0, 
  "##characteristics#compile#compilation_time#range_percent": 0.0, 
  "##characteristics#compile#compilation_time#repeats": 1, 
  "##characteristics#compile#compilation_time_with_module#all": [
    50.885539054870605
  ], 
  "##characteristics#compile#compilation_time_with_module#all_unique": [
    50.885539054870605
  ], 
  "##characteristics#compile#compilation_time_with_module#center": 50.885539054870605, 
  "##characteristics#compile#compilation_time_with_module#center_imp": 0.7707508411914347, 
  "##characteristics#compile#compilation_time_with_module#halfrange": 0.0, 
  "##characteristics#compile#compilation_time_with_module#max": 50.885539054870605, 
  "##characteristics#compile#compilation_time_with_module#mean": 50.885539054870605, 
  "##characteristics#compile#compilation_time_with_module#mean_imp": 0.7707508411914347, 
  "##characteristics#compile#compilation_time_with_module#min": 50.885539054870605, 
  "##characteristics#compile#compilation_time_with_module#min_imp": 0.7707508411914347, 
  "##characteristics#compile#compilation_time_with_module#range": 0.0, 
  "##characteristics#compile#compilation_time_with_module#range_percent": 0.0, 
  "##characteristics#compile#compilation_time_with_module#repeats": 1, 
  "##characteristics#compile#joined_compiler_flags#all": [
    "-O3 -fira-algorithm=priority -fbranch-target-load-optimize2 -fbtr-bb-exclusive -fcse-follow-jumps -fno-cse-skip-blocks -fno-fat-lto-objects -fforward-propagate -fno-ipa-pure-const -fivopts -fmodulo-sched -fpredictive-commoning -fsched-dep-count-heuristic -fno-sched-spec-insn-heuristic -fno-shrink-wrap -funroll-all-loops -funsafe-math-optimizations"
  ], 
  "##characteristics#compile#joined_compiler_flags#all_unique": [
    "-O3 -fira-algorithm=priority -fbranch-target-load-optimize2 -fbtr-bb-exclusive -fcse-follow-jumps -fno-cse-skip-blocks -fno-fat-lto-objects -fforward-propagate -fno-ipa-pure-const -fivopts -fmodulo-sched -fpredictive-commoning -fsched-dep-count-heuristic -fno-sched-spec-insn-heuristic -fno-shrink-wrap -funroll-all-loops -funsafe-math-optimizations"
  ], 
  "##characteristics#compile#joined_compiler_flags#min": "-O3 -fira-algorithm=priority -fbranch-target-load-optimize2 -fbtr-bb-exclusive -fcse-follow-jumps -fno-cse-skip-blocks -fno-fat-lto-objects -fforward-propagate -fno-ipa-pure-const -fivopts -fmodulo-sched -fpredictive-commoning -fsched-dep-count-heuristic -fno-sched-spec-insn-heuristic -fno-shrink-wrap -funroll-all-loops -funsafe-math-optimizations", 
  "##characteristics#compile#joined_compiler_flags#min_imp": 0, 
  "##characteristics#compile#joined_compiler_flags#repeats": 1, 
  "##characteristics#compile#md5_sum#all": [
    "c3e1ae4f913b0d8c3aaffae116aa40b2"
  ], 
  "##characteristics#compile#md5_sum#all_unique": [
    "c3e1ae4f913b0d8c3aaffae116aa40b2"
  ], 
  "##characteristics#compile#md5_sum#min": "c3e1ae4f913b0d8c3aaffae116aa40b2", 
  "##characteristics#compile#md5_sum#min_imp": 0, 
  "##characteristics#compile#md5_sum#repeats": 1, 
  "##characteristics#compile#obj_size#all": [
    37800
  ], 
  "##characteristics#compile#obj_size#all_unique": [
    37800
  ], 
  "##characteristics#compile#obj_size#center": 37800, 
  "##characteristics#compile#obj_size#center_imp": 0.9705820105820105, 
  "##characteristics#compile#obj_size#halfrange": 0, 
  "##characteristics#compile#obj_size#max": 37800, 
  "##characteristics#compile#obj_size#mean": 37800.0, 
  "##characteristics#compile#obj_size#mean_imp": 0.9705820105820105, 
  "##characteristics#compile#obj_size#min": 37800, 
  "##characteristics#compile#obj_size#min_imp": 0.9705820105820105, 
  "##characteristics#compile#obj_size#range": 0, 
  "##characteristics#compile#obj_size#range_percent": 0, 
  "##characteristics#compile#obj_size#repeats": 1, 
  "##characteristics#compile#obj_sizes#susan.o#all": [
    37800
  ], 
  "##characteristics#compile#obj_sizes#susan.o#all_unique": [
    37800
  ], 
  "##characteristics#compile#obj_sizes#susan.o#center": 37800, 
  "##characteristics#compile#obj_sizes#susan.o#center_imp": 0.9705820105820105, 
  "##characteristics#compile#obj_sizes#susan.o#halfrange": 0, 
  "##characteristics#compile#obj_sizes#susan.o#max": 37800, 
  "##characteristics#compile#obj_sizes#susan.o#mean": 37800.0, 
  "##characteristics#compile#obj_sizes#susan.o#mean_imp": 0.9705820105820105, 
  "##characteristics#compile#obj_sizes#susan.o#min": 37800, 
  "##characteristics#compile#obj_sizes#susan.o#min_imp": 0.9705820105820105, 
  "##characteristics#compile#obj_sizes#susan.o#range": 0, 
  "##characteristics#compile#obj_sizes#susan.o#range_percent": 0, 
  "##characteristics#compile#obj_sizes#susan.o#repeats": 1, 
  "##characteristics#compile#program_git_hash#all": [
    "540987ceb20f9153dee31b7b45f428c8b3117198"
  ], 
  "##characteristics#compile#program_git_hash#all_unique": [
    "540987ceb20f9153dee31b7b45f428c8b3117198"
  ], 
  "##characteristics#compile#program_git_hash#min": "540987ceb20f9153dee31b7b45f428c8b3117198", 
  "##characteristics#compile#program_git_hash#min_imp": 0, 
  "##characteristics#compile#program_git_hash#repeats": 1, 
  "##characteristics#run#execution_time#all": [
    0.0730147559055118, 
    0.0731143937007874, 
    0.0731696062992126, 
    0.07275823622047245
  ], 
  "##characteristics#run#execution_time#all_unique": [
    0.0730147559055118, 
    0.0731143937007874, 
    0.0731696062992126, 
    0.07275823622047245
  ], 
  "##characteristics#run#execution_time#center": 0.07296392125984252, 
  "##characteristics#run#execution_time#center_imp": 0.859568227981945, 
  "##characteristics#run#execution_time#halfrange": 0.00020568503937007376, 
  "##characteristics#run#execution_time#max": 0.0731696062992126, 
  "##characteristics#run#execution_time#mean": 0.07301424803149606, 
  "##characteristics#run#execution_time#mean_imp": 0.8577944742637061, 
  "##characteristics#run#execution_time#min": 0.07275823622047245, 
  "##characteristics#run#execution_time#min_imp": 0.8573119302671688, 
  "##characteristics#run#execution_time#range": 0.0004113700787401475, 
  "##characteristics#run#execution_time#range_percent": 0.005653931432499428, 
  "##characteristics#run#execution_time#repeats": 4, 
  "##characteristics#run#execution_time_kernel_0#all": [
    9.272874, 
    9.285528, 
    9.29254, 
    9.240296
  ], 
  "##characteristics#run#execution_time_kernel_0#all_unique": [
    9.272874, 
    9.285528, 
    9.29254, 
    9.240296
  ], 
  "##characteristics#run#execution_time_kernel_0#center": 9.266418000000002, 
  "##characteristics#run#execution_time_kernel_0#center_imp": 0.859568227981945, 
  "##characteristics#run#execution_time_kernel_0#halfrange": 0.02612199999999998, 
  "##characteristics#run#execution_time_kernel_0#max": 9.29254, 
  "##characteristics#run#execution_time_kernel_0#mean": 9.272809500000001, 
  "##characteristics#run#execution_time_kernel_0#mean_imp": 0.8577944742637061, 
  "##characteristics#run#execution_time_kernel_0#min": 9.240296, 
  "##characteristics#run#execution_time_kernel_0#min_imp": 0.8573119302671688, 
  "##characteristics#run#execution_time_kernel_0#range": 0.05224399999999996, 
  "##characteristics#run#execution_time_kernel_0#range_percent": 0.00565393143249956, 
  "##characteristics#run#execution_time_kernel_0#repeats": 4, 
  "##characteristics#run#execution_time_with_module#all": [
    11.920135974884033, 
    9.98656415939331, 
    10.692217826843262, 
    9.947579860687256
  ], 
  "##characteristics#run#execution_time_with_module#all_unique": [
    11.920135974884033, 
    9.98656415939331, 
    10.692217826843262, 
    9.947579860687256
  ], 
  "##characteristics#run#execution_time_with_module#center": 10.933857917785645, 
  "##characteristics#run#execution_time_with_module#center_imp": 0.9139287496420622, 
  "##characteristics#run#execution_time_with_module#halfrange": 0.9862780570983887, 
  "##characteristics#run#execution_time_with_module#max": 11.920135974884033, 
  "##characteristics#run#execution_time_with_module#mean": 10.636624455451965, 
  "##characteristics#run#execution_time_with_module#mean_imp": 0.8772696473164416, 
  "##characteristics#run#execution_time_with_module#min": 9.947579860687256, 
  "##characteristics#run#execution_time_with_module#min_imp": 0.866369226847411, 
  "##characteristics#run#execution_time_with_module#range": 1.9725561141967773, 
  "##characteristics#run#execution_time_with_module#range_percent": 0.1982950769756874, 
  "##characteristics#run#execution_time_with_module#repeats": 4, 
  "##characteristics#run#output_check_failed#all": [
    "no", 
    "no", 
    "no", 
    "no"
  ], 
  "##characteristics#run#output_check_failed#all_unique": [
    "no"
  ], 
  "##characteristics#run#output_check_failed#min": "no", 
  "##characteristics#run#output_check_failed#min_imp": 1, 
  "##characteristics#run#output_check_failed#repeats": 4, 
  "##characteristics#run#output_check_failed_bool#all": [
    false, 
    false, 
    false, 
    false
  ], 
  "##characteristics#run#output_check_failed_bool#all_unique": [
    false
  ], 
  "##characteristics#run#output_check_failed_bool#min": false, 
  "##characteristics#run#output_check_failed_bool#min_imp": 1, 
  "##characteristics#run#output_check_failed_bool#repeats": 4, 
  "##characteristics#run#repeat#all": [
    127, 
    127, 
    127, 
    127
  ], 
  "##characteristics#run#repeat#all_unique": [
    127
  ], 
  "##characteristics#run#repeat#center": 127, 
  "##characteristics#run#repeat#center_imp": 1.0, 
  "##characteristics#run#repeat#halfrange": 0, 
  "##characteristics#run#repeat#max": 127, 
  "##characteristics#run#repeat#mean": 127.0, 
  "##characteristics#run#repeat#mean_imp": 1.0, 
  "##characteristics#run#repeat#min": 127, 
  "##characteristics#run#repeat#min_imp": 1.0, 
  "##characteristics#run#repeat#range": 0, 
  "##characteristics#run#repeat#range_percent": 0, 
  "##characteristics#run#repeat#repeats": 4, 
  "##characteristics#run#return_code#all": [
    0, 
    0, 
    0, 
    0
  ], 
  "##characteristics#run#return_code#all_unique": [
    0
  ], 
  "##characteristics#run#return_code#center": 0, 
  "##characteristics#run#return_code#halfrange": 0, 
  "##characteristics#run#return_code#max": 0, 
  "##characteristics#run#return_code#mean": 0.0, 
  "##characteristics#run#return_code#min": 0, 
  "##characteristics#run#return_code#min_imp": 1, 
  "##characteristics#run#return_code#range": 0, 
  "##characteristics#run#return_code#repeats": 4, 
  "##characteristics#run#run_success#all": [
    "yes", 
    "yes", 
    "yes", 
    "yes"
  ], 
  "##characteristics#run#run_success#all_unique": [
    "yes"
  ], 
  "##characteristics#run#run_success#min": "yes", 
  "##characteristics#run#run_success#min_imp": 1, 
  "##characteristics#run#run_success#repeats": 4, 
  "##characteristics#run#run_success_bool#all": [
    true, 
    true, 
    true, 
    true
  ], 
  "##characteristics#run#run_success_bool#all_unique": [
    true
  ], 
  "##characteristics#run#run_success_bool#min": true, 
  "##characteristics#run#run_success_bool#min_imp": 1, 
  "##characteristics#run#run_success_bool#repeats": 4, 
  "##characteristics#run#run_time_state#image_size_x#all": [
    600, 
    600, 
    600, 
    600
  ], 
  "##characteristics#run#run_time_state#image_size_x#all_unique": [
    600
  ], 
  "##characteristics#run#run_time_state#image_size_x#center": 600, 
  "##characteristics#run#run_time_state#image_size_x#center_imp": 1.0, 
  "##characteristics#run#run_time_state#image_size_x#halfrange": 0, 
  "##characteristics#run#run_time_state#image_size_x#max": 600, 
  "##characteristics#run#run_time_state#image_size_x#mean": 600.0, 
  "##characteristics#run#run_time_state#image_size_x#mean_imp": 1.0, 
  "##characteristics#run#run_time_state#image_size_x#min": 600, 
  "##characteristics#run#run_time_state#image_size_x#min_imp": 1.0, 
  "##characteristics#run#run_time_state#image_size_x#range": 0, 
  "##characteristics#run#run_time_state#image_size_x#range_percent": 0, 
  "##characteristics#run#run_time_state#image_size_x#repeats": 4, 
  "##characteristics#run#run_time_state#image_size_y#all": [
    450, 
    450, 
    450, 
    450
  ], 
  "##characteristics#run#run_time_state#image_size_y#all_unique": [
    450
  ], 
  "##characteristics#run#run_time_state#image_size_y#center": 450, 
  "##characteristics#run#run_time_state#image_size_y#center_imp": 1.0, 
  "##characteristics#run#run_time_state#image_size_y#halfrange": 0, 
  "##characteristics#run#run_time_state#image_size_y#max": 450, 
  "##characteristics#run#run_time_state#image_size_y#mean": 450.0, 
  "##characteristics#run#run_time_state#image_size_y#mean_imp": 1.0, 
  "##characteristics#run#run_time_state#image_size_y#min": 450, 
  "##characteristics#run#run_time_state#image_size_y#min_imp": 1.0, 
  "##characteristics#run#run_time_state#image_size_y#range": 0, 
  "##characteristics#run#run_time_state#image_size_y#range_percent": 0, 
  "##characteristics#run#run_time_state#image_size_y#repeats": 4, 
  "##characteristics#run#total_execution_time#all": [
    9.272874, 
    9.285528, 
    9.29254, 
    9.240296
  ], 
  "##characteristics#run#total_execution_time#all_unique": [
    9.272874, 
    9.285528, 
    9.29254, 
    9.240296
  ], 
  "##characteristics#run#total_execution_time#center": 9.266418000000002, 
  "##characteristics#run#total_execution_time#center_imp": 0.859568227981945, 
  "##characteristics#run#total_execution_time#halfrange": 0.02612199999999998, 
  "##characteristics#run#total_execution_time#max": 9.29254, 
  "##characteristics#run#total_execution_time#mean": 9.272809500000001, 
  "##characteristics#run#total_execution_time#mean_imp": 0.8577944742637061, 
  "##characteristics#run#total_execution_time#min": 9.240296, 
  "##characteristics#run#total_execution_time#min_imp": 0.8573119302671688, 
  "##characteristics#run#total_execution_time#range": 0.05224399999999996, 
  "##characteristics#run#total_execution_time#range_percent": 0.00565393143249956, 
  "##characteristics#run#total_execution_time#repeats": 4
}
