{
  "##choices#calibration_time": 10.0, 
  "##choices#cmd_key": "decode", 
  "##choices#compile_type": "dynamic", 
  "##choices#compiler_description_uoa": "gcc-4.9.0-auto", 
  "##choices#compiler_flags#base_opt": "-O3", 
  "##choices#compiler_flags#bool--fira-region=": "-fira-region=all", 
  "##choices#compiler_flags#bool-auto-inc-dec": "-fno-auto-inc-dec", 
  "##choices#compiler_flags#bool-conserve-stack": "-fconserve-stack", 
  "##choices#compiler_flags#bool-fat-lto-objects": "-ffat-lto-objects", 
  "##choices#compiler_flags#bool-gcse-lm": "-fno-gcse-lm", 
  "##choices#compiler_flags#bool-ira-share-spill-slots": "-fira-share-spill-slots", 
  "##choices#compiler_flags#bool-isolate-erroneous-paths-dereference": "-fno-isolate-erroneous-paths-dereference", 
  "##choices#compiler_flags#bool-math-errno": "-fmath-errno", 
  "##choices#compiler_flags#bool-optimize-sibling-calls": "-fno-optimize-sibling-calls", 
  "##choices#compiler_flags#bool-partial-inlining": "-fpartial-inlining", 
  "##choices#compiler_flags#bool-reciprocal-math": "-freciprocal-math", 
  "##choices#compiler_flags#bool-sched-pressure": "-fsched-pressure", 
  "##choices#compiler_flags#bool-selective-scheduling": "-fno-selective-scheduling", 
  "##choices#compiler_flags#bool-tree-bit-ccp": "-fno-tree-bit-ccp", 
  "##choices#compiler_flags#bool-tree-coalesce-vars": "-fno-tree-coalesce-vars", 
  "##choices#compiler_flags#bool-tree-loop-ivcanon": "-ftree-loop-ivcanon", 
  "##choices#compiler_flags#bool-unswitch-loops": "-fno-unswitch-loops", 
  "##choices#compiler_flags#bool-vect-cost-model": "-fvect-cost-model", 
  "##choices#data_uoa": "zlib-inflate", 
  "##choices#dataset_file": "audio-wav-0001-deflated", 
  "##choices#dataset_uoa": "audio-wav-0001-deflated", 
  "##choices#device_id": "", 
  "##choices#host_os": "linux-32", 
  "##choices#module_uoa": "b0ac08fe1d3c2615", 
  "##choices#no_state_check": "yes", 
  "##choices#program_tags": "", 
  "##choices#repeat": 619, 
  "##choices#target": "", 
  "##choices#target_os": "linux-32", 
  "##choices#target_os_bits": "32"
}
