{
  "characteristics_list": [
    {
      "compile": {
        "binary_size": 101600, 
        "compilation_success": "yes", 
        "compilation_success_bool": true, 
        "compilation_time": 110.68298196792603, 
        "compilation_time_with_module": 116.49064207077026, 
        "joined_compiler_flags": "-O3 -fno-branch-probabilities -fno-cx-limited-range -fno-early-inlining -fno-fat-lto-objects -ffloat-store -fkeep-inline-functions -flive-range-shrinkage -floop-strip-mine -fno-sched-spec-insn-heuristic -fsched2-use-superblocks -fthread-jumps -fno-tree-loop-if-convert -fno-unroll-loops -fno-vect-cost-model", 
        "md5_sum": "cdfa0ead1671d8352ce5944c9e71cf45", 
        "obj_size": 115204, 
        "obj_sizes": {
          "adler32.o": 2504, 
          "compress.o": 1648, 
          "crc32.o": 10960, 
          "ctuning-rtl.o": 3912, 
          "deflate.o": 20260, 
          "gzclose.o": 1056, 
          "gzlib.o": 6376, 
          "gzread.o": 5852, 
          "gzwrite.o": 10340, 
          "infback.o": 9548, 
          "inffast.o": 4072, 
          "inflate.o": 16752, 
          "inftrees.o": 4500, 
          "trees.o": 14344, 
          "uncompr.o": 1352, 
          "zutil.o": 1728
        }, 
        "program_git_hash": "f3b3ffe43b24039767a39c7f85ab4b768684a65b"
      }, 
      "run": {
        "execution_time": 0.016225441033925685, 
        "execution_time_kernel_0": 10.043548, 
        "execution_time_with_module": 10.76028299331665, 
        "repeat": 619, 
        "return_code": 0, 
        "run_success": "yes", 
        "run_success_bool": true, 
        "total_execution_time": 10.043548
      }
    }, 
    {
      "run": {
        "execution_time": 0.01632212439418417, 
        "execution_time_kernel_0": 10.103395, 
        "execution_time_with_module": 10.827847003936768, 
        "repeat": 619, 
        "return_code": 0, 
        "run_success": "yes", 
        "run_success_bool": true, 
        "total_execution_time": 10.103395
      }
    }, 
    {
      "run": {
        "execution_time": 0.01642071243941842, 
        "execution_time_kernel_0": 10.164421, 
        "execution_time_with_module": 10.892752170562744, 
        "repeat": 619, 
        "return_code": 0, 
        "run_success": "yes", 
        "run_success_bool": true, 
        "total_execution_time": 10.164421
      }
    }, 
    {
      "run": {
        "execution_time": 0.016421001615508884, 
        "execution_time_kernel_0": 10.1646, 
        "execution_time_with_module": 10.88970398902893, 
        "repeat": 619, 
        "return_code": 0, 
        "run_success": "yes", 
        "run_success_bool": true, 
        "total_execution_time": 10.1646
      }
    }
  ], 
  "choices": {
    "calibration_time": 10.0, 
    "cmd_key": "decode", 
    "compile_type": "dynamic", 
    "compiler_description_uoa": "gcc-4.9.0-auto", 
    "compiler_flags": {
      "base_opt": "-O3", 
      "bool-branch-probabilities": "-fno-branch-probabilities", 
      "bool-cx-limited-range": "-fno-cx-limited-range", 
      "bool-early-inlining": "-fno-early-inlining", 
      "bool-fat-lto-objects": "-fno-fat-lto-objects", 
      "bool-float-store": "-ffloat-store", 
      "bool-keep-inline-functions": "-fkeep-inline-functions", 
      "bool-live-range-shrinkage": "-flive-range-shrinkage", 
      "bool-loop-strip-mine": "-floop-strip-mine", 
      "bool-sched-spec-insn-heuristic": "-fno-sched-spec-insn-heuristic", 
      "bool-sched2-use-superblocks": "-fsched2-use-superblocks", 
      "bool-thread-jumps": "-fthread-jumps", 
      "bool-tree-loop-if-convert": "-fno-tree-loop-if-convert", 
      "bool-unroll-loops": "-fno-unroll-loops", 
      "bool-vect-cost-model": "-fno-vect-cost-model"
    }, 
    "data_uoa": "zlib-inflate", 
    "dataset_file": "audio-wav-0001-deflated", 
    "dataset_uoa": "audio-wav-0001-deflated", 
    "device_cfg": {}, 
    "device_id": "", 
    "host_os": "linux-32", 
    "module_uoa": "b0ac08fe1d3c2615", 
    "no_state_check": "yes", 
    "program_tags": "", 
    "repeat": 619, 
    "target": "", 
    "target_os": "linux-32", 
    "target_os_bits": "32"
  }, 
  "choices_order": [
    "##compiler_flags#base_opt", 
    "##compiler_flags#bool-branch-probabilities", 
    "##compiler_flags#bool-cx-limited-range", 
    "##compiler_flags#bool-early-inlining", 
    "##compiler_flags#bool-fat-lto-objects", 
    "##compiler_flags#bool-float-store", 
    "##compiler_flags#bool-keep-inline-functions", 
    "##compiler_flags#bool-live-range-shrinkage", 
    "##compiler_flags#bool-loop-strip-mine", 
    "##compiler_flags#bool-sched-spec-insn-heuristic", 
    "##compiler_flags#bool-sched2-use-superblocks", 
    "##compiler_flags#bool-thread-jumps", 
    "##compiler_flags#bool-tree-loop-if-convert", 
    "##compiler_flags#bool-unroll-loops", 
    "##compiler_flags#bool-vect-cost-model"
  ], 
  "features": {
    "compiler_version": {
      "list": [
        4, 
        9, 
        2
      ], 
      "raw": [
        "gcc-4.9 (Raspbian 4.9.2-10) 4.9.2", 
        "Copyright (C) 2014 Free Software Foundation, Inc.", 
        "This is free software; see the source for copying conditions.  There is NO", 
        "warranty; not even for MERCHANTABILITY or FITNESS FOR A PARTICULAR PURPOSE.", 
        "", 
        ""
      ], 
      "str": "4.9.2"
    }, 
    "dataset": {
      "total_size": 116960
    }, 
    "number_of_selected_compiler_flags": 15, 
    "platform": {
      "cpu": {
        "all_freqs": {
          "0": [
            700000, 
            700000
          ]
        }, 
        "cpu_abi": "", 
        "cpu_features": "half thumb fastmult vfp edsp java tls", 
        "current_freq": {
          "0": 700.0
        }, 
        "max_freq": {
          "0": 700.0
        }, 
        "name": "BCM2708", 
        "num_proc": "1", 
        "sub_name": "ARMv6-compatible processor rev 7 (v6l)", 
        "workload_automation": {
          "device_config": {
            "core_clusters": [
              0
            ], 
            "core_names": [
              "BCM2708"
            ]
          }
        }
      }, 
      "cpu_misc": {
        "0": {
          "BogoMIPS": "697.95", 
          "CPU architecture": "7", 
          "CPU implementer": "0x41", 
          "CPU part": "0xb76", 
          "CPU revision": "7", 
          "CPU variant": "0x0", 
          "Features": "half thumb fastmult vfp edsp java tls", 
          "Hardware": "BCM2708", 
          "Revision": "0013", 
          "Serial": "00000000999033c3", 
          "all_freqs": [
            "0", 
            "0"
          ], 
          "ck_cpu_name": "BCM2708", 
          "ck_cpu_subname": "ARMv6-compatible processor rev 7 (v6l)", 
          "cpu_features": "half thumb fastmult vfp edsp java tls", 
          "cur_freq": 700.0, 
          "max_freq": 700.0, 
          "model name": "ARMv6-compatible processor rev 7 (v6l)", 
          "processor": "0"
        }
      }, 
      "cpu_new_format": "", 
      "cpu_unique": [
        {
          "BogoMIPS": "697.95", 
          "CPU architecture": "7", 
          "CPU implementer": "0x41", 
          "CPU part": "0xb76", 
          "CPU revision": "7", 
          "CPU variant": "0x0", 
          "Features": "half thumb fastmult vfp edsp java tls", 
          "Hardware": "BCM2708", 
          "Revision": "0013", 
          "Serial": "00000000999033c3", 
          "all_freqs": [
            "0", 
            "0"
          ], 
          "ck_cpu_name": "BCM2708", 
          "ck_cpu_subname": "ARMv6-compatible processor rev 7 (v6l)", 
          "cpu_features": "half thumb fastmult vfp edsp java tls", 
          "cur_freq": 700.0, 
          "max_freq": 700.0, 
          "model name": "ARMv6-compatible processor rev 7 (v6l)", 
          "processor": "0"
        }
      ], 
      "gpu": {
        "name": "", 
        "vendor": ""
      }, 
      "gpu_misc": {}, 
      "os": {
        "abi": "armv6l", 
        "bits": "32", 
        "ck_os_base_uoa": "", 
        "ck_os_uoa": "linux-32", 
        "name": "Linux 4.4.21+", 
        "name_long": "Linux-4.4.21+-armv6l-with-debian-8.0", 
        "name_short": "Linux 4.4.21+", 
        "serial_number": ""
      }, 
      "os_misc": {}, 
      "platform": {
        "model": "", 
        "name": "", 
        "vendor": ""
      }, 
      "platform_misc": {}
    }, 
    "solution_uid": "61764d46879edf84", 
    "statistical_repetitions": 4
  }
}
