{
  "##characteristics#compile#binary_size#all": [
    99184
  ], 
  "##characteristics#compile#binary_size#all_unique": [
    99184
  ], 
  "##characteristics#compile#binary_size#center": 99184, 
  "##characteristics#compile#binary_size#center_imp": 1.0159703177931925, 
  "##characteristics#compile#binary_size#halfrange": 0, 
  "##characteristics#compile#binary_size#max": 99184, 
  "##characteristics#compile#binary_size#mean": 99184.0, 
  "##characteristics#compile#binary_size#mean_imp": 1.0159703177931925, 
  "##characteristics#compile#binary_size#min": 99184, 
  "##characteristics#compile#binary_size#min_imp": 1.0159703177931925, 
  "##characteristics#compile#binary_size#range": 0, 
  "##characteristics#compile#binary_size#range_percent": 0, 
  "##characteristics#compile#binary_size#repeats": 1, 
  "##characteristics#compile#compilation_success#all": [
    "yes"
  ], 
  "##characteristics#compile#compilation_success#all_unique": [
    "yes"
  ], 
  "##characteristics#compile#compilation_success#min": "yes", 
  "##characteristics#compile#compilation_success#min_imp": 0, 
  "##characteristics#compile#compilation_success#repeats": 1, 
  "##characteristics#compile#compilation_success_bool#all": [
    true
  ], 
  "##characteristics#compile#compilation_success_bool#all_unique": [
    true
  ], 
  "##characteristics#compile#compilation_success_bool#min": true, 
  "##characteristics#compile#compilation_success_bool#min_imp": 0, 
  "##characteristics#compile#compilation_success_bool#repeats": 1, 
  "##characteristics#compile#compilation_time#all": [
    96.22520112991333
  ], 
  "##characteristics#compile#compilation_time#all_unique": [
    96.22520112991333
  ], 
  "##characteristics#compile#compilation_time#center": 96.22520112991333, 
  "##characteristics#compile#compilation_time#center_imp": 1.1181400899102147, 
  "##characteristics#compile#compilation_time#halfrange": 0.0, 
  "##characteristics#compile#compilation_time#max": 96.22520112991333, 
  "##characteristics#compile#compilation_time#mean": 96.22520112991333, 
  "##characteristics#compile#compilation_time#mean_imp": 1.1181400899102147, 
  "##characteristics#compile#compilation_time#min": 96.22520112991333, 
  "##characteristics#compile#compilation_time#min_imp": 1.1181400899102147, 
  "##characteristics#compile#compilation_time#range": 0.0, 
  "##characteristics#compile#compilation_time#range_percent": 0.0, 
  "##characteristics#compile#compilation_time#repeats": 1, 
  "##characteristics#compile#compilation_time_with_module#all": [
    101.8238480091095
  ], 
  "##characteristics#compile#compilation_time_with_module#all_unique": [
    101.8238480091095
  ], 
  "##characteristics#compile#compilation_time_with_module#center": 101.8238480091095, 
  "##characteristics#compile#compilation_time_with_module#center_imp": 1.1039660368405817, 
  "##characteristics#compile#compilation_time_with_module#halfrange": 0.0, 
  "##characteristics#compile#compilation_time_with_module#max": 101.8238480091095, 
  "##characteristics#compile#compilation_time_with_module#mean": 101.8238480091095, 
  "##characteristics#compile#compilation_time_with_module#mean_imp": 1.1039660368405817, 
  "##characteristics#compile#compilation_time_with_module#min": 101.8238480091095, 
  "##characteristics#compile#compilation_time_with_module#min_imp": 1.1039660368405817, 
  "##characteristics#compile#compilation_time_with_module#range": 0.0, 
  "##characteristics#compile#compilation_time_with_module#range_percent": 0.0, 
  "##characteristics#compile#compilation_time_with_module#repeats": 1, 
  "##characteristics#compile#joined_compiler_flags#all": [
    "-O3 -fira-algorithm=priority -fno-fast-math -fno-gcse -fgcse-las -fno-if-conversion2 -finline-functions -fipa-sra -fkeep-static-consts -fno-partial-inlining -fno-rename-registers -fno-reorder-functions -fno-sched-critical-path-heuristic -fno-sched-spec -fno-sel-sched-pipelining -fno-tree-dse -fno-tree-forwprop -ftree-phiprop -ftree-vectorize -fno-vect-cost-model"
  ], 
  "##characteristics#compile#joined_compiler_flags#all_unique": [
    "-O3 -fira-algorithm=priority -fno-fast-math -fno-gcse -fgcse-las -fno-if-conversion2 -finline-functions -fipa-sra -fkeep-static-consts -fno-partial-inlining -fno-rename-registers -fno-reorder-functions -fno-sched-critical-path-heuristic -fno-sched-spec -fno-sel-sched-pipelining -fno-tree-dse -fno-tree-forwprop -ftree-phiprop -ftree-vectorize -fno-vect-cost-model"
  ], 
  "##characteristics#compile#joined_compiler_flags#min": "-O3 -fira-algorithm=priority -fno-fast-math -fno-gcse -fgcse-las -fno-if-conversion2 -finline-functions -fipa-sra -fkeep-static-consts -fno-partial-inlining -fno-rename-registers -fno-reorder-functions -fno-sched-critical-path-heuristic -fno-sched-spec -fno-sel-sched-pipelining -fno-tree-dse -fno-tree-forwprop -ftree-phiprop -ftree-vectorize -fno-vect-cost-model", 
  "##characteristics#compile#joined_compiler_flags#min_imp": 0, 
  "##characteristics#compile#joined_compiler_flags#repeats": 1, 
  "##characteristics#compile#md5_sum#all": [
    "12517ac999c2e2489d67595245fa716a"
  ], 
  "##characteristics#compile#md5_sum#all_unique": [
    "12517ac999c2e2489d67595245fa716a"
  ], 
  "##characteristics#compile#md5_sum#min": "12517ac999c2e2489d67595245fa716a", 
  "##characteristics#compile#md5_sum#min_imp": 0, 
  "##characteristics#compile#md5_sum#repeats": 1, 
  "##characteristics#compile#obj_size#all": [
    111728
  ], 
  "##characteristics#compile#obj_size#all_unique": [
    111728
  ], 
  "##characteristics#compile#obj_size#center": 111728, 
  "##characteristics#compile#obj_size#center_imp": 1.0207647143061722, 
  "##characteristics#compile#obj_size#halfrange": 0, 
  "##characteristics#compile#obj_size#max": 111728, 
  "##characteristics#compile#obj_size#mean": 111728.0, 
  "##characteristics#compile#obj_size#mean_imp": 1.0207647143061722, 
  "##characteristics#compile#obj_size#min": 111728, 
  "##characteristics#compile#obj_size#min_imp": 1.0207647143061722, 
  "##characteristics#compile#obj_size#range": 0, 
  "##characteristics#compile#obj_size#range_percent": 0, 
  "##characteristics#compile#obj_size#repeats": 1, 
  "##characteristics#compile#obj_sizes#adler32.o#all": [
    2560
  ], 
  "##characteristics#compile#obj_sizes#adler32.o#all_unique": [
    2560
  ], 
  "##characteristics#compile#obj_sizes#adler32.o#center": 2560, 
  "##characteristics#compile#obj_sizes#adler32.o#center_imp": 0.946875, 
  "##characteristics#compile#obj_sizes#adler32.o#halfrange": 0, 
  "##characteristics#compile#obj_sizes#adler32.o#max": 2560, 
  "##characteristics#compile#obj_sizes#adler32.o#mean": 2560.0, 
  "##characteristics#compile#obj_sizes#adler32.o#mean_imp": 0.946875, 
  "##characteristics#compile#obj_sizes#adler32.o#min": 2560, 
  "##characteristics#compile#obj_sizes#adler32.o#min_imp": 0.946875, 
  "##characteristics#compile#obj_sizes#adler32.o#range": 0, 
  "##characteristics#compile#obj_sizes#adler32.o#range_percent": 0, 
  "##characteristics#compile#obj_sizes#adler32.o#repeats": 1, 
  "##characteristics#compile#obj_sizes#compress.o#all": [
    1560
  ], 
  "##characteristics#compile#obj_sizes#compress.o#all_unique": [
    1560
  ], 
  "##characteristics#compile#obj_sizes#compress.o#center": 1560, 
  "##characteristics#compile#obj_sizes#compress.o#center_imp": 1.005128205128205, 
  "##characteristics#compile#obj_sizes#compress.o#halfrange": 0, 
  "##characteristics#compile#obj_sizes#compress.o#max": 1560, 
  "##characteristics#compile#obj_sizes#compress.o#mean": 1560.0, 
  "##characteristics#compile#obj_sizes#compress.o#mean_imp": 1.005128205128205, 
  "##characteristics#compile#obj_sizes#compress.o#min": 1560, 
  "##characteristics#compile#obj_sizes#compress.o#min_imp": 1.005128205128205, 
  "##characteristics#compile#obj_sizes#compress.o#range": 0, 
  "##characteristics#compile#obj_sizes#compress.o#range_percent": 0, 
  "##characteristics#compile#obj_sizes#compress.o#repeats": 1, 
  "##characteristics#compile#obj_sizes#crc32.o#all": [
    10888
  ], 
  "##characteristics#compile#obj_sizes#crc32.o#all_unique": [
    10888
  ], 
  "##characteristics#compile#obj_sizes#crc32.o#center": 10888, 
  "##characteristics#compile#obj_sizes#crc32.o#center_imp": 0.9988978692138134, 
  "##characteristics#compile#obj_sizes#crc32.o#halfrange": 0, 
  "##characteristics#compile#obj_sizes#crc32.o#max": 10888, 
  "##characteristics#compile#obj_sizes#crc32.o#mean": 10888.0, 
  "##characteristics#compile#obj_sizes#crc32.o#mean_imp": 0.9988978692138134, 
  "##characteristics#compile#obj_sizes#crc32.o#min": 10888, 
  "##characteristics#compile#obj_sizes#crc32.o#min_imp": 0.9988978692138134, 
  "##characteristics#compile#obj_sizes#crc32.o#range": 0, 
  "##characteristics#compile#obj_sizes#crc32.o#range_percent": 0, 
  "##characteristics#compile#obj_sizes#crc32.o#repeats": 1, 
  "##characteristics#compile#obj_sizes#ctuning-rtl.o#all": [
    3732
  ], 
  "##characteristics#compile#obj_sizes#ctuning-rtl.o#all_unique": [
    3732
  ], 
  "##characteristics#compile#obj_sizes#ctuning-rtl.o#center": 3732, 
  "##characteristics#compile#obj_sizes#ctuning-rtl.o#center_imp": 1.0278670953912112, 
  "##characteristics#compile#obj_sizes#ctuning-rtl.o#halfrange": 0, 
  "##characteristics#compile#obj_sizes#ctuning-rtl.o#max": 3732, 
  "##characteristics#compile#obj_sizes#ctuning-rtl.o#mean": 3732.0, 
  "##characteristics#compile#obj_sizes#ctuning-rtl.o#mean_imp": 1.0278670953912112, 
  "##characteristics#compile#obj_sizes#ctuning-rtl.o#min": 3732, 
  "##characteristics#compile#obj_sizes#ctuning-rtl.o#min_imp": 1.0278670953912112, 
  "##characteristics#compile#obj_sizes#ctuning-rtl.o#range": 0, 
  "##characteristics#compile#obj_sizes#ctuning-rtl.o#range_percent": 0, 
  "##characteristics#compile#obj_sizes#ctuning-rtl.o#repeats": 1, 
  "##characteristics#compile#obj_sizes#deflate.o#all": [
    20492
  ], 
  "##characteristics#compile#obj_sizes#deflate.o#all_unique": [
    20492
  ], 
  "##characteristics#compile#obj_sizes#deflate.o#center": 20492, 
  "##characteristics#compile#obj_sizes#deflate.o#center_imp": 0.9843841499121608, 
  "##characteristics#compile#obj_sizes#deflate.o#halfrange": 0, 
  "##characteristics#compile#obj_sizes#deflate.o#max": 20492, 
  "##characteristics#compile#obj_sizes#deflate.o#mean": 20492.0, 
  "##characteristics#compile#obj_sizes#deflate.o#mean_imp": 0.9843841499121608, 
  "##characteristics#compile#obj_sizes#deflate.o#min": 20492, 
  "##characteristics#compile#obj_sizes#deflate.o#min_imp": 0.9843841499121608, 
  "##characteristics#compile#obj_sizes#deflate.o#range": 0, 
  "##characteristics#compile#obj_sizes#deflate.o#range_percent": 0, 
  "##characteristics#compile#obj_sizes#deflate.o#repeats": 1, 
  "##characteristics#compile#obj_sizes#gzclose.o#all": [
    980
  ], 
  "##characteristics#compile#obj_sizes#gzclose.o#all_unique": [
    980
  ], 
  "##characteristics#compile#obj_sizes#gzclose.o#center": 980, 
  "##characteristics#compile#obj_sizes#gzclose.o#center_imp": 1.0, 
  "##characteristics#compile#obj_sizes#gzclose.o#halfrange": 0, 
  "##characteristics#compile#obj_sizes#gzclose.o#max": 980, 
  "##characteristics#compile#obj_sizes#gzclose.o#mean": 980.0, 
  "##characteristics#compile#obj_sizes#gzclose.o#mean_imp": 1.0, 
  "##characteristics#compile#obj_sizes#gzclose.o#min": 980, 
  "##characteristics#compile#obj_sizes#gzclose.o#min_imp": 1.0, 
  "##characteristics#compile#obj_sizes#gzclose.o#range": 0, 
  "##characteristics#compile#obj_sizes#gzclose.o#range_percent": 0, 
  "##characteristics#compile#obj_sizes#gzclose.o#repeats": 1, 
  "##characteristics#compile#obj_sizes#gzlib.o#all": [
    6304
  ], 
  "##characteristics#compile#obj_sizes#gzlib.o#all_unique": [
    6304
  ], 
  "##characteristics#compile#obj_sizes#gzlib.o#center": 6304, 
  "##characteristics#compile#obj_sizes#gzlib.o#center_imp": 0.9993654822335025, 
  "##characteristics#compile#obj_sizes#gzlib.o#halfrange": 0, 
  "##characteristics#compile#obj_sizes#gzlib.o#max": 6304, 
  "##characteristics#compile#obj_sizes#gzlib.o#mean": 6304.0, 
  "##characteristics#compile#obj_sizes#gzlib.o#mean_imp": 0.9993654822335025, 
  "##characteristics#compile#obj_sizes#gzlib.o#min": 6304, 
  "##characteristics#compile#obj_sizes#gzlib.o#min_imp": 0.9993654822335025, 
  "##characteristics#compile#obj_sizes#gzlib.o#range": 0, 
  "##characteristics#compile#obj_sizes#gzlib.o#range_percent": 0, 
  "##characteristics#compile#obj_sizes#gzlib.o#repeats": 1, 
  "##characteristics#compile#obj_sizes#gzread.o#all": [
    6016
  ], 
  "##characteristics#compile#obj_sizes#gzread.o#all_unique": [
    6016
  ], 
  "##characteristics#compile#obj_sizes#gzread.o#center": 6016, 
  "##characteristics#compile#obj_sizes#gzread.o#center_imp": 0.9601063829787234, 
  "##characteristics#compile#obj_sizes#gzread.o#halfrange": 0, 
  "##characteristics#compile#obj_sizes#gzread.o#max": 6016, 
  "##characteristics#compile#obj_sizes#gzread.o#mean": 6016.0, 
  "##characteristics#compile#obj_sizes#gzread.o#mean_imp": 0.9601063829787234, 
  "##characteristics#compile#obj_sizes#gzread.o#min": 6016, 
  "##characteristics#compile#obj_sizes#gzread.o#min_imp": 0.9601063829787234, 
  "##characteristics#compile#obj_sizes#gzread.o#range": 0, 
  "##characteristics#compile#obj_sizes#gzread.o#range_percent": 0, 
  "##characteristics#compile#obj_sizes#gzread.o#repeats": 1, 
  "##characteristics#compile#obj_sizes#gzwrite.o#all": [
    6964
  ], 
  "##characteristics#compile#obj_sizes#gzwrite.o#all_unique": [
    6964
  ], 
  "##characteristics#compile#obj_sizes#gzwrite.o#center": 6964, 
  "##characteristics#compile#obj_sizes#gzwrite.o#center_imp": 1.4738655944859276, 
  "##characteristics#compile#obj_sizes#gzwrite.o#halfrange": 0, 
  "##characteristics#compile#obj_sizes#gzwrite.o#max": 6964, 
  "##characteristics#compile#obj_sizes#gzwrite.o#mean": 6964.0, 
  "##characteristics#compile#obj_sizes#gzwrite.o#mean_imp": 1.4738655944859276, 
  "##characteristics#compile#obj_sizes#gzwrite.o#min": 6964, 
  "##characteristics#compile#obj_sizes#gzwrite.o#min_imp": 1.4738655944859276, 
  "##characteristics#compile#obj_sizes#gzwrite.o#range": 0, 
  "##characteristics#compile#obj_sizes#gzwrite.o#range_percent": 0, 
  "##characteristics#compile#obj_sizes#gzwrite.o#repeats": 1, 
  "##characteristics#compile#obj_sizes#infback.o#all": [
    9624
  ], 
  "##characteristics#compile#obj_sizes#infback.o#all_unique": [
    9624
  ], 
  "##characteristics#compile#obj_sizes#infback.o#center": 9624, 
  "##characteristics#compile#obj_sizes#infback.o#center_imp": 0.9945968412302577, 
  "##characteristics#compile#obj_sizes#infback.o#halfrange": 0, 
  "##characteristics#compile#obj_sizes#infback.o#max": 9624, 
  "##characteristics#compile#obj_sizes#infback.o#mean": 9624.0, 
  "##characteristics#compile#obj_sizes#infback.o#mean_imp": 0.9945968412302577, 
  "##characteristics#compile#obj_sizes#infback.o#min": 9624, 
  "##characteristics#compile#obj_sizes#infback.o#min_imp": 0.9945968412302577, 
  "##characteristics#compile#obj_sizes#infback.o#range": 0, 
  "##characteristics#compile#obj_sizes#infback.o#range_percent": 0, 
  "##characteristics#compile#obj_sizes#infback.o#repeats": 1, 
  "##characteristics#compile#obj_sizes#inffast.o#all": [
    4060
  ], 
  "##characteristics#compile#obj_sizes#inffast.o#all_unique": [
    4060
  ], 
  "##characteristics#compile#obj_sizes#inffast.o#center": 4060, 
  "##characteristics#compile#obj_sizes#inffast.o#center_imp": 0.9842364532019704, 
  "##characteristics#compile#obj_sizes#inffast.o#halfrange": 0, 
  "##characteristics#compile#obj_sizes#inffast.o#max": 4060, 
  "##characteristics#compile#obj_sizes#inffast.o#mean": 4060.0, 
  "##characteristics#compile#obj_sizes#inffast.o#mean_imp": 0.9842364532019704, 
  "##characteristics#compile#obj_sizes#inffast.o#min": 4060, 
  "##characteristics#compile#obj_sizes#inffast.o#min_imp": 0.9842364532019704, 
  "##characteristics#compile#obj_sizes#inffast.o#range": 0, 
  "##characteristics#compile#obj_sizes#inffast.o#range_percent": 0, 
  "##characteristics#compile#obj_sizes#inffast.o#repeats": 1, 
  "##characteristics#compile#obj_sizes#inflate.o#all": [
    16696
  ], 
  "##characteristics#compile#obj_sizes#inflate.o#all_unique": [
    16696
  ], 
  "##characteristics#compile#obj_sizes#inflate.o#center": 16696, 
  "##characteristics#compile#obj_sizes#inflate.o#center_imp": 1.0038332534738859, 
  "##characteristics#compile#obj_sizes#inflate.o#halfrange": 0, 
  "##characteristics#compile#obj_sizes#inflate.o#max": 16696, 
  "##characteristics#compile#obj_sizes#inflate.o#mean": 16696.0, 
  "##characteristics#compile#obj_sizes#inflate.o#mean_imp": 1.0038332534738859, 
  "##characteristics#compile#obj_sizes#inflate.o#min": 16696, 
  "##characteristics#compile#obj_sizes#inflate.o#min_imp": 1.0038332534738859, 
  "##characteristics#compile#obj_sizes#inflate.o#range": 0, 
  "##characteristics#compile#obj_sizes#inflate.o#range_percent": 0, 
  "##characteristics#compile#obj_sizes#inflate.o#repeats": 1, 
  "##characteristics#compile#obj_sizes#inftrees.o#all": [
    4376
  ], 
  "##characteristics#compile#obj_sizes#inftrees.o#all_unique": [
    4376
  ], 
  "##characteristics#compile#obj_sizes#inftrees.o#center": 4376, 
  "##characteristics#compile#obj_sizes#inftrees.o#center_imp": 1.010054844606947, 
  "##characteristics#compile#obj_sizes#inftrees.o#halfrange": 0, 
  "##characteristics#compile#obj_sizes#inftrees.o#max": 4376, 
  "##characteristics#compile#obj_sizes#inftrees.o#mean": 4376.0, 
  "##characteristics#compile#obj_sizes#inftrees.o#mean_imp": 1.010054844606947, 
  "##characteristics#compile#obj_sizes#inftrees.o#min": 4376, 
  "##characteristics#compile#obj_sizes#inftrees.o#min_imp": 1.010054844606947, 
  "##characteristics#compile#obj_sizes#inftrees.o#range": 0, 
  "##characteristics#compile#obj_sizes#inftrees.o#range_percent": 0, 
  "##characteristics#compile#obj_sizes#inftrees.o#repeats": 1, 
  "##characteristics#compile#obj_sizes#trees.o#all": [
    14552
  ], 
  "##characteristics#compile#obj_sizes#trees.o#all_unique": [
    14552
  ], 
  "##characteristics#compile#obj_sizes#trees.o#center": 14552, 
  "##characteristics#compile#obj_sizes#trees.o#center_imp": 0.9747113798790544, 
  "##characteristics#compile#obj_sizes#trees.o#halfrange": 0, 
  "##characteristics#compile#obj_sizes#trees.o#max": 14552, 
  "##characteristics#compile#obj_sizes#trees.o#mean": 14552.0, 
  "##characteristics#compile#obj_sizes#trees.o#mean_imp": 0.9747113798790544, 
  "##characteristics#compile#obj_sizes#trees.o#min": 14552, 
  "##characteristics#compile#obj_sizes#trees.o#min_imp": 0.9747113798790544, 
  "##characteristics#compile#obj_sizes#trees.o#range": 0, 
  "##characteristics#compile#obj_sizes#trees.o#range_percent": 0, 
  "##characteristics#compile#obj_sizes#trees.o#repeats": 1, 
  "##characteristics#compile#obj_sizes#uncompr.o#all": [
    1276
  ], 
  "##characteristics#compile#obj_sizes#uncompr.o#all_unique": [
    1276
  ], 
  "##characteristics#compile#obj_sizes#uncompr.o#center": 1276, 
  "##characteristics#compile#obj_sizes#uncompr.o#center_imp": 0.9968652037617555, 
  "##characteristics#compile#obj_sizes#uncompr.o#halfrange": 0, 
  "##characteristics#compile#obj_sizes#uncompr.o#max": 1276, 
  "##characteristics#compile#obj_sizes#uncompr.o#mean": 1276.0, 
  "##characteristics#compile#obj_sizes#uncompr.o#mean_imp": 0.9968652037617555, 
  "##characteristics#compile#obj_sizes#uncompr.o#min": 1276, 
  "##characteristics#compile#obj_sizes#uncompr.o#min_imp": 0.9968652037617555, 
  "##characteristics#compile#obj_sizes#uncompr.o#range": 0, 
  "##characteristics#compile#obj_sizes#uncompr.o#range_percent": 0, 
  "##characteristics#compile#obj_sizes#uncompr.o#repeats": 1, 
  "##characteristics#compile#obj_sizes#zutil.o#all": [
    1648
  ], 
  "##characteristics#compile#obj_sizes#zutil.o#all_unique": [
    1648
  ], 
  "##characteristics#compile#obj_sizes#zutil.o#center": 1648, 
  "##characteristics#compile#obj_sizes#zutil.o#center_imp": 1.0, 
  "##characteristics#compile#obj_sizes#zutil.o#halfrange": 0, 
  "##characteristics#compile#obj_sizes#zutil.o#max": 1648, 
  "##characteristics#compile#obj_sizes#zutil.o#mean": 1648.0, 
  "##characteristics#compile#obj_sizes#zutil.o#mean_imp": 1.0, 
  "##characteristics#compile#obj_sizes#zutil.o#min": 1648, 
  "##characteristics#compile#obj_sizes#zutil.o#min_imp": 1.0, 
  "##characteristics#compile#obj_sizes#zutil.o#range": 0, 
  "##characteristics#compile#obj_sizes#zutil.o#range_percent": 0, 
  "##characteristics#compile#obj_sizes#zutil.o#repeats": 1, 
  "##characteristics#compile#program_git_hash#all": [
    "f3b3ffe43b24039767a39c7f85ab4b768684a65b"
  ], 
  "##characteristics#compile#program_git_hash#all_unique": [
    "f3b3ffe43b24039767a39c7f85ab4b768684a65b"
  ], 
  "##characteristics#compile#program_git_hash#min": "f3b3ffe43b24039767a39c7f85ab4b768684a65b", 
  "##characteristics#compile#program_git_hash#min_imp": 0, 
  "##characteristics#compile#program_git_hash#repeats": 1, 
  "##characteristics#run#execution_time#all": [
    0.01635035056542811, 
    0.016305242326332795, 
    0.016392184168012924, 
    0.016281468497576737
  ], 
  "##characteristics#run#execution_time#all_unique": [
    0.01635035056542811, 
    0.016305242326332795, 
    0.016392184168012924, 
    0.016281468497576737
  ], 
  "##characteristics#run#execution_time#center": 0.016336826332794832, 
  "##characteristics#run#execution_time#center_imp": 0.9943732484232006, 
  "##characteristics#run#execution_time#halfrange": 5.5357835218093274e-05, 
  "##characteristics#run#execution_time#max": 0.016392184168012924, 
  "##characteristics#run#execution_time#mean": 0.01633231138933764, 
  "##characteristics#run#execution_time#mean_imp": 0.995051831776524, 
  "##characteristics#run#execution_time#min": 0.016281468497576737, 
  "##characteristics#run#execution_time#min_imp": 0.9932103150265784, 
  "##characteristics#run#execution_time#range": 0.00011071567043618655, 
  "##characteristics#run#execution_time#range_percent": 0.006800103470560102, 
  "##characteristics#run#execution_time#repeats": 4, 
  "##characteristics#run#execution_time_kernel_0#all": [
    10.120867, 
    10.092945, 
    10.146762, 
    10.078229
  ], 
  "##characteristics#run#execution_time_kernel_0#all_unique": [
    10.120867, 
    10.092945, 
    10.146762, 
    10.078229
  ], 
  "##characteristics#run#execution_time_kernel_0#center": 10.112495500000001, 
  "##characteristics#run#execution_time_kernel_0#center_imp": 0.9943732484232006, 
  "##characteristics#run#execution_time_kernel_0#halfrange": 0.0342665000000002, 
  "##characteristics#run#execution_time_kernel_0#max": 10.146762, 
  "##characteristics#run#execution_time_kernel_0#mean": 10.10970075, 
  "##characteristics#run#execution_time_kernel_0#mean_imp": 0.995051831776524, 
  "##characteristics#run#execution_time_kernel_0#min": 10.078229, 
  "##characteristics#run#execution_time_kernel_0#min_imp": 0.9932103150265785, 
  "##characteristics#run#execution_time_kernel_0#range": 0.0685330000000004, 
  "##characteristics#run#execution_time_kernel_0#range_percent": 0.006800103470560194, 
  "##characteristics#run#execution_time_kernel_0#repeats": 4, 
  "##characteristics#run#execution_time_with_module#all": [
    10.854491233825684, 
    10.823637008666992, 
    10.871007919311523, 
    10.803066968917847
  ], 
  "##characteristics#run#execution_time_with_module#all_unique": [
    10.854491233825684, 
    10.823637008666992, 
    10.871007919311523, 
    10.803066968917847
  ], 
  "##characteristics#run#execution_time_with_module#center": 10.837037444114685, 
  "##characteristics#run#execution_time_with_module#center_imp": 1.2142863342240504, 
  "##characteristics#run#execution_time_with_module#halfrange": 0.03397047519683838, 
  "##characteristics#run#execution_time_with_module#max": 10.871007919311523, 
  "##characteristics#run#execution_time_with_module#mean": 10.838050782680511, 
  "##characteristics#run#execution_time_with_module#mean_imp": 1.1049914509422276, 
  "##characteristics#run#execution_time_with_module#min": 10.803066968917847, 
  "##characteristics#run#execution_time_with_module#min_imp": 0.9932651527662596, 
  "##characteristics#run#execution_time_with_module#range": 0.06794095039367676, 
  "##characteristics#run#execution_time_with_module#range_percent": 0.006289042786567347, 
  "##characteristics#run#execution_time_with_module#repeats": 4, 
  "##characteristics#run#repeat#all": [
    619, 
    619, 
    619, 
    619
  ], 
  "##characteristics#run#repeat#all_unique": [
    619
  ], 
  "##characteristics#run#repeat#center": 619, 
  "##characteristics#run#repeat#center_imp": 1.0, 
  "##characteristics#run#repeat#halfrange": 0, 
  "##characteristics#run#repeat#max": 619, 
  "##characteristics#run#repeat#mean": 619.0, 
  "##characteristics#run#repeat#mean_imp": 1.0, 
  "##characteristics#run#repeat#min": 619, 
  "##characteristics#run#repeat#min_imp": 1.0, 
  "##characteristics#run#repeat#range": 0, 
  "##characteristics#run#repeat#range_percent": 0, 
  "##characteristics#run#repeat#repeats": 4, 
  "##characteristics#run#return_code#all": [
    0, 
    0, 
    0, 
    0
  ], 
  "##characteristics#run#return_code#all_unique": [
    0
  ], 
  "##characteristics#run#return_code#center": 0, 
  "##characteristics#run#return_code#halfrange": 0, 
  "##characteristics#run#return_code#max": 0, 
  "##characteristics#run#return_code#mean": 0.0, 
  "##characteristics#run#return_code#min": 0, 
  "##characteristics#run#return_code#min_imp": 1, 
  "##characteristics#run#return_code#range": 0, 
  "##characteristics#run#return_code#repeats": 4, 
  "##characteristics#run#run_success#all": [
    "yes", 
    "yes", 
    "yes", 
    "yes"
  ], 
  "##characteristics#run#run_success#all_unique": [
    "yes"
  ], 
  "##characteristics#run#run_success#min": "yes", 
  "##characteristics#run#run_success#min_imp": 1, 
  "##characteristics#run#run_success#repeats": 4, 
  "##characteristics#run#run_success_bool#all": [
    true, 
    true, 
    true, 
    true
  ], 
  "##characteristics#run#run_success_bool#all_unique": [
    true
  ], 
  "##characteristics#run#run_success_bool#min": true, 
  "##characteristics#run#run_success_bool#min_imp": 1, 
  "##characteristics#run#run_success_bool#repeats": 4, 
  "##characteristics#run#total_execution_time#all": [
    10.120867, 
    10.092945, 
    10.146762, 
    10.078229
  ], 
  "##characteristics#run#total_execution_time#all_unique": [
    10.120867, 
    10.092945, 
    10.146762, 
    10.078229
  ], 
  "##characteristics#run#total_execution_time#center": 10.112495500000001, 
  "##characteristics#run#total_execution_time#center_imp": 0.9943732484232006, 
  "##characteristics#run#total_execution_time#halfrange": 0.0342665000000002, 
  "##characteristics#run#total_execution_time#max": 10.146762, 
  "##characteristics#run#total_execution_time#mean": 10.10970075, 
  "##characteristics#run#total_execution_time#mean_imp": 0.995051831776524, 
  "##characteristics#run#total_execution_time#min": 10.078229, 
  "##characteristics#run#total_execution_time#min_imp": 0.9932103150265785, 
  "##characteristics#run#total_execution_time#range": 0.0685330000000004, 
  "##characteristics#run#total_execution_time#range_percent": 0.006800103470560194, 
  "##characteristics#run#total_execution_time#repeats": 4
}
