{
  "##choices#calibration_time": 10.0, 
  "##choices#cmd_key": "decode", 
  "##choices#compile_type": "dynamic", 
  "##choices#compiler_description_uoa": "gcc-4.9.0-auto", 
  "##choices#compiler_flags#base_opt": "-O3", 
  "##choices#compiler_flags#bool--fira-algorithm=": "-fira-algorithm=priority", 
  "##choices#compiler_flags#bool-associative-math": "-fassociative-math", 
  "##choices#compiler_flags#bool-branch-count-reg": "-fbranch-count-reg", 
  "##choices#compiler_flags#bool-crossjumping": "-fno-crossjumping", 
  "##choices#compiler_flags#bool-cse-skip-blocks": "-fno-cse-skip-blocks", 
  "##choices#compiler_flags#bool-cx-fortran-rules": "-fno-cx-fortran-rules", 
  "##choices#compiler_flags#bool-devirtualize": "-fno-devirtualize", 
  "##choices#compiler_flags#bool-fat-lto-objects": "-ffat-lto-objects", 
  "##choices#compiler_flags#bool-finite-math-only": "-ffinite-math-only", 
  "##choices#compiler_flags#bool-gcse-after-reload": "-fno-gcse-after-reload", 
  "##choices#compiler_flags#bool-graphite-identity": "-fgraphite-identity", 
  "##choices#compiler_flags#bool-isolate-erroneous-paths-attribute": "-fisolate-erroneous-paths-attribute", 
  "##choices#compiler_flags#bool-prefetch-loop-arrays": "-fno-prefetch-loop-arrays", 
  "##choices#compiler_flags#bool-reschedule-modulo-scheduled-loops": "-fno-reschedule-modulo-scheduled-loops", 
  "##choices#compiler_flags#bool-sched-interblock": "-fsched-interblock", 
  "##choices#compiler_flags#bool-selective-scheduling": "-fno-selective-scheduling", 
  "##choices#compiler_flags#bool-split-wide-types": "-fsplit-wide-types", 
  "##choices#compiler_flags#bool-strict-aliasing": "-fno-strict-aliasing", 
  "##choices#compiler_flags#bool-tree-loop-ivcanon": "-ftree-loop-ivcanon", 
  "##choices#compiler_flags#bool-tree-sink": "-fno-tree-sink", 
  "##choices#compiler_flags#bool-tree-slsr": "-fno-tree-slsr", 
  "##choices#compiler_flags#bool-tree-vectorize": "-ftree-vectorize", 
  "##choices#compiler_flags#bool-tree-vrp": "-ftree-vrp", 
  "##choices#compiler_flags#bool-unit-at-a-time": "-funit-at-a-time", 
  "##choices#compiler_flags#bool-variable-expansion-in-unroller": "-fvariable-expansion-in-unroller", 
  "##choices#compiler_flags#bool-vect-cost-model": "-fvect-cost-model", 
  "##choices#data_uoa": "zlib-inflate", 
  "##choices#dataset_file": "audio-wav-0001-deflated", 
  "##choices#dataset_uoa": "audio-wav-0001-deflated", 
  "##choices#device_id": "", 
  "##choices#host_os": "linux-32", 
  "##choices#module_uoa": "b0ac08fe1d3c2615", 
  "##choices#no_state_check": "yes", 
  "##choices#program_tags": "", 
  "##choices#repeat": 619, 
  "##choices#target": "", 
  "##choices#target_os": "linux-32", 
  "##choices#target_os_bits": "32"
}
