{
  "characteristics_list": [
    {
      "compile": {
        "binary_size": 106832, 
        "compilation_success": "yes", 
        "compilation_success_bool": true, 
        "compilation_time": 117.50311398506165, 
        "compilation_time_with_module": 122.42972111701965, 
        "joined_compiler_flags": "-O3 -fcprop-registers -fcrossjumping -fdevirtualize -fno-devirtualize-speculatively -ffunction-sections -fgcse-sm -findirect-inlining -fno-keep-inline-functions -fno-live-range-shrinkage -fno-loop-interchange -fmerge-constants -fsched-dep-count-heuristic -fsched-spec-insn-heuristic -fsched-spec-load -fsched2-use-superblocks -fno-section-anchors -fno-selective-scheduling -ftracer -fvect-cost-model", 
        "md5_sum": "6539f44870ed29d0571121e6b9d71771", 
        "obj_size": 131504, 
        "obj_sizes": {
          "adler32.o": 2652, 
          "compress.o": 1828, 
          "crc32.o": 11472, 
          "ctuning-rtl.o": 4188, 
          "deflate.o": 24404, 
          "gzclose.o": 1048, 
          "gzlib.o": 8420, 
          "gzread.o": 7444, 
          "gzwrite.o": 12268, 
          "infback.o": 10296, 
          "inffast.o": 4088, 
          "inflate.o": 19076, 
          "inftrees.o": 5300, 
          "trees.o": 15504, 
          "uncompr.o": 1344, 
          "zutil.o": 2172
        }, 
        "program_git_hash": "f3b3ffe43b24039767a39c7f85ab4b768684a65b"
      }, 
      "run": {
        "execution_time": 0.016745345718901454, 
        "execution_time_kernel_0": 10.365369, 
        "execution_time_with_module": 13.076226949691772, 
        "repeat": 619, 
        "return_code": 0, 
        "run_success": "yes", 
        "run_success_bool": true, 
        "total_execution_time": 10.365369
      }
    }, 
    {
      "run": {
        "execution_time": 0.01677304846526656, 
        "execution_time_kernel_0": 10.382517, 
        "execution_time_with_module": 11.10220193862915, 
        "repeat": 619, 
        "return_code": 0, 
        "run_success": "yes", 
        "run_success_bool": true, 
        "total_execution_time": 10.382517
      }
    }, 
    {
      "run": {
        "execution_time": 0.016531835218093698, 
        "execution_time_kernel_0": 10.233206, 
        "execution_time_with_module": 12.239994049072266, 
        "repeat": 619, 
        "return_code": 0, 
        "run_success": "yes", 
        "run_success_bool": true, 
        "total_execution_time": 10.233206
      }
    }, 
    {
      "run": {
        "execution_time": 0.016657355411954764, 
        "execution_time_kernel_0": 10.310903, 
        "execution_time_with_module": 11.029958009719849, 
        "repeat": 619, 
        "return_code": 0, 
        "run_success": "yes", 
        "run_success_bool": true, 
        "total_execution_time": 10.310903
      }
    }
  ], 
  "choices": {
    "calibration_time": 10.0, 
    "cmd_key": "decode", 
    "compile_type": "dynamic", 
    "compiler_description_uoa": "gcc-4.9.0-auto", 
    "compiler_flags": {
      "base_opt": "-O3", 
      "bool-cprop-registers": "-fcprop-registers", 
      "bool-crossjumping": "-fcrossjumping", 
      "bool-devirtualize": "-fdevirtualize", 
      "bool-devirtualize-speculatively": "-fno-devirtualize-speculatively", 
      "bool-function-sections": "-ffunction-sections", 
      "bool-gcse-sm": "-fgcse-sm", 
      "bool-indirect-inlining": "-findirect-inlining", 
      "bool-keep-inline-functions": "-fno-keep-inline-functions", 
      "bool-live-range-shrinkage": "-fno-live-range-shrinkage", 
      "bool-loop-interchange": "-fno-loop-interchange", 
      "bool-merge-constants": "-fmerge-constants", 
      "bool-sched-dep-count-heuristic": "-fsched-dep-count-heuristic", 
      "bool-sched-spec-insn-heuristic": "-fsched-spec-insn-heuristic", 
      "bool-sched-spec-load": "-fsched-spec-load", 
      "bool-sched2-use-superblocks": "-fsched2-use-superblocks", 
      "bool-section-anchors": "-fno-section-anchors", 
      "bool-selective-scheduling": "-fno-selective-scheduling", 
      "bool-tracer": "-ftracer", 
      "bool-vect-cost-model": "-fvect-cost-model"
    }, 
    "data_uoa": "zlib-inflate", 
    "dataset_file": "audio-wav-0001-deflated", 
    "dataset_uoa": "audio-wav-0001-deflated", 
    "device_cfg": {}, 
    "device_id": "", 
    "host_os": "linux-32", 
    "module_uoa": "b0ac08fe1d3c2615", 
    "no_state_check": "yes", 
    "program_tags": "", 
    "repeat": 619, 
    "target": "", 
    "target_os": "linux-32", 
    "target_os_bits": "32"
  }, 
  "choices_order": [
    "##compiler_flags#base_opt", 
    "##compiler_flags#bool-cprop-registers", 
    "##compiler_flags#bool-crossjumping", 
    "##compiler_flags#bool-devirtualize", 
    "##compiler_flags#bool-devirtualize-speculatively", 
    "##compiler_flags#bool-function-sections", 
    "##compiler_flags#bool-gcse-sm", 
    "##compiler_flags#bool-indirect-inlining", 
    "##compiler_flags#bool-keep-inline-functions", 
    "##compiler_flags#bool-live-range-shrinkage", 
    "##compiler_flags#bool-loop-interchange", 
    "##compiler_flags#bool-merge-constants", 
    "##compiler_flags#bool-sched-dep-count-heuristic", 
    "##compiler_flags#bool-sched-spec-insn-heuristic", 
    "##compiler_flags#bool-sched-spec-load", 
    "##compiler_flags#bool-sched2-use-superblocks", 
    "##compiler_flags#bool-section-anchors", 
    "##compiler_flags#bool-selective-scheduling", 
    "##compiler_flags#bool-tracer", 
    "##compiler_flags#bool-vect-cost-model"
  ], 
  "features": {
    "compiler_version": {
      "list": [
        4, 
        9, 
        2
      ], 
      "raw": [
        "gcc-4.9 (Raspbian 4.9.2-10) 4.9.2", 
        "Copyright (C) 2014 Free Software Foundation, Inc.", 
        "This is free software; see the source for copying conditions.  There is NO", 
        "warranty; not even for MERCHANTABILITY or FITNESS FOR A PARTICULAR PURPOSE.", 
        "", 
        ""
      ], 
      "str": "4.9.2"
    }, 
    "dataset": {
      "total_size": 116960
    }, 
    "number_of_selected_compiler_flags": 20, 
    "platform": {
      "cpu": {
        "all_freqs": {
          "0": [
            700000, 
            700000
          ]
        }, 
        "cpu_abi": "", 
        "cpu_features": "half thumb fastmult vfp edsp java tls", 
        "current_freq": {
          "0": 700.0
        }, 
        "max_freq": {
          "0": 700.0
        }, 
        "name": "BCM2708", 
        "num_proc": "1", 
        "sub_name": "ARMv6-compatible processor rev 7 (v6l)", 
        "workload_automation": {
          "device_config": {
            "core_clusters": [
              0
            ], 
            "core_names": [
              "BCM2708"
            ]
          }
        }
      }, 
      "cpu_misc": {
        "0": {
          "BogoMIPS": "697.95", 
          "CPU architecture": "7", 
          "CPU implementer": "0x41", 
          "CPU part": "0xb76", 
          "CPU revision": "7", 
          "CPU variant": "0x0", 
          "Features": "half thumb fastmult vfp edsp java tls", 
          "Hardware": "BCM2708", 
          "Revision": "0013", 
          "Serial": "00000000999033c3", 
          "all_freqs": [
            "0", 
            "0"
          ], 
          "ck_cpu_name": "BCM2708", 
          "ck_cpu_subname": "ARMv6-compatible processor rev 7 (v6l)", 
          "cpu_features": "half thumb fastmult vfp edsp java tls", 
          "cur_freq": 700.0, 
          "max_freq": 700.0, 
          "model name": "ARMv6-compatible processor rev 7 (v6l)", 
          "processor": "0"
        }
      }, 
      "cpu_new_format": "", 
      "cpu_unique": [
        {
          "BogoMIPS": "697.95", 
          "CPU architecture": "7", 
          "CPU implementer": "0x41", 
          "CPU part": "0xb76", 
          "CPU revision": "7", 
          "CPU variant": "0x0", 
          "Features": "half thumb fastmult vfp edsp java tls", 
          "Hardware": "BCM2708", 
          "Revision": "0013", 
          "Serial": "00000000999033c3", 
          "all_freqs": [
            "0", 
            "0"
          ], 
          "ck_cpu_name": "BCM2708", 
          "ck_cpu_subname": "ARMv6-compatible processor rev 7 (v6l)", 
          "cpu_features": "half thumb fastmult vfp edsp java tls", 
          "cur_freq": 700.0, 
          "max_freq": 700.0, 
          "model name": "ARMv6-compatible processor rev 7 (v6l)", 
          "processor": "0"
        }
      ], 
      "gpu": {
        "name": "", 
        "vendor": ""
      }, 
      "gpu_misc": {}, 
      "os": {
        "abi": "armv6l", 
        "bits": "32", 
        "ck_os_base_uoa": "", 
        "ck_os_uoa": "linux-32", 
        "name": "Linux 4.4.21+", 
        "name_long": "Linux-4.4.21+-armv6l-with-debian-8.0", 
        "name_short": "Linux 4.4.21+", 
        "serial_number": ""
      }, 
      "os_misc": {}, 
      "platform": {
        "model": "", 
        "name": "", 
        "vendor": ""
      }, 
      "platform_misc": {}
    }, 
    "solution_uid": "61764d46879edf84", 
    "statistical_repetitions": 4
  }
}
