{
  "##characteristics#compile#binary_size#all": [
    87912
  ], 
  "##characteristics#compile#binary_size#all_unique": [
    87912
  ], 
  "##characteristics#compile#binary_size#center": 87912, 
  "##characteristics#compile#binary_size#center_imp": 1.1462371462371463, 
  "##characteristics#compile#binary_size#halfrange": 0, 
  "##characteristics#compile#binary_size#max": 87912, 
  "##characteristics#compile#binary_size#mean": 87912.0, 
  "##characteristics#compile#binary_size#mean_imp": 1.1462371462371463, 
  "##characteristics#compile#binary_size#min": 87912, 
  "##characteristics#compile#binary_size#min_imp": 1.1462371462371463, 
  "##characteristics#compile#binary_size#range": 0, 
  "##characteristics#compile#binary_size#range_percent": 0, 
  "##characteristics#compile#binary_size#repeats": 1, 
  "##characteristics#compile#compilation_success#all": [
    "yes"
  ], 
  "##characteristics#compile#compilation_success#all_unique": [
    "yes"
  ], 
  "##characteristics#compile#compilation_success#min": "yes", 
  "##characteristics#compile#compilation_success#min_imp": 0, 
  "##characteristics#compile#compilation_success#repeats": 1, 
  "##characteristics#compile#compilation_success_bool#all": [
    true
  ], 
  "##characteristics#compile#compilation_success_bool#all_unique": [
    true
  ], 
  "##characteristics#compile#compilation_success_bool#min": true, 
  "##characteristics#compile#compilation_success_bool#min_imp": 0, 
  "##characteristics#compile#compilation_success_bool#repeats": 1, 
  "##characteristics#compile#compilation_time#all": [
    74.7499270439148
  ], 
  "##characteristics#compile#compilation_time#all_unique": [
    74.7499270439148
  ], 
  "##characteristics#compile#compilation_time#center": 74.7499270439148, 
  "##characteristics#compile#compilation_time#center_imp": 1.4393760542377503, 
  "##characteristics#compile#compilation_time#halfrange": 0.0, 
  "##characteristics#compile#compilation_time#max": 74.7499270439148, 
  "##characteristics#compile#compilation_time#mean": 74.7499270439148, 
  "##characteristics#compile#compilation_time#mean_imp": 1.4393760542377503, 
  "##characteristics#compile#compilation_time#min": 74.7499270439148, 
  "##characteristics#compile#compilation_time#min_imp": 1.4393760542377503, 
  "##characteristics#compile#compilation_time#range": 0.0, 
  "##characteristics#compile#compilation_time#range_percent": 0.0, 
  "##characteristics#compile#compilation_time#repeats": 1, 
  "##characteristics#compile#compilation_time_with_module#all": [
    80.40057301521301
  ], 
  "##characteristics#compile#compilation_time_with_module#all_unique": [
    80.40057301521301
  ], 
  "##characteristics#compile#compilation_time_with_module#center": 80.40057301521301, 
  "##characteristics#compile#compilation_time_with_module#center_imp": 1.3981252337742005, 
  "##characteristics#compile#compilation_time_with_module#halfrange": 0.0, 
  "##characteristics#compile#compilation_time_with_module#max": 80.40057301521301, 
  "##characteristics#compile#compilation_time_with_module#mean": 80.40057301521301, 
  "##characteristics#compile#compilation_time_with_module#mean_imp": 1.3981252337742005, 
  "##characteristics#compile#compilation_time_with_module#min": 80.40057301521301, 
  "##characteristics#compile#compilation_time_with_module#min_imp": 1.3981252337742005, 
  "##characteristics#compile#compilation_time_with_module#range": 0.0, 
  "##characteristics#compile#compilation_time_with_module#range_percent": 0.0, 
  "##characteristics#compile#compilation_time_with_module#repeats": 1, 
  "##characteristics#compile#joined_compiler_flags#all": [
    "-O3 -fno-check-data-deps -fcse-follow-jumps -fno-function-cse -fno-gcse -fno-gcse-after-reload -fno-gcse-las -fno-inline-functions -fno-live-range-shrinkage -fno-sel-sched-pipelining-outer-loops -fsplit-ivs-in-unroller -fno-thread-jumps -ftree-coalesce-vars -ftree-dominator-opts -fno-tree-pre -fno-unit-at-a-time -fvect-cost-model -fno-vpt"
  ], 
  "##characteristics#compile#joined_compiler_flags#all_unique": [
    "-O3 -fno-check-data-deps -fcse-follow-jumps -fno-function-cse -fno-gcse -fno-gcse-after-reload -fno-gcse-las -fno-inline-functions -fno-live-range-shrinkage -fno-sel-sched-pipelining-outer-loops -fsplit-ivs-in-unroller -fno-thread-jumps -ftree-coalesce-vars -ftree-dominator-opts -fno-tree-pre -fno-unit-at-a-time -fvect-cost-model -fno-vpt"
  ], 
  "##characteristics#compile#joined_compiler_flags#min": "-O3 -fno-check-data-deps -fcse-follow-jumps -fno-function-cse -fno-gcse -fno-gcse-after-reload -fno-gcse-las -fno-inline-functions -fno-live-range-shrinkage -fno-sel-sched-pipelining-outer-loops -fsplit-ivs-in-unroller -fno-thread-jumps -ftree-coalesce-vars -ftree-dominator-opts -fno-tree-pre -fno-unit-at-a-time -fvect-cost-model -fno-vpt", 
  "##characteristics#compile#joined_compiler_flags#min_imp": 0, 
  "##characteristics#compile#joined_compiler_flags#repeats": 1, 
  "##characteristics#compile#md5_sum#all": [
    "5f8364af6954a5104df404b4a291d96e"
  ], 
  "##characteristics#compile#md5_sum#all_unique": [
    "5f8364af6954a5104df404b4a291d96e"
  ], 
  "##characteristics#compile#md5_sum#min": "5f8364af6954a5104df404b4a291d96e", 
  "##characteristics#compile#md5_sum#min_imp": 0, 
  "##characteristics#compile#md5_sum#repeats": 1, 
  "##characteristics#compile#obj_size#all": [
    99992
  ], 
  "##characteristics#compile#obj_size#all_unique": [
    99992
  ], 
  "##characteristics#compile#obj_size#center": 99992, 
  "##characteristics#compile#obj_size#center_imp": 1.140571245699656, 
  "##characteristics#compile#obj_size#halfrange": 0, 
  "##characteristics#compile#obj_size#max": 99992, 
  "##characteristics#compile#obj_size#mean": 99992.0, 
  "##characteristics#compile#obj_size#mean_imp": 1.140571245699656, 
  "##characteristics#compile#obj_size#min": 99992, 
  "##characteristics#compile#obj_size#min_imp": 1.140571245699656, 
  "##characteristics#compile#obj_size#range": 0, 
  "##characteristics#compile#obj_size#range_percent": 0, 
  "##characteristics#compile#obj_size#repeats": 1, 
  "##characteristics#compile#obj_sizes#adler32.o#all": [
    2280
  ], 
  "##characteristics#compile#obj_sizes#adler32.o#all_unique": [
    2280
  ], 
  "##characteristics#compile#obj_sizes#adler32.o#center": 2280, 
  "##characteristics#compile#obj_sizes#adler32.o#center_imp": 1.063157894736842, 
  "##characteristics#compile#obj_sizes#adler32.o#halfrange": 0, 
  "##characteristics#compile#obj_sizes#adler32.o#max": 2280, 
  "##characteristics#compile#obj_sizes#adler32.o#mean": 2280.0, 
  "##characteristics#compile#obj_sizes#adler32.o#mean_imp": 1.063157894736842, 
  "##characteristics#compile#obj_sizes#adler32.o#min": 2280, 
  "##characteristics#compile#obj_sizes#adler32.o#min_imp": 1.063157894736842, 
  "##characteristics#compile#obj_sizes#adler32.o#range": 0, 
  "##characteristics#compile#obj_sizes#adler32.o#range_percent": 0, 
  "##characteristics#compile#obj_sizes#adler32.o#repeats": 1, 
  "##characteristics#compile#obj_sizes#compress.o#all": [
    1372
  ], 
  "##characteristics#compile#obj_sizes#compress.o#all_unique": [
    1372
  ], 
  "##characteristics#compile#obj_sizes#compress.o#center": 1372, 
  "##characteristics#compile#obj_sizes#compress.o#center_imp": 1.1428571428571428, 
  "##characteristics#compile#obj_sizes#compress.o#halfrange": 0, 
  "##characteristics#compile#obj_sizes#compress.o#max": 1372, 
  "##characteristics#compile#obj_sizes#compress.o#mean": 1372.0, 
  "##characteristics#compile#obj_sizes#compress.o#mean_imp": 1.1428571428571428, 
  "##characteristics#compile#obj_sizes#compress.o#min": 1372, 
  "##characteristics#compile#obj_sizes#compress.o#min_imp": 1.1428571428571428, 
  "##characteristics#compile#obj_sizes#compress.o#range": 0, 
  "##characteristics#compile#obj_sizes#compress.o#range_percent": 0, 
  "##characteristics#compile#obj_sizes#compress.o#repeats": 1, 
  "##characteristics#compile#obj_sizes#crc32.o#all": [
    10732
  ], 
  "##characteristics#compile#obj_sizes#crc32.o#all_unique": [
    10732
  ], 
  "##characteristics#compile#obj_sizes#crc32.o#center": 10732, 
  "##characteristics#compile#obj_sizes#crc32.o#center_imp": 1.0134178158777487, 
  "##characteristics#compile#obj_sizes#crc32.o#halfrange": 0, 
  "##characteristics#compile#obj_sizes#crc32.o#max": 10732, 
  "##characteristics#compile#obj_sizes#crc32.o#mean": 10732.0, 
  "##characteristics#compile#obj_sizes#crc32.o#mean_imp": 1.0134178158777487, 
  "##characteristics#compile#obj_sizes#crc32.o#min": 10732, 
  "##characteristics#compile#obj_sizes#crc32.o#min_imp": 1.0134178158777487, 
  "##characteristics#compile#obj_sizes#crc32.o#range": 0, 
  "##characteristics#compile#obj_sizes#crc32.o#range_percent": 0, 
  "##characteristics#compile#obj_sizes#crc32.o#repeats": 1, 
  "##characteristics#compile#obj_sizes#ctuning-rtl.o#all": [
    3848
  ], 
  "##characteristics#compile#obj_sizes#ctuning-rtl.o#all_unique": [
    3848
  ], 
  "##characteristics#compile#obj_sizes#ctuning-rtl.o#center": 3848, 
  "##characteristics#compile#obj_sizes#ctuning-rtl.o#center_imp": 0.9968814968814969, 
  "##characteristics#compile#obj_sizes#ctuning-rtl.o#halfrange": 0, 
  "##characteristics#compile#obj_sizes#ctuning-rtl.o#max": 3848, 
  "##characteristics#compile#obj_sizes#ctuning-rtl.o#mean": 3848.0, 
  "##characteristics#compile#obj_sizes#ctuning-rtl.o#mean_imp": 0.9968814968814969, 
  "##characteristics#compile#obj_sizes#ctuning-rtl.o#min": 3848, 
  "##characteristics#compile#obj_sizes#ctuning-rtl.o#min_imp": 0.9968814968814969, 
  "##characteristics#compile#obj_sizes#ctuning-rtl.o#range": 0, 
  "##characteristics#compile#obj_sizes#ctuning-rtl.o#range_percent": 0, 
  "##characteristics#compile#obj_sizes#ctuning-rtl.o#repeats": 1, 
  "##characteristics#compile#obj_sizes#deflate.o#all": [
    15248
  ], 
  "##characteristics#compile#obj_sizes#deflate.o#all_unique": [
    15248
  ], 
  "##characteristics#compile#obj_sizes#deflate.o#center": 15248, 
  "##characteristics#compile#obj_sizes#deflate.o#center_imp": 1.3229275970619097, 
  "##characteristics#compile#obj_sizes#deflate.o#halfrange": 0, 
  "##characteristics#compile#obj_sizes#deflate.o#max": 15248, 
  "##characteristics#compile#obj_sizes#deflate.o#mean": 15248.0, 
  "##characteristics#compile#obj_sizes#deflate.o#mean_imp": 1.3229275970619097, 
  "##characteristics#compile#obj_sizes#deflate.o#min": 15248, 
  "##characteristics#compile#obj_sizes#deflate.o#min_imp": 1.3229275970619097, 
  "##characteristics#compile#obj_sizes#deflate.o#range": 0, 
  "##characteristics#compile#obj_sizes#deflate.o#range_percent": 0, 
  "##characteristics#compile#obj_sizes#deflate.o#repeats": 1, 
  "##characteristics#compile#obj_sizes#gzclose.o#all": [
    980
  ], 
  "##characteristics#compile#obj_sizes#gzclose.o#all_unique": [
    980
  ], 
  "##characteristics#compile#obj_sizes#gzclose.o#center": 980, 
  "##characteristics#compile#obj_sizes#gzclose.o#center_imp": 1.0, 
  "##characteristics#compile#obj_sizes#gzclose.o#halfrange": 0, 
  "##characteristics#compile#obj_sizes#gzclose.o#max": 980, 
  "##characteristics#compile#obj_sizes#gzclose.o#mean": 980.0, 
  "##characteristics#compile#obj_sizes#gzclose.o#mean_imp": 1.0, 
  "##characteristics#compile#obj_sizes#gzclose.o#min": 980, 
  "##characteristics#compile#obj_sizes#gzclose.o#min_imp": 1.0, 
  "##characteristics#compile#obj_sizes#gzclose.o#range": 0, 
  "##characteristics#compile#obj_sizes#gzclose.o#range_percent": 0, 
  "##characteristics#compile#obj_sizes#gzclose.o#repeats": 1, 
  "##characteristics#compile#obj_sizes#gzlib.o#all": [
    5392
  ], 
  "##characteristics#compile#obj_sizes#gzlib.o#all_unique": [
    5392
  ], 
  "##characteristics#compile#obj_sizes#gzlib.o#center": 5392, 
  "##characteristics#compile#obj_sizes#gzlib.o#center_imp": 1.1683976261127595, 
  "##characteristics#compile#obj_sizes#gzlib.o#halfrange": 0, 
  "##characteristics#compile#obj_sizes#gzlib.o#max": 5392, 
  "##characteristics#compile#obj_sizes#gzlib.o#mean": 5392.0, 
  "##characteristics#compile#obj_sizes#gzlib.o#mean_imp": 1.1683976261127595, 
  "##characteristics#compile#obj_sizes#gzlib.o#min": 5392, 
  "##characteristics#compile#obj_sizes#gzlib.o#min_imp": 1.1683976261127595, 
  "##characteristics#compile#obj_sizes#gzlib.o#range": 0, 
  "##characteristics#compile#obj_sizes#gzlib.o#range_percent": 0, 
  "##characteristics#compile#obj_sizes#gzlib.o#repeats": 1, 
  "##characteristics#compile#obj_sizes#gzread.o#all": [
    5448
  ], 
  "##characteristics#compile#obj_sizes#gzread.o#all_unique": [
    5448
  ], 
  "##characteristics#compile#obj_sizes#gzread.o#center": 5448, 
  "##characteristics#compile#obj_sizes#gzread.o#center_imp": 1.0602055800293686, 
  "##characteristics#compile#obj_sizes#gzread.o#halfrange": 0, 
  "##characteristics#compile#obj_sizes#gzread.o#max": 5448, 
  "##characteristics#compile#obj_sizes#gzread.o#mean": 5448.0, 
  "##characteristics#compile#obj_sizes#gzread.o#mean_imp": 1.0602055800293686, 
  "##characteristics#compile#obj_sizes#gzread.o#min": 5448, 
  "##characteristics#compile#obj_sizes#gzread.o#min_imp": 1.0602055800293686, 
  "##characteristics#compile#obj_sizes#gzread.o#range": 0, 
  "##characteristics#compile#obj_sizes#gzread.o#range_percent": 0, 
  "##characteristics#compile#obj_sizes#gzread.o#repeats": 1, 
  "##characteristics#compile#obj_sizes#gzwrite.o#all": [
    5216
  ], 
  "##characteristics#compile#obj_sizes#gzwrite.o#all_unique": [
    5216
  ], 
  "##characteristics#compile#obj_sizes#gzwrite.o#center": 5216, 
  "##characteristics#compile#obj_sizes#gzwrite.o#center_imp": 1.9677914110429449, 
  "##characteristics#compile#obj_sizes#gzwrite.o#halfrange": 0, 
  "##characteristics#compile#obj_sizes#gzwrite.o#max": 5216, 
  "##characteristics#compile#obj_sizes#gzwrite.o#mean": 5216.0, 
  "##characteristics#compile#obj_sizes#gzwrite.o#mean_imp": 1.9677914110429449, 
  "##characteristics#compile#obj_sizes#gzwrite.o#min": 5216, 
  "##characteristics#compile#obj_sizes#gzwrite.o#min_imp": 1.9677914110429449, 
  "##characteristics#compile#obj_sizes#gzwrite.o#range": 0, 
  "##characteristics#compile#obj_sizes#gzwrite.o#range_percent": 0, 
  "##characteristics#compile#obj_sizes#gzwrite.o#repeats": 1, 
  "##characteristics#compile#obj_sizes#infback.o#all": [
    9380
  ], 
  "##characteristics#compile#obj_sizes#infback.o#all_unique": [
    9380
  ], 
  "##characteristics#compile#obj_sizes#infback.o#center": 9380, 
  "##characteristics#compile#obj_sizes#infback.o#center_imp": 1.0204690831556502, 
  "##characteristics#compile#obj_sizes#infback.o#halfrange": 0, 
  "##characteristics#compile#obj_sizes#infback.o#max": 9380, 
  "##characteristics#compile#obj_sizes#infback.o#mean": 9380.0, 
  "##characteristics#compile#obj_sizes#infback.o#mean_imp": 1.0204690831556502, 
  "##characteristics#compile#obj_sizes#infback.o#min": 9380, 
  "##characteristics#compile#obj_sizes#infback.o#min_imp": 1.0204690831556502, 
  "##characteristics#compile#obj_sizes#infback.o#range": 0, 
  "##characteristics#compile#obj_sizes#infback.o#range_percent": 0, 
  "##characteristics#compile#obj_sizes#infback.o#repeats": 1, 
  "##characteristics#compile#obj_sizes#inffast.o#all": [
    4100
  ], 
  "##characteristics#compile#obj_sizes#inffast.o#all_unique": [
    4100
  ], 
  "##characteristics#compile#obj_sizes#inffast.o#center": 4100, 
  "##characteristics#compile#obj_sizes#inffast.o#center_imp": 0.9746341463414634, 
  "##characteristics#compile#obj_sizes#inffast.o#halfrange": 0, 
  "##characteristics#compile#obj_sizes#inffast.o#max": 4100, 
  "##characteristics#compile#obj_sizes#inffast.o#mean": 4100.0, 
  "##characteristics#compile#obj_sizes#inffast.o#mean_imp": 0.9746341463414634, 
  "##characteristics#compile#obj_sizes#inffast.o#min": 4100, 
  "##characteristics#compile#obj_sizes#inffast.o#min_imp": 0.9746341463414634, 
  "##characteristics#compile#obj_sizes#inffast.o#range": 0, 
  "##characteristics#compile#obj_sizes#inffast.o#range_percent": 0, 
  "##characteristics#compile#obj_sizes#inffast.o#repeats": 1, 
  "##characteristics#compile#obj_sizes#inflate.o#all": [
    15280
  ], 
  "##characteristics#compile#obj_sizes#inflate.o#all_unique": [
    15280
  ], 
  "##characteristics#compile#obj_sizes#inflate.o#center": 15280, 
  "##characteristics#compile#obj_sizes#inflate.o#center_imp": 1.0968586387434556, 
  "##characteristics#compile#obj_sizes#inflate.o#halfrange": 0, 
  "##characteristics#compile#obj_sizes#inflate.o#max": 15280, 
  "##characteristics#compile#obj_sizes#inflate.o#mean": 15280.0, 
  "##characteristics#compile#obj_sizes#inflate.o#mean_imp": 1.0968586387434556, 
  "##characteristics#compile#obj_sizes#inflate.o#min": 15280, 
  "##characteristics#compile#obj_sizes#inflate.o#min_imp": 1.0968586387434556, 
  "##characteristics#compile#obj_sizes#inflate.o#range": 0, 
  "##characteristics#compile#obj_sizes#inflate.o#range_percent": 0, 
  "##characteristics#compile#obj_sizes#inflate.o#repeats": 1, 
  "##characteristics#compile#obj_sizes#inftrees.o#all": [
    4308
  ], 
  "##characteristics#compile#obj_sizes#inftrees.o#all_unique": [
    4308
  ], 
  "##characteristics#compile#obj_sizes#inftrees.o#center": 4308, 
  "##characteristics#compile#obj_sizes#inftrees.o#center_imp": 1.0259981429897864, 
  "##characteristics#compile#obj_sizes#inftrees.o#halfrange": 0, 
  "##characteristics#compile#obj_sizes#inftrees.o#max": 4308, 
  "##characteristics#compile#obj_sizes#inftrees.o#mean": 4308.0, 
  "##characteristics#compile#obj_sizes#inftrees.o#mean_imp": 1.0259981429897864, 
  "##characteristics#compile#obj_sizes#inftrees.o#min": 4308, 
  "##characteristics#compile#obj_sizes#inftrees.o#min_imp": 1.0259981429897864, 
  "##characteristics#compile#obj_sizes#inftrees.o#range": 0, 
  "##characteristics#compile#obj_sizes#inftrees.o#range_percent": 0, 
  "##characteristics#compile#obj_sizes#inftrees.o#repeats": 1, 
  "##characteristics#compile#obj_sizes#trees.o#all": [
    13488
  ], 
  "##characteristics#compile#obj_sizes#trees.o#all_unique": [
    13488
  ], 
  "##characteristics#compile#obj_sizes#trees.o#center": 13488, 
  "##characteristics#compile#obj_sizes#trees.o#center_imp": 1.0516014234875444, 
  "##characteristics#compile#obj_sizes#trees.o#halfrange": 0, 
  "##characteristics#compile#obj_sizes#trees.o#max": 13488, 
  "##characteristics#compile#obj_sizes#trees.o#mean": 13488.0, 
  "##characteristics#compile#obj_sizes#trees.o#mean_imp": 1.0516014234875444, 
  "##characteristics#compile#obj_sizes#trees.o#min": 13488, 
  "##characteristics#compile#obj_sizes#trees.o#min_imp": 1.0516014234875444, 
  "##characteristics#compile#obj_sizes#trees.o#range": 0, 
  "##characteristics#compile#obj_sizes#trees.o#range_percent": 0, 
  "##characteristics#compile#obj_sizes#trees.o#repeats": 1, 
  "##characteristics#compile#obj_sizes#uncompr.o#all": [
    1272
  ], 
  "##characteristics#compile#obj_sizes#uncompr.o#all_unique": [
    1272
  ], 
  "##characteristics#compile#obj_sizes#uncompr.o#center": 1272, 
  "##characteristics#compile#obj_sizes#uncompr.o#center_imp": 1.0, 
  "##characteristics#compile#obj_sizes#uncompr.o#halfrange": 0, 
  "##characteristics#compile#obj_sizes#uncompr.o#max": 1272, 
  "##characteristics#compile#obj_sizes#uncompr.o#mean": 1272.0, 
  "##characteristics#compile#obj_sizes#uncompr.o#mean_imp": 1.0, 
  "##characteristics#compile#obj_sizes#uncompr.o#min": 1272, 
  "##characteristics#compile#obj_sizes#uncompr.o#min_imp": 1.0, 
  "##characteristics#compile#obj_sizes#uncompr.o#range": 0, 
  "##characteristics#compile#obj_sizes#uncompr.o#range_percent": 0, 
  "##characteristics#compile#obj_sizes#uncompr.o#repeats": 1, 
  "##characteristics#compile#obj_sizes#zutil.o#all": [
    1648
  ], 
  "##characteristics#compile#obj_sizes#zutil.o#all_unique": [
    1648
  ], 
  "##characteristics#compile#obj_sizes#zutil.o#center": 1648, 
  "##characteristics#compile#obj_sizes#zutil.o#center_imp": 1.0, 
  "##characteristics#compile#obj_sizes#zutil.o#halfrange": 0, 
  "##characteristics#compile#obj_sizes#zutil.o#max": 1648, 
  "##characteristics#compile#obj_sizes#zutil.o#mean": 1648.0, 
  "##characteristics#compile#obj_sizes#zutil.o#mean_imp": 1.0, 
  "##characteristics#compile#obj_sizes#zutil.o#min": 1648, 
  "##characteristics#compile#obj_sizes#zutil.o#min_imp": 1.0, 
  "##characteristics#compile#obj_sizes#zutil.o#range": 0, 
  "##characteristics#compile#obj_sizes#zutil.o#range_percent": 0, 
  "##characteristics#compile#obj_sizes#zutil.o#repeats": 1, 
  "##characteristics#compile#program_git_hash#all": [
    "f3b3ffe43b24039767a39c7f85ab4b768684a65b"
  ], 
  "##characteristics#compile#program_git_hash#all_unique": [
    "f3b3ffe43b24039767a39c7f85ab4b768684a65b"
  ], 
  "##characteristics#compile#program_git_hash#min": "f3b3ffe43b24039767a39c7f85ab4b768684a65b", 
  "##characteristics#compile#program_git_hash#min_imp": 0, 
  "##characteristics#compile#program_git_hash#repeats": 1, 
  "##characteristics#run#execution_time#all": [
    0.017223791599353794, 
    0.016999764135702748, 
    0.01700454281098546, 
    0.01737306462035541
  ], 
  "##characteristics#run#execution_time#all_unique": [
    0.017223791599353794, 
    0.016999764135702748, 
    0.01700454281098546, 
    0.01737306462035541
  ], 
  "##characteristics#run#execution_time#center": 0.017186414378029077, 
  "##characteristics#run#execution_time#center_imp": 0.9452176999894862, 
  "##characteristics#run#execution_time#halfrange": 0.0001866502423263309, 
  "##characteristics#run#execution_time#max": 0.01737306462035541, 
  "##characteristics#run#execution_time#mean": 0.017150290791599354, 
  "##characteristics#run#execution_time#mean_imp": 0.9475930503210709, 
  "##characteristics#run#execution_time#min": 0.016999764135702748, 
  "##characteristics#run#execution_time#min_imp": 0.9512439305914534, 
  "##characteristics#run#execution_time#range": 0.0003733004846526618, 
  "##characteristics#run#execution_time#range_percent": 0.02195915670786629, 
  "##characteristics#run#execution_time#repeats": 4, 
  "##characteristics#run#execution_time_kernel_0#all": [
    10.661527, 
    10.522854, 
    10.525812, 
    10.753927
  ], 
  "##characteristics#run#execution_time_kernel_0#all_unique": [
    10.661527, 
    10.522854, 
    10.525812, 
    10.753927
  ], 
  "##characteristics#run#execution_time_kernel_0#center": 10.6383905, 
  "##characteristics#run#execution_time_kernel_0#center_imp": 0.9452176999894862, 
  "##characteristics#run#execution_time_kernel_0#halfrange": 0.11553649999999926, 
  "##characteristics#run#execution_time_kernel_0#max": 10.753927, 
  "##characteristics#run#execution_time_kernel_0#mean": 10.61603, 
  "##characteristics#run#execution_time_kernel_0#mean_imp": 0.9475930503210709, 
  "##characteristics#run#execution_time_kernel_0#min": 10.522854, 
  "##characteristics#run#execution_time_kernel_0#min_imp": 0.9512439305914535, 
  "##characteristics#run#execution_time_kernel_0#range": 0.23107299999999853, 
  "##characteristics#run#execution_time_kernel_0#range_percent": 0.021959156707866374, 
  "##characteristics#run#execution_time_kernel_0#repeats": 4, 
  "##characteristics#run#execution_time_with_module#all": [
    11.384618997573853, 
    11.283616065979004, 
    11.246173858642578, 
    11.483572959899902
  ], 
  "##characteristics#run#execution_time_with_module#all_unique": [
    11.384618997573853, 
    11.283616065979004, 
    11.246173858642578, 
    11.483572959899902
  ], 
  "##characteristics#run#execution_time_with_module#center": 11.36487340927124, 
  "##characteristics#run#execution_time_with_module#center_imp": 1.1578894016652859, 
  "##characteristics#run#execution_time_with_module#halfrange": 0.11869955062866211, 
  "##characteristics#run#execution_time_with_module#max": 11.483572959899902, 
  "##characteristics#run#execution_time_with_module#mean": 11.349495470523834, 
  "##characteristics#run#execution_time_with_module#mean_imp": 1.0551969901078728, 
  "##characteristics#run#execution_time_with_module#min": 11.246173858642578, 
  "##characteristics#run#execution_time_with_module#min_imp": 0.9541298310073854, 
  "##characteristics#run#execution_time_with_module#range": 0.23739910125732422, 
  "##characteristics#run#execution_time_with_module#range_percent": 0.021109321644968634, 
  "##characteristics#run#execution_time_with_module#repeats": 4, 
  "##characteristics#run#repeat#all": [
    619, 
    619, 
    619, 
    619
  ], 
  "##characteristics#run#repeat#all_unique": [
    619
  ], 
  "##characteristics#run#repeat#center": 619, 
  "##characteristics#run#repeat#center_imp": 1.0, 
  "##characteristics#run#repeat#halfrange": 0, 
  "##characteristics#run#repeat#max": 619, 
  "##characteristics#run#repeat#mean": 619.0, 
  "##characteristics#run#repeat#mean_imp": 1.0, 
  "##characteristics#run#repeat#min": 619, 
  "##characteristics#run#repeat#min_imp": 1.0, 
  "##characteristics#run#repeat#range": 0, 
  "##characteristics#run#repeat#range_percent": 0, 
  "##characteristics#run#repeat#repeats": 4, 
  "##characteristics#run#return_code#all": [
    0, 
    0, 
    0, 
    0
  ], 
  "##characteristics#run#return_code#all_unique": [
    0
  ], 
  "##characteristics#run#return_code#center": 0, 
  "##characteristics#run#return_code#halfrange": 0, 
  "##characteristics#run#return_code#max": 0, 
  "##characteristics#run#return_code#mean": 0.0, 
  "##characteristics#run#return_code#min": 0, 
  "##characteristics#run#return_code#min_imp": 1, 
  "##characteristics#run#return_code#range": 0, 
  "##characteristics#run#return_code#repeats": 4, 
  "##characteristics#run#run_success#all": [
    "yes", 
    "yes", 
    "yes", 
    "yes"
  ], 
  "##characteristics#run#run_success#all_unique": [
    "yes"
  ], 
  "##characteristics#run#run_success#min": "yes", 
  "##characteristics#run#run_success#min_imp": 1, 
  "##characteristics#run#run_success#repeats": 4, 
  "##characteristics#run#run_success_bool#all": [
    true, 
    true, 
    true, 
    true
  ], 
  "##characteristics#run#run_success_bool#all_unique": [
    true
  ], 
  "##characteristics#run#run_success_bool#min": true, 
  "##characteristics#run#run_success_bool#min_imp": 1, 
  "##characteristics#run#run_success_bool#repeats": 4, 
  "##characteristics#run#total_execution_time#all": [
    10.661527, 
    10.522854, 
    10.525812, 
    10.753927
  ], 
  "##characteristics#run#total_execution_time#all_unique": [
    10.661527, 
    10.522854, 
    10.525812, 
    10.753927
  ], 
  "##characteristics#run#total_execution_time#center": 10.6383905, 
  "##characteristics#run#total_execution_time#center_imp": 0.9452176999894862, 
  "##characteristics#run#total_execution_time#halfrange": 0.11553649999999926, 
  "##characteristics#run#total_execution_time#max": 10.753927, 
  "##characteristics#run#total_execution_time#mean": 10.61603, 
  "##characteristics#run#total_execution_time#mean_imp": 0.9475930503210709, 
  "##characteristics#run#total_execution_time#min": 10.522854, 
  "##characteristics#run#total_execution_time#min_imp": 0.9512439305914535, 
  "##characteristics#run#total_execution_time#range": 0.23107299999999853, 
  "##characteristics#run#total_execution_time#range_percent": 0.021959156707866374, 
  "##characteristics#run#total_execution_time#repeats": 4
}
