{
  "##characteristics#compile#binary_size#all": [
    98744
  ], 
  "##characteristics#compile#binary_size#all_unique": [
    98744
  ], 
  "##characteristics#compile#binary_size#center": 98744, 
  "##characteristics#compile#binary_size#center_imp": 1.0204974479462043, 
  "##characteristics#compile#binary_size#halfrange": 0, 
  "##characteristics#compile#binary_size#max": 98744, 
  "##characteristics#compile#binary_size#mean": 98744.0, 
  "##characteristics#compile#binary_size#mean_imp": 1.0204974479462043, 
  "##characteristics#compile#binary_size#min": 98744, 
  "##characteristics#compile#binary_size#min_imp": 1.0204974479462043, 
  "##characteristics#compile#binary_size#range": 0, 
  "##characteristics#compile#binary_size#range_percent": 0, 
  "##characteristics#compile#binary_size#repeats": 1, 
  "##characteristics#compile#compilation_success#all": [
    "yes"
  ], 
  "##characteristics#compile#compilation_success#all_unique": [
    "yes"
  ], 
  "##characteristics#compile#compilation_success#min": "yes", 
  "##characteristics#compile#compilation_success#min_imp": 0, 
  "##characteristics#compile#compilation_success#repeats": 1, 
  "##characteristics#compile#compilation_success_bool#all": [
    true
  ], 
  "##characteristics#compile#compilation_success_bool#all_unique": [
    true
  ], 
  "##characteristics#compile#compilation_success_bool#min": true, 
  "##characteristics#compile#compilation_success_bool#min_imp": 0, 
  "##characteristics#compile#compilation_success_bool#repeats": 1, 
  "##characteristics#compile#compilation_time#all": [
    92.32123303413391
  ], 
  "##characteristics#compile#compilation_time#all_unique": [
    92.32123303413391
  ], 
  "##characteristics#compile#compilation_time#center": 92.32123303413391, 
  "##characteristics#compile#compilation_time#center_imp": 1.1654226390504268, 
  "##characteristics#compile#compilation_time#halfrange": 0.0, 
  "##characteristics#compile#compilation_time#max": 92.32123303413391, 
  "##characteristics#compile#compilation_time#mean": 92.32123303413391, 
  "##characteristics#compile#compilation_time#mean_imp": 1.1654226390504268, 
  "##characteristics#compile#compilation_time#min": 92.32123303413391, 
  "##characteristics#compile#compilation_time#min_imp": 1.1654226390504268, 
  "##characteristics#compile#compilation_time#range": 0.0, 
  "##characteristics#compile#compilation_time#range_percent": 0.0, 
  "##characteristics#compile#compilation_time#repeats": 1, 
  "##characteristics#compile#compilation_time_with_module#all": [
    97.23047804832458
  ], 
  "##characteristics#compile#compilation_time_with_module#all_unique": [
    97.23047804832458
  ], 
  "##characteristics#compile#compilation_time_with_module#center": 97.23047804832458, 
  "##characteristics#compile#compilation_time_with_module#center_imp": 1.1561196879707345, 
  "##characteristics#compile#compilation_time_with_module#halfrange": 0.0, 
  "##characteristics#compile#compilation_time_with_module#max": 97.23047804832458, 
  "##characteristics#compile#compilation_time_with_module#mean": 97.23047804832458, 
  "##characteristics#compile#compilation_time_with_module#mean_imp": 1.1561196879707345, 
  "##characteristics#compile#compilation_time_with_module#min": 97.23047804832458, 
  "##characteristics#compile#compilation_time_with_module#min_imp": 1.1561196879707345, 
  "##characteristics#compile#compilation_time_with_module#range": 0.0, 
  "##characteristics#compile#compilation_time_with_module#range_percent": 0.0, 
  "##characteristics#compile#compilation_time_with_module#repeats": 1, 
  "##characteristics#compile#joined_compiler_flags#all": [
    "-O3 -fno-btr-bb-exclusive -fdata-sections -fno-dce -fno-fat-lto-objects -fforward-propagate -ffunction-sections -fno-loop-interchange -finline -fprefetch-loop-arrays -fsched-spec-load-dangerous -fno-tree-ch -ftree-loop-distribution -fno-tree-vectorize -fno-unroll-all-loops -fno-unsafe-loop-optimizations -fvariable-expansion-in-unroller"
  ], 
  "##characteristics#compile#joined_compiler_flags#all_unique": [
    "-O3 -fno-btr-bb-exclusive -fdata-sections -fno-dce -fno-fat-lto-objects -fforward-propagate -ffunction-sections -fno-loop-interchange -finline -fprefetch-loop-arrays -fsched-spec-load-dangerous -fno-tree-ch -ftree-loop-distribution -fno-tree-vectorize -fno-unroll-all-loops -fno-unsafe-loop-optimizations -fvariable-expansion-in-unroller"
  ], 
  "##characteristics#compile#joined_compiler_flags#min": "-O3 -fno-btr-bb-exclusive -fdata-sections -fno-dce -fno-fat-lto-objects -fforward-propagate -ffunction-sections -fno-loop-interchange -finline -fprefetch-loop-arrays -fsched-spec-load-dangerous -fno-tree-ch -ftree-loop-distribution -fno-tree-vectorize -fno-unroll-all-loops -fno-unsafe-loop-optimizations -fvariable-expansion-in-unroller", 
  "##characteristics#compile#joined_compiler_flags#min_imp": 0, 
  "##characteristics#compile#joined_compiler_flags#repeats": 1, 
  "##characteristics#compile#md5_sum#all": [
    "513ef933593778c9b276bf03060b1e8d"
  ], 
  "##characteristics#compile#md5_sum#all_unique": [
    "513ef933593778c9b276bf03060b1e8d"
  ], 
  "##characteristics#compile#md5_sum#min": "513ef933593778c9b276bf03060b1e8d", 
  "##characteristics#compile#md5_sum#min_imp": 0, 
  "##characteristics#compile#md5_sum#repeats": 1, 
  "##characteristics#compile#obj_size#all": [
    124964
  ], 
  "##characteristics#compile#obj_size#all_unique": [
    124964
  ], 
  "##characteristics#compile#obj_size#center": 124964, 
  "##characteristics#compile#obj_size#center_imp": 0.9126468422905797, 
  "##characteristics#compile#obj_size#halfrange": 0, 
  "##characteristics#compile#obj_size#max": 124964, 
  "##characteristics#compile#obj_size#mean": 124964.0, 
  "##characteristics#compile#obj_size#mean_imp": 0.9126468422905797, 
  "##characteristics#compile#obj_size#min": 124964, 
  "##characteristics#compile#obj_size#min_imp": 0.9126468422905797, 
  "##characteristics#compile#obj_size#range": 0, 
  "##characteristics#compile#obj_size#range_percent": 0, 
  "##characteristics#compile#obj_size#repeats": 1, 
  "##characteristics#compile#obj_sizes#adler32.o#all": [
    2900
  ], 
  "##characteristics#compile#obj_sizes#adler32.o#all_unique": [
    2900
  ], 
  "##characteristics#compile#obj_sizes#adler32.o#center": 2900, 
  "##characteristics#compile#obj_sizes#adler32.o#center_imp": 0.8358620689655173, 
  "##characteristics#compile#obj_sizes#adler32.o#halfrange": 0, 
  "##characteristics#compile#obj_sizes#adler32.o#max": 2900, 
  "##characteristics#compile#obj_sizes#adler32.o#mean": 2900.0, 
  "##characteristics#compile#obj_sizes#adler32.o#mean_imp": 0.8358620689655173, 
  "##characteristics#compile#obj_sizes#adler32.o#min": 2900, 
  "##characteristics#compile#obj_sizes#adler32.o#min_imp": 0.8358620689655173, 
  "##characteristics#compile#obj_sizes#adler32.o#range": 0, 
  "##characteristics#compile#obj_sizes#adler32.o#range_percent": 0, 
  "##characteristics#compile#obj_sizes#adler32.o#repeats": 1, 
  "##characteristics#compile#obj_sizes#compress.o#all": [
    1828
  ], 
  "##characteristics#compile#obj_sizes#compress.o#all_unique": [
    1828
  ], 
  "##characteristics#compile#obj_sizes#compress.o#center": 1828, 
  "##characteristics#compile#obj_sizes#compress.o#center_imp": 0.8577680525164114, 
  "##characteristics#compile#obj_sizes#compress.o#halfrange": 0, 
  "##characteristics#compile#obj_sizes#compress.o#max": 1828, 
  "##characteristics#compile#obj_sizes#compress.o#mean": 1828.0, 
  "##characteristics#compile#obj_sizes#compress.o#mean_imp": 0.8577680525164114, 
  "##characteristics#compile#obj_sizes#compress.o#min": 1828, 
  "##characteristics#compile#obj_sizes#compress.o#min_imp": 0.8577680525164114, 
  "##characteristics#compile#obj_sizes#compress.o#range": 0, 
  "##characteristics#compile#obj_sizes#compress.o#range_percent": 0, 
  "##characteristics#compile#obj_sizes#compress.o#repeats": 1, 
  "##characteristics#compile#obj_sizes#crc32.o#all": [
    11836
  ], 
  "##characteristics#compile#obj_sizes#crc32.o#all_unique": [
    11836
  ], 
  "##characteristics#compile#obj_sizes#crc32.o#center": 11836, 
  "##characteristics#compile#obj_sizes#crc32.o#center_imp": 0.9188915174045286, 
  "##characteristics#compile#obj_sizes#crc32.o#halfrange": 0, 
  "##characteristics#compile#obj_sizes#crc32.o#max": 11836, 
  "##characteristics#compile#obj_sizes#crc32.o#mean": 11836.0, 
  "##characteristics#compile#obj_sizes#crc32.o#mean_imp": 0.9188915174045286, 
  "##characteristics#compile#obj_sizes#crc32.o#min": 11836, 
  "##characteristics#compile#obj_sizes#crc32.o#min_imp": 0.9188915174045286, 
  "##characteristics#compile#obj_sizes#crc32.o#range": 0, 
  "##characteristics#compile#obj_sizes#crc32.o#range_percent": 0, 
  "##characteristics#compile#obj_sizes#crc32.o#repeats": 1, 
  "##characteristics#compile#obj_sizes#ctuning-rtl.o#all": [
    4156
  ], 
  "##characteristics#compile#obj_sizes#ctuning-rtl.o#all_unique": [
    4156
  ], 
  "##characteristics#compile#obj_sizes#ctuning-rtl.o#center": 4156, 
  "##characteristics#compile#obj_sizes#ctuning-rtl.o#center_imp": 0.9230028873917228, 
  "##characteristics#compile#obj_sizes#ctuning-rtl.o#halfrange": 0, 
  "##characteristics#compile#obj_sizes#ctuning-rtl.o#max": 4156, 
  "##characteristics#compile#obj_sizes#ctuning-rtl.o#mean": 4156.0, 
  "##characteristics#compile#obj_sizes#ctuning-rtl.o#mean_imp": 0.9230028873917228, 
  "##characteristics#compile#obj_sizes#ctuning-rtl.o#min": 4156, 
  "##characteristics#compile#obj_sizes#ctuning-rtl.o#min_imp": 0.9230028873917228, 
  "##characteristics#compile#obj_sizes#ctuning-rtl.o#range": 0, 
  "##characteristics#compile#obj_sizes#ctuning-rtl.o#range_percent": 0, 
  "##characteristics#compile#obj_sizes#ctuning-rtl.o#repeats": 1, 
  "##characteristics#compile#obj_sizes#deflate.o#all": [
    22444
  ], 
  "##characteristics#compile#obj_sizes#deflate.o#all_unique": [
    22444
  ], 
  "##characteristics#compile#obj_sizes#deflate.o#center": 22444, 
  "##characteristics#compile#obj_sizes#deflate.o#center_imp": 0.8987702726786669, 
  "##characteristics#compile#obj_sizes#deflate.o#halfrange": 0, 
  "##characteristics#compile#obj_sizes#deflate.o#max": 22444, 
  "##characteristics#compile#obj_sizes#deflate.o#mean": 22444.0, 
  "##characteristics#compile#obj_sizes#deflate.o#mean_imp": 0.8987702726786669, 
  "##characteristics#compile#obj_sizes#deflate.o#min": 22444, 
  "##characteristics#compile#obj_sizes#deflate.o#min_imp": 0.8987702726786669, 
  "##characteristics#compile#obj_sizes#deflate.o#range": 0, 
  "##characteristics#compile#obj_sizes#deflate.o#range_percent": 0, 
  "##characteristics#compile#obj_sizes#deflate.o#repeats": 1, 
  "##characteristics#compile#obj_sizes#gzclose.o#all": [
    1048
  ], 
  "##characteristics#compile#obj_sizes#gzclose.o#all_unique": [
    1048
  ], 
  "##characteristics#compile#obj_sizes#gzclose.o#center": 1048, 
  "##characteristics#compile#obj_sizes#gzclose.o#center_imp": 0.9351145038167938, 
  "##characteristics#compile#obj_sizes#gzclose.o#halfrange": 0, 
  "##characteristics#compile#obj_sizes#gzclose.o#max": 1048, 
  "##characteristics#compile#obj_sizes#gzclose.o#mean": 1048.0, 
  "##characteristics#compile#obj_sizes#gzclose.o#mean_imp": 0.9351145038167938, 
  "##characteristics#compile#obj_sizes#gzclose.o#min": 1048, 
  "##characteristics#compile#obj_sizes#gzclose.o#min_imp": 0.9351145038167938, 
  "##characteristics#compile#obj_sizes#gzclose.o#range": 0, 
  "##characteristics#compile#obj_sizes#gzclose.o#range_percent": 0, 
  "##characteristics#compile#obj_sizes#gzclose.o#repeats": 1, 
  "##characteristics#compile#obj_sizes#gzlib.o#all": [
    7888
  ], 
  "##characteristics#compile#obj_sizes#gzlib.o#all_unique": [
    7888
  ], 
  "##characteristics#compile#obj_sizes#gzlib.o#center": 7888, 
  "##characteristics#compile#obj_sizes#gzlib.o#center_imp": 0.7986815415821501, 
  "##characteristics#compile#obj_sizes#gzlib.o#halfrange": 0, 
  "##characteristics#compile#obj_sizes#gzlib.o#max": 7888, 
  "##characteristics#compile#obj_sizes#gzlib.o#mean": 7888.0, 
  "##characteristics#compile#obj_sizes#gzlib.o#mean_imp": 0.7986815415821501, 
  "##characteristics#compile#obj_sizes#gzlib.o#min": 7888, 
  "##characteristics#compile#obj_sizes#gzlib.o#min_imp": 0.7986815415821501, 
  "##characteristics#compile#obj_sizes#gzlib.o#range": 0, 
  "##characteristics#compile#obj_sizes#gzlib.o#range_percent": 0, 
  "##characteristics#compile#obj_sizes#gzlib.o#repeats": 1, 
  "##characteristics#compile#obj_sizes#gzread.o#all": [
    6984
  ], 
  "##characteristics#compile#obj_sizes#gzread.o#all_unique": [
    6984
  ], 
  "##characteristics#compile#obj_sizes#gzread.o#center": 6984, 
  "##characteristics#compile#obj_sizes#gzread.o#center_imp": 0.827033218785796, 
  "##characteristics#compile#obj_sizes#gzread.o#halfrange": 0, 
  "##characteristics#compile#obj_sizes#gzread.o#max": 6984, 
  "##characteristics#compile#obj_sizes#gzread.o#mean": 6984.0, 
  "##characteristics#compile#obj_sizes#gzread.o#mean_imp": 0.827033218785796, 
  "##characteristics#compile#obj_sizes#gzread.o#min": 6984, 
  "##characteristics#compile#obj_sizes#gzread.o#min_imp": 0.827033218785796, 
  "##characteristics#compile#obj_sizes#gzread.o#range": 0, 
  "##characteristics#compile#obj_sizes#gzread.o#range_percent": 0, 
  "##characteristics#compile#obj_sizes#gzread.o#repeats": 1, 
  "##characteristics#compile#obj_sizes#gzwrite.o#all": [
    11772
  ], 
  "##characteristics#compile#obj_sizes#gzwrite.o#all_unique": [
    11772
  ], 
  "##characteristics#compile#obj_sizes#gzwrite.o#center": 11772, 
  "##characteristics#compile#obj_sizes#gzwrite.o#center_imp": 0.871899422358138, 
  "##characteristics#compile#obj_sizes#gzwrite.o#halfrange": 0, 
  "##characteristics#compile#obj_sizes#gzwrite.o#max": 11772, 
  "##characteristics#compile#obj_sizes#gzwrite.o#mean": 11772.0, 
  "##characteristics#compile#obj_sizes#gzwrite.o#mean_imp": 0.871899422358138, 
  "##characteristics#compile#obj_sizes#gzwrite.o#min": 11772, 
  "##characteristics#compile#obj_sizes#gzwrite.o#min_imp": 0.871899422358138, 
  "##characteristics#compile#obj_sizes#gzwrite.o#range": 0, 
  "##characteristics#compile#obj_sizes#gzwrite.o#range_percent": 0, 
  "##characteristics#compile#obj_sizes#gzwrite.o#repeats": 1, 
  "##characteristics#compile#obj_sizes#infback.o#all": [
    9144
  ], 
  "##characteristics#compile#obj_sizes#infback.o#all_unique": [
    9144
  ], 
  "##characteristics#compile#obj_sizes#infback.o#center": 9144, 
  "##characteristics#compile#obj_sizes#infback.o#center_imp": 1.046806649168854, 
  "##characteristics#compile#obj_sizes#infback.o#halfrange": 0, 
  "##characteristics#compile#obj_sizes#infback.o#max": 9144, 
  "##characteristics#compile#obj_sizes#infback.o#mean": 9144.0, 
  "##characteristics#compile#obj_sizes#infback.o#mean_imp": 1.046806649168854, 
  "##characteristics#compile#obj_sizes#infback.o#min": 9144, 
  "##characteristics#compile#obj_sizes#infback.o#min_imp": 1.046806649168854, 
  "##characteristics#compile#obj_sizes#infback.o#range": 0, 
  "##characteristics#compile#obj_sizes#infback.o#range_percent": 0, 
  "##characteristics#compile#obj_sizes#infback.o#repeats": 1, 
  "##characteristics#compile#obj_sizes#inffast.o#all": [
    2504
  ], 
  "##characteristics#compile#obj_sizes#inffast.o#all_unique": [
    2504
  ], 
  "##characteristics#compile#obj_sizes#inffast.o#center": 2504, 
  "##characteristics#compile#obj_sizes#inffast.o#center_imp": 1.595846645367412, 
  "##characteristics#compile#obj_sizes#inffast.o#halfrange": 0, 
  "##characteristics#compile#obj_sizes#inffast.o#max": 2504, 
  "##characteristics#compile#obj_sizes#inffast.o#mean": 2504.0, 
  "##characteristics#compile#obj_sizes#inffast.o#mean_imp": 1.595846645367412, 
  "##characteristics#compile#obj_sizes#inffast.o#min": 2504, 
  "##characteristics#compile#obj_sizes#inffast.o#min_imp": 1.595846645367412, 
  "##characteristics#compile#obj_sizes#inffast.o#range": 0, 
  "##characteristics#compile#obj_sizes#inffast.o#range_percent": 0, 
  "##characteristics#compile#obj_sizes#inffast.o#repeats": 1, 
  "##characteristics#compile#obj_sizes#inflate.o#all": [
    16988
  ], 
  "##characteristics#compile#obj_sizes#inflate.o#all_unique": [
    16988
  ], 
  "##characteristics#compile#obj_sizes#inflate.o#center": 16988, 
  "##characteristics#compile#obj_sizes#inflate.o#center_imp": 0.9865787614786908, 
  "##characteristics#compile#obj_sizes#inflate.o#halfrange": 0, 
  "##characteristics#compile#obj_sizes#inflate.o#max": 16988, 
  "##characteristics#compile#obj_sizes#inflate.o#mean": 16988.0, 
  "##characteristics#compile#obj_sizes#inflate.o#mean_imp": 0.9865787614786908, 
  "##characteristics#compile#obj_sizes#inflate.o#min": 16988, 
  "##characteristics#compile#obj_sizes#inflate.o#min_imp": 0.9865787614786908, 
  "##characteristics#compile#obj_sizes#inflate.o#range": 0, 
  "##characteristics#compile#obj_sizes#inflate.o#range_percent": 0, 
  "##characteristics#compile#obj_sizes#inflate.o#repeats": 1, 
  "##characteristics#compile#obj_sizes#inftrees.o#all": [
    5368
  ], 
  "##characteristics#compile#obj_sizes#inftrees.o#all_unique": [
    5368
  ], 
  "##characteristics#compile#obj_sizes#inftrees.o#center": 5368, 
  "##characteristics#compile#obj_sizes#inftrees.o#center_imp": 0.823397913561848, 
  "##characteristics#compile#obj_sizes#inftrees.o#halfrange": 0, 
  "##characteristics#compile#obj_sizes#inftrees.o#max": 5368, 
  "##characteristics#compile#obj_sizes#inftrees.o#mean": 5368.0, 
  "##characteristics#compile#obj_sizes#inftrees.o#mean_imp": 0.823397913561848, 
  "##characteristics#compile#obj_sizes#inftrees.o#min": 5368, 
  "##characteristics#compile#obj_sizes#inftrees.o#min_imp": 0.823397913561848, 
  "##characteristics#compile#obj_sizes#inftrees.o#range": 0, 
  "##characteristics#compile#obj_sizes#inftrees.o#range_percent": 0, 
  "##characteristics#compile#obj_sizes#inftrees.o#repeats": 1, 
  "##characteristics#compile#obj_sizes#trees.o#all": [
    16580
  ], 
  "##characteristics#compile#obj_sizes#trees.o#all_unique": [
    16580
  ], 
  "##characteristics#compile#obj_sizes#trees.o#center": 16580, 
  "##characteristics#compile#obj_sizes#trees.o#center_imp": 0.8554885404101327, 
  "##characteristics#compile#obj_sizes#trees.o#halfrange": 0, 
  "##characteristics#compile#obj_sizes#trees.o#max": 16580, 
  "##characteristics#compile#obj_sizes#trees.o#mean": 16580.0, 
  "##characteristics#compile#obj_sizes#trees.o#mean_imp": 0.8554885404101327, 
  "##characteristics#compile#obj_sizes#trees.o#min": 16580, 
  "##characteristics#compile#obj_sizes#trees.o#min_imp": 0.8554885404101327, 
  "##characteristics#compile#obj_sizes#trees.o#range": 0, 
  "##characteristics#compile#obj_sizes#trees.o#range_percent": 0, 
  "##characteristics#compile#obj_sizes#trees.o#repeats": 1, 
  "##characteristics#compile#obj_sizes#uncompr.o#all": [
    1344
  ], 
  "##characteristics#compile#obj_sizes#uncompr.o#all_unique": [
    1344
  ], 
  "##characteristics#compile#obj_sizes#uncompr.o#center": 1344, 
  "##characteristics#compile#obj_sizes#uncompr.o#center_imp": 0.9464285714285714, 
  "##characteristics#compile#obj_sizes#uncompr.o#halfrange": 0, 
  "##characteristics#compile#obj_sizes#uncompr.o#max": 1344, 
  "##characteristics#compile#obj_sizes#uncompr.o#mean": 1344.0, 
  "##characteristics#compile#obj_sizes#uncompr.o#mean_imp": 0.9464285714285714, 
  "##characteristics#compile#obj_sizes#uncompr.o#min": 1344, 
  "##characteristics#compile#obj_sizes#uncompr.o#min_imp": 0.9464285714285714, 
  "##characteristics#compile#obj_sizes#uncompr.o#range": 0, 
  "##characteristics#compile#obj_sizes#uncompr.o#range_percent": 0, 
  "##characteristics#compile#obj_sizes#uncompr.o#repeats": 1, 
  "##characteristics#compile#obj_sizes#zutil.o#all": [
    2180
  ], 
  "##characteristics#compile#obj_sizes#zutil.o#all_unique": [
    2180
  ], 
  "##characteristics#compile#obj_sizes#zutil.o#center": 2180, 
  "##characteristics#compile#obj_sizes#zutil.o#center_imp": 0.7559633027522936, 
  "##characteristics#compile#obj_sizes#zutil.o#halfrange": 0, 
  "##characteristics#compile#obj_sizes#zutil.o#max": 2180, 
  "##characteristics#compile#obj_sizes#zutil.o#mean": 2180.0, 
  "##characteristics#compile#obj_sizes#zutil.o#mean_imp": 0.7559633027522936, 
  "##characteristics#compile#obj_sizes#zutil.o#min": 2180, 
  "##characteristics#compile#obj_sizes#zutil.o#min_imp": 0.7559633027522936, 
  "##characteristics#compile#obj_sizes#zutil.o#range": 0, 
  "##characteristics#compile#obj_sizes#zutil.o#range_percent": 0, 
  "##characteristics#compile#obj_sizes#zutil.o#repeats": 1, 
  "##characteristics#compile#program_git_hash#all": [
    "f3b3ffe43b24039767a39c7f85ab4b768684a65b"
  ], 
  "##characteristics#compile#program_git_hash#all_unique": [
    "f3b3ffe43b24039767a39c7f85ab4b768684a65b"
  ], 
  "##characteristics#compile#program_git_hash#min": "f3b3ffe43b24039767a39c7f85ab4b768684a65b", 
  "##characteristics#compile#program_git_hash#min_imp": 0, 
  "##characteristics#compile#program_git_hash#repeats": 1, 
  "##characteristics#run#execution_time#all": [
    0.01685833602584814, 
    0.017203875605815832, 
    0.017055961227786753, 
    0.01687589660743134
  ], 
  "##characteristics#run#execution_time#all_unique": [
    0.01685833602584814, 
    0.017203875605815832, 
    0.017055961227786753, 
    0.01687589660743134
  ], 
  "##characteristics#run#execution_time#center": 0.017031105815831987, 
  "##characteristics#run#execution_time#center_imp": 0.9538372461032885, 
  "##characteristics#run#execution_time#halfrange": 0.0001727697899838454, 
  "##characteristics#run#execution_time#max": 0.017203875605815832, 
  "##characteristics#run#execution_time#mean": 0.016998517366720516, 
  "##characteristics#run#execution_time#mean_imp": 0.9560537554246926, 
  "##characteristics#run#execution_time#min": 0.01685833602584814, 
  "##characteristics#run#execution_time#min_imp": 0.9592241150478519, 
  "##characteristics#run#execution_time#range": 0.0003455395799676908, 
  "##characteristics#run#execution_time#range_percent": 0.020496659897981048, 
  "##characteristics#run#execution_time#repeats": 4, 
  "##characteristics#run#execution_time_kernel_0#all": [
    10.43531, 
    10.649199, 
    10.55764, 
    10.44618
  ], 
  "##characteristics#run#execution_time_kernel_0#all_unique": [
    10.43531, 
    10.649199, 
    10.55764, 
    10.44618
  ], 
  "##characteristics#run#execution_time_kernel_0#center": 10.542254499999999, 
  "##characteristics#run#execution_time_kernel_0#center_imp": 0.9538372461032886, 
  "##characteristics#run#execution_time_kernel_0#halfrange": 0.1069445, 
  "##characteristics#run#execution_time_kernel_0#max": 10.649199, 
  "##characteristics#run#execution_time_kernel_0#mean": 10.522082249999999, 
  "##characteristics#run#execution_time_kernel_0#mean_imp": 0.9560537554246927, 
  "##characteristics#run#execution_time_kernel_0#min": 10.43531, 
  "##characteristics#run#execution_time_kernel_0#min_imp": 0.959224115047852, 
  "##characteristics#run#execution_time_kernel_0#range": 0.213889, 
  "##characteristics#run#execution_time_kernel_0#range_percent": 0.02049665989798099, 
  "##characteristics#run#execution_time_kernel_0#repeats": 4, 
  "##characteristics#run#execution_time_with_module#all": [
    11.157428979873657, 
    11.373643159866333, 
    11.27696418762207, 
    11.16904902458191
  ], 
  "##characteristics#run#execution_time_with_module#all_unique": [
    11.157428979873657, 
    11.373643159866333, 
    11.27696418762207, 
    11.16904902458191
  ], 
  "##characteristics#run#execution_time_with_module#center": 11.265536069869995, 
  "##characteristics#run#execution_time_with_module#center_imp": 1.1680994486412088, 
  "##characteristics#run#execution_time_with_module#halfrange": 0.10810708999633789, 
  "##characteristics#run#execution_time_with_module#max": 11.373643159866333, 
  "##characteristics#run#execution_time_with_module#mean": 11.244271337985992, 
  "##characteristics#run#execution_time_with_module#mean_imp": 1.065071546190982, 
  "##characteristics#run#execution_time_with_module#min": 11.157428979873657, 
  "##characteristics#run#execution_time_with_module#min_imp": 0.9617188675439657, 
  "##characteristics#run#execution_time_with_module#range": 0.21621417999267578, 
  "##characteristics#run#execution_time_with_module#range_percent": 0.01937849484703815, 
  "##characteristics#run#execution_time_with_module#repeats": 4, 
  "##characteristics#run#repeat#all": [
    619, 
    619, 
    619, 
    619
  ], 
  "##characteristics#run#repeat#all_unique": [
    619
  ], 
  "##characteristics#run#repeat#center": 619, 
  "##characteristics#run#repeat#center_imp": 1.0, 
  "##characteristics#run#repeat#halfrange": 0, 
  "##characteristics#run#repeat#max": 619, 
  "##characteristics#run#repeat#mean": 619.0, 
  "##characteristics#run#repeat#mean_imp": 1.0, 
  "##characteristics#run#repeat#min": 619, 
  "##characteristics#run#repeat#min_imp": 1.0, 
  "##characteristics#run#repeat#range": 0, 
  "##characteristics#run#repeat#range_percent": 0, 
  "##characteristics#run#repeat#repeats": 4, 
  "##characteristics#run#return_code#all": [
    0, 
    0, 
    0, 
    0
  ], 
  "##characteristics#run#return_code#all_unique": [
    0
  ], 
  "##characteristics#run#return_code#center": 0, 
  "##characteristics#run#return_code#halfrange": 0, 
  "##characteristics#run#return_code#max": 0, 
  "##characteristics#run#return_code#mean": 0.0, 
  "##characteristics#run#return_code#min": 0, 
  "##characteristics#run#return_code#min_imp": 1, 
  "##characteristics#run#return_code#range": 0, 
  "##characteristics#run#return_code#repeats": 4, 
  "##characteristics#run#run_success#all": [
    "yes", 
    "yes", 
    "yes", 
    "yes"
  ], 
  "##characteristics#run#run_success#all_unique": [
    "yes"
  ], 
  "##characteristics#run#run_success#min": "yes", 
  "##characteristics#run#run_success#min_imp": 1, 
  "##characteristics#run#run_success#repeats": 4, 
  "##characteristics#run#run_success_bool#all": [
    true, 
    true, 
    true, 
    true
  ], 
  "##characteristics#run#run_success_bool#all_unique": [
    true
  ], 
  "##characteristics#run#run_success_bool#min": true, 
  "##characteristics#run#run_success_bool#min_imp": 1, 
  "##characteristics#run#run_success_bool#repeats": 4, 
  "##characteristics#run#total_execution_time#all": [
    10.43531, 
    10.649199, 
    10.55764, 
    10.44618
  ], 
  "##characteristics#run#total_execution_time#all_unique": [
    10.43531, 
    10.649199, 
    10.55764, 
    10.44618
  ], 
  "##characteristics#run#total_execution_time#center": 10.542254499999999, 
  "##characteristics#run#total_execution_time#center_imp": 0.9538372461032886, 
  "##characteristics#run#total_execution_time#halfrange": 0.1069445, 
  "##characteristics#run#total_execution_time#max": 10.649199, 
  "##characteristics#run#total_execution_time#mean": 10.522082249999999, 
  "##characteristics#run#total_execution_time#mean_imp": 0.9560537554246927, 
  "##characteristics#run#total_execution_time#min": 10.43531, 
  "##characteristics#run#total_execution_time#min_imp": 0.959224115047852, 
  "##characteristics#run#total_execution_time#range": 0.213889, 
  "##characteristics#run#total_execution_time#range_percent": 0.02049665989798099, 
  "##characteristics#run#total_execution_time#repeats": 4
}
