{
  "characteristics_list": [
    {
      "compile": {
        "binary_size": 100128, 
        "compilation_success": "yes", 
        "compilation_success_bool": true, 
        "compilation_time": 97.62679505348206, 
        "compilation_time_with_module": 102.57123589515686, 
        "joined_compiler_flags": "-O3 -fno-associative-math -fno-cse-follow-jumps -fno-dse -ffinite-math-only -fno-gcse-lm -finline -fno-ipa-cp-clone -foptimize-sibling-calls -freorder-functions -fno-sched-group-heuristic -fsched-last-insn-heuristic -fsignaling-nans -fsingle-precision-constant", 
        "md5_sum": "1e86525470192396976cc2e1de220941", 
        "obj_size": 113296, 
        "obj_sizes": {
          "adler32.o": 2428, 
          "compress.o": 1568, 
          "crc32.o": 10796, 
          "ctuning-rtl.o": 3860, 
          "deflate.o": 19788, 
          "gzclose.o": 980, 
          "gzlib.o": 6360, 
          "gzread.o": 5816, 
          "gzwrite.o": 9960, 
          "infback.o": 9484, 
          "inffast.o": 4000, 
          "inflate.o": 16728, 
          "inftrees.o": 4364, 
          "trees.o": 14244, 
          "uncompr.o": 1272, 
          "zutil.o": 1648
        }, 
        "program_git_hash": "f3b3ffe43b24039767a39c7f85ab4b768684a65b"
      }, 
      "run": {
        "execution_time": 0.016413520193861067, 
        "execution_time_kernel_0": 10.159969, 
        "execution_time_with_module": 10.881047010421753, 
        "repeat": 619, 
        "return_code": 0, 
        "run_success": "yes", 
        "run_success_bool": true, 
        "total_execution_time": 10.159969
      }
    }, 
    {
      "run": {
        "execution_time": 0.01646224717285945, 
        "execution_time_kernel_0": 10.190131, 
        "execution_time_with_module": 10.907396078109741, 
        "repeat": 619, 
        "return_code": 0, 
        "run_success": "yes", 
        "run_success_bool": true, 
        "total_execution_time": 10.190131
      }
    }, 
    {
      "run": {
        "execution_time": 0.016311276252019384, 
        "execution_time_kernel_0": 10.09668, 
        "execution_time_with_module": 11.395745038986206, 
        "repeat": 619, 
        "return_code": 0, 
        "run_success": "yes", 
        "run_success_bool": true, 
        "total_execution_time": 10.09668
      }
    }, 
    {
      "run": {
        "execution_time": 0.01632267689822294, 
        "execution_time_kernel_0": 10.103737, 
        "execution_time_with_module": 10.822474002838135, 
        "repeat": 619, 
        "return_code": 0, 
        "run_success": "yes", 
        "run_success_bool": true, 
        "total_execution_time": 10.103737
      }
    }
  ], 
  "choices": {
    "calibration_time": 10.0, 
    "cmd_key": "decode", 
    "compile_type": "dynamic", 
    "compiler_description_uoa": "gcc-4.9.0-auto", 
    "compiler_flags": {
      "base_opt": "-O3", 
      "bool-associative-math": "-fno-associative-math", 
      "bool-cse-follow-jumps": "-fno-cse-follow-jumps", 
      "bool-dse": "-fno-dse", 
      "bool-finite-math-only": "-ffinite-math-only", 
      "bool-gcse-lm": "-fno-gcse-lm", 
      "bool-inline": "-finline", 
      "bool-ipa-cp-clone": "-fno-ipa-cp-clone", 
      "bool-optimize-sibling-calls": "-foptimize-sibling-calls", 
      "bool-reorder-functions": "-freorder-functions", 
      "bool-sched-group-heuristic": "-fno-sched-group-heuristic", 
      "bool-sched-last-insn-heuristic": "-fsched-last-insn-heuristic", 
      "bool-signaling-nans": "-fsignaling-nans", 
      "bool-single-precision-constant": "-fsingle-precision-constant"
    }, 
    "data_uoa": "zlib-inflate", 
    "dataset_file": "audio-wav-0001-deflated", 
    "dataset_uoa": "audio-wav-0001-deflated", 
    "device_cfg": {}, 
    "device_id": "", 
    "host_os": "linux-32", 
    "module_uoa": "b0ac08fe1d3c2615", 
    "no_state_check": "yes", 
    "program_tags": "", 
    "repeat": 619, 
    "target": "", 
    "target_os": "linux-32", 
    "target_os_bits": "32"
  }, 
  "choices_order": [
    "##compiler_flags#base_opt", 
    "##compiler_flags#bool-associative-math", 
    "##compiler_flags#bool-cse-follow-jumps", 
    "##compiler_flags#bool-dse", 
    "##compiler_flags#bool-finite-math-only", 
    "##compiler_flags#bool-gcse-lm", 
    "##compiler_flags#bool-inline", 
    "##compiler_flags#bool-ipa-cp-clone", 
    "##compiler_flags#bool-optimize-sibling-calls", 
    "##compiler_flags#bool-reorder-functions", 
    "##compiler_flags#bool-sched-group-heuristic", 
    "##compiler_flags#bool-sched-last-insn-heuristic", 
    "##compiler_flags#bool-signaling-nans", 
    "##compiler_flags#bool-single-precision-constant"
  ], 
  "features": {
    "compiler_version": {
      "list": [
        4, 
        9, 
        2
      ], 
      "raw": [
        "gcc-4.9 (Raspbian 4.9.2-10) 4.9.2", 
        "Copyright (C) 2014 Free Software Foundation, Inc.", 
        "This is free software; see the source for copying conditions.  There is NO", 
        "warranty; not even for MERCHANTABILITY or FITNESS FOR A PARTICULAR PURPOSE.", 
        "", 
        ""
      ], 
      "str": "4.9.2"
    }, 
    "dataset": {
      "total_size": 116960
    }, 
    "number_of_selected_compiler_flags": 14, 
    "platform": {
      "cpu": {
        "all_freqs": {
          "0": [
            700000, 
            700000
          ]
        }, 
        "cpu_abi": "", 
        "cpu_features": "half thumb fastmult vfp edsp java tls", 
        "current_freq": {
          "0": 700.0
        }, 
        "max_freq": {
          "0": 700.0
        }, 
        "name": "BCM2708", 
        "num_proc": "1", 
        "sub_name": "ARMv6-compatible processor rev 7 (v6l)", 
        "workload_automation": {
          "device_config": {
            "core_clusters": [
              0
            ], 
            "core_names": [
              "BCM2708"
            ]
          }
        }
      }, 
      "cpu_misc": {
        "0": {
          "BogoMIPS": "697.95", 
          "CPU architecture": "7", 
          "CPU implementer": "0x41", 
          "CPU part": "0xb76", 
          "CPU revision": "7", 
          "CPU variant": "0x0", 
          "Features": "half thumb fastmult vfp edsp java tls", 
          "Hardware": "BCM2708", 
          "Revision": "0013", 
          "Serial": "00000000999033c3", 
          "all_freqs": [
            "0", 
            "0"
          ], 
          "ck_cpu_name": "BCM2708", 
          "ck_cpu_subname": "ARMv6-compatible processor rev 7 (v6l)", 
          "cpu_features": "half thumb fastmult vfp edsp java tls", 
          "cur_freq": 700.0, 
          "max_freq": 700.0, 
          "model name": "ARMv6-compatible processor rev 7 (v6l)", 
          "processor": "0"
        }
      }, 
      "cpu_new_format": "", 
      "cpu_unique": [
        {
          "BogoMIPS": "697.95", 
          "CPU architecture": "7", 
          "CPU implementer": "0x41", 
          "CPU part": "0xb76", 
          "CPU revision": "7", 
          "CPU variant": "0x0", 
          "Features": "half thumb fastmult vfp edsp java tls", 
          "Hardware": "BCM2708", 
          "Revision": "0013", 
          "Serial": "00000000999033c3", 
          "all_freqs": [
            "0", 
            "0"
          ], 
          "ck_cpu_name": "BCM2708", 
          "ck_cpu_subname": "ARMv6-compatible processor rev 7 (v6l)", 
          "cpu_features": "half thumb fastmult vfp edsp java tls", 
          "cur_freq": 700.0, 
          "max_freq": 700.0, 
          "model name": "ARMv6-compatible processor rev 7 (v6l)", 
          "processor": "0"
        }
      ], 
      "gpu": {
        "name": "", 
        "vendor": ""
      }, 
      "gpu_misc": {}, 
      "os": {
        "abi": "armv6l", 
        "bits": "32", 
        "ck_os_base_uoa": "", 
        "ck_os_uoa": "linux-32", 
        "name": "Linux 4.4.21+", 
        "name_long": "Linux-4.4.21+-armv6l-with-debian-8.0", 
        "name_short": "Linux 4.4.21+", 
        "serial_number": ""
      }, 
      "os_misc": {}, 
      "platform": {
        "model": "", 
        "name": "", 
        "vendor": ""
      }, 
      "platform_misc": {}
    }, 
    "solution_uid": "61764d46879edf84", 
    "statistical_repetitions": 4
  }
}
