{
  "characteristics_list": [
    {
      "compile": {
        "binary_size": 89352, 
        "compilation_success": "yes", 
        "compilation_success_bool": true, 
        "compilation_time": 87.0210828781128, 
        "compilation_time_with_module": 91.95617890357971, 
        "joined_compiler_flags": "-O3 -fira-algorithm=CB -fno-devirtualize-speculatively -fno-dse -fgcse-lm -fno-if-conversion2 -fno-inline-functions -fira-loop-pressure -fno-ira-share-save-slots -fno-loop-block -floop-nest-optimize -fno-modulo-sched-allow-regmoves -freorder-blocks -fno-reorder-functions -fno-sched-interblock -fno-sel-sched-pipelining-outer-loops -fno-selective-scheduling2 -fstrict-aliasing -ftree-fre -fno-tree-loop-if-convert -fno-tree-pta -fvariable-expansion-in-unroller", 
        "md5_sum": "63e94adc6274799b47501c0ef54f16f3", 
        "obj_size": 101216, 
        "obj_sizes": {
          "adler32.o": 2296, 
          "compress.o": 1372, 
          "crc32.o": 10724, 
          "ctuning-rtl.o": 3712, 
          "deflate.o": 15860, 
          "gzclose.o": 980, 
          "gzlib.o": 5336, 
          "gzread.o": 5472, 
          "gzwrite.o": 5256, 
          "infback.o": 9396, 
          "inffast.o": 3916, 
          "inflate.o": 15836, 
          "inftrees.o": 4448, 
          "trees.o": 13684, 
          "uncompr.o": 1280, 
          "zutil.o": 1648
        }, 
        "program_git_hash": "f3b3ffe43b24039767a39c7f85ab4b768684a65b"
      }, 
      "run": {
        "execution_time": 0.015385507269789983, 
        "execution_time_kernel_0": 9.523629, 
        "execution_time_with_module": 10.240734100341797, 
        "repeat": 619, 
        "return_code": 0, 
        "run_success": "yes", 
        "run_success_bool": true, 
        "total_execution_time": 9.523629
      }
    }, 
    {
      "run": {
        "execution_time": 0.015636486268174477, 
        "execution_time_kernel_0": 9.678985, 
        "execution_time_with_module": 10.40366792678833, 
        "repeat": 619, 
        "return_code": 0, 
        "run_success": "yes", 
        "run_success_bool": true, 
        "total_execution_time": 9.678985
      }
    }, 
    {
      "run": {
        "execution_time": 0.015420851373182554, 
        "execution_time_kernel_0": 9.545507, 
        "execution_time_with_module": 10.261355876922607, 
        "repeat": 619, 
        "return_code": 0, 
        "run_success": "yes", 
        "run_success_bool": true, 
        "total_execution_time": 9.545507
      }
    }, 
    {
      "run": {
        "execution_time": 0.01545363166397415, 
        "execution_time_kernel_0": 9.565798, 
        "execution_time_with_module": 10.292129039764404, 
        "repeat": 619, 
        "return_code": 0, 
        "run_success": "yes", 
        "run_success_bool": true, 
        "total_execution_time": 9.565798
      }
    }
  ], 
  "choices": {
    "calibration_time": 10.0, 
    "cmd_key": "decode", 
    "compile_type": "dynamic", 
    "compiler_description_uoa": "gcc-4.9.0-auto", 
    "compiler_flags": {
      "base_opt": "-O3", 
      "bool--fira-algorithm=": "-fira-algorithm=CB", 
      "bool-devirtualize-speculatively": "-fno-devirtualize-speculatively", 
      "bool-dse": "-fno-dse", 
      "bool-gcse-lm": "-fgcse-lm", 
      "bool-if-conversion2": "-fno-if-conversion2", 
      "bool-inline-functions": "-fno-inline-functions", 
      "bool-ira-loop-pressure": "-fira-loop-pressure", 
      "bool-ira-share-save-slots": "-fno-ira-share-save-slots", 
      "bool-loop-block": "-fno-loop-block", 
      "bool-loop-nest-optimize": "-floop-nest-optimize", 
      "bool-modulo-sched-allow-regmoves": "-fno-modulo-sched-allow-regmoves", 
      "bool-reorder-blocks": "-freorder-blocks", 
      "bool-reorder-functions": "-fno-reorder-functions", 
      "bool-sched-interblock": "-fno-sched-interblock", 
      "bool-sel-sched-pipelining-outer-loops": "-fno-sel-sched-pipelining-outer-loops", 
      "bool-selective-scheduling2": "-fno-selective-scheduling2", 
      "bool-strict-aliasing": "-fstrict-aliasing", 
      "bool-tree-fre": "-ftree-fre", 
      "bool-tree-loop-if-convert": "-fno-tree-loop-if-convert", 
      "bool-tree-pta": "-fno-tree-pta", 
      "bool-variable-expansion-in-unroller": "-fvariable-expansion-in-unroller"
    }, 
    "data_uoa": "zlib-inflate", 
    "dataset_file": "audio-wav-0001-deflated", 
    "dataset_uoa": "audio-wav-0001-deflated", 
    "device_cfg": {}, 
    "device_id": "", 
    "host_os": "linux-32", 
    "module_uoa": "b0ac08fe1d3c2615", 
    "no_state_check": "yes", 
    "program_tags": "", 
    "repeat": 619, 
    "target": "", 
    "target_os": "linux-32", 
    "target_os_bits": "32"
  }, 
  "choices_order": [
    "##compiler_flags#base_opt", 
    "##compiler_flags#bool--fira-algorithm=", 
    "##compiler_flags#bool-devirtualize-speculatively", 
    "##compiler_flags#bool-dse", 
    "##compiler_flags#bool-gcse-lm", 
    "##compiler_flags#bool-if-conversion2", 
    "##compiler_flags#bool-inline-functions", 
    "##compiler_flags#bool-ira-loop-pressure", 
    "##compiler_flags#bool-ira-share-save-slots", 
    "##compiler_flags#bool-loop-block", 
    "##compiler_flags#bool-loop-nest-optimize", 
    "##compiler_flags#bool-modulo-sched-allow-regmoves", 
    "##compiler_flags#bool-reorder-blocks", 
    "##compiler_flags#bool-reorder-functions", 
    "##compiler_flags#bool-sched-interblock", 
    "##compiler_flags#bool-sel-sched-pipelining-outer-loops", 
    "##compiler_flags#bool-selective-scheduling2", 
    "##compiler_flags#bool-strict-aliasing", 
    "##compiler_flags#bool-tree-fre", 
    "##compiler_flags#bool-tree-loop-if-convert", 
    "##compiler_flags#bool-tree-pta", 
    "##compiler_flags#bool-variable-expansion-in-unroller"
  ], 
  "features": {
    "compiler_version": {
      "list": [
        4, 
        9, 
        2
      ], 
      "raw": [
        "gcc-4.9 (Raspbian 4.9.2-10) 4.9.2", 
        "Copyright (C) 2014 Free Software Foundation, Inc.", 
        "This is free software; see the source for copying conditions.  There is NO", 
        "warranty; not even for MERCHANTABILITY or FITNESS FOR A PARTICULAR PURPOSE.", 
        "", 
        ""
      ], 
      "str": "4.9.2"
    }, 
    "dataset": {
      "total_size": 116960
    }, 
    "number_of_selected_compiler_flags": 22, 
    "platform": {
      "cpu": {
        "all_freqs": {
          "0": [
            700000, 
            700000
          ]
        }, 
        "cpu_abi": "", 
        "cpu_features": "half thumb fastmult vfp edsp java tls", 
        "current_freq": {
          "0": 700.0
        }, 
        "max_freq": {
          "0": 700.0
        }, 
        "name": "BCM2708", 
        "num_proc": "1", 
        "sub_name": "ARMv6-compatible processor rev 7 (v6l)", 
        "workload_automation": {
          "device_config": {
            "core_clusters": [
              0
            ], 
            "core_names": [
              "BCM2708"
            ]
          }
        }
      }, 
      "cpu_misc": {
        "0": {
          "BogoMIPS": "697.95", 
          "CPU architecture": "7", 
          "CPU implementer": "0x41", 
          "CPU part": "0xb76", 
          "CPU revision": "7", 
          "CPU variant": "0x0", 
          "Features": "half thumb fastmult vfp edsp java tls", 
          "Hardware": "BCM2708", 
          "Revision": "0013", 
          "Serial": "00000000999033c3", 
          "all_freqs": [
            "0", 
            "0"
          ], 
          "ck_cpu_name": "BCM2708", 
          "ck_cpu_subname": "ARMv6-compatible processor rev 7 (v6l)", 
          "cpu_features": "half thumb fastmult vfp edsp java tls", 
          "cur_freq": 700.0, 
          "max_freq": 700.0, 
          "model name": "ARMv6-compatible processor rev 7 (v6l)", 
          "processor": "0"
        }
      }, 
      "cpu_new_format": "", 
      "cpu_unique": [
        {
          "BogoMIPS": "697.95", 
          "CPU architecture": "7", 
          "CPU implementer": "0x41", 
          "CPU part": "0xb76", 
          "CPU revision": "7", 
          "CPU variant": "0x0", 
          "Features": "half thumb fastmult vfp edsp java tls", 
          "Hardware": "BCM2708", 
          "Revision": "0013", 
          "Serial": "00000000999033c3", 
          "all_freqs": [
            "0", 
            "0"
          ], 
          "ck_cpu_name": "BCM2708", 
          "ck_cpu_subname": "ARMv6-compatible processor rev 7 (v6l)", 
          "cpu_features": "half thumb fastmult vfp edsp java tls", 
          "cur_freq": 700.0, 
          "max_freq": 700.0, 
          "model name": "ARMv6-compatible processor rev 7 (v6l)", 
          "processor": "0"
        }
      ], 
      "gpu": {
        "name": "", 
        "vendor": ""
      }, 
      "gpu_misc": {}, 
      "os": {
        "abi": "armv6l", 
        "bits": "32", 
        "ck_os_base_uoa": "", 
        "ck_os_uoa": "linux-32", 
        "name": "Linux 4.4.21+", 
        "name_long": "Linux-4.4.21+-armv6l-with-debian-8.0", 
        "name_short": "Linux 4.4.21+", 
        "serial_number": ""
      }, 
      "os_misc": {}, 
      "platform": {
        "model": "", 
        "name": "", 
        "vendor": ""
      }, 
      "platform_misc": {}
    }, 
    "solution_uid": "61764d46879edf84", 
    "statistical_repetitions": 4
  }
}
