{
  "characteristics_list": [
    {
      "compile": {
        "binary_size": 99184, 
        "compilation_success": "yes", 
        "compilation_success_bool": true, 
        "compilation_time": 96.22520112991333, 
        "compilation_time_with_module": 101.8238480091095, 
        "joined_compiler_flags": "-O3 -fira-algorithm=priority -fno-fast-math -fno-gcse -fgcse-las -fno-if-conversion2 -finline-functions -fipa-sra -fkeep-static-consts -fno-partial-inlining -fno-rename-registers -fno-reorder-functions -fno-sched-critical-path-heuristic -fno-sched-spec -fno-sel-sched-pipelining -fno-tree-dse -fno-tree-forwprop -ftree-phiprop -ftree-vectorize -fno-vect-cost-model", 
        "md5_sum": "12517ac999c2e2489d67595245fa716a", 
        "obj_size": 111728, 
        "obj_sizes": {
          "adler32.o": 2560, 
          "compress.o": 1560, 
          "crc32.o": 10888, 
          "ctuning-rtl.o": 3732, 
          "deflate.o": 20492, 
          "gzclose.o": 980, 
          "gzlib.o": 6304, 
          "gzread.o": 6016, 
          "gzwrite.o": 6964, 
          "infback.o": 9624, 
          "inffast.o": 4060, 
          "inflate.o": 16696, 
          "inftrees.o": 4376, 
          "trees.o": 14552, 
          "uncompr.o": 1276, 
          "zutil.o": 1648
        }, 
        "program_git_hash": "f3b3ffe43b24039767a39c7f85ab4b768684a65b"
      }, 
      "run": {
        "execution_time": 0.01635035056542811, 
        "execution_time_kernel_0": 10.120867, 
        "execution_time_with_module": 10.854491233825684, 
        "repeat": 619, 
        "return_code": 0, 
        "run_success": "yes", 
        "run_success_bool": true, 
        "total_execution_time": 10.120867
      }
    }, 
    {
      "run": {
        "execution_time": 0.016305242326332795, 
        "execution_time_kernel_0": 10.092945, 
        "execution_time_with_module": 10.823637008666992, 
        "repeat": 619, 
        "return_code": 0, 
        "run_success": "yes", 
        "run_success_bool": true, 
        "total_execution_time": 10.092945
      }
    }, 
    {
      "run": {
        "execution_time": 0.016392184168012924, 
        "execution_time_kernel_0": 10.146762, 
        "execution_time_with_module": 10.871007919311523, 
        "repeat": 619, 
        "return_code": 0, 
        "run_success": "yes", 
        "run_success_bool": true, 
        "total_execution_time": 10.146762
      }
    }, 
    {
      "run": {
        "execution_time": 0.016281468497576737, 
        "execution_time_kernel_0": 10.078229, 
        "execution_time_with_module": 10.803066968917847, 
        "repeat": 619, 
        "return_code": 0, 
        "run_success": "yes", 
        "run_success_bool": true, 
        "total_execution_time": 10.078229
      }
    }
  ], 
  "choices": {
    "calibration_time": 10.0, 
    "cmd_key": "decode", 
    "compile_type": "dynamic", 
    "compiler_description_uoa": "gcc-4.9.0-auto", 
    "compiler_flags": {
      "base_opt": "-O3", 
      "bool--fira-algorithm=": "-fira-algorithm=priority", 
      "bool-fast-math": "-fno-fast-math", 
      "bool-gcse": "-fno-gcse", 
      "bool-gcse-las": "-fgcse-las", 
      "bool-if-conversion2": "-fno-if-conversion2", 
      "bool-inline-functions": "-finline-functions", 
      "bool-ipa-sra": "-fipa-sra", 
      "bool-keep-static-consts": "-fkeep-static-consts", 
      "bool-partial-inlining": "-fno-partial-inlining", 
      "bool-rename-registers": "-fno-rename-registers", 
      "bool-reorder-functions": "-fno-reorder-functions", 
      "bool-sched-critical-path-heuristic": "-fno-sched-critical-path-heuristic", 
      "bool-sched-spec": "-fno-sched-spec", 
      "bool-sel-sched-pipelining": "-fno-sel-sched-pipelining", 
      "bool-tree-dse": "-fno-tree-dse", 
      "bool-tree-forwprop": "-fno-tree-forwprop", 
      "bool-tree-phiprop": "-ftree-phiprop", 
      "bool-tree-vectorize": "-ftree-vectorize", 
      "bool-vect-cost-model": "-fno-vect-cost-model"
    }, 
    "data_uoa": "zlib-inflate", 
    "dataset_file": "audio-wav-0001-deflated", 
    "dataset_uoa": "audio-wav-0001-deflated", 
    "device_cfg": {}, 
    "device_id": "", 
    "host_os": "linux-32", 
    "module_uoa": "b0ac08fe1d3c2615", 
    "no_state_check": "yes", 
    "program_tags": "", 
    "repeat": 619, 
    "target": "", 
    "target_os": "linux-32", 
    "target_os_bits": "32"
  }, 
  "choices_order": [
    "##compiler_flags#base_opt", 
    "##compiler_flags#bool--fira-algorithm=", 
    "##compiler_flags#bool-fast-math", 
    "##compiler_flags#bool-gcse", 
    "##compiler_flags#bool-gcse-las", 
    "##compiler_flags#bool-if-conversion2", 
    "##compiler_flags#bool-inline-functions", 
    "##compiler_flags#bool-ipa-sra", 
    "##compiler_flags#bool-keep-static-consts", 
    "##compiler_flags#bool-partial-inlining", 
    "##compiler_flags#bool-rename-registers", 
    "##compiler_flags#bool-reorder-functions", 
    "##compiler_flags#bool-sched-critical-path-heuristic", 
    "##compiler_flags#bool-sched-spec", 
    "##compiler_flags#bool-sel-sched-pipelining", 
    "##compiler_flags#bool-tree-dse", 
    "##compiler_flags#bool-tree-forwprop", 
    "##compiler_flags#bool-tree-phiprop", 
    "##compiler_flags#bool-tree-vectorize", 
    "##compiler_flags#bool-vect-cost-model"
  ], 
  "features": {
    "compiler_version": {
      "list": [
        4, 
        9, 
        2
      ], 
      "raw": [
        "gcc-4.9 (Raspbian 4.9.2-10) 4.9.2", 
        "Copyright (C) 2014 Free Software Foundation, Inc.", 
        "This is free software; see the source for copying conditions.  There is NO", 
        "warranty; not even for MERCHANTABILITY or FITNESS FOR A PARTICULAR PURPOSE.", 
        "", 
        ""
      ], 
      "str": "4.9.2"
    }, 
    "dataset": {
      "total_size": 116960
    }, 
    "number_of_selected_compiler_flags": 20, 
    "platform": {
      "cpu": {
        "all_freqs": {
          "0": [
            700000, 
            700000
          ]
        }, 
        "cpu_abi": "", 
        "cpu_features": "half thumb fastmult vfp edsp java tls", 
        "current_freq": {
          "0": 700.0
        }, 
        "max_freq": {
          "0": 700.0
        }, 
        "name": "BCM2708", 
        "num_proc": "1", 
        "sub_name": "ARMv6-compatible processor rev 7 (v6l)", 
        "workload_automation": {
          "device_config": {
            "core_clusters": [
              0
            ], 
            "core_names": [
              "BCM2708"
            ]
          }
        }
      }, 
      "cpu_misc": {
        "0": {
          "BogoMIPS": "697.95", 
          "CPU architecture": "7", 
          "CPU implementer": "0x41", 
          "CPU part": "0xb76", 
          "CPU revision": "7", 
          "CPU variant": "0x0", 
          "Features": "half thumb fastmult vfp edsp java tls", 
          "Hardware": "BCM2708", 
          "Revision": "0013", 
          "Serial": "00000000999033c3", 
          "all_freqs": [
            "0", 
            "0"
          ], 
          "ck_cpu_name": "BCM2708", 
          "ck_cpu_subname": "ARMv6-compatible processor rev 7 (v6l)", 
          "cpu_features": "half thumb fastmult vfp edsp java tls", 
          "cur_freq": 700.0, 
          "max_freq": 700.0, 
          "model name": "ARMv6-compatible processor rev 7 (v6l)", 
          "processor": "0"
        }
      }, 
      "cpu_new_format": "", 
      "cpu_unique": [
        {
          "BogoMIPS": "697.95", 
          "CPU architecture": "7", 
          "CPU implementer": "0x41", 
          "CPU part": "0xb76", 
          "CPU revision": "7", 
          "CPU variant": "0x0", 
          "Features": "half thumb fastmult vfp edsp java tls", 
          "Hardware": "BCM2708", 
          "Revision": "0013", 
          "Serial": "00000000999033c3", 
          "all_freqs": [
            "0", 
            "0"
          ], 
          "ck_cpu_name": "BCM2708", 
          "ck_cpu_subname": "ARMv6-compatible processor rev 7 (v6l)", 
          "cpu_features": "half thumb fastmult vfp edsp java tls", 
          "cur_freq": 700.0, 
          "max_freq": 700.0, 
          "model name": "ARMv6-compatible processor rev 7 (v6l)", 
          "processor": "0"
        }
      ], 
      "gpu": {
        "name": "", 
        "vendor": ""
      }, 
      "gpu_misc": {}, 
      "os": {
        "abi": "armv6l", 
        "bits": "32", 
        "ck_os_base_uoa": "", 
        "ck_os_uoa": "linux-32", 
        "name": "Linux 4.4.21+", 
        "name_long": "Linux-4.4.21+-armv6l-with-debian-8.0", 
        "name_short": "Linux 4.4.21+", 
        "serial_number": ""
      }, 
      "os_misc": {}, 
      "platform": {
        "model": "", 
        "name": "", 
        "vendor": ""
      }, 
      "platform_misc": {}
    }, 
    "solution_uid": "61764d46879edf84", 
    "statistical_repetitions": 4
  }
}
