{
  "##characteristics#compile#binary_size#all": [
    114248
  ], 
  "##characteristics#compile#binary_size#all_unique": [
    114248
  ], 
  "##characteristics#compile#binary_size#center": 114248, 
  "##characteristics#compile#binary_size#center_imp": 0.8820110636510048, 
  "##characteristics#compile#binary_size#halfrange": 0, 
  "##characteristics#compile#binary_size#max": 114248, 
  "##characteristics#compile#binary_size#mean": 114248.0, 
  "##characteristics#compile#binary_size#mean_imp": 0.8820110636510048, 
  "##characteristics#compile#binary_size#min": 114248, 
  "##characteristics#compile#binary_size#min_imp": 0.8820110636510048, 
  "##characteristics#compile#binary_size#range": 0, 
  "##characteristics#compile#binary_size#range_percent": 0, 
  "##characteristics#compile#binary_size#repeats": 1, 
  "##characteristics#compile#compilation_success#all": [
    "yes"
  ], 
  "##characteristics#compile#compilation_success#all_unique": [
    "yes"
  ], 
  "##characteristics#compile#compilation_success#min": "yes", 
  "##characteristics#compile#compilation_success#min_imp": 0, 
  "##characteristics#compile#compilation_success#repeats": 1, 
  "##characteristics#compile#compilation_success_bool#all": [
    true
  ], 
  "##characteristics#compile#compilation_success_bool#all_unique": [
    true
  ], 
  "##characteristics#compile#compilation_success_bool#min": true, 
  "##characteristics#compile#compilation_success_bool#min_imp": 0, 
  "##characteristics#compile#compilation_success_bool#repeats": 1, 
  "##characteristics#compile#compilation_time#all": [
    107.26344299316406
  ], 
  "##characteristics#compile#compilation_time#all_unique": [
    107.26344299316406
  ], 
  "##characteristics#compile#compilation_time#center": 107.26344299316406, 
  "##characteristics#compile#compilation_time#center_imp": 1.0030747852265636, 
  "##characteristics#compile#compilation_time#halfrange": 0.0, 
  "##characteristics#compile#compilation_time#max": 107.26344299316406, 
  "##characteristics#compile#compilation_time#mean": 107.26344299316406, 
  "##characteristics#compile#compilation_time#mean_imp": 1.0030747852265636, 
  "##characteristics#compile#compilation_time#min": 107.26344299316406, 
  "##characteristics#compile#compilation_time#min_imp": 1.0030747852265636, 
  "##characteristics#compile#compilation_time#range": 0.0, 
  "##characteristics#compile#compilation_time#range_percent": 0.0, 
  "##characteristics#compile#compilation_time#repeats": 1, 
  "##characteristics#compile#compilation_time_with_module#all": [
    112.20020198822021
  ], 
  "##characteristics#compile#compilation_time_with_module#all_unique": [
    112.20020198822021
  ], 
  "##characteristics#compile#compilation_time_with_module#center": 112.20020198822021, 
  "##characteristics#compile#compilation_time_with_module#center_imp": 1.0018704775083755, 
  "##characteristics#compile#compilation_time_with_module#halfrange": 0.0, 
  "##characteristics#compile#compilation_time_with_module#max": 112.20020198822021, 
  "##characteristics#compile#compilation_time_with_module#mean": 112.20020198822021, 
  "##characteristics#compile#compilation_time_with_module#mean_imp": 1.0018704775083755, 
  "##characteristics#compile#compilation_time_with_module#min": 112.20020198822021, 
  "##characteristics#compile#compilation_time_with_module#min_imp": 1.0018704775083755, 
  "##characteristics#compile#compilation_time_with_module#range": 0.0, 
  "##characteristics#compile#compilation_time_with_module#range_percent": 0.0, 
  "##characteristics#compile#compilation_time_with_module#repeats": 1, 
  "##characteristics#compile#joined_compiler_flags#all": [
    "-O3 -fauto-inc-dec -fno-cse-follow-jumps -fdce -fdse -ffat-lto-objects -ffloat-store -fgcse -fgcse-after-reload -fno-if-conversion2 -fno-indirect-inlining -fno-ipa-reference -fira-share-save-slots -fno-loop-nest-optimize -floop-parallelize-all -fno-modulo-sched -fmodulo-sched-allow-regmoves -fno-guess-branch-probability -fno-inline -ftrapping-math -fno-optimize-sibling-calls -fprefetch-loop-arrays -fsched-critical-path-heuristic -ftree-loop-if-convert-stores -ftree-loop-optimize -funroll-all-loops"
  ], 
  "##characteristics#compile#joined_compiler_flags#all_unique": [
    "-O3 -fauto-inc-dec -fno-cse-follow-jumps -fdce -fdse -ffat-lto-objects -ffloat-store -fgcse -fgcse-after-reload -fno-if-conversion2 -fno-indirect-inlining -fno-ipa-reference -fira-share-save-slots -fno-loop-nest-optimize -floop-parallelize-all -fno-modulo-sched -fmodulo-sched-allow-regmoves -fno-guess-branch-probability -fno-inline -ftrapping-math -fno-optimize-sibling-calls -fprefetch-loop-arrays -fsched-critical-path-heuristic -ftree-loop-if-convert-stores -ftree-loop-optimize -funroll-all-loops"
  ], 
  "##characteristics#compile#joined_compiler_flags#min": "-O3 -fauto-inc-dec -fno-cse-follow-jumps -fdce -fdse -ffat-lto-objects -ffloat-store -fgcse -fgcse-after-reload -fno-if-conversion2 -fno-indirect-inlining -fno-ipa-reference -fira-share-save-slots -fno-loop-nest-optimize -floop-parallelize-all -fno-modulo-sched -fmodulo-sched-allow-regmoves -fno-guess-branch-probability -fno-inline -ftrapping-math -fno-optimize-sibling-calls -fprefetch-loop-arrays -fsched-critical-path-heuristic -ftree-loop-if-convert-stores -ftree-loop-optimize -funroll-all-loops", 
  "##characteristics#compile#joined_compiler_flags#min_imp": 0, 
  "##characteristics#compile#joined_compiler_flags#repeats": 1, 
  "##characteristics#compile#md5_sum#all": [
    "177970faafb19ab4c10002b6066d12e8"
  ], 
  "##characteristics#compile#md5_sum#all_unique": [
    "177970faafb19ab4c10002b6066d12e8"
  ], 
  "##characteristics#compile#md5_sum#min": "177970faafb19ab4c10002b6066d12e8", 
  "##characteristics#compile#md5_sum#min_imp": 0, 
  "##characteristics#compile#md5_sum#repeats": 1, 
  "##characteristics#compile#obj_size#all": [
    126216
  ], 
  "##characteristics#compile#obj_size#all_unique": [
    126216
  ], 
  "##characteristics#compile#obj_size#center": 126216, 
  "##characteristics#compile#obj_size#center_imp": 0.903593839132915, 
  "##characteristics#compile#obj_size#halfrange": 0, 
  "##characteristics#compile#obj_size#max": 126216, 
  "##characteristics#compile#obj_size#mean": 126216.0, 
  "##characteristics#compile#obj_size#mean_imp": 0.903593839132915, 
  "##characteristics#compile#obj_size#min": 126216, 
  "##characteristics#compile#obj_size#min_imp": 0.903593839132915, 
  "##characteristics#compile#obj_size#range": 0, 
  "##characteristics#compile#obj_size#range_percent": 0, 
  "##characteristics#compile#obj_size#repeats": 1, 
  "##characteristics#compile#obj_sizes#adler32.o#all": [
    2536
  ], 
  "##characteristics#compile#obj_sizes#adler32.o#all_unique": [
    2536
  ], 
  "##characteristics#compile#obj_sizes#adler32.o#center": 2536, 
  "##characteristics#compile#obj_sizes#adler32.o#center_imp": 0.9558359621451105, 
  "##characteristics#compile#obj_sizes#adler32.o#halfrange": 0, 
  "##characteristics#compile#obj_sizes#adler32.o#max": 2536, 
  "##characteristics#compile#obj_sizes#adler32.o#mean": 2536.0, 
  "##characteristics#compile#obj_sizes#adler32.o#mean_imp": 0.9558359621451105, 
  "##characteristics#compile#obj_sizes#adler32.o#min": 2536, 
  "##characteristics#compile#obj_sizes#adler32.o#min_imp": 0.9558359621451105, 
  "##characteristics#compile#obj_sizes#adler32.o#range": 0, 
  "##characteristics#compile#obj_sizes#adler32.o#range_percent": 0, 
  "##characteristics#compile#obj_sizes#adler32.o#repeats": 1, 
  "##characteristics#compile#obj_sizes#compress.o#all": [
    1364
  ], 
  "##characteristics#compile#obj_sizes#compress.o#all_unique": [
    1364
  ], 
  "##characteristics#compile#obj_sizes#compress.o#center": 1364, 
  "##characteristics#compile#obj_sizes#compress.o#center_imp": 1.1495601173020529, 
  "##characteristics#compile#obj_sizes#compress.o#halfrange": 0, 
  "##characteristics#compile#obj_sizes#compress.o#max": 1364, 
  "##characteristics#compile#obj_sizes#compress.o#mean": 1364.0, 
  "##characteristics#compile#obj_sizes#compress.o#mean_imp": 1.1495601173020529, 
  "##characteristics#compile#obj_sizes#compress.o#min": 1364, 
  "##characteristics#compile#obj_sizes#compress.o#min_imp": 1.1495601173020529, 
  "##characteristics#compile#obj_sizes#compress.o#range": 0, 
  "##characteristics#compile#obj_sizes#compress.o#range_percent": 0, 
  "##characteristics#compile#obj_sizes#compress.o#repeats": 1, 
  "##characteristics#compile#obj_sizes#crc32.o#all": [
    11392
  ], 
  "##characteristics#compile#obj_sizes#crc32.o#all_unique": [
    11392
  ], 
  "##characteristics#compile#obj_sizes#crc32.o#center": 11392, 
  "##characteristics#compile#obj_sizes#crc32.o#center_imp": 0.9547050561797753, 
  "##characteristics#compile#obj_sizes#crc32.o#halfrange": 0, 
  "##characteristics#compile#obj_sizes#crc32.o#max": 11392, 
  "##characteristics#compile#obj_sizes#crc32.o#mean": 11392.0, 
  "##characteristics#compile#obj_sizes#crc32.o#mean_imp": 0.9547050561797753, 
  "##characteristics#compile#obj_sizes#crc32.o#min": 11392, 
  "##characteristics#compile#obj_sizes#crc32.o#min_imp": 0.9547050561797753, 
  "##characteristics#compile#obj_sizes#crc32.o#range": 0, 
  "##characteristics#compile#obj_sizes#crc32.o#range_percent": 0, 
  "##characteristics#compile#obj_sizes#crc32.o#repeats": 1, 
  "##characteristics#compile#obj_sizes#ctuning-rtl.o#all": [
    4028
  ], 
  "##characteristics#compile#obj_sizes#ctuning-rtl.o#all_unique": [
    4028
  ], 
  "##characteristics#compile#obj_sizes#ctuning-rtl.o#center": 4028, 
  "##characteristics#compile#obj_sizes#ctuning-rtl.o#center_imp": 0.9523336643495531, 
  "##characteristics#compile#obj_sizes#ctuning-rtl.o#halfrange": 0, 
  "##characteristics#compile#obj_sizes#ctuning-rtl.o#max": 4028, 
  "##characteristics#compile#obj_sizes#ctuning-rtl.o#mean": 4028.0, 
  "##characteristics#compile#obj_sizes#ctuning-rtl.o#mean_imp": 0.9523336643495531, 
  "##characteristics#compile#obj_sizes#ctuning-rtl.o#min": 4028, 
  "##characteristics#compile#obj_sizes#ctuning-rtl.o#min_imp": 0.9523336643495531, 
  "##characteristics#compile#obj_sizes#ctuning-rtl.o#range": 0, 
  "##characteristics#compile#obj_sizes#ctuning-rtl.o#range_percent": 0, 
  "##characteristics#compile#obj_sizes#ctuning-rtl.o#repeats": 1, 
  "##characteristics#compile#obj_sizes#deflate.o#all": [
    19172
  ], 
  "##characteristics#compile#obj_sizes#deflate.o#all_unique": [
    19172
  ], 
  "##characteristics#compile#obj_sizes#deflate.o#center": 19172, 
  "##characteristics#compile#obj_sizes#deflate.o#center_imp": 1.0521593991237221, 
  "##characteristics#compile#obj_sizes#deflate.o#halfrange": 0, 
  "##characteristics#compile#obj_sizes#deflate.o#max": 19172, 
  "##characteristics#compile#obj_sizes#deflate.o#mean": 19172.0, 
  "##characteristics#compile#obj_sizes#deflate.o#mean_imp": 1.0521593991237221, 
  "##characteristics#compile#obj_sizes#deflate.o#min": 19172, 
  "##characteristics#compile#obj_sizes#deflate.o#min_imp": 1.0521593991237221, 
  "##characteristics#compile#obj_sizes#deflate.o#range": 0, 
  "##characteristics#compile#obj_sizes#deflate.o#range_percent": 0, 
  "##characteristics#compile#obj_sizes#deflate.o#repeats": 1, 
  "##characteristics#compile#obj_sizes#gzclose.o#all": [
    992
  ], 
  "##characteristics#compile#obj_sizes#gzclose.o#all_unique": [
    992
  ], 
  "##characteristics#compile#obj_sizes#gzclose.o#center": 992, 
  "##characteristics#compile#obj_sizes#gzclose.o#center_imp": 0.9879032258064516, 
  "##characteristics#compile#obj_sizes#gzclose.o#halfrange": 0, 
  "##characteristics#compile#obj_sizes#gzclose.o#max": 992, 
  "##characteristics#compile#obj_sizes#gzclose.o#mean": 992.0, 
  "##characteristics#compile#obj_sizes#gzclose.o#mean_imp": 0.9879032258064516, 
  "##characteristics#compile#obj_sizes#gzclose.o#min": 992, 
  "##characteristics#compile#obj_sizes#gzclose.o#min_imp": 0.9879032258064516, 
  "##characteristics#compile#obj_sizes#gzclose.o#range": 0, 
  "##characteristics#compile#obj_sizes#gzclose.o#range_percent": 0, 
  "##characteristics#compile#obj_sizes#gzclose.o#repeats": 1, 
  "##characteristics#compile#obj_sizes#gzlib.o#all": [
    5312
  ], 
  "##characteristics#compile#obj_sizes#gzlib.o#all_unique": [
    5312
  ], 
  "##characteristics#compile#obj_sizes#gzlib.o#center": 5312, 
  "##characteristics#compile#obj_sizes#gzlib.o#center_imp": 1.1859939759036144, 
  "##characteristics#compile#obj_sizes#gzlib.o#halfrange": 0, 
  "##characteristics#compile#obj_sizes#gzlib.o#max": 5312, 
  "##characteristics#compile#obj_sizes#gzlib.o#mean": 5312.0, 
  "##characteristics#compile#obj_sizes#gzlib.o#mean_imp": 1.1859939759036144, 
  "##characteristics#compile#obj_sizes#gzlib.o#min": 5312, 
  "##characteristics#compile#obj_sizes#gzlib.o#min_imp": 1.1859939759036144, 
  "##characteristics#compile#obj_sizes#gzlib.o#range": 0, 
  "##characteristics#compile#obj_sizes#gzlib.o#range_percent": 0, 
  "##characteristics#compile#obj_sizes#gzlib.o#repeats": 1, 
  "##characteristics#compile#obj_sizes#gzread.o#all": [
    6508
  ], 
  "##characteristics#compile#obj_sizes#gzread.o#all_unique": [
    6508
  ], 
  "##characteristics#compile#obj_sizes#gzread.o#center": 6508, 
  "##characteristics#compile#obj_sizes#gzread.o#center_imp": 0.8875230485556238, 
  "##characteristics#compile#obj_sizes#gzread.o#halfrange": 0, 
  "##characteristics#compile#obj_sizes#gzread.o#max": 6508, 
  "##characteristics#compile#obj_sizes#gzread.o#mean": 6508.0, 
  "##characteristics#compile#obj_sizes#gzread.o#mean_imp": 0.8875230485556238, 
  "##characteristics#compile#obj_sizes#gzread.o#min": 6508, 
  "##characteristics#compile#obj_sizes#gzread.o#min_imp": 0.8875230485556238, 
  "##characteristics#compile#obj_sizes#gzread.o#range": 0, 
  "##characteristics#compile#obj_sizes#gzread.o#range_percent": 0, 
  "##characteristics#compile#obj_sizes#gzread.o#repeats": 1, 
  "##characteristics#compile#obj_sizes#gzwrite.o#all": [
    5240
  ], 
  "##characteristics#compile#obj_sizes#gzwrite.o#all_unique": [
    5240
  ], 
  "##characteristics#compile#obj_sizes#gzwrite.o#center": 5240, 
  "##characteristics#compile#obj_sizes#gzwrite.o#center_imp": 1.9587786259541984, 
  "##characteristics#compile#obj_sizes#gzwrite.o#halfrange": 0, 
  "##characteristics#compile#obj_sizes#gzwrite.o#max": 5240, 
  "##characteristics#compile#obj_sizes#gzwrite.o#mean": 5240.0, 
  "##characteristics#compile#obj_sizes#gzwrite.o#mean_imp": 1.9587786259541984, 
  "##characteristics#compile#obj_sizes#gzwrite.o#min": 5240, 
  "##characteristics#compile#obj_sizes#gzwrite.o#min_imp": 1.9587786259541984, 
  "##characteristics#compile#obj_sizes#gzwrite.o#range": 0, 
  "##characteristics#compile#obj_sizes#gzwrite.o#range_percent": 0, 
  "##characteristics#compile#obj_sizes#gzwrite.o#repeats": 1, 
  "##characteristics#compile#obj_sizes#infback.o#all": [
    11972
  ], 
  "##characteristics#compile#obj_sizes#infback.o#all_unique": [
    11972
  ], 
  "##characteristics#compile#obj_sizes#infback.o#center": 11972, 
  "##characteristics#compile#obj_sizes#infback.o#center_imp": 0.7995322418977614, 
  "##characteristics#compile#obj_sizes#infback.o#halfrange": 0, 
  "##characteristics#compile#obj_sizes#infback.o#max": 11972, 
  "##characteristics#compile#obj_sizes#infback.o#mean": 11972.0, 
  "##characteristics#compile#obj_sizes#infback.o#mean_imp": 0.7995322418977614, 
  "##characteristics#compile#obj_sizes#infback.o#min": 11972, 
  "##characteristics#compile#obj_sizes#infback.o#min_imp": 0.7995322418977614, 
  "##characteristics#compile#obj_sizes#infback.o#range": 0, 
  "##characteristics#compile#obj_sizes#infback.o#range_percent": 0, 
  "##characteristics#compile#obj_sizes#infback.o#repeats": 1, 
  "##characteristics#compile#obj_sizes#inffast.o#all": [
    7848
  ], 
  "##characteristics#compile#obj_sizes#inffast.o#all_unique": [
    7848
  ], 
  "##characteristics#compile#obj_sizes#inffast.o#center": 7848, 
  "##characteristics#compile#obj_sizes#inffast.o#center_imp": 0.5091743119266054, 
  "##characteristics#compile#obj_sizes#inffast.o#halfrange": 0, 
  "##characteristics#compile#obj_sizes#inffast.o#max": 7848, 
  "##characteristics#compile#obj_sizes#inffast.o#mean": 7848.0, 
  "##characteristics#compile#obj_sizes#inffast.o#mean_imp": 0.5091743119266054, 
  "##characteristics#compile#obj_sizes#inffast.o#min": 7848, 
  "##characteristics#compile#obj_sizes#inffast.o#min_imp": 0.5091743119266054, 
  "##characteristics#compile#obj_sizes#inffast.o#range": 0, 
  "##characteristics#compile#obj_sizes#inffast.o#range_percent": 0, 
  "##characteristics#compile#obj_sizes#inffast.o#repeats": 1, 
  "##characteristics#compile#obj_sizes#inflate.o#all": [
    24868
  ], 
  "##characteristics#compile#obj_sizes#inflate.o#all_unique": [
    24868
  ], 
  "##characteristics#compile#obj_sizes#inflate.o#center": 24868, 
  "##characteristics#compile#obj_sizes#inflate.o#center_imp": 0.673958500884671, 
  "##characteristics#compile#obj_sizes#inflate.o#halfrange": 0, 
  "##characteristics#compile#obj_sizes#inflate.o#max": 24868, 
  "##characteristics#compile#obj_sizes#inflate.o#mean": 24868.0, 
  "##characteristics#compile#obj_sizes#inflate.o#mean_imp": 0.673958500884671, 
  "##characteristics#compile#obj_sizes#inflate.o#min": 24868, 
  "##characteristics#compile#obj_sizes#inflate.o#min_imp": 0.673958500884671, 
  "##characteristics#compile#obj_sizes#inflate.o#range": 0, 
  "##characteristics#compile#obj_sizes#inflate.o#range_percent": 0, 
  "##characteristics#compile#obj_sizes#inflate.o#repeats": 1, 
  "##characteristics#compile#obj_sizes#inftrees.o#all": [
    5696
  ], 
  "##characteristics#compile#obj_sizes#inftrees.o#all_unique": [
    5696
  ], 
  "##characteristics#compile#obj_sizes#inftrees.o#center": 5696, 
  "##characteristics#compile#obj_sizes#inftrees.o#center_imp": 0.7759831460674157, 
  "##characteristics#compile#obj_sizes#inftrees.o#halfrange": 0, 
  "##characteristics#compile#obj_sizes#inftrees.o#max": 5696, 
  "##characteristics#compile#obj_sizes#inftrees.o#mean": 5696.0, 
  "##characteristics#compile#obj_sizes#inftrees.o#mean_imp": 0.7759831460674157, 
  "##characteristics#compile#obj_sizes#inftrees.o#min": 5696, 
  "##characteristics#compile#obj_sizes#inftrees.o#min_imp": 0.7759831460674157, 
  "##characteristics#compile#obj_sizes#inftrees.o#range": 0, 
  "##characteristics#compile#obj_sizes#inftrees.o#range_percent": 0, 
  "##characteristics#compile#obj_sizes#inftrees.o#repeats": 1, 
  "##characteristics#compile#obj_sizes#trees.o#all": [
    16356
  ], 
  "##characteristics#compile#obj_sizes#trees.o#all_unique": [
    16356
  ], 
  "##characteristics#compile#obj_sizes#trees.o#center": 16356, 
  "##characteristics#compile#obj_sizes#trees.o#center_imp": 0.8672046955245781, 
  "##characteristics#compile#obj_sizes#trees.o#halfrange": 0, 
  "##characteristics#compile#obj_sizes#trees.o#max": 16356, 
  "##characteristics#compile#obj_sizes#trees.o#mean": 16356.0, 
  "##characteristics#compile#obj_sizes#trees.o#mean_imp": 0.8672046955245781, 
  "##characteristics#compile#obj_sizes#trees.o#min": 16356, 
  "##characteristics#compile#obj_sizes#trees.o#min_imp": 0.8672046955245781, 
  "##characteristics#compile#obj_sizes#trees.o#range": 0, 
  "##characteristics#compile#obj_sizes#trees.o#range_percent": 0, 
  "##characteristics#compile#obj_sizes#trees.o#repeats": 1, 
  "##characteristics#compile#obj_sizes#uncompr.o#all": [
    1268
  ], 
  "##characteristics#compile#obj_sizes#uncompr.o#all_unique": [
    1268
  ], 
  "##characteristics#compile#obj_sizes#uncompr.o#center": 1268, 
  "##characteristics#compile#obj_sizes#uncompr.o#center_imp": 1.003154574132492, 
  "##characteristics#compile#obj_sizes#uncompr.o#halfrange": 0, 
  "##characteristics#compile#obj_sizes#uncompr.o#max": 1268, 
  "##characteristics#compile#obj_sizes#uncompr.o#mean": 1268.0, 
  "##characteristics#compile#obj_sizes#uncompr.o#mean_imp": 1.003154574132492, 
  "##characteristics#compile#obj_sizes#uncompr.o#min": 1268, 
  "##characteristics#compile#obj_sizes#uncompr.o#min_imp": 1.003154574132492, 
  "##characteristics#compile#obj_sizes#uncompr.o#range": 0, 
  "##characteristics#compile#obj_sizes#uncompr.o#range_percent": 0, 
  "##characteristics#compile#obj_sizes#uncompr.o#repeats": 1, 
  "##characteristics#compile#obj_sizes#zutil.o#all": [
    1664
  ], 
  "##characteristics#compile#obj_sizes#zutil.o#all_unique": [
    1664
  ], 
  "##characteristics#compile#obj_sizes#zutil.o#center": 1664, 
  "##characteristics#compile#obj_sizes#zutil.o#center_imp": 0.9903846153846154, 
  "##characteristics#compile#obj_sizes#zutil.o#halfrange": 0, 
  "##characteristics#compile#obj_sizes#zutil.o#max": 1664, 
  "##characteristics#compile#obj_sizes#zutil.o#mean": 1664.0, 
  "##characteristics#compile#obj_sizes#zutil.o#mean_imp": 0.9903846153846154, 
  "##characteristics#compile#obj_sizes#zutil.o#min": 1664, 
  "##characteristics#compile#obj_sizes#zutil.o#min_imp": 0.9903846153846154, 
  "##characteristics#compile#obj_sizes#zutil.o#range": 0, 
  "##characteristics#compile#obj_sizes#zutil.o#range_percent": 0, 
  "##characteristics#compile#obj_sizes#zutil.o#repeats": 1, 
  "##characteristics#compile#program_git_hash#all": [
    "f3b3ffe43b24039767a39c7f85ab4b768684a65b"
  ], 
  "##characteristics#compile#program_git_hash#all_unique": [
    "f3b3ffe43b24039767a39c7f85ab4b768684a65b"
  ], 
  "##characteristics#compile#program_git_hash#min": "f3b3ffe43b24039767a39c7f85ab4b768684a65b", 
  "##characteristics#compile#program_git_hash#min_imp": 0, 
  "##characteristics#compile#program_git_hash#repeats": 1, 
  "##characteristics#run#execution_time#all": [
    0.01723185137318255, 
    0.01750448465266559, 
    0.017395163166397415, 
    0.017295360258481423
  ], 
  "##characteristics#run#execution_time#all_unique": [
    0.01723185137318255, 
    0.01750448465266559, 
    0.017395163166397415, 
    0.017295360258481423
  ], 
  "##characteristics#run#execution_time#center": 0.017368168012924068, 
  "##characteristics#run#execution_time#center_imp": 0.9353262276930222, 
  "##characteristics#run#execution_time#halfrange": 0.00013631663974151935, 
  "##characteristics#run#execution_time#max": 0.01750448465266559, 
  "##characteristics#run#execution_time#mean": 0.017356714862681744, 
  "##characteristics#run#execution_time#mean_imp": 0.9363232900741464, 
  "##characteristics#run#execution_time#min": 0.01723185137318255, 
  "##characteristics#run#execution_time#min_imp": 0.9384320991033999, 
  "##characteristics#run#execution_time#range": 0.0002726332794830387, 
  "##characteristics#run#execution_time#range_percent": 0.01582147347831297, 
  "##characteristics#run#execution_time#repeats": 4, 
  "##characteristics#run#execution_time_kernel_0#all": [
    10.666516, 
    10.835276, 
    10.767606, 
    10.705828
  ], 
  "##characteristics#run#execution_time_kernel_0#all_unique": [
    10.666516, 
    10.835276, 
    10.767606, 
    10.705828
  ], 
  "##characteristics#run#execution_time_kernel_0#center": 10.750896000000001, 
  "##characteristics#run#execution_time_kernel_0#center_imp": 0.935326227693022, 
  "##characteristics#run#execution_time_kernel_0#halfrange": 0.08438000000000034, 
  "##characteristics#run#execution_time_kernel_0#max": 10.835276, 
  "##characteristics#run#execution_time_kernel_0#mean": 10.743806500000002, 
  "##characteristics#run#execution_time_kernel_0#mean_imp": 0.9363232900741462, 
  "##characteristics#run#execution_time_kernel_0#min": 10.666516, 
  "##characteristics#run#execution_time_kernel_0#min_imp": 0.9384320991033999, 
  "##characteristics#run#execution_time_kernel_0#range": 0.1687600000000007, 
  "##characteristics#run#execution_time_kernel_0#range_percent": 0.015821473478312947, 
  "##characteristics#run#execution_time_kernel_0#repeats": 4, 
  "##characteristics#run#execution_time_with_module#all": [
    11.383763074874878, 
    11.578768968582153, 
    11.497188806533813, 
    11.42642593383789
  ], 
  "##characteristics#run#execution_time_with_module#all_unique": [
    11.383763074874878, 
    11.578768968582153, 
    11.497188806533813, 
    11.42642593383789
  ], 
  "##characteristics#run#execution_time_with_module#center": 11.481266021728516, 
  "##characteristics#run#execution_time_with_module#center_imp": 1.1461511689528514, 
  "##characteristics#run#execution_time_with_module#halfrange": 0.0975029468536377, 
  "##characteristics#run#execution_time_with_module#max": 11.578768968582153, 
  "##characteristics#run#execution_time_with_module#mean": 11.471536695957184, 
  "##characteristics#run#execution_time_with_module#mean_imp": 1.0439711589782272, 
  "##characteristics#run#execution_time_with_module#min": 11.383763074874878, 
  "##characteristics#run#execution_time_with_module#min_imp": 0.9425977941256704, 
  "##characteristics#run#execution_time_with_module#range": 0.1950058937072754, 
  "##characteristics#run#execution_time_with_module#range_percent": 0.017130178520464223, 
  "##characteristics#run#execution_time_with_module#repeats": 4, 
  "##characteristics#run#repeat#all": [
    619, 
    619, 
    619, 
    619
  ], 
  "##characteristics#run#repeat#all_unique": [
    619
  ], 
  "##characteristics#run#repeat#center": 619, 
  "##characteristics#run#repeat#center_imp": 1.0, 
  "##characteristics#run#repeat#halfrange": 0, 
  "##characteristics#run#repeat#max": 619, 
  "##characteristics#run#repeat#mean": 619.0, 
  "##characteristics#run#repeat#mean_imp": 1.0, 
  "##characteristics#run#repeat#min": 619, 
  "##characteristics#run#repeat#min_imp": 1.0, 
  "##characteristics#run#repeat#range": 0, 
  "##characteristics#run#repeat#range_percent": 0, 
  "##characteristics#run#repeat#repeats": 4, 
  "##characteristics#run#return_code#all": [
    0, 
    0, 
    0, 
    0
  ], 
  "##characteristics#run#return_code#all_unique": [
    0
  ], 
  "##characteristics#run#return_code#center": 0, 
  "##characteristics#run#return_code#halfrange": 0, 
  "##characteristics#run#return_code#max": 0, 
  "##characteristics#run#return_code#mean": 0.0, 
  "##characteristics#run#return_code#min": 0, 
  "##characteristics#run#return_code#min_imp": 1, 
  "##characteristics#run#return_code#range": 0, 
  "##characteristics#run#return_code#repeats": 4, 
  "##characteristics#run#run_success#all": [
    "yes", 
    "yes", 
    "yes", 
    "yes"
  ], 
  "##characteristics#run#run_success#all_unique": [
    "yes"
  ], 
  "##characteristics#run#run_success#min": "yes", 
  "##characteristics#run#run_success#min_imp": 1, 
  "##characteristics#run#run_success#repeats": 4, 
  "##characteristics#run#run_success_bool#all": [
    true, 
    true, 
    true, 
    true
  ], 
  "##characteristics#run#run_success_bool#all_unique": [
    true
  ], 
  "##characteristics#run#run_success_bool#min": true, 
  "##characteristics#run#run_success_bool#min_imp": 1, 
  "##characteristics#run#run_success_bool#repeats": 4, 
  "##characteristics#run#total_execution_time#all": [
    10.666516, 
    10.835276, 
    10.767606, 
    10.705828
  ], 
  "##characteristics#run#total_execution_time#all_unique": [
    10.666516, 
    10.835276, 
    10.767606, 
    10.705828
  ], 
  "##characteristics#run#total_execution_time#center": 10.750896000000001, 
  "##characteristics#run#total_execution_time#center_imp": 0.935326227693022, 
  "##characteristics#run#total_execution_time#halfrange": 0.08438000000000034, 
  "##characteristics#run#total_execution_time#max": 10.835276, 
  "##characteristics#run#total_execution_time#mean": 10.743806500000002, 
  "##characteristics#run#total_execution_time#mean_imp": 0.9363232900741462, 
  "##characteristics#run#total_execution_time#min": 10.666516, 
  "##characteristics#run#total_execution_time#min_imp": 0.9384320991033999, 
  "##characteristics#run#total_execution_time#range": 0.1687600000000007, 
  "##characteristics#run#total_execution_time#range_percent": 0.015821473478312947, 
  "##characteristics#run#total_execution_time#repeats": 4
}
