{
  "##characteristics#compile#binary_size#all": [
    101600
  ], 
  "##characteristics#compile#binary_size#all_unique": [
    101600
  ], 
  "##characteristics#compile#binary_size#center": 101600, 
  "##characteristics#compile#binary_size#center_imp": 0.9918110236220472, 
  "##characteristics#compile#binary_size#halfrange": 0, 
  "##characteristics#compile#binary_size#max": 101600, 
  "##characteristics#compile#binary_size#mean": 101600.0, 
  "##characteristics#compile#binary_size#mean_imp": 0.9918110236220472, 
  "##characteristics#compile#binary_size#min": 101600, 
  "##characteristics#compile#binary_size#min_imp": 0.9918110236220472, 
  "##characteristics#compile#binary_size#range": 0, 
  "##characteristics#compile#binary_size#range_percent": 0, 
  "##characteristics#compile#binary_size#repeats": 1, 
  "##characteristics#compile#compilation_success#all": [
    "yes"
  ], 
  "##characteristics#compile#compilation_success#all_unique": [
    "yes"
  ], 
  "##characteristics#compile#compilation_success#min": "yes", 
  "##characteristics#compile#compilation_success#min_imp": 0, 
  "##characteristics#compile#compilation_success#repeats": 1, 
  "##characteristics#compile#compilation_success_bool#all": [
    true
  ], 
  "##characteristics#compile#compilation_success_bool#all_unique": [
    true
  ], 
  "##characteristics#compile#compilation_success_bool#min": true, 
  "##characteristics#compile#compilation_success_bool#min_imp": 0, 
  "##characteristics#compile#compilation_success_bool#repeats": 1, 
  "##characteristics#compile#compilation_time#all": [
    110.68298196792603
  ], 
  "##characteristics#compile#compilation_time#all_unique": [
    110.68298196792603
  ], 
  "##characteristics#compile#compilation_time#center": 110.68298196792603, 
  "##characteristics#compile#compilation_time#center_imp": 0.9720848962508836, 
  "##characteristics#compile#compilation_time#halfrange": 0.0, 
  "##characteristics#compile#compilation_time#max": 110.68298196792603, 
  "##characteristics#compile#compilation_time#mean": 110.68298196792603, 
  "##characteristics#compile#compilation_time#mean_imp": 0.9720848962508836, 
  "##characteristics#compile#compilation_time#min": 110.68298196792603, 
  "##characteristics#compile#compilation_time#min_imp": 0.9720848962508836, 
  "##characteristics#compile#compilation_time#range": 0.0, 
  "##characteristics#compile#compilation_time#range_percent": 0.0, 
  "##characteristics#compile#compilation_time#repeats": 1, 
  "##characteristics#compile#compilation_time_with_module#all": [
    116.49064207077026
  ], 
  "##characteristics#compile#compilation_time_with_module#all_unique": [
    116.49064207077026
  ], 
  "##characteristics#compile#compilation_time_with_module#center": 116.49064207077026, 
  "##characteristics#compile#compilation_time_with_module#center_imp": 0.9649708160607711, 
  "##characteristics#compile#compilation_time_with_module#halfrange": 0.0, 
  "##characteristics#compile#compilation_time_with_module#max": 116.49064207077026, 
  "##characteristics#compile#compilation_time_with_module#mean": 116.49064207077026, 
  "##characteristics#compile#compilation_time_with_module#mean_imp": 0.9649708160607711, 
  "##characteristics#compile#compilation_time_with_module#min": 116.49064207077026, 
  "##characteristics#compile#compilation_time_with_module#min_imp": 0.9649708160607711, 
  "##characteristics#compile#compilation_time_with_module#range": 0.0, 
  "##characteristics#compile#compilation_time_with_module#range_percent": 0.0, 
  "##characteristics#compile#compilation_time_with_module#repeats": 1, 
  "##characteristics#compile#joined_compiler_flags#all": [
    "-O3 -fno-branch-probabilities -fno-cx-limited-range -fno-early-inlining -fno-fat-lto-objects -ffloat-store -fkeep-inline-functions -flive-range-shrinkage -floop-strip-mine -fno-sched-spec-insn-heuristic -fsched2-use-superblocks -fthread-jumps -fno-tree-loop-if-convert -fno-unroll-loops -fno-vect-cost-model"
  ], 
  "##characteristics#compile#joined_compiler_flags#all_unique": [
    "-O3 -fno-branch-probabilities -fno-cx-limited-range -fno-early-inlining -fno-fat-lto-objects -ffloat-store -fkeep-inline-functions -flive-range-shrinkage -floop-strip-mine -fno-sched-spec-insn-heuristic -fsched2-use-superblocks -fthread-jumps -fno-tree-loop-if-convert -fno-unroll-loops -fno-vect-cost-model"
  ], 
  "##characteristics#compile#joined_compiler_flags#min": "-O3 -fno-branch-probabilities -fno-cx-limited-range -fno-early-inlining -fno-fat-lto-objects -ffloat-store -fkeep-inline-functions -flive-range-shrinkage -floop-strip-mine -fno-sched-spec-insn-heuristic -fsched2-use-superblocks -fthread-jumps -fno-tree-loop-if-convert -fno-unroll-loops -fno-vect-cost-model", 
  "##characteristics#compile#joined_compiler_flags#min_imp": 0, 
  "##characteristics#compile#joined_compiler_flags#repeats": 1, 
  "##characteristics#compile#md5_sum#all": [
    "cdfa0ead1671d8352ce5944c9e71cf45"
  ], 
  "##characteristics#compile#md5_sum#all_unique": [
    "cdfa0ead1671d8352ce5944c9e71cf45"
  ], 
  "##characteristics#compile#md5_sum#min": "cdfa0ead1671d8352ce5944c9e71cf45", 
  "##characteristics#compile#md5_sum#min_imp": 0, 
  "##characteristics#compile#md5_sum#repeats": 1, 
  "##characteristics#compile#obj_size#all": [
    115204
  ], 
  "##characteristics#compile#obj_size#all_unique": [
    115204
  ], 
  "##characteristics#compile#obj_size#center": 115204, 
  "##characteristics#compile#obj_size#center_imp": 0.9899656261935349, 
  "##characteristics#compile#obj_size#halfrange": 0, 
  "##characteristics#compile#obj_size#max": 115204, 
  "##characteristics#compile#obj_size#mean": 115204.0, 
  "##characteristics#compile#obj_size#mean_imp": 0.9899656261935349, 
  "##characteristics#compile#obj_size#min": 115204, 
  "##characteristics#compile#obj_size#min_imp": 0.9899656261935349, 
  "##characteristics#compile#obj_size#range": 0, 
  "##characteristics#compile#obj_size#range_percent": 0, 
  "##characteristics#compile#obj_size#repeats": 1, 
  "##characteristics#compile#obj_sizes#adler32.o#all": [
    2504
  ], 
  "##characteristics#compile#obj_sizes#adler32.o#all_unique": [
    2504
  ], 
  "##characteristics#compile#obj_sizes#adler32.o#center": 2504, 
  "##characteristics#compile#obj_sizes#adler32.o#center_imp": 0.9680511182108626, 
  "##characteristics#compile#obj_sizes#adler32.o#halfrange": 0, 
  "##characteristics#compile#obj_sizes#adler32.o#max": 2504, 
  "##characteristics#compile#obj_sizes#adler32.o#mean": 2504.0, 
  "##characteristics#compile#obj_sizes#adler32.o#mean_imp": 0.9680511182108626, 
  "##characteristics#compile#obj_sizes#adler32.o#min": 2504, 
  "##characteristics#compile#obj_sizes#adler32.o#min_imp": 0.9680511182108626, 
  "##characteristics#compile#obj_sizes#adler32.o#range": 0, 
  "##characteristics#compile#obj_sizes#adler32.o#range_percent": 0, 
  "##characteristics#compile#obj_sizes#adler32.o#repeats": 1, 
  "##characteristics#compile#obj_sizes#compress.o#all": [
    1648
  ], 
  "##characteristics#compile#obj_sizes#compress.o#all_unique": [
    1648
  ], 
  "##characteristics#compile#obj_sizes#compress.o#center": 1648, 
  "##characteristics#compile#obj_sizes#compress.o#center_imp": 0.9514563106796117, 
  "##characteristics#compile#obj_sizes#compress.o#halfrange": 0, 
  "##characteristics#compile#obj_sizes#compress.o#max": 1648, 
  "##characteristics#compile#obj_sizes#compress.o#mean": 1648.0, 
  "##characteristics#compile#obj_sizes#compress.o#mean_imp": 0.9514563106796117, 
  "##characteristics#compile#obj_sizes#compress.o#min": 1648, 
  "##characteristics#compile#obj_sizes#compress.o#min_imp": 0.9514563106796117, 
  "##characteristics#compile#obj_sizes#compress.o#range": 0, 
  "##characteristics#compile#obj_sizes#compress.o#range_percent": 0, 
  "##characteristics#compile#obj_sizes#compress.o#repeats": 1, 
  "##characteristics#compile#obj_sizes#crc32.o#all": [
    10960
  ], 
  "##characteristics#compile#obj_sizes#crc32.o#all_unique": [
    10960
  ], 
  "##characteristics#compile#obj_sizes#crc32.o#center": 10960, 
  "##characteristics#compile#obj_sizes#crc32.o#center_imp": 0.9923357664233576, 
  "##characteristics#compile#obj_sizes#crc32.o#halfrange": 0, 
  "##characteristics#compile#obj_sizes#crc32.o#max": 10960, 
  "##characteristics#compile#obj_sizes#crc32.o#mean": 10960.0, 
  "##characteristics#compile#obj_sizes#crc32.o#mean_imp": 0.9923357664233576, 
  "##characteristics#compile#obj_sizes#crc32.o#min": 10960, 
  "##characteristics#compile#obj_sizes#crc32.o#min_imp": 0.9923357664233576, 
  "##characteristics#compile#obj_sizes#crc32.o#range": 0, 
  "##characteristics#compile#obj_sizes#crc32.o#range_percent": 0, 
  "##characteristics#compile#obj_sizes#crc32.o#repeats": 1, 
  "##characteristics#compile#obj_sizes#ctuning-rtl.o#all": [
    3912
  ], 
  "##characteristics#compile#obj_sizes#ctuning-rtl.o#all_unique": [
    3912
  ], 
  "##characteristics#compile#obj_sizes#ctuning-rtl.o#center": 3912, 
  "##characteristics#compile#obj_sizes#ctuning-rtl.o#center_imp": 0.9805725971370143, 
  "##characteristics#compile#obj_sizes#ctuning-rtl.o#halfrange": 0, 
  "##characteristics#compile#obj_sizes#ctuning-rtl.o#max": 3912, 
  "##characteristics#compile#obj_sizes#ctuning-rtl.o#mean": 3912.0, 
  "##characteristics#compile#obj_sizes#ctuning-rtl.o#mean_imp": 0.9805725971370143, 
  "##characteristics#compile#obj_sizes#ctuning-rtl.o#min": 3912, 
  "##characteristics#compile#obj_sizes#ctuning-rtl.o#min_imp": 0.9805725971370143, 
  "##characteristics#compile#obj_sizes#ctuning-rtl.o#range": 0, 
  "##characteristics#compile#obj_sizes#ctuning-rtl.o#range_percent": 0, 
  "##characteristics#compile#obj_sizes#ctuning-rtl.o#repeats": 1, 
  "##characteristics#compile#obj_sizes#deflate.o#all": [
    20260
  ], 
  "##characteristics#compile#obj_sizes#deflate.o#all_unique": [
    20260
  ], 
  "##characteristics#compile#obj_sizes#deflate.o#center": 20260, 
  "##characteristics#compile#obj_sizes#deflate.o#center_imp": 0.9956564659427444, 
  "##characteristics#compile#obj_sizes#deflate.o#halfrange": 0, 
  "##characteristics#compile#obj_sizes#deflate.o#max": 20260, 
  "##characteristics#compile#obj_sizes#deflate.o#mean": 20260.0, 
  "##characteristics#compile#obj_sizes#deflate.o#mean_imp": 0.9956564659427444, 
  "##characteristics#compile#obj_sizes#deflate.o#min": 20260, 
  "##characteristics#compile#obj_sizes#deflate.o#min_imp": 0.9956564659427444, 
  "##characteristics#compile#obj_sizes#deflate.o#range": 0, 
  "##characteristics#compile#obj_sizes#deflate.o#range_percent": 0, 
  "##characteristics#compile#obj_sizes#deflate.o#repeats": 1, 
  "##characteristics#compile#obj_sizes#gzclose.o#all": [
    1056
  ], 
  "##characteristics#compile#obj_sizes#gzclose.o#all_unique": [
    1056
  ], 
  "##characteristics#compile#obj_sizes#gzclose.o#center": 1056, 
  "##characteristics#compile#obj_sizes#gzclose.o#center_imp": 0.928030303030303, 
  "##characteristics#compile#obj_sizes#gzclose.o#halfrange": 0, 
  "##characteristics#compile#obj_sizes#gzclose.o#max": 1056, 
  "##characteristics#compile#obj_sizes#gzclose.o#mean": 1056.0, 
  "##characteristics#compile#obj_sizes#gzclose.o#mean_imp": 0.928030303030303, 
  "##characteristics#compile#obj_sizes#gzclose.o#min": 1056, 
  "##characteristics#compile#obj_sizes#gzclose.o#min_imp": 0.928030303030303, 
  "##characteristics#compile#obj_sizes#gzclose.o#range": 0, 
  "##characteristics#compile#obj_sizes#gzclose.o#range_percent": 0, 
  "##characteristics#compile#obj_sizes#gzclose.o#repeats": 1, 
  "##characteristics#compile#obj_sizes#gzlib.o#all": [
    6376
  ], 
  "##characteristics#compile#obj_sizes#gzlib.o#all_unique": [
    6376
  ], 
  "##characteristics#compile#obj_sizes#gzlib.o#center": 6376, 
  "##characteristics#compile#obj_sizes#gzlib.o#center_imp": 0.9880803011292346, 
  "##characteristics#compile#obj_sizes#gzlib.o#halfrange": 0, 
  "##characteristics#compile#obj_sizes#gzlib.o#max": 6376, 
  "##characteristics#compile#obj_sizes#gzlib.o#mean": 6376.0, 
  "##characteristics#compile#obj_sizes#gzlib.o#mean_imp": 0.9880803011292346, 
  "##characteristics#compile#obj_sizes#gzlib.o#min": 6376, 
  "##characteristics#compile#obj_sizes#gzlib.o#min_imp": 0.9880803011292346, 
  "##characteristics#compile#obj_sizes#gzlib.o#range": 0, 
  "##characteristics#compile#obj_sizes#gzlib.o#range_percent": 0, 
  "##characteristics#compile#obj_sizes#gzlib.o#repeats": 1, 
  "##characteristics#compile#obj_sizes#gzread.o#all": [
    5852
  ], 
  "##characteristics#compile#obj_sizes#gzread.o#all_unique": [
    5852
  ], 
  "##characteristics#compile#obj_sizes#gzread.o#center": 5852, 
  "##characteristics#compile#obj_sizes#gzread.o#center_imp": 0.987012987012987, 
  "##characteristics#compile#obj_sizes#gzread.o#halfrange": 0, 
  "##characteristics#compile#obj_sizes#gzread.o#max": 5852, 
  "##characteristics#compile#obj_sizes#gzread.o#mean": 5852.0, 
  "##characteristics#compile#obj_sizes#gzread.o#mean_imp": 0.987012987012987, 
  "##characteristics#compile#obj_sizes#gzread.o#min": 5852, 
  "##characteristics#compile#obj_sizes#gzread.o#min_imp": 0.987012987012987, 
  "##characteristics#compile#obj_sizes#gzread.o#range": 0, 
  "##characteristics#compile#obj_sizes#gzread.o#range_percent": 0, 
  "##characteristics#compile#obj_sizes#gzread.o#repeats": 1, 
  "##characteristics#compile#obj_sizes#gzwrite.o#all": [
    10340
  ], 
  "##characteristics#compile#obj_sizes#gzwrite.o#all_unique": [
    10340
  ], 
  "##characteristics#compile#obj_sizes#gzwrite.o#center": 10340, 
  "##characteristics#compile#obj_sizes#gzwrite.o#center_imp": 0.9926499032882011, 
  "##characteristics#compile#obj_sizes#gzwrite.o#halfrange": 0, 
  "##characteristics#compile#obj_sizes#gzwrite.o#max": 10340, 
  "##characteristics#compile#obj_sizes#gzwrite.o#mean": 10340.0, 
  "##characteristics#compile#obj_sizes#gzwrite.o#mean_imp": 0.9926499032882011, 
  "##characteristics#compile#obj_sizes#gzwrite.o#min": 10340, 
  "##characteristics#compile#obj_sizes#gzwrite.o#min_imp": 0.9926499032882011, 
  "##characteristics#compile#obj_sizes#gzwrite.o#range": 0, 
  "##characteristics#compile#obj_sizes#gzwrite.o#range_percent": 0, 
  "##characteristics#compile#obj_sizes#gzwrite.o#repeats": 1, 
  "##characteristics#compile#obj_sizes#infback.o#all": [
    9548
  ], 
  "##characteristics#compile#obj_sizes#infback.o#all_unique": [
    9548
  ], 
  "##characteristics#compile#obj_sizes#infback.o#center": 9548, 
  "##characteristics#compile#obj_sizes#infback.o#center_imp": 1.0025136154168413, 
  "##characteristics#compile#obj_sizes#infback.o#halfrange": 0, 
  "##characteristics#compile#obj_sizes#infback.o#max": 9548, 
  "##characteristics#compile#obj_sizes#infback.o#mean": 9548.0, 
  "##characteristics#compile#obj_sizes#infback.o#mean_imp": 1.0025136154168413, 
  "##characteristics#compile#obj_sizes#infback.o#min": 9548, 
  "##characteristics#compile#obj_sizes#infback.o#min_imp": 1.0025136154168413, 
  "##characteristics#compile#obj_sizes#infback.o#range": 0, 
  "##characteristics#compile#obj_sizes#infback.o#range_percent": 0, 
  "##characteristics#compile#obj_sizes#infback.o#repeats": 1, 
  "##characteristics#compile#obj_sizes#inffast.o#all": [
    4072
  ], 
  "##characteristics#compile#obj_sizes#inffast.o#all_unique": [
    4072
  ], 
  "##characteristics#compile#obj_sizes#inffast.o#center": 4072, 
  "##characteristics#compile#obj_sizes#inffast.o#center_imp": 0.981335952848723, 
  "##characteristics#compile#obj_sizes#inffast.o#halfrange": 0, 
  "##characteristics#compile#obj_sizes#inffast.o#max": 4072, 
  "##characteristics#compile#obj_sizes#inffast.o#mean": 4072.0, 
  "##characteristics#compile#obj_sizes#inffast.o#mean_imp": 0.981335952848723, 
  "##characteristics#compile#obj_sizes#inffast.o#min": 4072, 
  "##characteristics#compile#obj_sizes#inffast.o#min_imp": 0.981335952848723, 
  "##characteristics#compile#obj_sizes#inffast.o#range": 0, 
  "##characteristics#compile#obj_sizes#inffast.o#range_percent": 0, 
  "##characteristics#compile#obj_sizes#inffast.o#repeats": 1, 
  "##characteristics#compile#obj_sizes#inflate.o#all": [
    16752
  ], 
  "##characteristics#compile#obj_sizes#inflate.o#all_unique": [
    16752
  ], 
  "##characteristics#compile#obj_sizes#inflate.o#center": 16752, 
  "##characteristics#compile#obj_sizes#inflate.o#center_imp": 1.0004775549188156, 
  "##characteristics#compile#obj_sizes#inflate.o#halfrange": 0, 
  "##characteristics#compile#obj_sizes#inflate.o#max": 16752, 
  "##characteristics#compile#obj_sizes#inflate.o#mean": 16752.0, 
  "##characteristics#compile#obj_sizes#inflate.o#mean_imp": 1.0004775549188156, 
  "##characteristics#compile#obj_sizes#inflate.o#min": 16752, 
  "##characteristics#compile#obj_sizes#inflate.o#min_imp": 1.0004775549188156, 
  "##characteristics#compile#obj_sizes#inflate.o#range": 0, 
  "##characteristics#compile#obj_sizes#inflate.o#range_percent": 0, 
  "##characteristics#compile#obj_sizes#inflate.o#repeats": 1, 
  "##characteristics#compile#obj_sizes#inftrees.o#all": [
    4500
  ], 
  "##characteristics#compile#obj_sizes#inftrees.o#all_unique": [
    4500
  ], 
  "##characteristics#compile#obj_sizes#inftrees.o#center": 4500, 
  "##characteristics#compile#obj_sizes#inftrees.o#center_imp": 0.9822222222222222, 
  "##characteristics#compile#obj_sizes#inftrees.o#halfrange": 0, 
  "##characteristics#compile#obj_sizes#inftrees.o#max": 4500, 
  "##characteristics#compile#obj_sizes#inftrees.o#mean": 4500.0, 
  "##characteristics#compile#obj_sizes#inftrees.o#mean_imp": 0.9822222222222222, 
  "##characteristics#compile#obj_sizes#inftrees.o#min": 4500, 
  "##characteristics#compile#obj_sizes#inftrees.o#min_imp": 0.9822222222222222, 
  "##characteristics#compile#obj_sizes#inftrees.o#range": 0, 
  "##characteristics#compile#obj_sizes#inftrees.o#range_percent": 0, 
  "##characteristics#compile#obj_sizes#inftrees.o#repeats": 1, 
  "##characteristics#compile#obj_sizes#trees.o#all": [
    14344
  ], 
  "##characteristics#compile#obj_sizes#trees.o#all_unique": [
    14344
  ], 
  "##characteristics#compile#obj_sizes#trees.o#center": 14344, 
  "##characteristics#compile#obj_sizes#trees.o#center_imp": 0.9888455103179029, 
  "##characteristics#compile#obj_sizes#trees.o#halfrange": 0, 
  "##characteristics#compile#obj_sizes#trees.o#max": 14344, 
  "##characteristics#compile#obj_sizes#trees.o#mean": 14344.0, 
  "##characteristics#compile#obj_sizes#trees.o#mean_imp": 0.9888455103179029, 
  "##characteristics#compile#obj_sizes#trees.o#min": 14344, 
  "##characteristics#compile#obj_sizes#trees.o#min_imp": 0.9888455103179029, 
  "##characteristics#compile#obj_sizes#trees.o#range": 0, 
  "##characteristics#compile#obj_sizes#trees.o#range_percent": 0, 
  "##characteristics#compile#obj_sizes#trees.o#repeats": 1, 
  "##characteristics#compile#obj_sizes#uncompr.o#all": [
    1352
  ], 
  "##characteristics#compile#obj_sizes#uncompr.o#all_unique": [
    1352
  ], 
  "##characteristics#compile#obj_sizes#uncompr.o#center": 1352, 
  "##characteristics#compile#obj_sizes#uncompr.o#center_imp": 0.9408284023668639, 
  "##characteristics#compile#obj_sizes#uncompr.o#halfrange": 0, 
  "##characteristics#compile#obj_sizes#uncompr.o#max": 1352, 
  "##characteristics#compile#obj_sizes#uncompr.o#mean": 1352.0, 
  "##characteristics#compile#obj_sizes#uncompr.o#mean_imp": 0.9408284023668639, 
  "##characteristics#compile#obj_sizes#uncompr.o#min": 1352, 
  "##characteristics#compile#obj_sizes#uncompr.o#min_imp": 0.9408284023668639, 
  "##characteristics#compile#obj_sizes#uncompr.o#range": 0, 
  "##characteristics#compile#obj_sizes#uncompr.o#range_percent": 0, 
  "##characteristics#compile#obj_sizes#uncompr.o#repeats": 1, 
  "##characteristics#compile#obj_sizes#zutil.o#all": [
    1728
  ], 
  "##characteristics#compile#obj_sizes#zutil.o#all_unique": [
    1728
  ], 
  "##characteristics#compile#obj_sizes#zutil.o#center": 1728, 
  "##characteristics#compile#obj_sizes#zutil.o#center_imp": 0.9537037037037037, 
  "##characteristics#compile#obj_sizes#zutil.o#halfrange": 0, 
  "##characteristics#compile#obj_sizes#zutil.o#max": 1728, 
  "##characteristics#compile#obj_sizes#zutil.o#mean": 1728.0, 
  "##characteristics#compile#obj_sizes#zutil.o#mean_imp": 0.9537037037037037, 
  "##characteristics#compile#obj_sizes#zutil.o#min": 1728, 
  "##characteristics#compile#obj_sizes#zutil.o#min_imp": 0.9537037037037037, 
  "##characteristics#compile#obj_sizes#zutil.o#range": 0, 
  "##characteristics#compile#obj_sizes#zutil.o#range_percent": 0, 
  "##characteristics#compile#obj_sizes#zutil.o#repeats": 1, 
  "##characteristics#compile#program_git_hash#all": [
    "f3b3ffe43b24039767a39c7f85ab4b768684a65b"
  ], 
  "##characteristics#compile#program_git_hash#all_unique": [
    "f3b3ffe43b24039767a39c7f85ab4b768684a65b"
  ], 
  "##characteristics#compile#program_git_hash#min": "f3b3ffe43b24039767a39c7f85ab4b768684a65b", 
  "##characteristics#compile#program_git_hash#min_imp": 0, 
  "##characteristics#compile#program_git_hash#repeats": 1, 
  "##characteristics#run#execution_time#all": [
    0.016225441033925685, 
    0.01632212439418417, 
    0.01642071243941842, 
    0.016421001615508884
  ], 
  "##characteristics#run#execution_time#all_unique": [
    0.016225441033925685, 
    0.01632212439418417, 
    0.01642071243941842, 
    0.016421001615508884
  ], 
  "##characteristics#run#execution_time#center": 0.016323221324717287, 
  "##characteristics#run#execution_time#center_imp": 0.9952020343477294, 
  "##characteristics#run#execution_time#halfrange": 9.778029079159957e-05, 
  "##characteristics#run#execution_time#max": 0.016421001615508884, 
  "##characteristics#run#execution_time#mean": 0.01634731987075929, 
  "##characteristics#run#execution_time#mean_imp": 0.9941382742607437, 
  "##characteristics#run#execution_time#min": 0.016225441033925685, 
  "##characteristics#run#execution_time#min_imp": 0.9966399324222873, 
  "##characteristics#run#execution_time#range": 0.00019556058158319914, 
  "##characteristics#run#execution_time#range_percent": 0.012052712846097841, 
  "##characteristics#run#execution_time#repeats": 4, 
  "##characteristics#run#execution_time_kernel_0#all": [
    10.043548, 
    10.103395, 
    10.164421, 
    10.1646
  ], 
  "##characteristics#run#execution_time_kernel_0#all_unique": [
    10.043548, 
    10.103395, 
    10.164421, 
    10.1646
  ], 
  "##characteristics#run#execution_time_kernel_0#center": 10.104074, 
  "##characteristics#run#execution_time_kernel_0#center_imp": 0.9952020343477294, 
  "##characteristics#run#execution_time_kernel_0#halfrange": 0.0605260000000003, 
  "##characteristics#run#execution_time_kernel_0#max": 10.1646, 
  "##characteristics#run#execution_time_kernel_0#mean": 10.118991000000001, 
  "##characteristics#run#execution_time_kernel_0#mean_imp": 0.9941382742607437, 
  "##characteristics#run#execution_time_kernel_0#min": 10.043548, 
  "##characteristics#run#execution_time_kernel_0#min_imp": 0.9966399324222874, 
  "##characteristics#run#execution_time_kernel_0#range": 0.1210520000000006, 
  "##characteristics#run#execution_time_kernel_0#range_percent": 0.012052712846097874, 
  "##characteristics#run#execution_time_kernel_0#repeats": 4, 
  "##characteristics#run#execution_time_with_module#all": [
    10.76028299331665, 
    10.827847003936768, 
    10.892752170562744, 
    10.88970398902893
  ], 
  "##characteristics#run#execution_time_with_module#all_unique": [
    10.76028299331665, 
    10.827847003936768, 
    10.892752170562744, 
    10.88970398902893
  ], 
  "##characteristics#run#execution_time_with_module#center": 10.826517581939697, 
  "##characteristics#run#execution_time_with_module#center_imp": 1.21546622653756, 
  "##characteristics#run#execution_time_with_module#halfrange": 0.06623458862304688, 
  "##characteristics#run#execution_time_with_module#max": 10.892752170562744, 
  "##characteristics#run#execution_time_with_module#mean": 10.842646539211273, 
  "##characteristics#run#execution_time_with_module#mean_imp": 1.1045230900435543, 
  "##characteristics#run#execution_time_with_module#min": 10.76028299331665, 
  "##characteristics#run#execution_time_with_module#min_imp": 0.997214475668628, 
  "##characteristics#run#execution_time_with_module#range": 0.13246917724609375, 
  "##characteristics#run#execution_time_with_module#range_percent": 0.012310938042091648, 
  "##characteristics#run#execution_time_with_module#repeats": 4, 
  "##characteristics#run#repeat#all": [
    619, 
    619, 
    619, 
    619
  ], 
  "##characteristics#run#repeat#all_unique": [
    619
  ], 
  "##characteristics#run#repeat#center": 619, 
  "##characteristics#run#repeat#center_imp": 1.0, 
  "##characteristics#run#repeat#halfrange": 0, 
  "##characteristics#run#repeat#max": 619, 
  "##characteristics#run#repeat#mean": 619.0, 
  "##characteristics#run#repeat#mean_imp": 1.0, 
  "##characteristics#run#repeat#min": 619, 
  "##characteristics#run#repeat#min_imp": 1.0, 
  "##characteristics#run#repeat#range": 0, 
  "##characteristics#run#repeat#range_percent": 0, 
  "##characteristics#run#repeat#repeats": 4, 
  "##characteristics#run#return_code#all": [
    0, 
    0, 
    0, 
    0
  ], 
  "##characteristics#run#return_code#all_unique": [
    0
  ], 
  "##characteristics#run#return_code#center": 0, 
  "##characteristics#run#return_code#halfrange": 0, 
  "##characteristics#run#return_code#max": 0, 
  "##characteristics#run#return_code#mean": 0.0, 
  "##characteristics#run#return_code#min": 0, 
  "##characteristics#run#return_code#min_imp": 1, 
  "##characteristics#run#return_code#range": 0, 
  "##characteristics#run#return_code#repeats": 4, 
  "##characteristics#run#run_success#all": [
    "yes", 
    "yes", 
    "yes", 
    "yes"
  ], 
  "##characteristics#run#run_success#all_unique": [
    "yes"
  ], 
  "##characteristics#run#run_success#min": "yes", 
  "##characteristics#run#run_success#min_imp": 1, 
  "##characteristics#run#run_success#repeats": 4, 
  "##characteristics#run#run_success_bool#all": [
    true, 
    true, 
    true, 
    true
  ], 
  "##characteristics#run#run_success_bool#all_unique": [
    true
  ], 
  "##characteristics#run#run_success_bool#min": true, 
  "##characteristics#run#run_success_bool#min_imp": 1, 
  "##characteristics#run#run_success_bool#repeats": 4, 
  "##characteristics#run#total_execution_time#all": [
    10.043548, 
    10.103395, 
    10.164421, 
    10.1646
  ], 
  "##characteristics#run#total_execution_time#all_unique": [
    10.043548, 
    10.103395, 
    10.164421, 
    10.1646
  ], 
  "##characteristics#run#total_execution_time#center": 10.104074, 
  "##characteristics#run#total_execution_time#center_imp": 0.9952020343477294, 
  "##characteristics#run#total_execution_time#halfrange": 0.0605260000000003, 
  "##characteristics#run#total_execution_time#max": 10.1646, 
  "##characteristics#run#total_execution_time#mean": 10.118991000000001, 
  "##characteristics#run#total_execution_time#mean_imp": 0.9941382742607437, 
  "##characteristics#run#total_execution_time#min": 10.043548, 
  "##characteristics#run#total_execution_time#min_imp": 0.9966399324222874, 
  "##characteristics#run#total_execution_time#range": 0.1210520000000006, 
  "##characteristics#run#total_execution_time#range_percent": 0.012052712846097874, 
  "##characteristics#run#total_execution_time#repeats": 4
}
