{
  "##characteristics#compile#binary_size#all": [
    99872
  ], 
  "##characteristics#compile#binary_size#all_unique": [
    99872
  ], 
  "##characteristics#compile#binary_size#center": 99872, 
  "##characteristics#compile#binary_size#center_imp": 1.0089714834988786, 
  "##characteristics#compile#binary_size#halfrange": 0, 
  "##characteristics#compile#binary_size#max": 99872, 
  "##characteristics#compile#binary_size#mean": 99872.0, 
  "##characteristics#compile#binary_size#mean_imp": 1.0089714834988786, 
  "##characteristics#compile#binary_size#min": 99872, 
  "##characteristics#compile#binary_size#min_imp": 1.0089714834988786, 
  "##characteristics#compile#binary_size#range": 0, 
  "##characteristics#compile#binary_size#range_percent": 0, 
  "##characteristics#compile#binary_size#repeats": 1, 
  "##characteristics#compile#compilation_success#all": [
    "yes"
  ], 
  "##characteristics#compile#compilation_success#all_unique": [
    "yes"
  ], 
  "##characteristics#compile#compilation_success#min": "yes", 
  "##characteristics#compile#compilation_success#min_imp": 0, 
  "##characteristics#compile#compilation_success#repeats": 1, 
  "##characteristics#compile#compilation_success_bool#all": [
    true
  ], 
  "##characteristics#compile#compilation_success_bool#all_unique": [
    true
  ], 
  "##characteristics#compile#compilation_success_bool#min": true, 
  "##characteristics#compile#compilation_success_bool#min_imp": 0, 
  "##characteristics#compile#compilation_success_bool#repeats": 1, 
  "##characteristics#compile#compilation_time#all": [
    106.81086087226868
  ], 
  "##characteristics#compile#compilation_time#all_unique": [
    106.81086087226868
  ], 
  "##characteristics#compile#compilation_time#center": 106.81086087226868, 
  "##characteristics#compile#compilation_time#center_imp": 1.0073250432060157, 
  "##characteristics#compile#compilation_time#halfrange": 0.0, 
  "##characteristics#compile#compilation_time#max": 106.81086087226868, 
  "##characteristics#compile#compilation_time#mean": 106.81086087226868, 
  "##characteristics#compile#compilation_time#mean_imp": 1.0073250432060157, 
  "##characteristics#compile#compilation_time#min": 106.81086087226868, 
  "##characteristics#compile#compilation_time#min_imp": 1.0073250432060157, 
  "##characteristics#compile#compilation_time#range": 0.0, 
  "##characteristics#compile#compilation_time#range_percent": 0.0, 
  "##characteristics#compile#compilation_time#repeats": 1, 
  "##characteristics#compile#compilation_time_with_module#all": [
    111.75012111663818
  ], 
  "##characteristics#compile#compilation_time_with_module#all_unique": [
    111.75012111663818
  ], 
  "##characteristics#compile#compilation_time_with_module#center": 111.75012111663818, 
  "##characteristics#compile#compilation_time_with_module#center_imp": 1.0059055759335362, 
  "##characteristics#compile#compilation_time_with_module#halfrange": 0.0, 
  "##characteristics#compile#compilation_time_with_module#max": 111.75012111663818, 
  "##characteristics#compile#compilation_time_with_module#mean": 111.75012111663818, 
  "##characteristics#compile#compilation_time_with_module#mean_imp": 1.0059055759335362, 
  "##characteristics#compile#compilation_time_with_module#min": 111.75012111663818, 
  "##characteristics#compile#compilation_time_with_module#min_imp": 1.0059055759335362, 
  "##characteristics#compile#compilation_time_with_module#range": 0.0, 
  "##characteristics#compile#compilation_time_with_module#range_percent": 0.0, 
  "##characteristics#compile#compilation_time_with_module#repeats": 1, 
  "##characteristics#compile#joined_compiler_flags#all": [
    "-O3 -fexcess-precision=fast -fira-region=mixed -fbranch-count-reg -fno-caller-saves -fno-fast-math -fno-inline-functions-called-once -fira-share-spill-slots -floop-parallelize-all -fmove-loop-invariants -fno-partial-inlining -fno-rounding-math -fsched-pressure -fschedule-insns2 -fsplit-wide-types -ftree-copyrename -fno-tree-loop-if-convert-stores -fno-tree-sra -fno-use-linker-plugin"
  ], 
  "##characteristics#compile#joined_compiler_flags#all_unique": [
    "-O3 -fexcess-precision=fast -fira-region=mixed -fbranch-count-reg -fno-caller-saves -fno-fast-math -fno-inline-functions-called-once -fira-share-spill-slots -floop-parallelize-all -fmove-loop-invariants -fno-partial-inlining -fno-rounding-math -fsched-pressure -fschedule-insns2 -fsplit-wide-types -ftree-copyrename -fno-tree-loop-if-convert-stores -fno-tree-sra -fno-use-linker-plugin"
  ], 
  "##characteristics#compile#joined_compiler_flags#min": "-O3 -fexcess-precision=fast -fira-region=mixed -fbranch-count-reg -fno-caller-saves -fno-fast-math -fno-inline-functions-called-once -fira-share-spill-slots -floop-parallelize-all -fmove-loop-invariants -fno-partial-inlining -fno-rounding-math -fsched-pressure -fschedule-insns2 -fsplit-wide-types -ftree-copyrename -fno-tree-loop-if-convert-stores -fno-tree-sra -fno-use-linker-plugin", 
  "##characteristics#compile#joined_compiler_flags#min_imp": 0, 
  "##characteristics#compile#joined_compiler_flags#repeats": 1, 
  "##characteristics#compile#md5_sum#all": [
    "57ab832f0b85c24d42cbf704c6bf5e10"
  ], 
  "##characteristics#compile#md5_sum#all_unique": [
    "57ab832f0b85c24d42cbf704c6bf5e10"
  ], 
  "##characteristics#compile#md5_sum#min": "57ab832f0b85c24d42cbf704c6bf5e10", 
  "##characteristics#compile#md5_sum#min_imp": 0, 
  "##characteristics#compile#md5_sum#repeats": 1, 
  "##characteristics#compile#obj_size#all": [
    113076
  ], 
  "##characteristics#compile#obj_size#all_unique": [
    113076
  ], 
  "##characteristics#compile#obj_size#center": 113076, 
  "##characteristics#compile#obj_size#center_imp": 1.008595988538682, 
  "##characteristics#compile#obj_size#halfrange": 0, 
  "##characteristics#compile#obj_size#max": 113076, 
  "##characteristics#compile#obj_size#mean": 113076.0, 
  "##characteristics#compile#obj_size#mean_imp": 1.008595988538682, 
  "##characteristics#compile#obj_size#min": 113076, 
  "##characteristics#compile#obj_size#min_imp": 1.008595988538682, 
  "##characteristics#compile#obj_size#range": 0, 
  "##characteristics#compile#obj_size#range_percent": 0, 
  "##characteristics#compile#obj_size#repeats": 1, 
  "##characteristics#compile#obj_sizes#adler32.o#all": [
    2424
  ], 
  "##characteristics#compile#obj_sizes#adler32.o#all_unique": [
    2424
  ], 
  "##characteristics#compile#obj_sizes#adler32.o#center": 2424, 
  "##characteristics#compile#obj_sizes#adler32.o#center_imp": 1.0, 
  "##characteristics#compile#obj_sizes#adler32.o#halfrange": 0, 
  "##characteristics#compile#obj_sizes#adler32.o#max": 2424, 
  "##characteristics#compile#obj_sizes#adler32.o#mean": 2424.0, 
  "##characteristics#compile#obj_sizes#adler32.o#mean_imp": 1.0, 
  "##characteristics#compile#obj_sizes#adler32.o#min": 2424, 
  "##characteristics#compile#obj_sizes#adler32.o#min_imp": 1.0, 
  "##characteristics#compile#obj_sizes#adler32.o#range": 0, 
  "##characteristics#compile#obj_sizes#adler32.o#range_percent": 0, 
  "##characteristics#compile#obj_sizes#adler32.o#repeats": 1, 
  "##characteristics#compile#obj_sizes#compress.o#all": [
    1568
  ], 
  "##characteristics#compile#obj_sizes#compress.o#all_unique": [
    1568
  ], 
  "##characteristics#compile#obj_sizes#compress.o#center": 1568, 
  "##characteristics#compile#obj_sizes#compress.o#center_imp": 1.0, 
  "##characteristics#compile#obj_sizes#compress.o#halfrange": 0, 
  "##characteristics#compile#obj_sizes#compress.o#max": 1568, 
  "##characteristics#compile#obj_sizes#compress.o#mean": 1568.0, 
  "##characteristics#compile#obj_sizes#compress.o#mean_imp": 1.0, 
  "##characteristics#compile#obj_sizes#compress.o#min": 1568, 
  "##characteristics#compile#obj_sizes#compress.o#min_imp": 1.0, 
  "##characteristics#compile#obj_sizes#compress.o#range": 0, 
  "##characteristics#compile#obj_sizes#compress.o#range_percent": 0, 
  "##characteristics#compile#obj_sizes#compress.o#repeats": 1, 
  "##characteristics#compile#obj_sizes#crc32.o#all": [
    10812
  ], 
  "##characteristics#compile#obj_sizes#crc32.o#all_unique": [
    10812
  ], 
  "##characteristics#compile#obj_sizes#crc32.o#center": 10812, 
  "##characteristics#compile#obj_sizes#crc32.o#center_imp": 1.005919348871624, 
  "##characteristics#compile#obj_sizes#crc32.o#halfrange": 0, 
  "##characteristics#compile#obj_sizes#crc32.o#max": 10812, 
  "##characteristics#compile#obj_sizes#crc32.o#mean": 10812.0, 
  "##characteristics#compile#obj_sizes#crc32.o#mean_imp": 1.005919348871624, 
  "##characteristics#compile#obj_sizes#crc32.o#min": 10812, 
  "##characteristics#compile#obj_sizes#crc32.o#min_imp": 1.005919348871624, 
  "##characteristics#compile#obj_sizes#crc32.o#range": 0, 
  "##characteristics#compile#obj_sizes#crc32.o#range_percent": 0, 
  "##characteristics#compile#obj_sizes#crc32.o#repeats": 1, 
  "##characteristics#compile#obj_sizes#ctuning-rtl.o#all": [
    3836
  ], 
  "##characteristics#compile#obj_sizes#ctuning-rtl.o#all_unique": [
    3836
  ], 
  "##characteristics#compile#obj_sizes#ctuning-rtl.o#center": 3836, 
  "##characteristics#compile#obj_sizes#ctuning-rtl.o#center_imp": 1.0, 
  "##characteristics#compile#obj_sizes#ctuning-rtl.o#halfrange": 0, 
  "##characteristics#compile#obj_sizes#ctuning-rtl.o#max": 3836, 
  "##characteristics#compile#obj_sizes#ctuning-rtl.o#mean": 3836.0, 
  "##characteristics#compile#obj_sizes#ctuning-rtl.o#mean_imp": 1.0, 
  "##characteristics#compile#obj_sizes#ctuning-rtl.o#min": 3836, 
  "##characteristics#compile#obj_sizes#ctuning-rtl.o#min_imp": 1.0, 
  "##characteristics#compile#obj_sizes#ctuning-rtl.o#range": 0, 
  "##characteristics#compile#obj_sizes#ctuning-rtl.o#range_percent": 0, 
  "##characteristics#compile#obj_sizes#ctuning-rtl.o#repeats": 1, 
  "##characteristics#compile#obj_sizes#deflate.o#all": [
    19780
  ], 
  "##characteristics#compile#obj_sizes#deflate.o#all_unique": [
    19780
  ], 
  "##characteristics#compile#obj_sizes#deflate.o#center": 19780, 
  "##characteristics#compile#obj_sizes#deflate.o#center_imp": 1.0198179979777553, 
  "##characteristics#compile#obj_sizes#deflate.o#halfrange": 0, 
  "##characteristics#compile#obj_sizes#deflate.o#max": 19780, 
  "##characteristics#compile#obj_sizes#deflate.o#mean": 19780.0, 
  "##characteristics#compile#obj_sizes#deflate.o#mean_imp": 1.0198179979777553, 
  "##characteristics#compile#obj_sizes#deflate.o#min": 19780, 
  "##characteristics#compile#obj_sizes#deflate.o#min_imp": 1.0198179979777553, 
  "##characteristics#compile#obj_sizes#deflate.o#range": 0, 
  "##characteristics#compile#obj_sizes#deflate.o#range_percent": 0, 
  "##characteristics#compile#obj_sizes#deflate.o#repeats": 1, 
  "##characteristics#compile#obj_sizes#gzclose.o#all": [
    980
  ], 
  "##characteristics#compile#obj_sizes#gzclose.o#all_unique": [
    980
  ], 
  "##characteristics#compile#obj_sizes#gzclose.o#center": 980, 
  "##characteristics#compile#obj_sizes#gzclose.o#center_imp": 1.0, 
  "##characteristics#compile#obj_sizes#gzclose.o#halfrange": 0, 
  "##characteristics#compile#obj_sizes#gzclose.o#max": 980, 
  "##characteristics#compile#obj_sizes#gzclose.o#mean": 980.0, 
  "##characteristics#compile#obj_sizes#gzclose.o#mean_imp": 1.0, 
  "##characteristics#compile#obj_sizes#gzclose.o#min": 980, 
  "##characteristics#compile#obj_sizes#gzclose.o#min_imp": 1.0, 
  "##characteristics#compile#obj_sizes#gzclose.o#range": 0, 
  "##characteristics#compile#obj_sizes#gzclose.o#range_percent": 0, 
  "##characteristics#compile#obj_sizes#gzclose.o#repeats": 1, 
  "##characteristics#compile#obj_sizes#gzlib.o#all": [
    6300
  ], 
  "##characteristics#compile#obj_sizes#gzlib.o#all_unique": [
    6300
  ], 
  "##characteristics#compile#obj_sizes#gzlib.o#center": 6300, 
  "##characteristics#compile#obj_sizes#gzlib.o#center_imp": 1.0, 
  "##characteristics#compile#obj_sizes#gzlib.o#halfrange": 0, 
  "##characteristics#compile#obj_sizes#gzlib.o#max": 6300, 
  "##characteristics#compile#obj_sizes#gzlib.o#mean": 6300.0, 
  "##characteristics#compile#obj_sizes#gzlib.o#mean_imp": 1.0, 
  "##characteristics#compile#obj_sizes#gzlib.o#min": 6300, 
  "##characteristics#compile#obj_sizes#gzlib.o#min_imp": 1.0, 
  "##characteristics#compile#obj_sizes#gzlib.o#range": 0, 
  "##characteristics#compile#obj_sizes#gzlib.o#range_percent": 0, 
  "##characteristics#compile#obj_sizes#gzlib.o#repeats": 1, 
  "##characteristics#compile#obj_sizes#gzread.o#all": [
    5776
  ], 
  "##characteristics#compile#obj_sizes#gzread.o#all_unique": [
    5776
  ], 
  "##characteristics#compile#obj_sizes#gzread.o#center": 5776, 
  "##characteristics#compile#obj_sizes#gzread.o#center_imp": 1.0, 
  "##characteristics#compile#obj_sizes#gzread.o#halfrange": 0, 
  "##characteristics#compile#obj_sizes#gzread.o#max": 5776, 
  "##characteristics#compile#obj_sizes#gzread.o#mean": 5776.0, 
  "##characteristics#compile#obj_sizes#gzread.o#mean_imp": 1.0, 
  "##characteristics#compile#obj_sizes#gzread.o#min": 5776, 
  "##characteristics#compile#obj_sizes#gzread.o#min_imp": 1.0, 
  "##characteristics#compile#obj_sizes#gzread.o#range": 0, 
  "##characteristics#compile#obj_sizes#gzread.o#range_percent": 0, 
  "##characteristics#compile#obj_sizes#gzread.o#repeats": 1, 
  "##characteristics#compile#obj_sizes#gzwrite.o#all": [
    9556
  ], 
  "##characteristics#compile#obj_sizes#gzwrite.o#all_unique": [
    9556
  ], 
  "##characteristics#compile#obj_sizes#gzwrite.o#center": 9556, 
  "##characteristics#compile#obj_sizes#gzwrite.o#center_imp": 1.074089577228966, 
  "##characteristics#compile#obj_sizes#gzwrite.o#halfrange": 0, 
  "##characteristics#compile#obj_sizes#gzwrite.o#max": 9556, 
  "##characteristics#compile#obj_sizes#gzwrite.o#mean": 9556.0, 
  "##characteristics#compile#obj_sizes#gzwrite.o#mean_imp": 1.074089577228966, 
  "##characteristics#compile#obj_sizes#gzwrite.o#min": 9556, 
  "##characteristics#compile#obj_sizes#gzwrite.o#min_imp": 1.074089577228966, 
  "##characteristics#compile#obj_sizes#gzwrite.o#range": 0, 
  "##characteristics#compile#obj_sizes#gzwrite.o#range_percent": 0, 
  "##characteristics#compile#obj_sizes#gzwrite.o#repeats": 1, 
  "##characteristics#compile#obj_sizes#infback.o#all": [
    9568
  ], 
  "##characteristics#compile#obj_sizes#infback.o#all_unique": [
    9568
  ], 
  "##characteristics#compile#obj_sizes#infback.o#center": 9568, 
  "##characteristics#compile#obj_sizes#infback.o#center_imp": 1.000418060200669, 
  "##characteristics#compile#obj_sizes#infback.o#halfrange": 0, 
  "##characteristics#compile#obj_sizes#infback.o#max": 9568, 
  "##characteristics#compile#obj_sizes#infback.o#mean": 9568.0, 
  "##characteristics#compile#obj_sizes#infback.o#mean_imp": 1.000418060200669, 
  "##characteristics#compile#obj_sizes#infback.o#min": 9568, 
  "##characteristics#compile#obj_sizes#infback.o#min_imp": 1.000418060200669, 
  "##characteristics#compile#obj_sizes#infback.o#range": 0, 
  "##characteristics#compile#obj_sizes#infback.o#range_percent": 0, 
  "##characteristics#compile#obj_sizes#infback.o#repeats": 1, 
  "##characteristics#compile#obj_sizes#inffast.o#all": [
    4016
  ], 
  "##characteristics#compile#obj_sizes#inffast.o#all_unique": [
    4016
  ], 
  "##characteristics#compile#obj_sizes#inffast.o#center": 4016, 
  "##characteristics#compile#obj_sizes#inffast.o#center_imp": 0.9950199203187251, 
  "##characteristics#compile#obj_sizes#inffast.o#halfrange": 0, 
  "##characteristics#compile#obj_sizes#inffast.o#max": 4016, 
  "##characteristics#compile#obj_sizes#inffast.o#mean": 4016.0, 
  "##characteristics#compile#obj_sizes#inffast.o#mean_imp": 0.9950199203187251, 
  "##characteristics#compile#obj_sizes#inffast.o#min": 4016, 
  "##characteristics#compile#obj_sizes#inffast.o#min_imp": 0.9950199203187251, 
  "##characteristics#compile#obj_sizes#inffast.o#range": 0, 
  "##characteristics#compile#obj_sizes#inffast.o#range_percent": 0, 
  "##characteristics#compile#obj_sizes#inffast.o#repeats": 1, 
  "##characteristics#compile#obj_sizes#inflate.o#all": [
    16924
  ], 
  "##characteristics#compile#obj_sizes#inflate.o#all_unique": [
    16924
  ], 
  "##characteristics#compile#obj_sizes#inflate.o#center": 16924, 
  "##characteristics#compile#obj_sizes#inflate.o#center_imp": 0.9903096194753014, 
  "##characteristics#compile#obj_sizes#inflate.o#halfrange": 0, 
  "##characteristics#compile#obj_sizes#inflate.o#max": 16924, 
  "##characteristics#compile#obj_sizes#inflate.o#mean": 16924.0, 
  "##characteristics#compile#obj_sizes#inflate.o#mean_imp": 0.9903096194753014, 
  "##characteristics#compile#obj_sizes#inflate.o#min": 16924, 
  "##characteristics#compile#obj_sizes#inflate.o#min_imp": 0.9903096194753014, 
  "##characteristics#compile#obj_sizes#inflate.o#range": 0, 
  "##characteristics#compile#obj_sizes#inflate.o#range_percent": 0, 
  "##characteristics#compile#obj_sizes#inflate.o#repeats": 1, 
  "##characteristics#compile#obj_sizes#inftrees.o#all": [
    4420
  ], 
  "##characteristics#compile#obj_sizes#inftrees.o#all_unique": [
    4420
  ], 
  "##characteristics#compile#obj_sizes#inftrees.o#center": 4420, 
  "##characteristics#compile#obj_sizes#inftrees.o#center_imp": 1.0, 
  "##characteristics#compile#obj_sizes#inftrees.o#halfrange": 0, 
  "##characteristics#compile#obj_sizes#inftrees.o#max": 4420, 
  "##characteristics#compile#obj_sizes#inftrees.o#mean": 4420.0, 
  "##characteristics#compile#obj_sizes#inftrees.o#mean_imp": 1.0, 
  "##characteristics#compile#obj_sizes#inftrees.o#min": 4420, 
  "##characteristics#compile#obj_sizes#inftrees.o#min_imp": 1.0, 
  "##characteristics#compile#obj_sizes#inftrees.o#range": 0, 
  "##characteristics#compile#obj_sizes#inftrees.o#range_percent": 0, 
  "##characteristics#compile#obj_sizes#inftrees.o#repeats": 1, 
  "##characteristics#compile#obj_sizes#trees.o#all": [
    14196
  ], 
  "##characteristics#compile#obj_sizes#trees.o#all_unique": [
    14196
  ], 
  "##characteristics#compile#obj_sizes#trees.o#center": 14196, 
  "##characteristics#compile#obj_sizes#trees.o#center_imp": 0.9991546914623838, 
  "##characteristics#compile#obj_sizes#trees.o#halfrange": 0, 
  "##characteristics#compile#obj_sizes#trees.o#max": 14196, 
  "##characteristics#compile#obj_sizes#trees.o#mean": 14196.0, 
  "##characteristics#compile#obj_sizes#trees.o#mean_imp": 0.9991546914623838, 
  "##characteristics#compile#obj_sizes#trees.o#min": 14196, 
  "##characteristics#compile#obj_sizes#trees.o#min_imp": 0.9991546914623838, 
  "##characteristics#compile#obj_sizes#trees.o#range": 0, 
  "##characteristics#compile#obj_sizes#trees.o#range_percent": 0, 
  "##characteristics#compile#obj_sizes#trees.o#repeats": 1, 
  "##characteristics#compile#obj_sizes#uncompr.o#all": [
    1272
  ], 
  "##characteristics#compile#obj_sizes#uncompr.o#all_unique": [
    1272
  ], 
  "##characteristics#compile#obj_sizes#uncompr.o#center": 1272, 
  "##characteristics#compile#obj_sizes#uncompr.o#center_imp": 1.0, 
  "##characteristics#compile#obj_sizes#uncompr.o#halfrange": 0, 
  "##characteristics#compile#obj_sizes#uncompr.o#max": 1272, 
  "##characteristics#compile#obj_sizes#uncompr.o#mean": 1272.0, 
  "##characteristics#compile#obj_sizes#uncompr.o#mean_imp": 1.0, 
  "##characteristics#compile#obj_sizes#uncompr.o#min": 1272, 
  "##characteristics#compile#obj_sizes#uncompr.o#min_imp": 1.0, 
  "##characteristics#compile#obj_sizes#uncompr.o#range": 0, 
  "##characteristics#compile#obj_sizes#uncompr.o#range_percent": 0, 
  "##characteristics#compile#obj_sizes#uncompr.o#repeats": 1, 
  "##characteristics#compile#obj_sizes#zutil.o#all": [
    1648
  ], 
  "##characteristics#compile#obj_sizes#zutil.o#all_unique": [
    1648
  ], 
  "##characteristics#compile#obj_sizes#zutil.o#center": 1648, 
  "##characteristics#compile#obj_sizes#zutil.o#center_imp": 1.0, 
  "##characteristics#compile#obj_sizes#zutil.o#halfrange": 0, 
  "##characteristics#compile#obj_sizes#zutil.o#max": 1648, 
  "##characteristics#compile#obj_sizes#zutil.o#mean": 1648.0, 
  "##characteristics#compile#obj_sizes#zutil.o#mean_imp": 1.0, 
  "##characteristics#compile#obj_sizes#zutil.o#min": 1648, 
  "##characteristics#compile#obj_sizes#zutil.o#min_imp": 1.0, 
  "##characteristics#compile#obj_sizes#zutil.o#range": 0, 
  "##characteristics#compile#obj_sizes#zutil.o#range_percent": 0, 
  "##characteristics#compile#obj_sizes#zutil.o#repeats": 1, 
  "##characteristics#compile#program_git_hash#all": [
    "f3b3ffe43b24039767a39c7f85ab4b768684a65b"
  ], 
  "##characteristics#compile#program_git_hash#all_unique": [
    "f3b3ffe43b24039767a39c7f85ab4b768684a65b"
  ], 
  "##characteristics#compile#program_git_hash#min": "f3b3ffe43b24039767a39c7f85ab4b768684a65b", 
  "##characteristics#compile#program_git_hash#min_imp": 0, 
  "##characteristics#compile#program_git_hash#repeats": 1, 
  "##characteristics#run#execution_time#all": [
    0.016486949919224555, 
    0.016352762520193864, 
    0.016506150242326333, 
    0.016481586429725362
  ], 
  "##characteristics#run#execution_time#all_unique": [
    0.016486949919224555, 
    0.016352762520193864, 
    0.016506150242326333, 
    0.016481586429725362
  ], 
  "##characteristics#run#execution_time#center": 0.0164294563812601, 
  "##characteristics#run#execution_time#center_imp": 0.9887669252402214, 
  "##characteristics#run#execution_time#halfrange": 7.669386106623488e-05, 
  "##characteristics#run#execution_time#max": 0.016506150242326333, 
  "##characteristics#run#execution_time#mean": 0.016456862277867527, 
  "##characteristics#run#execution_time#mean_imp": 0.9875209557390103, 
  "##characteristics#run#execution_time#min": 0.016352762520193864, 
  "##characteristics#run#execution_time#min_imp": 0.9888801623336847, 
  "##characteristics#run#execution_time#range": 0.00015338772213246976, 
  "##characteristics#run#execution_time#range_percent": 0.00937992721065036, 
  "##characteristics#run#execution_time#repeats": 4, 
  "##characteristics#run#execution_time_kernel_0#all": [
    10.205422, 
    10.12236, 
    10.217307, 
    10.202102
  ], 
  "##characteristics#run#execution_time_kernel_0#all_unique": [
    10.205422, 
    10.12236, 
    10.217307, 
    10.202102
  ], 
  "##characteristics#run#execution_time_kernel_0#center": 10.1698335, 
  "##characteristics#run#execution_time_kernel_0#center_imp": 0.9887669252402216, 
  "##characteristics#run#execution_time_kernel_0#halfrange": 0.047473499999999724, 
  "##characteristics#run#execution_time_kernel_0#max": 10.217307, 
  "##characteristics#run#execution_time_kernel_0#mean": 10.18679775, 
  "##characteristics#run#execution_time_kernel_0#mean_imp": 0.9875209557390102, 
  "##characteristics#run#execution_time_kernel_0#min": 10.12236, 
  "##characteristics#run#execution_time_kernel_0#min_imp": 0.9888801623336849, 
  "##characteristics#run#execution_time_kernel_0#range": 0.09494699999999945, 
  "##characteristics#run#execution_time_kernel_0#range_percent": 0.009379927210650426, 
  "##characteristics#run#execution_time_kernel_0#repeats": 4, 
  "##characteristics#run#execution_time_with_module#all": [
    11.472213983535767, 
    11.550350189208984, 
    10.934545993804932, 
    10.924868822097778
  ], 
  "##characteristics#run#execution_time_with_module#all_unique": [
    11.472213983535767, 
    11.550350189208984, 
    10.934545993804932, 
    10.924868822097778
  ], 
  "##characteristics#run#execution_time_with_module#center": 11.237609505653381, 
  "##characteristics#run#execution_time_with_module#center_imp": 1.1710022905888189, 
  "##characteristics#run#execution_time_with_module#halfrange": 0.312740683555603, 
  "##characteristics#run#execution_time_with_module#max": 11.550350189208984, 
  "##characteristics#run#execution_time_with_module#mean": 11.220494747161865, 
  "##characteristics#run#execution_time_with_module#mean_imp": 1.0673284672022958, 
  "##characteristics#run#execution_time_with_module#min": 10.924868822097778, 
  "##characteristics#run#execution_time_with_module#min_imp": 0.9821911949663025, 
  "##characteristics#run#execution_time_with_module#range": 0.625481367111206, 
  "##characteristics#run#execution_time_with_module#range_percent": 0.05725298649316889, 
  "##characteristics#run#execution_time_with_module#repeats": 4, 
  "##characteristics#run#repeat#all": [
    619, 
    619, 
    619, 
    619
  ], 
  "##characteristics#run#repeat#all_unique": [
    619
  ], 
  "##characteristics#run#repeat#center": 619, 
  "##characteristics#run#repeat#center_imp": 1.0, 
  "##characteristics#run#repeat#halfrange": 0, 
  "##characteristics#run#repeat#max": 619, 
  "##characteristics#run#repeat#mean": 619.0, 
  "##characteristics#run#repeat#mean_imp": 1.0, 
  "##characteristics#run#repeat#min": 619, 
  "##characteristics#run#repeat#min_imp": 1.0, 
  "##characteristics#run#repeat#range": 0, 
  "##characteristics#run#repeat#range_percent": 0, 
  "##characteristics#run#repeat#repeats": 4, 
  "##characteristics#run#return_code#all": [
    0, 
    0, 
    0, 
    0
  ], 
  "##characteristics#run#return_code#all_unique": [
    0
  ], 
  "##characteristics#run#return_code#center": 0, 
  "##characteristics#run#return_code#halfrange": 0, 
  "##characteristics#run#return_code#max": 0, 
  "##characteristics#run#return_code#mean": 0.0, 
  "##characteristics#run#return_code#min": 0, 
  "##characteristics#run#return_code#min_imp": 1, 
  "##characteristics#run#return_code#range": 0, 
  "##characteristics#run#return_code#repeats": 4, 
  "##characteristics#run#run_success#all": [
    "yes", 
    "yes", 
    "yes", 
    "yes"
  ], 
  "##characteristics#run#run_success#all_unique": [
    "yes"
  ], 
  "##characteristics#run#run_success#min": "yes", 
  "##characteristics#run#run_success#min_imp": 1, 
  "##characteristics#run#run_success#repeats": 4, 
  "##characteristics#run#run_success_bool#all": [
    true, 
    true, 
    true, 
    true
  ], 
  "##characteristics#run#run_success_bool#all_unique": [
    true
  ], 
  "##characteristics#run#run_success_bool#min": true, 
  "##characteristics#run#run_success_bool#min_imp": 1, 
  "##characteristics#run#run_success_bool#repeats": 4, 
  "##characteristics#run#total_execution_time#all": [
    10.205422, 
    10.12236, 
    10.217307, 
    10.202102
  ], 
  "##characteristics#run#total_execution_time#all_unique": [
    10.205422, 
    10.12236, 
    10.217307, 
    10.202102
  ], 
  "##characteristics#run#total_execution_time#center": 10.1698335, 
  "##characteristics#run#total_execution_time#center_imp": 0.9887669252402216, 
  "##characteristics#run#total_execution_time#halfrange": 0.047473499999999724, 
  "##characteristics#run#total_execution_time#max": 10.217307, 
  "##characteristics#run#total_execution_time#mean": 10.18679775, 
  "##characteristics#run#total_execution_time#mean_imp": 0.9875209557390102, 
  "##characteristics#run#total_execution_time#min": 10.12236, 
  "##characteristics#run#total_execution_time#min_imp": 0.9888801623336849, 
  "##characteristics#run#total_execution_time#range": 0.09494699999999945, 
  "##characteristics#run#total_execution_time#range_percent": 0.009379927210650426, 
  "##characteristics#run#total_execution_time#repeats": 4
}
