{
  "##choices#calibration_time": 10.0, 
  "##choices#cmd_key": "decode", 
  "##choices#compile_type": "dynamic", 
  "##choices#compiler_description_uoa": "gcc-4.9.0-auto", 
  "##choices#compiler_flags#base_opt": "-O3", 
  "##choices#compiler_flags#bool--fira-algorithm=": "-fira-algorithm=priority", 
  "##choices#compiler_flags#bool-branch-target-load-optimize2": "-fbranch-target-load-optimize2", 
  "##choices#compiler_flags#bool-conserve-stack": "-fconserve-stack", 
  "##choices#compiler_flags#bool-delayed-branch": "-fdelayed-branch", 
  "##choices#compiler_flags#bool-forward-propagate": "-fforward-propagate", 
  "##choices#compiler_flags#bool-gcse-lm": "-fgcse-lm", 
  "##choices#compiler_flags#bool-inline-functions-called-once": "-fno-inline-functions-called-once", 
  "##choices#compiler_flags#bool-inline-small-functions": "-finline-small-functions", 
  "##choices#compiler_flags#bool-ipa-cp-clone": "-fno-ipa-cp-clone", 
  "##choices#compiler_flags#bool-ipa-reference": "-fno-ipa-reference", 
  "##choices#compiler_flags#bool-ira-hoist-pressure": "-fira-hoist-pressure", 
  "##choices#compiler_flags#bool-isolate-erroneous-paths-dereference": "-fisolate-erroneous-paths-dereference", 
  "##choices#compiler_flags#bool-keep-static-consts": "-fno-keep-static-consts", 
  "##choices#compiler_flags#bool-loop-nest-optimize": "-fno-loop-nest-optimize", 
  "##choices#compiler_flags#bool-math-errno": "-fno-math-errno", 
  "##choices#compiler_flags#bool-peephole2": "-fno-peephole2", 
  "##choices#compiler_flags#bool-sched-critical-path-heuristic": "-fno-sched-critical-path-heuristic", 
  "##choices#compiler_flags#bool-signaling-nans": "-fsignaling-nans", 
  "##choices#compiler_flags#bool-split-wide-types": "-fsplit-wide-types", 
  "##choices#compiler_flags#bool-tree-coalesce-vars": "-fno-tree-coalesce-vars", 
  "##choices#compiler_flags#bool-tree-copyrename": "-ftree-copyrename", 
  "##choices#compiler_flags#bool-tree-fre": "-ftree-fre", 
  "##choices#compiler_flags#bool-tree-loop-if-convert-stores": "-ftree-loop-if-convert-stores", 
  "##choices#compiler_flags#bool-unsafe-loop-optimizations": "-funsafe-loop-optimizations", 
  "##choices#compiler_flags#bool-unswitch-loops": "-funswitch-loops", 
  "##choices#compiler_flags#bool-vect-cost-model": "-fno-vect-cost-model", 
  "##choices#data_uoa": "zlib-inflate", 
  "##choices#dataset_file": "audio-wav-0001-deflated", 
  "##choices#dataset_uoa": "audio-wav-0001-deflated", 
  "##choices#device_id": "", 
  "##choices#host_os": "linux-32", 
  "##choices#module_uoa": "b0ac08fe1d3c2615", 
  "##choices#no_state_check": "yes", 
  "##choices#program_tags": "", 
  "##choices#repeat": 619, 
  "##choices#target": "", 
  "##choices#target_os": "linux-32", 
  "##choices#target_os_bits": "32"
}
