{
  "##choices#calibration_time": 10.0, 
  "##choices#cmd_key": "decode", 
  "##choices#compile_type": "dynamic", 
  "##choices#compiler_description_uoa": "gcc-4.9.0-auto", 
  "##choices#compiler_flags#base_opt": "-O3", 
  "##choices#compiler_flags#bool--fexcess-precision=": "-fexcess-precision=fast", 
  "##choices#compiler_flags#bool-branch-count-reg": "-fno-branch-count-reg", 
  "##choices#compiler_flags#bool-dse": "-fdse", 
  "##choices#compiler_flags#bool-fat-lto-objects": "-ffat-lto-objects", 
  "##choices#compiler_flags#bool-gcse-after-reload": "-fgcse-after-reload", 
  "##choices#compiler_flags#bool-ipa-cp-clone": "-fipa-cp-clone", 
  "##choices#compiler_flags#bool-ira-share-save-slots": "-fira-share-save-slots", 
  "##choices#compiler_flags#bool-isolate-erroneous-paths-attribute": "-fno-isolate-erroneous-paths-attribute", 
  "##choices#compiler_flags#bool-loop-parallelize-all": "-fno-loop-parallelize-all", 
  "##choices#compiler_flags#bool-peephole": "-fpeephole", 
  "##choices#compiler_flags#bool-prefetch-loop-arrays": "-fno-prefetch-loop-arrays", 
  "##choices#compiler_flags#bool-rerun-cse-after-loop": "-fno-rerun-cse-after-loop", 
  "##choices#compiler_flags#bool-reschedule-modulo-scheduled-loops": "-freschedule-modulo-scheduled-loops", 
  "##choices#compiler_flags#bool-sched-group-heuristic": "-fsched-group-heuristic", 
  "##choices#compiler_flags#bool-sel-sched-pipelining-outer-loops": "-fsel-sched-pipelining-outer-loops", 
  "##choices#compiler_flags#bool-shrink-wrap": "-fno-shrink-wrap", 
  "##choices#compiler_flags#bool-signed-zeros": "-fno-signed-zeros", 
  "##choices#compiler_flags#bool-single-precision-constant": "-fno-single-precision-constant", 
  "##choices#compiler_flags#bool-toplevel-reorder": "-fno-toplevel-reorder", 
  "##choices#compiler_flags#bool-tree-pta": "-ftree-pta", 
  "##choices#compiler_flags#bool-tree-reassoc": "-ftree-reassoc", 
  "##choices#data_uoa": "zlib-inflate", 
  "##choices#dataset_file": "audio-wav-0001-deflated", 
  "##choices#dataset_uoa": "audio-wav-0001-deflated", 
  "##choices#device_id": "", 
  "##choices#host_os": "linux-32", 
  "##choices#module_uoa": "b0ac08fe1d3c2615", 
  "##choices#no_state_check": "yes", 
  "##choices#program_tags": "", 
  "##choices#repeat": 619, 
  "##choices#target": "", 
  "##choices#target_os": "linux-32", 
  "##choices#target_os_bits": "32"
}
