{
  "characteristics_list": [
    {
      "compile": {
        "binary_size": 98812, 
        "compilation_success": "yes", 
        "compilation_success_bool": true, 
        "compilation_time": 97.12952899932861, 
        "compilation_time_with_module": 102.05630803108215, 
        "joined_compiler_flags": "-O3 -fno-branch-count-reg -fbranch-target-load-optimize2 -fno-combine-stack-adjustments -fcse-follow-jumps -fearly-inlining -ffast-math -ffunction-cse -fno-gcse-after-reload -finline-functions-called-once -fno-ipa-reference -fmodulo-sched-allow-regmoves -fpartial-inlining -fpeephole -fno-prefetch-loop-arrays -fno-sched-critical-path-heuristic -fno-signaling-nans -fno-tree-ch -ftree-copyrename -fno-tree-loop-im -ftree-partial-pre -ftree-pre -ftree-reassoc -fno-unroll-all-loops -fno-unroll-loops -fno-use-linker-plugin -fno-web", 
        "md5_sum": "2dd171293b231b30ff5a40caa63a1a0b", 
        "obj_size": 111616, 
        "obj_sizes": {
          "adler32.o": 2660, 
          "compress.o": 1556, 
          "crc32.o": 11236, 
          "ctuning-rtl.o": 3824, 
          "deflate.o": 20144, 
          "gzclose.o": 976, 
          "gzlib.o": 6208, 
          "gzread.o": 5836, 
          "gzwrite.o": 10208, 
          "infback.o": 8644, 
          "inffast.o": 3904, 
          "inflate.o": 15076, 
          "inftrees.o": 4412, 
          "trees.o": 14024, 
          "uncompr.o": 1264, 
          "zutil.o": 1644
        }, 
        "program_git_hash": "f3b3ffe43b24039767a39c7f85ab4b768684a65b"
      }, 
      "run": {
        "execution_time": 0.017699600969305333, 
        "execution_time_kernel_0": 10.956053, 
        "execution_time_with_module": 11.689276933670044, 
        "repeat": 619, 
        "return_code": 0, 
        "run_success": "yes", 
        "run_success_bool": true, 
        "total_execution_time": 10.956053
      }
    }, 
    {
      "run": {
        "execution_time": 0.01770484168012924, 
        "execution_time_kernel_0": 10.959297, 
        "execution_time_with_module": 11.690365076065063, 
        "repeat": 619, 
        "return_code": 0, 
        "run_success": "yes", 
        "run_success_bool": true, 
        "total_execution_time": 10.959297
      }
    }, 
    {
      "run": {
        "execution_time": 0.017657313408723747, 
        "execution_time_kernel_0": 10.929877, 
        "execution_time_with_module": 11.657883167266846, 
        "repeat": 619, 
        "return_code": 0, 
        "run_success": "yes", 
        "run_success_bool": true, 
        "total_execution_time": 10.929877
      }
    }, 
    {
      "run": {
        "execution_time": 0.01783643618739903, 
        "execution_time_kernel_0": 11.040754, 
        "execution_time_with_module": 11.765960931777954, 
        "repeat": 619, 
        "return_code": 0, 
        "run_success": "yes", 
        "run_success_bool": true, 
        "total_execution_time": 11.040754
      }
    }
  ], 
  "choices": {
    "calibration_time": 10.0, 
    "cmd_key": "decode", 
    "compile_type": "dynamic", 
    "compiler_description_uoa": "gcc-4.9.0-auto", 
    "compiler_flags": {
      "base_opt": "-O3", 
      "bool-branch-count-reg": "-fno-branch-count-reg", 
      "bool-branch-target-load-optimize2": "-fbranch-target-load-optimize2", 
      "bool-combine-stack-adjustments": "-fno-combine-stack-adjustments", 
      "bool-cse-follow-jumps": "-fcse-follow-jumps", 
      "bool-early-inlining": "-fearly-inlining", 
      "bool-fast-math": "-ffast-math", 
      "bool-function-cse": "-ffunction-cse", 
      "bool-gcse-after-reload": "-fno-gcse-after-reload", 
      "bool-inline-functions-called-once": "-finline-functions-called-once", 
      "bool-ipa-reference": "-fno-ipa-reference", 
      "bool-modulo-sched-allow-regmoves": "-fmodulo-sched-allow-regmoves", 
      "bool-partial-inlining": "-fpartial-inlining", 
      "bool-peephole": "-fpeephole", 
      "bool-prefetch-loop-arrays": "-fno-prefetch-loop-arrays", 
      "bool-sched-critical-path-heuristic": "-fno-sched-critical-path-heuristic", 
      "bool-signaling-nans": "-fno-signaling-nans", 
      "bool-tree-ch": "-fno-tree-ch", 
      "bool-tree-copyrename": "-ftree-copyrename", 
      "bool-tree-loop-im": "-fno-tree-loop-im", 
      "bool-tree-partial-pre": "-ftree-partial-pre", 
      "bool-tree-pre": "-ftree-pre", 
      "bool-tree-reassoc": "-ftree-reassoc", 
      "bool-unroll-all-loops": "-fno-unroll-all-loops", 
      "bool-unroll-loops": "-fno-unroll-loops", 
      "bool-use-linker-plugin": "-fno-use-linker-plugin", 
      "bool-web": "-fno-web"
    }, 
    "data_uoa": "zlib-inflate", 
    "dataset_file": "audio-wav-0001-deflated", 
    "dataset_uoa": "audio-wav-0001-deflated", 
    "device_cfg": {}, 
    "device_id": "", 
    "host_os": "linux-32", 
    "module_uoa": "b0ac08fe1d3c2615", 
    "no_state_check": "yes", 
    "program_tags": "", 
    "repeat": 619, 
    "target": "", 
    "target_os": "linux-32", 
    "target_os_bits": "32"
  }, 
  "choices_order": [
    "##compiler_flags#base_opt", 
    "##compiler_flags#bool-branch-count-reg", 
    "##compiler_flags#bool-branch-target-load-optimize2", 
    "##compiler_flags#bool-combine-stack-adjustments", 
    "##compiler_flags#bool-cse-follow-jumps", 
    "##compiler_flags#bool-early-inlining", 
    "##compiler_flags#bool-fast-math", 
    "##compiler_flags#bool-function-cse", 
    "##compiler_flags#bool-gcse-after-reload", 
    "##compiler_flags#bool-inline-functions-called-once", 
    "##compiler_flags#bool-ipa-reference", 
    "##compiler_flags#bool-modulo-sched-allow-regmoves", 
    "##compiler_flags#bool-partial-inlining", 
    "##compiler_flags#bool-peephole", 
    "##compiler_flags#bool-prefetch-loop-arrays", 
    "##compiler_flags#bool-sched-critical-path-heuristic", 
    "##compiler_flags#bool-signaling-nans", 
    "##compiler_flags#bool-tree-ch", 
    "##compiler_flags#bool-tree-copyrename", 
    "##compiler_flags#bool-tree-loop-im", 
    "##compiler_flags#bool-tree-partial-pre", 
    "##compiler_flags#bool-tree-pre", 
    "##compiler_flags#bool-tree-reassoc", 
    "##compiler_flags#bool-unroll-all-loops", 
    "##compiler_flags#bool-unroll-loops", 
    "##compiler_flags#bool-use-linker-plugin", 
    "##compiler_flags#bool-web"
  ], 
  "features": {
    "compiler_version": {
      "list": [
        4, 
        9, 
        2
      ], 
      "raw": [
        "gcc-4.9 (Raspbian 4.9.2-10) 4.9.2", 
        "Copyright (C) 2014 Free Software Foundation, Inc.", 
        "This is free software; see the source for copying conditions.  There is NO", 
        "warranty; not even for MERCHANTABILITY or FITNESS FOR A PARTICULAR PURPOSE.", 
        "", 
        ""
      ], 
      "str": "4.9.2"
    }, 
    "dataset": {
      "total_size": 116960
    }, 
    "number_of_selected_compiler_flags": 27, 
    "platform": {
      "cpu": {
        "all_freqs": {
          "0": [
            700000, 
            700000
          ]
        }, 
        "cpu_abi": "", 
        "cpu_features": "half thumb fastmult vfp edsp java tls", 
        "current_freq": {
          "0": 700.0
        }, 
        "max_freq": {
          "0": 700.0
        }, 
        "name": "BCM2708", 
        "num_proc": "1", 
        "sub_name": "ARMv6-compatible processor rev 7 (v6l)", 
        "workload_automation": {
          "device_config": {
            "core_clusters": [
              0
            ], 
            "core_names": [
              "BCM2708"
            ]
          }
        }
      }, 
      "cpu_misc": {
        "0": {
          "BogoMIPS": "697.95", 
          "CPU architecture": "7", 
          "CPU implementer": "0x41", 
          "CPU part": "0xb76", 
          "CPU revision": "7", 
          "CPU variant": "0x0", 
          "Features": "half thumb fastmult vfp edsp java tls", 
          "Hardware": "BCM2708", 
          "Revision": "0013", 
          "Serial": "00000000999033c3", 
          "all_freqs": [
            "0", 
            "0"
          ], 
          "ck_cpu_name": "BCM2708", 
          "ck_cpu_subname": "ARMv6-compatible processor rev 7 (v6l)", 
          "cpu_features": "half thumb fastmult vfp edsp java tls", 
          "cur_freq": 700.0, 
          "max_freq": 700.0, 
          "model name": "ARMv6-compatible processor rev 7 (v6l)", 
          "processor": "0"
        }
      }, 
      "cpu_new_format": "", 
      "cpu_unique": [
        {
          "BogoMIPS": "697.95", 
          "CPU architecture": "7", 
          "CPU implementer": "0x41", 
          "CPU part": "0xb76", 
          "CPU revision": "7", 
          "CPU variant": "0x0", 
          "Features": "half thumb fastmult vfp edsp java tls", 
          "Hardware": "BCM2708", 
          "Revision": "0013", 
          "Serial": "00000000999033c3", 
          "all_freqs": [
            "0", 
            "0"
          ], 
          "ck_cpu_name": "BCM2708", 
          "ck_cpu_subname": "ARMv6-compatible processor rev 7 (v6l)", 
          "cpu_features": "half thumb fastmult vfp edsp java tls", 
          "cur_freq": 700.0, 
          "max_freq": 700.0, 
          "model name": "ARMv6-compatible processor rev 7 (v6l)", 
          "processor": "0"
        }
      ], 
      "gpu": {
        "name": "", 
        "vendor": ""
      }, 
      "gpu_misc": {}, 
      "os": {
        "abi": "armv6l", 
        "bits": "32", 
        "ck_os_base_uoa": "", 
        "ck_os_uoa": "linux-32", 
        "name": "Linux 4.4.21+", 
        "name_long": "Linux-4.4.21+-armv6l-with-debian-8.0", 
        "name_short": "Linux 4.4.21+", 
        "serial_number": ""
      }, 
      "os_misc": {}, 
      "platform": {
        "model": "", 
        "name": "", 
        "vendor": ""
      }, 
      "platform_misc": {}
    }, 
    "solution_uid": "61764d46879edf84", 
    "statistical_repetitions": 4
  }
}
