{
  "##choices#calibration_time": 10.0, 
  "##choices#cmd_key": "decode", 
  "##choices#compile_type": "dynamic", 
  "##choices#compiler_description_uoa": "gcc-4.9.0-auto", 
  "##choices#compiler_flags#base_opt": "-O3", 
  "##choices#compiler_flags#bool--ffp-contract=": "-ffp-contract=on", 
  "##choices#compiler_flags#bool-branch-target-load-optimize": "-fno-branch-target-load-optimize", 
  "##choices#compiler_flags#bool-compare-elim": "-fcompare-elim", 
  "##choices#compiler_flags#bool-early-inlining": "-fno-early-inlining", 
  "##choices#compiler_flags#bool-expensive-optimizations": "-fno-expensive-optimizations", 
  "##choices#compiler_flags#bool-function-cse": "-fno-function-cse", 
  "##choices#compiler_flags#bool-guess-branch-probability": "-fno-guess-branch-probability", 
  "##choices#compiler_flags#bool-ipa-cp": "-fno-ipa-cp", 
  "##choices#compiler_flags#bool-ipa-reference": "-fipa-reference", 
  "##choices#compiler_flags#bool-isolate-erroneous-paths-attribute": "-fno-isolate-erroneous-paths-attribute", 
  "##choices#compiler_flags#bool-partial-inlining": "-fno-partial-inlining", 
  "##choices#compiler_flags#bool-peel-loops": "-fpeel-loops", 
  "##choices#compiler_flags#bool-predictive-commoning": "-fno-predictive-commoning", 
  "##choices#compiler_flags#bool-reorder-blocks-and-partition": "-fno-reorder-blocks-and-partition", 
  "##choices#compiler_flags#bool-signed-zeros": "-fsigned-zeros", 
  "##choices#compiler_flags#bool-split-wide-types": "-fno-split-wide-types", 
  "##choices#compiler_flags#bool-tree-builtin-call-dce": "-ftree-builtin-call-dce", 
  "##choices#compiler_flags#bool-tree-pre": "-fno-tree-pre", 
  "##choices#data_uoa": "zlib-inflate", 
  "##choices#dataset_file": "audio-wav-0001-deflated", 
  "##choices#dataset_uoa": "audio-wav-0001-deflated", 
  "##choices#device_id": "", 
  "##choices#host_os": "linux-32", 
  "##choices#module_uoa": "b0ac08fe1d3c2615", 
  "##choices#no_state_check": "yes", 
  "##choices#program_tags": "", 
  "##choices#repeat": 619, 
  "##choices#target": "", 
  "##choices#target_os": "linux-32", 
  "##choices#target_os_bits": "32"
}
