{
  "##choices#calibration_time": 10.0, 
  "##choices#cmd_key": "decode", 
  "##choices#compile_type": "dynamic", 
  "##choices#compiler_description_uoa": "gcc-4.9.0-auto", 
  "##choices#compiler_flags#base_opt": "-O3", 
  "##choices#compiler_flags#bool--fexcess-precision=": "-fexcess-precision=fast", 
  "##choices#compiler_flags#bool--fira-region=": "-fira-region=mixed", 
  "##choices#compiler_flags#bool-branch-count-reg": "-fbranch-count-reg", 
  "##choices#compiler_flags#bool-caller-saves": "-fno-caller-saves", 
  "##choices#compiler_flags#bool-fast-math": "-fno-fast-math", 
  "##choices#compiler_flags#bool-inline-functions-called-once": "-fno-inline-functions-called-once", 
  "##choices#compiler_flags#bool-ira-share-spill-slots": "-fira-share-spill-slots", 
  "##choices#compiler_flags#bool-loop-parallelize-all": "-floop-parallelize-all", 
  "##choices#compiler_flags#bool-move-loop-invariants": "-fmove-loop-invariants", 
  "##choices#compiler_flags#bool-partial-inlining": "-fno-partial-inlining", 
  "##choices#compiler_flags#bool-rounding-math": "-fno-rounding-math", 
  "##choices#compiler_flags#bool-sched-pressure": "-fsched-pressure", 
  "##choices#compiler_flags#bool-schedule-insns2": "-fschedule-insns2", 
  "##choices#compiler_flags#bool-split-wide-types": "-fsplit-wide-types", 
  "##choices#compiler_flags#bool-tree-copyrename": "-ftree-copyrename", 
  "##choices#compiler_flags#bool-tree-loop-if-convert-stores": "-fno-tree-loop-if-convert-stores", 
  "##choices#compiler_flags#bool-tree-sra": "-fno-tree-sra", 
  "##choices#compiler_flags#bool-use-linker-plugin": "-fno-use-linker-plugin", 
  "##choices#data_uoa": "zlib-inflate", 
  "##choices#dataset_file": "audio-wav-0001-deflated", 
  "##choices#dataset_uoa": "audio-wav-0001-deflated", 
  "##choices#device_id": "", 
  "##choices#host_os": "linux-32", 
  "##choices#module_uoa": "b0ac08fe1d3c2615", 
  "##choices#no_state_check": "yes", 
  "##choices#program_tags": "", 
  "##choices#repeat": 619, 
  "##choices#target": "", 
  "##choices#target_os": "linux-32", 
  "##choices#target_os_bits": "32"
}
