{
  "##characteristics#compile#binary_size#all": [
    101036
  ], 
  "##characteristics#compile#binary_size#all_unique": [
    101036
  ], 
  "##characteristics#compile#binary_size#center": 101036, 
  "##characteristics#compile#binary_size#center_imp": 0.9973474801061007, 
  "##characteristics#compile#binary_size#halfrange": 0, 
  "##characteristics#compile#binary_size#max": 101036, 
  "##characteristics#compile#binary_size#mean": 101036.0, 
  "##characteristics#compile#binary_size#mean_imp": 0.9973474801061007, 
  "##characteristics#compile#binary_size#min": 101036, 
  "##characteristics#compile#binary_size#min_imp": 0.9973474801061007, 
  "##characteristics#compile#binary_size#range": 0, 
  "##characteristics#compile#binary_size#range_percent": 0, 
  "##characteristics#compile#binary_size#repeats": 1, 
  "##characteristics#compile#compilation_success#all": [
    "yes"
  ], 
  "##characteristics#compile#compilation_success#all_unique": [
    "yes"
  ], 
  "##characteristics#compile#compilation_success#min": "yes", 
  "##characteristics#compile#compilation_success#min_imp": 0, 
  "##characteristics#compile#compilation_success#repeats": 1, 
  "##characteristics#compile#compilation_success_bool#all": [
    true
  ], 
  "##characteristics#compile#compilation_success_bool#all_unique": [
    true
  ], 
  "##characteristics#compile#compilation_success_bool#min": true, 
  "##characteristics#compile#compilation_success_bool#min_imp": 0, 
  "##characteristics#compile#compilation_success_bool#repeats": 1, 
  "##characteristics#compile#compilation_time#all": [
    98.68209385871887
  ], 
  "##characteristics#compile#compilation_time#all_unique": [
    98.68209385871887
  ], 
  "##characteristics#compile#compilation_time#center": 98.68209385871887, 
  "##characteristics#compile#compilation_time#center_imp": 1.0903017035397409, 
  "##characteristics#compile#compilation_time#halfrange": 0.0, 
  "##characteristics#compile#compilation_time#max": 98.68209385871887, 
  "##characteristics#compile#compilation_time#mean": 98.68209385871887, 
  "##characteristics#compile#compilation_time#mean_imp": 1.0903017035397409, 
  "##characteristics#compile#compilation_time#min": 98.68209385871887, 
  "##characteristics#compile#compilation_time#min_imp": 1.0903017035397409, 
  "##characteristics#compile#compilation_time#range": 0.0, 
  "##characteristics#compile#compilation_time#range_percent": 0.0, 
  "##characteristics#compile#compilation_time#repeats": 1, 
  "##characteristics#compile#compilation_time_with_module#all": [
    104.33481311798096
  ], 
  "##characteristics#compile#compilation_time_with_module#all_unique": [
    104.33481311798096
  ], 
  "##characteristics#compile#compilation_time_with_module#center": 104.33481311798096, 
  "##characteristics#compile#compilation_time_with_module#center_imp": 1.0773975299631005, 
  "##characteristics#compile#compilation_time_with_module#halfrange": 0.0, 
  "##characteristics#compile#compilation_time_with_module#max": 104.33481311798096, 
  "##characteristics#compile#compilation_time_with_module#mean": 104.33481311798096, 
  "##characteristics#compile#compilation_time_with_module#mean_imp": 1.0773975299631005, 
  "##characteristics#compile#compilation_time_with_module#min": 104.33481311798096, 
  "##characteristics#compile#compilation_time_with_module#min_imp": 1.0773975299631005, 
  "##characteristics#compile#compilation_time_with_module#range": 0.0, 
  "##characteristics#compile#compilation_time_with_module#range_percent": 0.0, 
  "##characteristics#compile#compilation_time_with_module#repeats": 1, 
  "##characteristics#compile#joined_compiler_flags#all": [
    "-O3 -fno-dce -fdelete-null-pointer-checks -ffinite-math-only -fno-graphite-identity -fno-ira-share-spill-slots -floop-strip-mine -fno-reciprocal-math -fno-reorder-blocks-and-partition -frounding-math -fno-sched-rank-heuristic -fno-sched-spec -fsched-spec-load -ftree-partial-pre -ftree-sink -funit-at-a-time -fweb -fno-whole-program"
  ], 
  "##characteristics#compile#joined_compiler_flags#all_unique": [
    "-O3 -fno-dce -fdelete-null-pointer-checks -ffinite-math-only -fno-graphite-identity -fno-ira-share-spill-slots -floop-strip-mine -fno-reciprocal-math -fno-reorder-blocks-and-partition -frounding-math -fno-sched-rank-heuristic -fno-sched-spec -fsched-spec-load -ftree-partial-pre -ftree-sink -funit-at-a-time -fweb -fno-whole-program"
  ], 
  "##characteristics#compile#joined_compiler_flags#min": "-O3 -fno-dce -fdelete-null-pointer-checks -ffinite-math-only -fno-graphite-identity -fno-ira-share-spill-slots -floop-strip-mine -fno-reciprocal-math -fno-reorder-blocks-and-partition -frounding-math -fno-sched-rank-heuristic -fno-sched-spec -fsched-spec-load -ftree-partial-pre -ftree-sink -funit-at-a-time -fweb -fno-whole-program", 
  "##characteristics#compile#joined_compiler_flags#min_imp": 0, 
  "##characteristics#compile#joined_compiler_flags#repeats": 1, 
  "##characteristics#compile#md5_sum#all": [
    "17779149be7552949e5afbdd0d3df1af"
  ], 
  "##characteristics#compile#md5_sum#all_unique": [
    "17779149be7552949e5afbdd0d3df1af"
  ], 
  "##characteristics#compile#md5_sum#min": "17779149be7552949e5afbdd0d3df1af", 
  "##characteristics#compile#md5_sum#min_imp": 0, 
  "##characteristics#compile#md5_sum#repeats": 1, 
  "##characteristics#compile#obj_size#all": [
    114272
  ], 
  "##characteristics#compile#obj_size#all_unique": [
    114272
  ], 
  "##characteristics#compile#obj_size#center": 114272, 
  "##characteristics#compile#obj_size#center_imp": 0.9980397647717726, 
  "##characteristics#compile#obj_size#halfrange": 0, 
  "##characteristics#compile#obj_size#max": 114272, 
  "##characteristics#compile#obj_size#mean": 114272.0, 
  "##characteristics#compile#obj_size#mean_imp": 0.9980397647717726, 
  "##characteristics#compile#obj_size#min": 114272, 
  "##characteristics#compile#obj_size#min_imp": 0.9980397647717726, 
  "##characteristics#compile#obj_size#range": 0, 
  "##characteristics#compile#obj_size#range_percent": 0, 
  "##characteristics#compile#obj_size#repeats": 1, 
  "##characteristics#compile#obj_sizes#adler32.o#all": [
    2424
  ], 
  "##characteristics#compile#obj_sizes#adler32.o#all_unique": [
    2424
  ], 
  "##characteristics#compile#obj_sizes#adler32.o#center": 2424, 
  "##characteristics#compile#obj_sizes#adler32.o#center_imp": 1.0, 
  "##characteristics#compile#obj_sizes#adler32.o#halfrange": 0, 
  "##characteristics#compile#obj_sizes#adler32.o#max": 2424, 
  "##characteristics#compile#obj_sizes#adler32.o#mean": 2424.0, 
  "##characteristics#compile#obj_sizes#adler32.o#mean_imp": 1.0, 
  "##characteristics#compile#obj_sizes#adler32.o#min": 2424, 
  "##characteristics#compile#obj_sizes#adler32.o#min_imp": 1.0, 
  "##characteristics#compile#obj_sizes#adler32.o#range": 0, 
  "##characteristics#compile#obj_sizes#adler32.o#range_percent": 0, 
  "##characteristics#compile#obj_sizes#adler32.o#repeats": 1, 
  "##characteristics#compile#obj_sizes#compress.o#all": [
    1568
  ], 
  "##characteristics#compile#obj_sizes#compress.o#all_unique": [
    1568
  ], 
  "##characteristics#compile#obj_sizes#compress.o#center": 1568, 
  "##characteristics#compile#obj_sizes#compress.o#center_imp": 1.0, 
  "##characteristics#compile#obj_sizes#compress.o#halfrange": 0, 
  "##characteristics#compile#obj_sizes#compress.o#max": 1568, 
  "##characteristics#compile#obj_sizes#compress.o#mean": 1568.0, 
  "##characteristics#compile#obj_sizes#compress.o#mean_imp": 1.0, 
  "##characteristics#compile#obj_sizes#compress.o#min": 1568, 
  "##characteristics#compile#obj_sizes#compress.o#min_imp": 1.0, 
  "##characteristics#compile#obj_sizes#compress.o#range": 0, 
  "##characteristics#compile#obj_sizes#compress.o#range_percent": 0, 
  "##characteristics#compile#obj_sizes#compress.o#repeats": 1, 
  "##characteristics#compile#obj_sizes#crc32.o#all": [
    10876
  ], 
  "##characteristics#compile#obj_sizes#crc32.o#all_unique": [
    10876
  ], 
  "##characteristics#compile#obj_sizes#crc32.o#center": 10876, 
  "##characteristics#compile#obj_sizes#crc32.o#center_imp": 1.0, 
  "##characteristics#compile#obj_sizes#crc32.o#halfrange": 0, 
  "##characteristics#compile#obj_sizes#crc32.o#max": 10876, 
  "##characteristics#compile#obj_sizes#crc32.o#mean": 10876.0, 
  "##characteristics#compile#obj_sizes#crc32.o#mean_imp": 1.0, 
  "##characteristics#compile#obj_sizes#crc32.o#min": 10876, 
  "##characteristics#compile#obj_sizes#crc32.o#min_imp": 1.0, 
  "##characteristics#compile#obj_sizes#crc32.o#range": 0, 
  "##characteristics#compile#obj_sizes#crc32.o#range_percent": 0, 
  "##characteristics#compile#obj_sizes#crc32.o#repeats": 1, 
  "##characteristics#compile#obj_sizes#ctuning-rtl.o#all": [
    3844
  ], 
  "##characteristics#compile#obj_sizes#ctuning-rtl.o#all_unique": [
    3844
  ], 
  "##characteristics#compile#obj_sizes#ctuning-rtl.o#center": 3844, 
  "##characteristics#compile#obj_sizes#ctuning-rtl.o#center_imp": 0.9979188345473465, 
  "##characteristics#compile#obj_sizes#ctuning-rtl.o#halfrange": 0, 
  "##characteristics#compile#obj_sizes#ctuning-rtl.o#max": 3844, 
  "##characteristics#compile#obj_sizes#ctuning-rtl.o#mean": 3844.0, 
  "##characteristics#compile#obj_sizes#ctuning-rtl.o#mean_imp": 0.9979188345473465, 
  "##characteristics#compile#obj_sizes#ctuning-rtl.o#min": 3844, 
  "##characteristics#compile#obj_sizes#ctuning-rtl.o#min_imp": 0.9979188345473465, 
  "##characteristics#compile#obj_sizes#ctuning-rtl.o#range": 0, 
  "##characteristics#compile#obj_sizes#ctuning-rtl.o#range_percent": 0, 
  "##characteristics#compile#obj_sizes#ctuning-rtl.o#repeats": 1, 
  "##characteristics#compile#obj_sizes#deflate.o#all": [
    20004
  ], 
  "##characteristics#compile#obj_sizes#deflate.o#all_unique": [
    20004
  ], 
  "##characteristics#compile#obj_sizes#deflate.o#center": 20004, 
  "##characteristics#compile#obj_sizes#deflate.o#center_imp": 1.0083983203359328, 
  "##characteristics#compile#obj_sizes#deflate.o#halfrange": 0, 
  "##characteristics#compile#obj_sizes#deflate.o#max": 20004, 
  "##characteristics#compile#obj_sizes#deflate.o#mean": 20004.0, 
  "##characteristics#compile#obj_sizes#deflate.o#mean_imp": 1.0083983203359328, 
  "##characteristics#compile#obj_sizes#deflate.o#min": 20004, 
  "##characteristics#compile#obj_sizes#deflate.o#min_imp": 1.0083983203359328, 
  "##characteristics#compile#obj_sizes#deflate.o#range": 0, 
  "##characteristics#compile#obj_sizes#deflate.o#range_percent": 0, 
  "##characteristics#compile#obj_sizes#deflate.o#repeats": 1, 
  "##characteristics#compile#obj_sizes#gzclose.o#all": [
    980
  ], 
  "##characteristics#compile#obj_sizes#gzclose.o#all_unique": [
    980
  ], 
  "##characteristics#compile#obj_sizes#gzclose.o#center": 980, 
  "##characteristics#compile#obj_sizes#gzclose.o#center_imp": 1.0, 
  "##characteristics#compile#obj_sizes#gzclose.o#halfrange": 0, 
  "##characteristics#compile#obj_sizes#gzclose.o#max": 980, 
  "##characteristics#compile#obj_sizes#gzclose.o#mean": 980.0, 
  "##characteristics#compile#obj_sizes#gzclose.o#mean_imp": 1.0, 
  "##characteristics#compile#obj_sizes#gzclose.o#min": 980, 
  "##characteristics#compile#obj_sizes#gzclose.o#min_imp": 1.0, 
  "##characteristics#compile#obj_sizes#gzclose.o#range": 0, 
  "##characteristics#compile#obj_sizes#gzclose.o#range_percent": 0, 
  "##characteristics#compile#obj_sizes#gzclose.o#repeats": 1, 
  "##characteristics#compile#obj_sizes#gzlib.o#all": [
    6308
  ], 
  "##characteristics#compile#obj_sizes#gzlib.o#all_unique": [
    6308
  ], 
  "##characteristics#compile#obj_sizes#gzlib.o#center": 6308, 
  "##characteristics#compile#obj_sizes#gzlib.o#center_imp": 0.9987317691819911, 
  "##characteristics#compile#obj_sizes#gzlib.o#halfrange": 0, 
  "##characteristics#compile#obj_sizes#gzlib.o#max": 6308, 
  "##characteristics#compile#obj_sizes#gzlib.o#mean": 6308.0, 
  "##characteristics#compile#obj_sizes#gzlib.o#mean_imp": 0.9987317691819911, 
  "##characteristics#compile#obj_sizes#gzlib.o#min": 6308, 
  "##characteristics#compile#obj_sizes#gzlib.o#min_imp": 0.9987317691819911, 
  "##characteristics#compile#obj_sizes#gzlib.o#range": 0, 
  "##characteristics#compile#obj_sizes#gzlib.o#range_percent": 0, 
  "##characteristics#compile#obj_sizes#gzlib.o#repeats": 1, 
  "##characteristics#compile#obj_sizes#gzread.o#all": [
    5772
  ], 
  "##characteristics#compile#obj_sizes#gzread.o#all_unique": [
    5772
  ], 
  "##characteristics#compile#obj_sizes#gzread.o#center": 5772, 
  "##characteristics#compile#obj_sizes#gzread.o#center_imp": 1.0006930006930006, 
  "##characteristics#compile#obj_sizes#gzread.o#halfrange": 0, 
  "##characteristics#compile#obj_sizes#gzread.o#max": 5772, 
  "##characteristics#compile#obj_sizes#gzread.o#mean": 5772.0, 
  "##characteristics#compile#obj_sizes#gzread.o#mean_imp": 1.0006930006930006, 
  "##characteristics#compile#obj_sizes#gzread.o#min": 5772, 
  "##characteristics#compile#obj_sizes#gzread.o#min_imp": 1.0006930006930006, 
  "##characteristics#compile#obj_sizes#gzread.o#range": 0, 
  "##characteristics#compile#obj_sizes#gzread.o#range_percent": 0, 
  "##characteristics#compile#obj_sizes#gzread.o#repeats": 1, 
  "##characteristics#compile#obj_sizes#gzwrite.o#all": [
    10276
  ], 
  "##characteristics#compile#obj_sizes#gzwrite.o#all_unique": [
    10276
  ], 
  "##characteristics#compile#obj_sizes#gzwrite.o#center": 10276, 
  "##characteristics#compile#obj_sizes#gzwrite.o#center_imp": 0.9988322304398599, 
  "##characteristics#compile#obj_sizes#gzwrite.o#halfrange": 0, 
  "##characteristics#compile#obj_sizes#gzwrite.o#max": 10276, 
  "##characteristics#compile#obj_sizes#gzwrite.o#mean": 10276.0, 
  "##characteristics#compile#obj_sizes#gzwrite.o#mean_imp": 0.9988322304398599, 
  "##characteristics#compile#obj_sizes#gzwrite.o#min": 10276, 
  "##characteristics#compile#obj_sizes#gzwrite.o#min_imp": 0.9988322304398599, 
  "##characteristics#compile#obj_sizes#gzwrite.o#range": 0, 
  "##characteristics#compile#obj_sizes#gzwrite.o#range_percent": 0, 
  "##characteristics#compile#obj_sizes#gzwrite.o#repeats": 1, 
  "##characteristics#compile#obj_sizes#infback.o#all": [
    9572
  ], 
  "##characteristics#compile#obj_sizes#infback.o#all_unique": [
    9572
  ], 
  "##characteristics#compile#obj_sizes#infback.o#center": 9572, 
  "##characteristics#compile#obj_sizes#infback.o#center_imp": 1.0, 
  "##characteristics#compile#obj_sizes#infback.o#halfrange": 0, 
  "##characteristics#compile#obj_sizes#infback.o#max": 9572, 
  "##characteristics#compile#obj_sizes#infback.o#mean": 9572.0, 
  "##characteristics#compile#obj_sizes#infback.o#mean_imp": 1.0, 
  "##characteristics#compile#obj_sizes#infback.o#min": 9572, 
  "##characteristics#compile#obj_sizes#infback.o#min_imp": 1.0, 
  "##characteristics#compile#obj_sizes#infback.o#range": 0, 
  "##characteristics#compile#obj_sizes#infback.o#range_percent": 0, 
  "##characteristics#compile#obj_sizes#infback.o#repeats": 1, 
  "##characteristics#compile#obj_sizes#inffast.o#all": [
    4076
  ], 
  "##characteristics#compile#obj_sizes#inffast.o#all_unique": [
    4076
  ], 
  "##characteristics#compile#obj_sizes#inffast.o#center": 4076, 
  "##characteristics#compile#obj_sizes#inffast.o#center_imp": 0.9803729146221786, 
  "##characteristics#compile#obj_sizes#inffast.o#halfrange": 0, 
  "##characteristics#compile#obj_sizes#inffast.o#max": 4076, 
  "##characteristics#compile#obj_sizes#inffast.o#mean": 4076.0, 
  "##characteristics#compile#obj_sizes#inffast.o#mean_imp": 0.9803729146221786, 
  "##characteristics#compile#obj_sizes#inffast.o#min": 4076, 
  "##characteristics#compile#obj_sizes#inffast.o#min_imp": 0.9803729146221786, 
  "##characteristics#compile#obj_sizes#inffast.o#range": 0, 
  "##characteristics#compile#obj_sizes#inffast.o#range_percent": 0, 
  "##characteristics#compile#obj_sizes#inffast.o#repeats": 1, 
  "##characteristics#compile#obj_sizes#inflate.o#all": [
    16864
  ], 
  "##characteristics#compile#obj_sizes#inflate.o#all_unique": [
    16864
  ], 
  "##characteristics#compile#obj_sizes#inflate.o#center": 16864, 
  "##characteristics#compile#obj_sizes#inflate.o#center_imp": 0.9938330170777988, 
  "##characteristics#compile#obj_sizes#inflate.o#halfrange": 0, 
  "##characteristics#compile#obj_sizes#inflate.o#max": 16864, 
  "##characteristics#compile#obj_sizes#inflate.o#mean": 16864.0, 
  "##characteristics#compile#obj_sizes#inflate.o#mean_imp": 0.9938330170777988, 
  "##characteristics#compile#obj_sizes#inflate.o#min": 16864, 
  "##characteristics#compile#obj_sizes#inflate.o#min_imp": 0.9938330170777988, 
  "##characteristics#compile#obj_sizes#inflate.o#range": 0, 
  "##characteristics#compile#obj_sizes#inflate.o#range_percent": 0, 
  "##characteristics#compile#obj_sizes#inflate.o#repeats": 1, 
  "##characteristics#compile#obj_sizes#inftrees.o#all": [
    4460
  ], 
  "##characteristics#compile#obj_sizes#inftrees.o#all_unique": [
    4460
  ], 
  "##characteristics#compile#obj_sizes#inftrees.o#center": 4460, 
  "##characteristics#compile#obj_sizes#inftrees.o#center_imp": 0.9910313901345291, 
  "##characteristics#compile#obj_sizes#inftrees.o#halfrange": 0, 
  "##characteristics#compile#obj_sizes#inftrees.o#max": 4460, 
  "##characteristics#compile#obj_sizes#inftrees.o#mean": 4460.0, 
  "##characteristics#compile#obj_sizes#inftrees.o#mean_imp": 0.9910313901345291, 
  "##characteristics#compile#obj_sizes#inftrees.o#min": 4460, 
  "##characteristics#compile#obj_sizes#inftrees.o#min_imp": 0.9910313901345291, 
  "##characteristics#compile#obj_sizes#inftrees.o#range": 0, 
  "##characteristics#compile#obj_sizes#inftrees.o#range_percent": 0, 
  "##characteristics#compile#obj_sizes#inftrees.o#repeats": 1, 
  "##characteristics#compile#obj_sizes#trees.o#all": [
    14328
  ], 
  "##characteristics#compile#obj_sizes#trees.o#all_unique": [
    14328
  ], 
  "##characteristics#compile#obj_sizes#trees.o#center": 14328, 
  "##characteristics#compile#obj_sizes#trees.o#center_imp": 0.9899497487437185, 
  "##characteristics#compile#obj_sizes#trees.o#halfrange": 0, 
  "##characteristics#compile#obj_sizes#trees.o#max": 14328, 
  "##characteristics#compile#obj_sizes#trees.o#mean": 14328.0, 
  "##characteristics#compile#obj_sizes#trees.o#mean_imp": 0.9899497487437185, 
  "##characteristics#compile#obj_sizes#trees.o#min": 14328, 
  "##characteristics#compile#obj_sizes#trees.o#min_imp": 0.9899497487437185, 
  "##characteristics#compile#obj_sizes#trees.o#range": 0, 
  "##characteristics#compile#obj_sizes#trees.o#range_percent": 0, 
  "##characteristics#compile#obj_sizes#trees.o#repeats": 1, 
  "##characteristics#compile#obj_sizes#uncompr.o#all": [
    1272
  ], 
  "##characteristics#compile#obj_sizes#uncompr.o#all_unique": [
    1272
  ], 
  "##characteristics#compile#obj_sizes#uncompr.o#center": 1272, 
  "##characteristics#compile#obj_sizes#uncompr.o#center_imp": 1.0, 
  "##characteristics#compile#obj_sizes#uncompr.o#halfrange": 0, 
  "##characteristics#compile#obj_sizes#uncompr.o#max": 1272, 
  "##characteristics#compile#obj_sizes#uncompr.o#mean": 1272.0, 
  "##characteristics#compile#obj_sizes#uncompr.o#mean_imp": 1.0, 
  "##characteristics#compile#obj_sizes#uncompr.o#min": 1272, 
  "##characteristics#compile#obj_sizes#uncompr.o#min_imp": 1.0, 
  "##characteristics#compile#obj_sizes#uncompr.o#range": 0, 
  "##characteristics#compile#obj_sizes#uncompr.o#range_percent": 0, 
  "##characteristics#compile#obj_sizes#uncompr.o#repeats": 1, 
  "##characteristics#compile#obj_sizes#zutil.o#all": [
    1648
  ], 
  "##characteristics#compile#obj_sizes#zutil.o#all_unique": [
    1648
  ], 
  "##characteristics#compile#obj_sizes#zutil.o#center": 1648, 
  "##characteristics#compile#obj_sizes#zutil.o#center_imp": 1.0, 
  "##characteristics#compile#obj_sizes#zutil.o#halfrange": 0, 
  "##characteristics#compile#obj_sizes#zutil.o#max": 1648, 
  "##characteristics#compile#obj_sizes#zutil.o#mean": 1648.0, 
  "##characteristics#compile#obj_sizes#zutil.o#mean_imp": 1.0, 
  "##characteristics#compile#obj_sizes#zutil.o#min": 1648, 
  "##characteristics#compile#obj_sizes#zutil.o#min_imp": 1.0, 
  "##characteristics#compile#obj_sizes#zutil.o#range": 0, 
  "##characteristics#compile#obj_sizes#zutil.o#range_percent": 0, 
  "##characteristics#compile#obj_sizes#zutil.o#repeats": 1, 
  "##characteristics#compile#program_git_hash#all": [
    "f3b3ffe43b24039767a39c7f85ab4b768684a65b"
  ], 
  "##characteristics#compile#program_git_hash#all_unique": [
    "f3b3ffe43b24039767a39c7f85ab4b768684a65b"
  ], 
  "##characteristics#compile#program_git_hash#min": "f3b3ffe43b24039767a39c7f85ab4b768684a65b", 
  "##characteristics#compile#program_git_hash#min_imp": 0, 
  "##characteristics#compile#program_git_hash#repeats": 1, 
  "##characteristics#run#execution_time#all": [
    0.016679730210016154, 
    0.016625899838449112, 
    0.016648256865912762, 
    0.016594928917609046
  ], 
  "##characteristics#run#execution_time#all_unique": [
    0.016679730210016154, 
    0.016625899838449112, 
    0.016648256865912762, 
    0.016594928917609046
  ], 
  "##characteristics#run#execution_time#center": 0.0166373295638126, 
  "##characteristics#run#execution_time#center_imp": 0.9764128916939125, 
  "##characteristics#run#execution_time#halfrange": 4.240064620355394e-05, 
  "##characteristics#run#execution_time#max": 0.016679730210016154, 
  "##characteristics#run#execution_time#mean": 0.01663720395799677, 
  "##characteristics#run#execution_time#mean_imp": 0.9768165616130245, 
  "##characteristics#run#execution_time#min": 0.016594928917609046, 
  "##characteristics#run#execution_time#min_imp": 0.9744496367450164, 
  "##characteristics#run#execution_time#range": 8.480129240710788e-05, 
  "##characteristics#run#execution_time#range_percent": 0.005110072650996677, 
  "##characteristics#run#execution_time#repeats": 4, 
  "##characteristics#run#execution_time_kernel_0#all": [
    10.324753, 
    10.291432, 
    10.305271, 
    10.272261
  ], 
  "##characteristics#run#execution_time_kernel_0#all_unique": [
    10.324753, 
    10.291432, 
    10.305271, 
    10.272261
  ], 
  "##characteristics#run#execution_time_kernel_0#center": 10.298507, 
  "##characteristics#run#execution_time_kernel_0#center_imp": 0.9764128916939124, 
  "##characteristics#run#execution_time_kernel_0#halfrange": 0.026245999999999547, 
  "##characteristics#run#execution_time_kernel_0#max": 10.324753, 
  "##characteristics#run#execution_time_kernel_0#mean": 10.29842925, 
  "##characteristics#run#execution_time_kernel_0#mean_imp": 0.9768165616130245, 
  "##characteristics#run#execution_time_kernel_0#min": 10.272261, 
  "##characteristics#run#execution_time_kernel_0#min_imp": 0.9744496367450164, 
  "##characteristics#run#execution_time_kernel_0#range": 0.052491999999999095, 
  "##characteristics#run#execution_time_kernel_0#range_percent": 0.00511007265099661, 
  "##characteristics#run#execution_time_kernel_0#repeats": 4, 
  "##characteristics#run#execution_time_with_module#all": [
    11.043407917022705, 
    11.010687112808228, 
    11.508847951889038, 
    11.000439882278442
  ], 
  "##characteristics#run#execution_time_with_module#all_unique": [
    11.043407917022705, 
    11.010687112808228, 
    11.508847951889038, 
    11.000439882278442
  ], 
  "##characteristics#run#execution_time_with_module#center": 11.25464391708374, 
  "##characteristics#run#execution_time_with_module#center_imp": 1.1692299257809458, 
  "##characteristics#run#execution_time_with_module#halfrange": 0.25420403480529785, 
  "##characteristics#run#execution_time_with_module#max": 11.508847951889038, 
  "##characteristics#run#execution_time_with_module#mean": 11.140845715999603, 
  "##characteristics#run#execution_time_with_module#mean_imp": 1.0749590978125445, 
  "##characteristics#run#execution_time_with_module#min": 11.000439882278442, 
  "##characteristics#run#execution_time_with_module#min_imp": 0.9754437166201599, 
  "##characteristics#run#execution_time_with_module#range": 0.5084080696105957, 
  "##characteristics#run#execution_time_with_module#range_percent": 0.04621706723106902, 
  "##characteristics#run#execution_time_with_module#repeats": 4, 
  "##characteristics#run#repeat#all": [
    619, 
    619, 
    619, 
    619
  ], 
  "##characteristics#run#repeat#all_unique": [
    619
  ], 
  "##characteristics#run#repeat#center": 619, 
  "##characteristics#run#repeat#center_imp": 1.0, 
  "##characteristics#run#repeat#halfrange": 0, 
  "##characteristics#run#repeat#max": 619, 
  "##characteristics#run#repeat#mean": 619.0, 
  "##characteristics#run#repeat#mean_imp": 1.0, 
  "##characteristics#run#repeat#min": 619, 
  "##characteristics#run#repeat#min_imp": 1.0, 
  "##characteristics#run#repeat#range": 0, 
  "##characteristics#run#repeat#range_percent": 0, 
  "##characteristics#run#repeat#repeats": 4, 
  "##characteristics#run#return_code#all": [
    0, 
    0, 
    0, 
    0
  ], 
  "##characteristics#run#return_code#all_unique": [
    0
  ], 
  "##characteristics#run#return_code#center": 0, 
  "##characteristics#run#return_code#halfrange": 0, 
  "##characteristics#run#return_code#max": 0, 
  "##characteristics#run#return_code#mean": 0.0, 
  "##characteristics#run#return_code#min": 0, 
  "##characteristics#run#return_code#min_imp": 1, 
  "##characteristics#run#return_code#range": 0, 
  "##characteristics#run#return_code#repeats": 4, 
  "##characteristics#run#run_success#all": [
    "yes", 
    "yes", 
    "yes", 
    "yes"
  ], 
  "##characteristics#run#run_success#all_unique": [
    "yes"
  ], 
  "##characteristics#run#run_success#min": "yes", 
  "##characteristics#run#run_success#min_imp": 1, 
  "##characteristics#run#run_success#repeats": 4, 
  "##characteristics#run#run_success_bool#all": [
    true, 
    true, 
    true, 
    true
  ], 
  "##characteristics#run#run_success_bool#all_unique": [
    true
  ], 
  "##characteristics#run#run_success_bool#min": true, 
  "##characteristics#run#run_success_bool#min_imp": 1, 
  "##characteristics#run#run_success_bool#repeats": 4, 
  "##characteristics#run#total_execution_time#all": [
    10.324753, 
    10.291432, 
    10.305271, 
    10.272261
  ], 
  "##characteristics#run#total_execution_time#all_unique": [
    10.324753, 
    10.291432, 
    10.305271, 
    10.272261
  ], 
  "##characteristics#run#total_execution_time#center": 10.298507, 
  "##characteristics#run#total_execution_time#center_imp": 0.9764128916939124, 
  "##characteristics#run#total_execution_time#halfrange": 0.026245999999999547, 
  "##characteristics#run#total_execution_time#max": 10.324753, 
  "##characteristics#run#total_execution_time#mean": 10.29842925, 
  "##characteristics#run#total_execution_time#mean_imp": 0.9768165616130245, 
  "##characteristics#run#total_execution_time#min": 10.272261, 
  "##characteristics#run#total_execution_time#min_imp": 0.9744496367450164, 
  "##characteristics#run#total_execution_time#range": 0.052491999999999095, 
  "##characteristics#run#total_execution_time#range_percent": 0.00511007265099661, 
  "##characteristics#run#total_execution_time#repeats": 4
}
