{
  "##choices#calibration_time": 10.0, 
  "##choices#cmd_key": "decode", 
  "##choices#compile_type": "dynamic", 
  "##choices#compiler_description_uoa": "gcc-4.9.0-auto", 
  "##choices#compiler_flags#base_opt": "-O3", 
  "##choices#compiler_flags#bool-crossjumping": "-fcrossjumping", 
  "##choices#compiler_flags#bool-dce": "-fdce", 
  "##choices#compiler_flags#bool-dse": "-fno-dse", 
  "##choices#compiler_flags#bool-finite-math-only": "-fno-finite-math-only", 
  "##choices#compiler_flags#bool-if-conversion2": "-fif-conversion2", 
  "##choices#compiler_flags#bool-keep-static-consts": "-fkeep-static-consts", 
  "##choices#compiler_flags#bool-live-range-shrinkage": "-fno-live-range-shrinkage", 
  "##choices#compiler_flags#bool-move-loop-invariants": "-fno-move-loop-invariants", 
  "##choices#compiler_flags#bool-partial-inlining": "-fno-partial-inlining", 
  "##choices#compiler_flags#bool-rename-registers": "-fno-rename-registers", 
  "##choices#compiler_flags#bool-sched-group-heuristic": "-fsched-group-heuristic", 
  "##choices#compiler_flags#bool-section-anchors": "-fno-section-anchors", 
  "##choices#compiler_flags#bool-signaling-nans": "-fsignaling-nans", 
  "##choices#compiler_flags#bool-split-wide-types": "-fsplit-wide-types", 
  "##choices#compiler_flags#bool-tracer": "-fno-tracer", 
  "##choices#compiler_flags#bool-tree-bit-ccp": "-fno-tree-bit-ccp", 
  "##choices#compiler_flags#bool-tree-copyrename": "-ftree-copyrename", 
  "##choices#compiler_flags#bool-tree-loop-linear": "-ftree-loop-linear", 
  "##choices#compiler_flags#bool-tree-switch-conversion": "-fno-tree-switch-conversion", 
  "##choices#data_uoa": "zlib-inflate", 
  "##choices#dataset_file": "audio-wav-0001-deflated", 
  "##choices#dataset_uoa": "audio-wav-0001-deflated", 
  "##choices#device_id": "", 
  "##choices#host_os": "linux-32", 
  "##choices#module_uoa": "b0ac08fe1d3c2615", 
  "##choices#no_state_check": "yes", 
  "##choices#program_tags": "", 
  "##choices#repeat": 619, 
  "##choices#target": "", 
  "##choices#target_os": "linux-32", 
  "##choices#target_os_bits": "32"
}
