{
  "##characteristics#compile#binary_size#all": [
    100128
  ], 
  "##characteristics#compile#binary_size#all_unique": [
    100128
  ], 
  "##characteristics#compile#binary_size#center": 100128, 
  "##characteristics#compile#binary_size#center_imp": 1.0063918184723555, 
  "##characteristics#compile#binary_size#halfrange": 0, 
  "##characteristics#compile#binary_size#max": 100128, 
  "##characteristics#compile#binary_size#mean": 100128.0, 
  "##characteristics#compile#binary_size#mean_imp": 1.0063918184723555, 
  "##characteristics#compile#binary_size#min": 100128, 
  "##characteristics#compile#binary_size#min_imp": 1.0063918184723555, 
  "##characteristics#compile#binary_size#range": 0, 
  "##characteristics#compile#binary_size#range_percent": 0, 
  "##characteristics#compile#binary_size#repeats": 1, 
  "##characteristics#compile#compilation_success#all": [
    "yes"
  ], 
  "##characteristics#compile#compilation_success#all_unique": [
    "yes"
  ], 
  "##characteristics#compile#compilation_success#min": "yes", 
  "##characteristics#compile#compilation_success#min_imp": 0, 
  "##characteristics#compile#compilation_success#repeats": 1, 
  "##characteristics#compile#compilation_success_bool#all": [
    true
  ], 
  "##characteristics#compile#compilation_success_bool#all_unique": [
    true
  ], 
  "##characteristics#compile#compilation_success_bool#min": true, 
  "##characteristics#compile#compilation_success_bool#min_imp": 0, 
  "##characteristics#compile#compilation_success_bool#repeats": 1, 
  "##characteristics#compile#compilation_time#all": [
    97.62679505348206
  ], 
  "##characteristics#compile#compilation_time#all_unique": [
    97.62679505348206
  ], 
  "##characteristics#compile#compilation_time#center": 97.62679505348206, 
  "##characteristics#compile#compilation_time#center_imp": 1.1020873417394055, 
  "##characteristics#compile#compilation_time#halfrange": 0.0, 
  "##characteristics#compile#compilation_time#max": 97.62679505348206, 
  "##characteristics#compile#compilation_time#mean": 97.62679505348206, 
  "##characteristics#compile#compilation_time#mean_imp": 1.1020873417394055, 
  "##characteristics#compile#compilation_time#min": 97.62679505348206, 
  "##characteristics#compile#compilation_time#min_imp": 1.1020873417394055, 
  "##characteristics#compile#compilation_time#range": 0.0, 
  "##characteristics#compile#compilation_time#range_percent": 0.0, 
  "##characteristics#compile#compilation_time#repeats": 1, 
  "##characteristics#compile#compilation_time_with_module#all": [
    102.57123589515686
  ], 
  "##characteristics#compile#compilation_time_with_module#all_unique": [
    102.57123589515686
  ], 
  "##characteristics#compile#compilation_time_with_module#center": 102.57123589515686, 
  "##characteristics#compile#compilation_time_with_module#center_imp": 1.095921960591118, 
  "##characteristics#compile#compilation_time_with_module#halfrange": 0.0, 
  "##characteristics#compile#compilation_time_with_module#max": 102.57123589515686, 
  "##characteristics#compile#compilation_time_with_module#mean": 102.57123589515686, 
  "##characteristics#compile#compilation_time_with_module#mean_imp": 1.095921960591118, 
  "##characteristics#compile#compilation_time_with_module#min": 102.57123589515686, 
  "##characteristics#compile#compilation_time_with_module#min_imp": 1.095921960591118, 
  "##characteristics#compile#compilation_time_with_module#range": 0.0, 
  "##characteristics#compile#compilation_time_with_module#range_percent": 0.0, 
  "##characteristics#compile#compilation_time_with_module#repeats": 1, 
  "##characteristics#compile#joined_compiler_flags#all": [
    "-O3 -fno-associative-math -fno-cse-follow-jumps -fno-dse -ffinite-math-only -fno-gcse-lm -finline -fno-ipa-cp-clone -foptimize-sibling-calls -freorder-functions -fno-sched-group-heuristic -fsched-last-insn-heuristic -fsignaling-nans -fsingle-precision-constant"
  ], 
  "##characteristics#compile#joined_compiler_flags#all_unique": [
    "-O3 -fno-associative-math -fno-cse-follow-jumps -fno-dse -ffinite-math-only -fno-gcse-lm -finline -fno-ipa-cp-clone -foptimize-sibling-calls -freorder-functions -fno-sched-group-heuristic -fsched-last-insn-heuristic -fsignaling-nans -fsingle-precision-constant"
  ], 
  "##characteristics#compile#joined_compiler_flags#min": "-O3 -fno-associative-math -fno-cse-follow-jumps -fno-dse -ffinite-math-only -fno-gcse-lm -finline -fno-ipa-cp-clone -foptimize-sibling-calls -freorder-functions -fno-sched-group-heuristic -fsched-last-insn-heuristic -fsignaling-nans -fsingle-precision-constant", 
  "##characteristics#compile#joined_compiler_flags#min_imp": 0, 
  "##characteristics#compile#joined_compiler_flags#repeats": 1, 
  "##characteristics#compile#md5_sum#all": [
    "1e86525470192396976cc2e1de220941"
  ], 
  "##characteristics#compile#md5_sum#all_unique": [
    "1e86525470192396976cc2e1de220941"
  ], 
  "##characteristics#compile#md5_sum#min": "1e86525470192396976cc2e1de220941", 
  "##characteristics#compile#md5_sum#min_imp": 0, 
  "##characteristics#compile#md5_sum#repeats": 1, 
  "##characteristics#compile#obj_size#all": [
    113296
  ], 
  "##characteristics#compile#obj_size#all_unique": [
    113296
  ], 
  "##characteristics#compile#obj_size#center": 113296, 
  "##characteristics#compile#obj_size#center_imp": 1.0066374805818388, 
  "##characteristics#compile#obj_size#halfrange": 0, 
  "##characteristics#compile#obj_size#max": 113296, 
  "##characteristics#compile#obj_size#mean": 113296.0, 
  "##characteristics#compile#obj_size#mean_imp": 1.0066374805818388, 
  "##characteristics#compile#obj_size#min": 113296, 
  "##characteristics#compile#obj_size#min_imp": 1.0066374805818388, 
  "##characteristics#compile#obj_size#range": 0, 
  "##characteristics#compile#obj_size#range_percent": 0, 
  "##characteristics#compile#obj_size#repeats": 1, 
  "##characteristics#compile#obj_sizes#adler32.o#all": [
    2428
  ], 
  "##characteristics#compile#obj_sizes#adler32.o#all_unique": [
    2428
  ], 
  "##characteristics#compile#obj_sizes#adler32.o#center": 2428, 
  "##characteristics#compile#obj_sizes#adler32.o#center_imp": 0.9983525535420099, 
  "##characteristics#compile#obj_sizes#adler32.o#halfrange": 0, 
  "##characteristics#compile#obj_sizes#adler32.o#max": 2428, 
  "##characteristics#compile#obj_sizes#adler32.o#mean": 2428.0, 
  "##characteristics#compile#obj_sizes#adler32.o#mean_imp": 0.9983525535420099, 
  "##characteristics#compile#obj_sizes#adler32.o#min": 2428, 
  "##characteristics#compile#obj_sizes#adler32.o#min_imp": 0.9983525535420099, 
  "##characteristics#compile#obj_sizes#adler32.o#range": 0, 
  "##characteristics#compile#obj_sizes#adler32.o#range_percent": 0, 
  "##characteristics#compile#obj_sizes#adler32.o#repeats": 1, 
  "##characteristics#compile#obj_sizes#compress.o#all": [
    1568
  ], 
  "##characteristics#compile#obj_sizes#compress.o#all_unique": [
    1568
  ], 
  "##characteristics#compile#obj_sizes#compress.o#center": 1568, 
  "##characteristics#compile#obj_sizes#compress.o#center_imp": 1.0, 
  "##characteristics#compile#obj_sizes#compress.o#halfrange": 0, 
  "##characteristics#compile#obj_sizes#compress.o#max": 1568, 
  "##characteristics#compile#obj_sizes#compress.o#mean": 1568.0, 
  "##characteristics#compile#obj_sizes#compress.o#mean_imp": 1.0, 
  "##characteristics#compile#obj_sizes#compress.o#min": 1568, 
  "##characteristics#compile#obj_sizes#compress.o#min_imp": 1.0, 
  "##characteristics#compile#obj_sizes#compress.o#range": 0, 
  "##characteristics#compile#obj_sizes#compress.o#range_percent": 0, 
  "##characteristics#compile#obj_sizes#compress.o#repeats": 1, 
  "##characteristics#compile#obj_sizes#crc32.o#all": [
    10796
  ], 
  "##characteristics#compile#obj_sizes#crc32.o#all_unique": [
    10796
  ], 
  "##characteristics#compile#obj_sizes#crc32.o#center": 10796, 
  "##characteristics#compile#obj_sizes#crc32.o#center_imp": 1.0074101519081142, 
  "##characteristics#compile#obj_sizes#crc32.o#halfrange": 0, 
  "##characteristics#compile#obj_sizes#crc32.o#max": 10796, 
  "##characteristics#compile#obj_sizes#crc32.o#mean": 10796.0, 
  "##characteristics#compile#obj_sizes#crc32.o#mean_imp": 1.0074101519081142, 
  "##characteristics#compile#obj_sizes#crc32.o#min": 10796, 
  "##characteristics#compile#obj_sizes#crc32.o#min_imp": 1.0074101519081142, 
  "##characteristics#compile#obj_sizes#crc32.o#range": 0, 
  "##characteristics#compile#obj_sizes#crc32.o#range_percent": 0, 
  "##characteristics#compile#obj_sizes#crc32.o#repeats": 1, 
  "##characteristics#compile#obj_sizes#ctuning-rtl.o#all": [
    3860
  ], 
  "##characteristics#compile#obj_sizes#ctuning-rtl.o#all_unique": [
    3860
  ], 
  "##characteristics#compile#obj_sizes#ctuning-rtl.o#center": 3860, 
  "##characteristics#compile#obj_sizes#ctuning-rtl.o#center_imp": 0.9937823834196892, 
  "##characteristics#compile#obj_sizes#ctuning-rtl.o#halfrange": 0, 
  "##characteristics#compile#obj_sizes#ctuning-rtl.o#max": 3860, 
  "##characteristics#compile#obj_sizes#ctuning-rtl.o#mean": 3860.0, 
  "##characteristics#compile#obj_sizes#ctuning-rtl.o#mean_imp": 0.9937823834196892, 
  "##characteristics#compile#obj_sizes#ctuning-rtl.o#min": 3860, 
  "##characteristics#compile#obj_sizes#ctuning-rtl.o#min_imp": 0.9937823834196892, 
  "##characteristics#compile#obj_sizes#ctuning-rtl.o#range": 0, 
  "##characteristics#compile#obj_sizes#ctuning-rtl.o#range_percent": 0, 
  "##characteristics#compile#obj_sizes#ctuning-rtl.o#repeats": 1, 
  "##characteristics#compile#obj_sizes#deflate.o#all": [
    19788
  ], 
  "##characteristics#compile#obj_sizes#deflate.o#all_unique": [
    19788
  ], 
  "##characteristics#compile#obj_sizes#deflate.o#center": 19788, 
  "##characteristics#compile#obj_sizes#deflate.o#center_imp": 1.0194057004244996, 
  "##characteristics#compile#obj_sizes#deflate.o#halfrange": 0, 
  "##characteristics#compile#obj_sizes#deflate.o#max": 19788, 
  "##characteristics#compile#obj_sizes#deflate.o#mean": 19788.0, 
  "##characteristics#compile#obj_sizes#deflate.o#mean_imp": 1.0194057004244996, 
  "##characteristics#compile#obj_sizes#deflate.o#min": 19788, 
  "##characteristics#compile#obj_sizes#deflate.o#min_imp": 1.0194057004244996, 
  "##characteristics#compile#obj_sizes#deflate.o#range": 0, 
  "##characteristics#compile#obj_sizes#deflate.o#range_percent": 0, 
  "##characteristics#compile#obj_sizes#deflate.o#repeats": 1, 
  "##characteristics#compile#obj_sizes#gzclose.o#all": [
    980
  ], 
  "##characteristics#compile#obj_sizes#gzclose.o#all_unique": [
    980
  ], 
  "##characteristics#compile#obj_sizes#gzclose.o#center": 980, 
  "##characteristics#compile#obj_sizes#gzclose.o#center_imp": 1.0, 
  "##characteristics#compile#obj_sizes#gzclose.o#halfrange": 0, 
  "##characteristics#compile#obj_sizes#gzclose.o#max": 980, 
  "##characteristics#compile#obj_sizes#gzclose.o#mean": 980.0, 
  "##characteristics#compile#obj_sizes#gzclose.o#mean_imp": 1.0, 
  "##characteristics#compile#obj_sizes#gzclose.o#min": 980, 
  "##characteristics#compile#obj_sizes#gzclose.o#min_imp": 1.0, 
  "##characteristics#compile#obj_sizes#gzclose.o#range": 0, 
  "##characteristics#compile#obj_sizes#gzclose.o#range_percent": 0, 
  "##characteristics#compile#obj_sizes#gzclose.o#repeats": 1, 
  "##characteristics#compile#obj_sizes#gzlib.o#all": [
    6360
  ], 
  "##characteristics#compile#obj_sizes#gzlib.o#all_unique": [
    6360
  ], 
  "##characteristics#compile#obj_sizes#gzlib.o#center": 6360, 
  "##characteristics#compile#obj_sizes#gzlib.o#center_imp": 0.9905660377358491, 
  "##characteristics#compile#obj_sizes#gzlib.o#halfrange": 0, 
  "##characteristics#compile#obj_sizes#gzlib.o#max": 6360, 
  "##characteristics#compile#obj_sizes#gzlib.o#mean": 6360.0, 
  "##characteristics#compile#obj_sizes#gzlib.o#mean_imp": 0.9905660377358491, 
  "##characteristics#compile#obj_sizes#gzlib.o#min": 6360, 
  "##characteristics#compile#obj_sizes#gzlib.o#min_imp": 0.9905660377358491, 
  "##characteristics#compile#obj_sizes#gzlib.o#range": 0, 
  "##characteristics#compile#obj_sizes#gzlib.o#range_percent": 0, 
  "##characteristics#compile#obj_sizes#gzlib.o#repeats": 1, 
  "##characteristics#compile#obj_sizes#gzread.o#all": [
    5816
  ], 
  "##characteristics#compile#obj_sizes#gzread.o#all_unique": [
    5816
  ], 
  "##characteristics#compile#obj_sizes#gzread.o#center": 5816, 
  "##characteristics#compile#obj_sizes#gzread.o#center_imp": 0.9931224209078404, 
  "##characteristics#compile#obj_sizes#gzread.o#halfrange": 0, 
  "##characteristics#compile#obj_sizes#gzread.o#max": 5816, 
  "##characteristics#compile#obj_sizes#gzread.o#mean": 5816.0, 
  "##characteristics#compile#obj_sizes#gzread.o#mean_imp": 0.9931224209078404, 
  "##characteristics#compile#obj_sizes#gzread.o#min": 5816, 
  "##characteristics#compile#obj_sizes#gzread.o#min_imp": 0.9931224209078404, 
  "##characteristics#compile#obj_sizes#gzread.o#range": 0, 
  "##characteristics#compile#obj_sizes#gzread.o#range_percent": 0, 
  "##characteristics#compile#obj_sizes#gzread.o#repeats": 1, 
  "##characteristics#compile#obj_sizes#gzwrite.o#all": [
    9960
  ], 
  "##characteristics#compile#obj_sizes#gzwrite.o#all_unique": [
    9960
  ], 
  "##characteristics#compile#obj_sizes#gzwrite.o#center": 9960, 
  "##characteristics#compile#obj_sizes#gzwrite.o#center_imp": 1.0305220883534136, 
  "##characteristics#compile#obj_sizes#gzwrite.o#halfrange": 0, 
  "##characteristics#compile#obj_sizes#gzwrite.o#max": 9960, 
  "##characteristics#compile#obj_sizes#gzwrite.o#mean": 9960.0, 
  "##characteristics#compile#obj_sizes#gzwrite.o#mean_imp": 1.0305220883534136, 
  "##characteristics#compile#obj_sizes#gzwrite.o#min": 9960, 
  "##characteristics#compile#obj_sizes#gzwrite.o#min_imp": 1.0305220883534136, 
  "##characteristics#compile#obj_sizes#gzwrite.o#range": 0, 
  "##characteristics#compile#obj_sizes#gzwrite.o#range_percent": 0, 
  "##characteristics#compile#obj_sizes#gzwrite.o#repeats": 1, 
  "##characteristics#compile#obj_sizes#infback.o#all": [
    9484
  ], 
  "##characteristics#compile#obj_sizes#infback.o#all_unique": [
    9484
  ], 
  "##characteristics#compile#obj_sizes#infback.o#center": 9484, 
  "##characteristics#compile#obj_sizes#infback.o#center_imp": 1.0092787853226486, 
  "##characteristics#compile#obj_sizes#infback.o#halfrange": 0, 
  "##characteristics#compile#obj_sizes#infback.o#max": 9484, 
  "##characteristics#compile#obj_sizes#infback.o#mean": 9484.0, 
  "##characteristics#compile#obj_sizes#infback.o#mean_imp": 1.0092787853226486, 
  "##characteristics#compile#obj_sizes#infback.o#min": 9484, 
  "##characteristics#compile#obj_sizes#infback.o#min_imp": 1.0092787853226486, 
  "##characteristics#compile#obj_sizes#infback.o#range": 0, 
  "##characteristics#compile#obj_sizes#infback.o#range_percent": 0, 
  "##characteristics#compile#obj_sizes#infback.o#repeats": 1, 
  "##characteristics#compile#obj_sizes#inffast.o#all": [
    4000
  ], 
  "##characteristics#compile#obj_sizes#inffast.o#all_unique": [
    4000
  ], 
  "##characteristics#compile#obj_sizes#inffast.o#center": 4000, 
  "##characteristics#compile#obj_sizes#inffast.o#center_imp": 0.999, 
  "##characteristics#compile#obj_sizes#inffast.o#halfrange": 0, 
  "##characteristics#compile#obj_sizes#inffast.o#max": 4000, 
  "##characteristics#compile#obj_sizes#inffast.o#mean": 4000.0, 
  "##characteristics#compile#obj_sizes#inffast.o#mean_imp": 0.999, 
  "##characteristics#compile#obj_sizes#inffast.o#min": 4000, 
  "##characteristics#compile#obj_sizes#inffast.o#min_imp": 0.999, 
  "##characteristics#compile#obj_sizes#inffast.o#range": 0, 
  "##characteristics#compile#obj_sizes#inffast.o#range_percent": 0, 
  "##characteristics#compile#obj_sizes#inffast.o#repeats": 1, 
  "##characteristics#compile#obj_sizes#inflate.o#all": [
    16728
  ], 
  "##characteristics#compile#obj_sizes#inflate.o#all_unique": [
    16728
  ], 
  "##characteristics#compile#obj_sizes#inflate.o#center": 16728, 
  "##characteristics#compile#obj_sizes#inflate.o#center_imp": 1.0019129603060737, 
  "##characteristics#compile#obj_sizes#inflate.o#halfrange": 0, 
  "##characteristics#compile#obj_sizes#inflate.o#max": 16728, 
  "##characteristics#compile#obj_sizes#inflate.o#mean": 16728.0, 
  "##characteristics#compile#obj_sizes#inflate.o#mean_imp": 1.0019129603060737, 
  "##characteristics#compile#obj_sizes#inflate.o#min": 16728, 
  "##characteristics#compile#obj_sizes#inflate.o#min_imp": 1.0019129603060737, 
  "##characteristics#compile#obj_sizes#inflate.o#range": 0, 
  "##characteristics#compile#obj_sizes#inflate.o#range_percent": 0, 
  "##characteristics#compile#obj_sizes#inflate.o#repeats": 1, 
  "##characteristics#compile#obj_sizes#inftrees.o#all": [
    4364
  ], 
  "##characteristics#compile#obj_sizes#inftrees.o#all_unique": [
    4364
  ], 
  "##characteristics#compile#obj_sizes#inftrees.o#center": 4364, 
  "##characteristics#compile#obj_sizes#inftrees.o#center_imp": 1.0128322639780019, 
  "##characteristics#compile#obj_sizes#inftrees.o#halfrange": 0, 
  "##characteristics#compile#obj_sizes#inftrees.o#max": 4364, 
  "##characteristics#compile#obj_sizes#inftrees.o#mean": 4364.0, 
  "##characteristics#compile#obj_sizes#inftrees.o#mean_imp": 1.0128322639780019, 
  "##characteristics#compile#obj_sizes#inftrees.o#min": 4364, 
  "##characteristics#compile#obj_sizes#inftrees.o#min_imp": 1.0128322639780019, 
  "##characteristics#compile#obj_sizes#inftrees.o#range": 0, 
  "##characteristics#compile#obj_sizes#inftrees.o#range_percent": 0, 
  "##characteristics#compile#obj_sizes#inftrees.o#repeats": 1, 
  "##characteristics#compile#obj_sizes#trees.o#all": [
    14244
  ], 
  "##characteristics#compile#obj_sizes#trees.o#all_unique": [
    14244
  ], 
  "##characteristics#compile#obj_sizes#trees.o#center": 14244, 
  "##characteristics#compile#obj_sizes#trees.o#center_imp": 0.995787700084246, 
  "##characteristics#compile#obj_sizes#trees.o#halfrange": 0, 
  "##characteristics#compile#obj_sizes#trees.o#max": 14244, 
  "##characteristics#compile#obj_sizes#trees.o#mean": 14244.0, 
  "##characteristics#compile#obj_sizes#trees.o#mean_imp": 0.995787700084246, 
  "##characteristics#compile#obj_sizes#trees.o#min": 14244, 
  "##characteristics#compile#obj_sizes#trees.o#min_imp": 0.995787700084246, 
  "##characteristics#compile#obj_sizes#trees.o#range": 0, 
  "##characteristics#compile#obj_sizes#trees.o#range_percent": 0, 
  "##characteristics#compile#obj_sizes#trees.o#repeats": 1, 
  "##characteristics#compile#obj_sizes#uncompr.o#all": [
    1272
  ], 
  "##characteristics#compile#obj_sizes#uncompr.o#all_unique": [
    1272
  ], 
  "##characteristics#compile#obj_sizes#uncompr.o#center": 1272, 
  "##characteristics#compile#obj_sizes#uncompr.o#center_imp": 1.0, 
  "##characteristics#compile#obj_sizes#uncompr.o#halfrange": 0, 
  "##characteristics#compile#obj_sizes#uncompr.o#max": 1272, 
  "##characteristics#compile#obj_sizes#uncompr.o#mean": 1272.0, 
  "##characteristics#compile#obj_sizes#uncompr.o#mean_imp": 1.0, 
  "##characteristics#compile#obj_sizes#uncompr.o#min": 1272, 
  "##characteristics#compile#obj_sizes#uncompr.o#min_imp": 1.0, 
  "##characteristics#compile#obj_sizes#uncompr.o#range": 0, 
  "##characteristics#compile#obj_sizes#uncompr.o#range_percent": 0, 
  "##characteristics#compile#obj_sizes#uncompr.o#repeats": 1, 
  "##characteristics#compile#obj_sizes#zutil.o#all": [
    1648
  ], 
  "##characteristics#compile#obj_sizes#zutil.o#all_unique": [
    1648
  ], 
  "##characteristics#compile#obj_sizes#zutil.o#center": 1648, 
  "##characteristics#compile#obj_sizes#zutil.o#center_imp": 1.0, 
  "##characteristics#compile#obj_sizes#zutil.o#halfrange": 0, 
  "##characteristics#compile#obj_sizes#zutil.o#max": 1648, 
  "##characteristics#compile#obj_sizes#zutil.o#mean": 1648.0, 
  "##characteristics#compile#obj_sizes#zutil.o#mean_imp": 1.0, 
  "##characteristics#compile#obj_sizes#zutil.o#min": 1648, 
  "##characteristics#compile#obj_sizes#zutil.o#min_imp": 1.0, 
  "##characteristics#compile#obj_sizes#zutil.o#range": 0, 
  "##characteristics#compile#obj_sizes#zutil.o#range_percent": 0, 
  "##characteristics#compile#obj_sizes#zutil.o#repeats": 1, 
  "##characteristics#compile#program_git_hash#all": [
    "f3b3ffe43b24039767a39c7f85ab4b768684a65b"
  ], 
  "##characteristics#compile#program_git_hash#all_unique": [
    "f3b3ffe43b24039767a39c7f85ab4b768684a65b"
  ], 
  "##characteristics#compile#program_git_hash#min": "f3b3ffe43b24039767a39c7f85ab4b768684a65b", 
  "##characteristics#compile#program_git_hash#min_imp": 0, 
  "##characteristics#compile#program_git_hash#repeats": 1, 
  "##characteristics#run#execution_time#all": [
    0.016413520193861067, 
    0.01646224717285945, 
    0.016311276252019384, 
    0.01632267689822294
  ], 
  "##characteristics#run#execution_time#all_unique": [
    0.016413520193861067, 
    0.01646224717285945, 
    0.016311276252019384, 
    0.01632267689822294
  ], 
  "##characteristics#run#execution_time#center": 0.016386761712439416, 
  "##characteristics#run#execution_time#center_imp": 0.9913430947821223, 
  "##characteristics#run#execution_time#halfrange": 7.54854604200321e-05, 
  "##characteristics#run#execution_time#max": 0.01646224717285945, 
  "##characteristics#run#execution_time#mean": 0.01637743012924071, 
  "##characteristics#run#execution_time#mean_imp": 0.9923105296043451, 
  "##characteristics#run#execution_time#min": 0.016311276252019384, 
  "##characteristics#run#execution_time#min_imp": 0.99139529033306, 
  "##characteristics#run#execution_time#range": 0.0001509709208400642, 
  "##characteristics#run#execution_time#range_percent": 0.009255616697765973, 
  "##characteristics#run#execution_time#repeats": 4, 
  "##characteristics#run#execution_time_kernel_0#all": [
    10.159969, 
    10.190131, 
    10.09668, 
    10.103737
  ], 
  "##characteristics#run#execution_time_kernel_0#all_unique": [
    10.159969, 
    10.190131, 
    10.09668, 
    10.103737
  ], 
  "##characteristics#run#execution_time_kernel_0#center": 10.1434055, 
  "##characteristics#run#execution_time_kernel_0#center_imp": 0.9913430947821222, 
  "##characteristics#run#execution_time_kernel_0#halfrange": 0.046725499999999975, 
  "##characteristics#run#execution_time_kernel_0#max": 10.190131, 
  "##characteristics#run#execution_time_kernel_0#mean": 10.13762925, 
  "##characteristics#run#execution_time_kernel_0#mean_imp": 0.9923105296043451, 
  "##characteristics#run#execution_time_kernel_0#min": 10.09668, 
  "##characteristics#run#execution_time_kernel_0#min_imp": 0.99139529033306, 
  "##characteristics#run#execution_time_kernel_0#range": 0.09345099999999995, 
  "##characteristics#run#execution_time_kernel_0#range_percent": 0.009255616697765994, 
  "##characteristics#run#execution_time_kernel_0#repeats": 4, 
  "##characteristics#run#execution_time_with_module#all": [
    10.881047010421753, 
    10.907396078109741, 
    11.395745038986206, 
    10.822474002838135
  ], 
  "##characteristics#run#execution_time_with_module#all_unique": [
    10.881047010421753, 
    10.907396078109741, 
    11.395745038986206, 
    10.822474002838135
  ], 
  "##characteristics#run#execution_time_with_module#center": 11.10910952091217, 
  "##characteristics#run#execution_time_with_module#center_imp": 1.1845473705242833, 
  "##characteristics#run#execution_time_with_module#halfrange": 0.28663551807403564, 
  "##characteristics#run#execution_time_with_module#max": 11.395745038986206, 
  "##characteristics#run#execution_time_with_module#mean": 11.001665532588959, 
  "##characteristics#run#execution_time_with_module#mean_imp": 1.0885582209588818, 
  "##characteristics#run#execution_time_with_module#min": 10.822474002838135, 
  "##characteristics#run#execution_time_with_module#min_imp": 0.9914840137673099, 
  "##characteristics#run#execution_time_with_module#range": 0.5732710361480713, 
  "##characteristics#run#execution_time_with_module#range_percent": 0.05297042395276109, 
  "##characteristics#run#execution_time_with_module#repeats": 4, 
  "##characteristics#run#repeat#all": [
    619, 
    619, 
    619, 
    619
  ], 
  "##characteristics#run#repeat#all_unique": [
    619
  ], 
  "##characteristics#run#repeat#center": 619, 
  "##characteristics#run#repeat#center_imp": 1.0, 
  "##characteristics#run#repeat#halfrange": 0, 
  "##characteristics#run#repeat#max": 619, 
  "##characteristics#run#repeat#mean": 619.0, 
  "##characteristics#run#repeat#mean_imp": 1.0, 
  "##characteristics#run#repeat#min": 619, 
  "##characteristics#run#repeat#min_imp": 1.0, 
  "##characteristics#run#repeat#range": 0, 
  "##characteristics#run#repeat#range_percent": 0, 
  "##characteristics#run#repeat#repeats": 4, 
  "##characteristics#run#return_code#all": [
    0, 
    0, 
    0, 
    0
  ], 
  "##characteristics#run#return_code#all_unique": [
    0
  ], 
  "##characteristics#run#return_code#center": 0, 
  "##characteristics#run#return_code#halfrange": 0, 
  "##characteristics#run#return_code#max": 0, 
  "##characteristics#run#return_code#mean": 0.0, 
  "##characteristics#run#return_code#min": 0, 
  "##characteristics#run#return_code#min_imp": 1, 
  "##characteristics#run#return_code#range": 0, 
  "##characteristics#run#return_code#repeats": 4, 
  "##characteristics#run#run_success#all": [
    "yes", 
    "yes", 
    "yes", 
    "yes"
  ], 
  "##characteristics#run#run_success#all_unique": [
    "yes"
  ], 
  "##characteristics#run#run_success#min": "yes", 
  "##characteristics#run#run_success#min_imp": 1, 
  "##characteristics#run#run_success#repeats": 4, 
  "##characteristics#run#run_success_bool#all": [
    true, 
    true, 
    true, 
    true
  ], 
  "##characteristics#run#run_success_bool#all_unique": [
    true
  ], 
  "##characteristics#run#run_success_bool#min": true, 
  "##characteristics#run#run_success_bool#min_imp": 1, 
  "##characteristics#run#run_success_bool#repeats": 4, 
  "##characteristics#run#total_execution_time#all": [
    10.159969, 
    10.190131, 
    10.09668, 
    10.103737
  ], 
  "##characteristics#run#total_execution_time#all_unique": [
    10.159969, 
    10.190131, 
    10.09668, 
    10.103737
  ], 
  "##characteristics#run#total_execution_time#center": 10.1434055, 
  "##characteristics#run#total_execution_time#center_imp": 0.9913430947821222, 
  "##characteristics#run#total_execution_time#halfrange": 0.046725499999999975, 
  "##characteristics#run#total_execution_time#max": 10.190131, 
  "##characteristics#run#total_execution_time#mean": 10.13762925, 
  "##characteristics#run#total_execution_time#mean_imp": 0.9923105296043451, 
  "##characteristics#run#total_execution_time#min": 10.09668, 
  "##characteristics#run#total_execution_time#min_imp": 0.99139529033306, 
  "##characteristics#run#total_execution_time#range": 0.09345099999999995, 
  "##characteristics#run#total_execution_time#range_percent": 0.009255616697765994, 
  "##characteristics#run#total_execution_time#repeats": 4
}
