{
  "characteristics_list": [
    {
      "compile": {
        "binary_size": 99872, 
        "compilation_success": "yes", 
        "compilation_success_bool": true, 
        "compilation_time": 106.81086087226868, 
        "compilation_time_with_module": 111.75012111663818, 
        "joined_compiler_flags": "-O3 -fexcess-precision=fast -fira-region=mixed -fbranch-count-reg -fno-caller-saves -fno-fast-math -fno-inline-functions-called-once -fira-share-spill-slots -floop-parallelize-all -fmove-loop-invariants -fno-partial-inlining -fno-rounding-math -fsched-pressure -fschedule-insns2 -fsplit-wide-types -ftree-copyrename -fno-tree-loop-if-convert-stores -fno-tree-sra -fno-use-linker-plugin", 
        "md5_sum": "57ab832f0b85c24d42cbf704c6bf5e10", 
        "obj_size": 113076, 
        "obj_sizes": {
          "adler32.o": 2424, 
          "compress.o": 1568, 
          "crc32.o": 10812, 
          "ctuning-rtl.o": 3836, 
          "deflate.o": 19780, 
          "gzclose.o": 980, 
          "gzlib.o": 6300, 
          "gzread.o": 5776, 
          "gzwrite.o": 9556, 
          "infback.o": 9568, 
          "inffast.o": 4016, 
          "inflate.o": 16924, 
          "inftrees.o": 4420, 
          "trees.o": 14196, 
          "uncompr.o": 1272, 
          "zutil.o": 1648
        }, 
        "program_git_hash": "f3b3ffe43b24039767a39c7f85ab4b768684a65b"
      }, 
      "run": {
        "execution_time": 0.016486949919224555, 
        "execution_time_kernel_0": 10.205422, 
        "execution_time_with_module": 11.472213983535767, 
        "repeat": 619, 
        "return_code": 0, 
        "run_success": "yes", 
        "run_success_bool": true, 
        "total_execution_time": 10.205422
      }
    }, 
    {
      "run": {
        "execution_time": 0.016352762520193864, 
        "execution_time_kernel_0": 10.12236, 
        "execution_time_with_module": 11.550350189208984, 
        "repeat": 619, 
        "return_code": 0, 
        "run_success": "yes", 
        "run_success_bool": true, 
        "total_execution_time": 10.12236
      }
    }, 
    {
      "run": {
        "execution_time": 0.016506150242326333, 
        "execution_time_kernel_0": 10.217307, 
        "execution_time_with_module": 10.934545993804932, 
        "repeat": 619, 
        "return_code": 0, 
        "run_success": "yes", 
        "run_success_bool": true, 
        "total_execution_time": 10.217307
      }
    }, 
    {
      "run": {
        "execution_time": 0.016481586429725362, 
        "execution_time_kernel_0": 10.202102, 
        "execution_time_with_module": 10.924868822097778, 
        "repeat": 619, 
        "return_code": 0, 
        "run_success": "yes", 
        "run_success_bool": true, 
        "total_execution_time": 10.202102
      }
    }
  ], 
  "choices": {
    "calibration_time": 10.0, 
    "cmd_key": "decode", 
    "compile_type": "dynamic", 
    "compiler_description_uoa": "gcc-4.9.0-auto", 
    "compiler_flags": {
      "base_opt": "-O3", 
      "bool--fexcess-precision=": "-fexcess-precision=fast", 
      "bool--fira-region=": "-fira-region=mixed", 
      "bool-branch-count-reg": "-fbranch-count-reg", 
      "bool-caller-saves": "-fno-caller-saves", 
      "bool-fast-math": "-fno-fast-math", 
      "bool-inline-functions-called-once": "-fno-inline-functions-called-once", 
      "bool-ira-share-spill-slots": "-fira-share-spill-slots", 
      "bool-loop-parallelize-all": "-floop-parallelize-all", 
      "bool-move-loop-invariants": "-fmove-loop-invariants", 
      "bool-partial-inlining": "-fno-partial-inlining", 
      "bool-rounding-math": "-fno-rounding-math", 
      "bool-sched-pressure": "-fsched-pressure", 
      "bool-schedule-insns2": "-fschedule-insns2", 
      "bool-split-wide-types": "-fsplit-wide-types", 
      "bool-tree-copyrename": "-ftree-copyrename", 
      "bool-tree-loop-if-convert-stores": "-fno-tree-loop-if-convert-stores", 
      "bool-tree-sra": "-fno-tree-sra", 
      "bool-use-linker-plugin": "-fno-use-linker-plugin"
    }, 
    "data_uoa": "zlib-inflate", 
    "dataset_file": "audio-wav-0001-deflated", 
    "dataset_uoa": "audio-wav-0001-deflated", 
    "device_cfg": {}, 
    "device_id": "", 
    "host_os": "linux-32", 
    "module_uoa": "b0ac08fe1d3c2615", 
    "no_state_check": "yes", 
    "program_tags": "", 
    "repeat": 619, 
    "target": "", 
    "target_os": "linux-32", 
    "target_os_bits": "32"
  }, 
  "choices_order": [
    "##compiler_flags#base_opt", 
    "##compiler_flags#bool--fexcess-precision=", 
    "##compiler_flags#bool--fira-region=", 
    "##compiler_flags#bool-branch-count-reg", 
    "##compiler_flags#bool-caller-saves", 
    "##compiler_flags#bool-fast-math", 
    "##compiler_flags#bool-inline-functions-called-once", 
    "##compiler_flags#bool-ira-share-spill-slots", 
    "##compiler_flags#bool-loop-parallelize-all", 
    "##compiler_flags#bool-move-loop-invariants", 
    "##compiler_flags#bool-partial-inlining", 
    "##compiler_flags#bool-rounding-math", 
    "##compiler_flags#bool-sched-pressure", 
    "##compiler_flags#bool-schedule-insns2", 
    "##compiler_flags#bool-split-wide-types", 
    "##compiler_flags#bool-tree-copyrename", 
    "##compiler_flags#bool-tree-loop-if-convert-stores", 
    "##compiler_flags#bool-tree-sra", 
    "##compiler_flags#bool-use-linker-plugin"
  ], 
  "features": {
    "compiler_version": {
      "list": [
        4, 
        9, 
        2
      ], 
      "raw": [
        "gcc-4.9 (Raspbian 4.9.2-10) 4.9.2", 
        "Copyright (C) 2014 Free Software Foundation, Inc.", 
        "This is free software; see the source for copying conditions.  There is NO", 
        "warranty; not even for MERCHANTABILITY or FITNESS FOR A PARTICULAR PURPOSE.", 
        "", 
        ""
      ], 
      "str": "4.9.2"
    }, 
    "dataset": {
      "total_size": 116960
    }, 
    "number_of_selected_compiler_flags": 19, 
    "platform": {
      "cpu": {
        "all_freqs": {
          "0": [
            700000, 
            700000
          ]
        }, 
        "cpu_abi": "", 
        "cpu_features": "half thumb fastmult vfp edsp java tls", 
        "current_freq": {
          "0": 700.0
        }, 
        "max_freq": {
          "0": 700.0
        }, 
        "name": "BCM2708", 
        "num_proc": "1", 
        "sub_name": "ARMv6-compatible processor rev 7 (v6l)", 
        "workload_automation": {
          "device_config": {
            "core_clusters": [
              0
            ], 
            "core_names": [
              "BCM2708"
            ]
          }
        }
      }, 
      "cpu_misc": {
        "0": {
          "BogoMIPS": "697.95", 
          "CPU architecture": "7", 
          "CPU implementer": "0x41", 
          "CPU part": "0xb76", 
          "CPU revision": "7", 
          "CPU variant": "0x0", 
          "Features": "half thumb fastmult vfp edsp java tls", 
          "Hardware": "BCM2708", 
          "Revision": "0013", 
          "Serial": "00000000999033c3", 
          "all_freqs": [
            "0", 
            "0"
          ], 
          "ck_cpu_name": "BCM2708", 
          "ck_cpu_subname": "ARMv6-compatible processor rev 7 (v6l)", 
          "cpu_features": "half thumb fastmult vfp edsp java tls", 
          "cur_freq": 700.0, 
          "max_freq": 700.0, 
          "model name": "ARMv6-compatible processor rev 7 (v6l)", 
          "processor": "0"
        }
      }, 
      "cpu_new_format": "", 
      "cpu_unique": [
        {
          "BogoMIPS": "697.95", 
          "CPU architecture": "7", 
          "CPU implementer": "0x41", 
          "CPU part": "0xb76", 
          "CPU revision": "7", 
          "CPU variant": "0x0", 
          "Features": "half thumb fastmult vfp edsp java tls", 
          "Hardware": "BCM2708", 
          "Revision": "0013", 
          "Serial": "00000000999033c3", 
          "all_freqs": [
            "0", 
            "0"
          ], 
          "ck_cpu_name": "BCM2708", 
          "ck_cpu_subname": "ARMv6-compatible processor rev 7 (v6l)", 
          "cpu_features": "half thumb fastmult vfp edsp java tls", 
          "cur_freq": 700.0, 
          "max_freq": 700.0, 
          "model name": "ARMv6-compatible processor rev 7 (v6l)", 
          "processor": "0"
        }
      ], 
      "gpu": {
        "name": "", 
        "vendor": ""
      }, 
      "gpu_misc": {}, 
      "os": {
        "abi": "armv6l", 
        "bits": "32", 
        "ck_os_base_uoa": "", 
        "ck_os_uoa": "linux-32", 
        "name": "Linux 4.4.21+", 
        "name_long": "Linux-4.4.21+-armv6l-with-debian-8.0", 
        "name_short": "Linux 4.4.21+", 
        "serial_number": ""
      }, 
      "os_misc": {}, 
      "platform": {
        "model": "", 
        "name": "", 
        "vendor": ""
      }, 
      "platform_misc": {}
    }, 
    "solution_uid": "61764d46879edf84", 
    "statistical_repetitions": 4
  }
}
