{
  "##choices#calibration_time": 10.0, 
  "##choices#cmd_key": "decode", 
  "##choices#compile_type": "dynamic", 
  "##choices#compiler_description_uoa": "gcc-4.9.0-auto", 
  "##choices#compiler_flags#base_opt": "-O3", 
  "##choices#compiler_flags#bool--fexcess-precision=": "-fexcess-precision=fast", 
  "##choices#compiler_flags#bool--ffp-contract=": "-ffp-contract=on", 
  "##choices#compiler_flags#bool-function-cse": "-fno-function-cse", 
  "##choices#compiler_flags#bool-function-sections": "-fno-function-sections", 
  "##choices#compiler_flags#bool-hoist-adjacent-loads": "-fhoist-adjacent-loads", 
  "##choices#compiler_flags#bool-isolate-erroneous-paths-attribute": "-fisolate-erroneous-paths-attribute", 
  "##choices#compiler_flags#bool-ivopts": "-fivopts", 
  "##choices#compiler_flags#bool-ree": "-fno-ree", 
  "##choices#compiler_flags#bool-single-precision-constant": "-fsingle-precision-constant", 
  "##choices#compiler_flags#bool-toplevel-reorder": "-fno-toplevel-reorder", 
  "##choices#compiler_flags#bool-tree-bit-ccp": "-ftree-bit-ccp", 
  "##choices#compiler_flags#bool-tree-copy-prop": "-fno-tree-copy-prop", 
  "##choices#compiler_flags#bool-tree-dce": "-fno-tree-dce", 
  "##choices#compiler_flags#bool-tree-loop-distribution": "-fno-tree-loop-distribution", 
  "##choices#compiler_flags#bool-tree-loop-ivcanon": "-ftree-loop-ivcanon", 
  "##choices#compiler_flags#bool-tree-loop-optimize": "-ftree-loop-optimize", 
  "##choices#compiler_flags#bool-use-linker-plugin": "-fno-use-linker-plugin", 
  "##choices#compiler_flags#bool-whole-program": "-fno-whole-program", 
  "##choices#data_uoa": "zlib-inflate", 
  "##choices#dataset_file": "audio-wav-0001-deflated", 
  "##choices#dataset_uoa": "audio-wav-0001-deflated", 
  "##choices#device_id": "", 
  "##choices#host_os": "linux-32", 
  "##choices#module_uoa": "b0ac08fe1d3c2615", 
  "##choices#no_state_check": "yes", 
  "##choices#program_tags": "", 
  "##choices#repeat": 619, 
  "##choices#target": "", 
  "##choices#target_os": "linux-32", 
  "##choices#target_os_bits": "32"
}
