{
  "##characteristics#compile#binary_size#all": [
    100276
  ], 
  "##characteristics#compile#binary_size#all_unique": [
    100276
  ], 
  "##characteristics#compile#binary_size#center": 100276, 
  "##characteristics#compile#binary_size#center_imp": 1.004906458175436, 
  "##characteristics#compile#binary_size#halfrange": 0, 
  "##characteristics#compile#binary_size#max": 100276, 
  "##characteristics#compile#binary_size#mean": 100276.0, 
  "##characteristics#compile#binary_size#mean_imp": 1.004906458175436, 
  "##characteristics#compile#binary_size#min": 100276, 
  "##characteristics#compile#binary_size#min_imp": 1.004906458175436, 
  "##characteristics#compile#binary_size#range": 0, 
  "##characteristics#compile#binary_size#range_percent": 0, 
  "##characteristics#compile#binary_size#repeats": 1, 
  "##characteristics#compile#compilation_success#all": [
    "yes"
  ], 
  "##characteristics#compile#compilation_success#all_unique": [
    "yes"
  ], 
  "##characteristics#compile#compilation_success#min": "yes", 
  "##characteristics#compile#compilation_success#min_imp": 0, 
  "##characteristics#compile#compilation_success#repeats": 1, 
  "##characteristics#compile#compilation_success_bool#all": [
    true
  ], 
  "##characteristics#compile#compilation_success_bool#all_unique": [
    true
  ], 
  "##characteristics#compile#compilation_success_bool#min": true, 
  "##characteristics#compile#compilation_success_bool#min_imp": 0, 
  "##characteristics#compile#compilation_success_bool#repeats": 1, 
  "##characteristics#compile#compilation_time#all": [
    95.8411340713501
  ], 
  "##characteristics#compile#compilation_time#all_unique": [
    95.8411340713501
  ], 
  "##characteristics#compile#compilation_time#center": 95.8411340713501, 
  "##characteristics#compile#compilation_time#center_imp": 1.1226208463156402, 
  "##characteristics#compile#compilation_time#halfrange": 0.0, 
  "##characteristics#compile#compilation_time#max": 95.8411340713501, 
  "##characteristics#compile#compilation_time#mean": 95.8411340713501, 
  "##characteristics#compile#compilation_time#mean_imp": 1.1226208463156402, 
  "##characteristics#compile#compilation_time#min": 95.8411340713501, 
  "##characteristics#compile#compilation_time#min_imp": 1.1226208463156402, 
  "##characteristics#compile#compilation_time#range": 0.0, 
  "##characteristics#compile#compilation_time#range_percent": 0.0, 
  "##characteristics#compile#compilation_time#repeats": 1, 
  "##characteristics#compile#compilation_time_with_module#all": [
    100.83644318580627
  ], 
  "##characteristics#compile#compilation_time_with_module#all_unique": [
    100.83644318580627
  ], 
  "##characteristics#compile#compilation_time_with_module#center": 100.83644318580627, 
  "##characteristics#compile#compilation_time_with_module#center_imp": 1.1147762296151398, 
  "##characteristics#compile#compilation_time_with_module#halfrange": 0.0, 
  "##characteristics#compile#compilation_time_with_module#max": 100.83644318580627, 
  "##characteristics#compile#compilation_time_with_module#mean": 100.83644318580627, 
  "##characteristics#compile#compilation_time_with_module#mean_imp": 1.1147762296151398, 
  "##characteristics#compile#compilation_time_with_module#min": 100.83644318580627, 
  "##characteristics#compile#compilation_time_with_module#min_imp": 1.1147762296151398, 
  "##characteristics#compile#compilation_time_with_module#range": 0.0, 
  "##characteristics#compile#compilation_time_with_module#range_percent": 0.0, 
  "##characteristics#compile#compilation_time_with_module#repeats": 1, 
  "##characteristics#compile#joined_compiler_flags#all": [
    "-O3 -fno-branch-target-load-optimize -fcompare-elim -fno-early-inlining -fno-expensive-optimizations -fno-ipa-cp -fipa-reference -fno-isolate-erroneous-paths-attribute -fno-function-cse -fno-guess-branch-probability -fsigned-zeros -fno-partial-inlining -fpeel-loops -fno-predictive-commoning -fno-reorder-blocks-and-partition -fno-split-wide-types -ftree-builtin-call-dce -fno-tree-pre -ffp-contract=on"
  ], 
  "##characteristics#compile#joined_compiler_flags#all_unique": [
    "-O3 -fno-branch-target-load-optimize -fcompare-elim -fno-early-inlining -fno-expensive-optimizations -fno-ipa-cp -fipa-reference -fno-isolate-erroneous-paths-attribute -fno-function-cse -fno-guess-branch-probability -fsigned-zeros -fno-partial-inlining -fpeel-loops -fno-predictive-commoning -fno-reorder-blocks-and-partition -fno-split-wide-types -ftree-builtin-call-dce -fno-tree-pre -ffp-contract=on"
  ], 
  "##characteristics#compile#joined_compiler_flags#min": "-O3 -fno-branch-target-load-optimize -fcompare-elim -fno-early-inlining -fno-expensive-optimizations -fno-ipa-cp -fipa-reference -fno-isolate-erroneous-paths-attribute -fno-function-cse -fno-guess-branch-probability -fsigned-zeros -fno-partial-inlining -fpeel-loops -fno-predictive-commoning -fno-reorder-blocks-and-partition -fno-split-wide-types -ftree-builtin-call-dce -fno-tree-pre -ffp-contract=on", 
  "##characteristics#compile#joined_compiler_flags#min_imp": 0, 
  "##characteristics#compile#joined_compiler_flags#repeats": 1, 
  "##characteristics#compile#md5_sum#all": [
    "947d5ff655954bbf0d79730349aa6c38"
  ], 
  "##characteristics#compile#md5_sum#all_unique": [
    "947d5ff655954bbf0d79730349aa6c38"
  ], 
  "##characteristics#compile#md5_sum#min": "947d5ff655954bbf0d79730349aa6c38", 
  "##characteristics#compile#md5_sum#min_imp": 0, 
  "##characteristics#compile#md5_sum#repeats": 1, 
  "##characteristics#compile#obj_size#all": [
    113464
  ], 
  "##characteristics#compile#obj_size#all_unique": [
    113464
  ], 
  "##characteristics#compile#obj_size#center": 113464, 
  "##characteristics#compile#obj_size#center_imp": 1.0051470069801876, 
  "##characteristics#compile#obj_size#halfrange": 0, 
  "##characteristics#compile#obj_size#max": 113464, 
  "##characteristics#compile#obj_size#mean": 113464.0, 
  "##characteristics#compile#obj_size#mean_imp": 1.0051470069801876, 
  "##characteristics#compile#obj_size#min": 113464, 
  "##characteristics#compile#obj_size#min_imp": 1.0051470069801876, 
  "##characteristics#compile#obj_size#range": 0, 
  "##characteristics#compile#obj_size#range_percent": 0, 
  "##characteristics#compile#obj_size#repeats": 1, 
  "##characteristics#compile#obj_sizes#adler32.o#all": [
    2428
  ], 
  "##characteristics#compile#obj_sizes#adler32.o#all_unique": [
    2428
  ], 
  "##characteristics#compile#obj_sizes#adler32.o#center": 2428, 
  "##characteristics#compile#obj_sizes#adler32.o#center_imp": 0.9983525535420099, 
  "##characteristics#compile#obj_sizes#adler32.o#halfrange": 0, 
  "##characteristics#compile#obj_sizes#adler32.o#max": 2428, 
  "##characteristics#compile#obj_sizes#adler32.o#mean": 2428.0, 
  "##characteristics#compile#obj_sizes#adler32.o#mean_imp": 0.9983525535420099, 
  "##characteristics#compile#obj_sizes#adler32.o#min": 2428, 
  "##characteristics#compile#obj_sizes#adler32.o#min_imp": 0.9983525535420099, 
  "##characteristics#compile#obj_sizes#adler32.o#range": 0, 
  "##characteristics#compile#obj_sizes#adler32.o#range_percent": 0, 
  "##characteristics#compile#obj_sizes#adler32.o#repeats": 1, 
  "##characteristics#compile#obj_sizes#compress.o#all": [
    1552
  ], 
  "##characteristics#compile#obj_sizes#compress.o#all_unique": [
    1552
  ], 
  "##characteristics#compile#obj_sizes#compress.o#center": 1552, 
  "##characteristics#compile#obj_sizes#compress.o#center_imp": 1.0103092783505154, 
  "##characteristics#compile#obj_sizes#compress.o#halfrange": 0, 
  "##characteristics#compile#obj_sizes#compress.o#max": 1552, 
  "##characteristics#compile#obj_sizes#compress.o#mean": 1552.0, 
  "##characteristics#compile#obj_sizes#compress.o#mean_imp": 1.0103092783505154, 
  "##characteristics#compile#obj_sizes#compress.o#min": 1552, 
  "##characteristics#compile#obj_sizes#compress.o#min_imp": 1.0103092783505154, 
  "##characteristics#compile#obj_sizes#compress.o#range": 0, 
  "##characteristics#compile#obj_sizes#compress.o#range_percent": 0, 
  "##characteristics#compile#obj_sizes#compress.o#repeats": 1, 
  "##characteristics#compile#obj_sizes#crc32.o#all": [
    11244
  ], 
  "##characteristics#compile#obj_sizes#crc32.o#all_unique": [
    11244
  ], 
  "##characteristics#compile#obj_sizes#crc32.o#center": 11244, 
  "##characteristics#compile#obj_sizes#crc32.o#center_imp": 0.9672714336535041, 
  "##characteristics#compile#obj_sizes#crc32.o#halfrange": 0, 
  "##characteristics#compile#obj_sizes#crc32.o#max": 11244, 
  "##characteristics#compile#obj_sizes#crc32.o#mean": 11244.0, 
  "##characteristics#compile#obj_sizes#crc32.o#mean_imp": 0.9672714336535041, 
  "##characteristics#compile#obj_sizes#crc32.o#min": 11244, 
  "##characteristics#compile#obj_sizes#crc32.o#min_imp": 0.9672714336535041, 
  "##characteristics#compile#obj_sizes#crc32.o#range": 0, 
  "##characteristics#compile#obj_sizes#crc32.o#range_percent": 0, 
  "##characteristics#compile#obj_sizes#crc32.o#repeats": 1, 
  "##characteristics#compile#obj_sizes#ctuning-rtl.o#all": [
    3820
  ], 
  "##characteristics#compile#obj_sizes#ctuning-rtl.o#all_unique": [
    3820
  ], 
  "##characteristics#compile#obj_sizes#ctuning-rtl.o#center": 3820, 
  "##characteristics#compile#obj_sizes#ctuning-rtl.o#center_imp": 1.0041884816753928, 
  "##characteristics#compile#obj_sizes#ctuning-rtl.o#halfrange": 0, 
  "##characteristics#compile#obj_sizes#ctuning-rtl.o#max": 3820, 
  "##characteristics#compile#obj_sizes#ctuning-rtl.o#mean": 3820.0, 
  "##characteristics#compile#obj_sizes#ctuning-rtl.o#mean_imp": 1.0041884816753928, 
  "##characteristics#compile#obj_sizes#ctuning-rtl.o#min": 3820, 
  "##characteristics#compile#obj_sizes#ctuning-rtl.o#min_imp": 1.0041884816753928, 
  "##characteristics#compile#obj_sizes#ctuning-rtl.o#range": 0, 
  "##characteristics#compile#obj_sizes#ctuning-rtl.o#range_percent": 0, 
  "##characteristics#compile#obj_sizes#ctuning-rtl.o#repeats": 1, 
  "##characteristics#compile#obj_sizes#deflate.o#all": [
    24440
  ], 
  "##characteristics#compile#obj_sizes#deflate.o#all_unique": [
    24440
  ], 
  "##characteristics#compile#obj_sizes#deflate.o#center": 24440, 
  "##characteristics#compile#obj_sizes#deflate.o#center_imp": 0.8253682487725041, 
  "##characteristics#compile#obj_sizes#deflate.o#halfrange": 0, 
  "##characteristics#compile#obj_sizes#deflate.o#max": 24440, 
  "##characteristics#compile#obj_sizes#deflate.o#mean": 24440.0, 
  "##characteristics#compile#obj_sizes#deflate.o#mean_imp": 0.8253682487725041, 
  "##characteristics#compile#obj_sizes#deflate.o#min": 24440, 
  "##characteristics#compile#obj_sizes#deflate.o#min_imp": 0.8253682487725041, 
  "##characteristics#compile#obj_sizes#deflate.o#range": 0, 
  "##characteristics#compile#obj_sizes#deflate.o#range_percent": 0, 
  "##characteristics#compile#obj_sizes#deflate.o#repeats": 1, 
  "##characteristics#compile#obj_sizes#gzclose.o#all": [
    980
  ], 
  "##characteristics#compile#obj_sizes#gzclose.o#all_unique": [
    980
  ], 
  "##characteristics#compile#obj_sizes#gzclose.o#center": 980, 
  "##characteristics#compile#obj_sizes#gzclose.o#center_imp": 1.0, 
  "##characteristics#compile#obj_sizes#gzclose.o#halfrange": 0, 
  "##characteristics#compile#obj_sizes#gzclose.o#max": 980, 
  "##characteristics#compile#obj_sizes#gzclose.o#mean": 980.0, 
  "##characteristics#compile#obj_sizes#gzclose.o#mean_imp": 1.0, 
  "##characteristics#compile#obj_sizes#gzclose.o#min": 980, 
  "##characteristics#compile#obj_sizes#gzclose.o#min_imp": 1.0, 
  "##characteristics#compile#obj_sizes#gzclose.o#range": 0, 
  "##characteristics#compile#obj_sizes#gzclose.o#range_percent": 0, 
  "##characteristics#compile#obj_sizes#gzclose.o#repeats": 1, 
  "##characteristics#compile#obj_sizes#gzlib.o#all": [
    6232
  ], 
  "##characteristics#compile#obj_sizes#gzlib.o#all_unique": [
    6232
  ], 
  "##characteristics#compile#obj_sizes#gzlib.o#center": 6232, 
  "##characteristics#compile#obj_sizes#gzlib.o#center_imp": 1.0109114249037228, 
  "##characteristics#compile#obj_sizes#gzlib.o#halfrange": 0, 
  "##characteristics#compile#obj_sizes#gzlib.o#max": 6232, 
  "##characteristics#compile#obj_sizes#gzlib.o#mean": 6232.0, 
  "##characteristics#compile#obj_sizes#gzlib.o#mean_imp": 1.0109114249037228, 
  "##characteristics#compile#obj_sizes#gzlib.o#min": 6232, 
  "##characteristics#compile#obj_sizes#gzlib.o#min_imp": 1.0109114249037228, 
  "##characteristics#compile#obj_sizes#gzlib.o#range": 0, 
  "##characteristics#compile#obj_sizes#gzlib.o#range_percent": 0, 
  "##characteristics#compile#obj_sizes#gzlib.o#repeats": 1, 
  "##characteristics#compile#obj_sizes#gzread.o#all": [
    6032
  ], 
  "##characteristics#compile#obj_sizes#gzread.o#all_unique": [
    6032
  ], 
  "##characteristics#compile#obj_sizes#gzread.o#center": 6032, 
  "##characteristics#compile#obj_sizes#gzread.o#center_imp": 0.9575596816976127, 
  "##characteristics#compile#obj_sizes#gzread.o#halfrange": 0, 
  "##characteristics#compile#obj_sizes#gzread.o#max": 6032, 
  "##characteristics#compile#obj_sizes#gzread.o#mean": 6032.0, 
  "##characteristics#compile#obj_sizes#gzread.o#mean_imp": 0.9575596816976127, 
  "##characteristics#compile#obj_sizes#gzread.o#min": 6032, 
  "##characteristics#compile#obj_sizes#gzread.o#min_imp": 0.9575596816976127, 
  "##characteristics#compile#obj_sizes#gzread.o#range": 0, 
  "##characteristics#compile#obj_sizes#gzread.o#range_percent": 0, 
  "##characteristics#compile#obj_sizes#gzread.o#repeats": 1, 
  "##characteristics#compile#obj_sizes#gzwrite.o#all": [
    7368
  ], 
  "##characteristics#compile#obj_sizes#gzwrite.o#all_unique": [
    7368
  ], 
  "##characteristics#compile#obj_sizes#gzwrite.o#center": 7368, 
  "##characteristics#compile#obj_sizes#gzwrite.o#center_imp": 1.3930510314875135, 
  "##characteristics#compile#obj_sizes#gzwrite.o#halfrange": 0, 
  "##characteristics#compile#obj_sizes#gzwrite.o#max": 7368, 
  "##characteristics#compile#obj_sizes#gzwrite.o#mean": 7368.0, 
  "##characteristics#compile#obj_sizes#gzwrite.o#mean_imp": 1.3930510314875135, 
  "##characteristics#compile#obj_sizes#gzwrite.o#min": 7368, 
  "##characteristics#compile#obj_sizes#gzwrite.o#min_imp": 1.3930510314875135, 
  "##characteristics#compile#obj_sizes#gzwrite.o#range": 0, 
  "##characteristics#compile#obj_sizes#gzwrite.o#range_percent": 0, 
  "##characteristics#compile#obj_sizes#gzwrite.o#repeats": 1, 
  "##characteristics#compile#obj_sizes#infback.o#all": [
    8660
  ], 
  "##characteristics#compile#obj_sizes#infback.o#all_unique": [
    8660
  ], 
  "##characteristics#compile#obj_sizes#infback.o#center": 8660, 
  "##characteristics#compile#obj_sizes#infback.o#center_imp": 1.1053117782909931, 
  "##characteristics#compile#obj_sizes#infback.o#halfrange": 0, 
  "##characteristics#compile#obj_sizes#infback.o#max": 8660, 
  "##characteristics#compile#obj_sizes#infback.o#mean": 8660.0, 
  "##characteristics#compile#obj_sizes#infback.o#mean_imp": 1.1053117782909931, 
  "##characteristics#compile#obj_sizes#infback.o#min": 8660, 
  "##characteristics#compile#obj_sizes#infback.o#min_imp": 1.1053117782909931, 
  "##characteristics#compile#obj_sizes#infback.o#range": 0, 
  "##characteristics#compile#obj_sizes#infback.o#range_percent": 0, 
  "##characteristics#compile#obj_sizes#infback.o#repeats": 1, 
  "##characteristics#compile#obj_sizes#inffast.o#all": [
    3596
  ], 
  "##characteristics#compile#obj_sizes#inffast.o#all_unique": [
    3596
  ], 
  "##characteristics#compile#obj_sizes#inffast.o#center": 3596, 
  "##characteristics#compile#obj_sizes#inffast.o#center_imp": 1.1112347052280311, 
  "##characteristics#compile#obj_sizes#inffast.o#halfrange": 0, 
  "##characteristics#compile#obj_sizes#inffast.o#max": 3596, 
  "##characteristics#compile#obj_sizes#inffast.o#mean": 3596.0, 
  "##characteristics#compile#obj_sizes#inffast.o#mean_imp": 1.1112347052280311, 
  "##characteristics#compile#obj_sizes#inffast.o#min": 3596, 
  "##characteristics#compile#obj_sizes#inffast.o#min_imp": 1.1112347052280311, 
  "##characteristics#compile#obj_sizes#inffast.o#range": 0, 
  "##characteristics#compile#obj_sizes#inffast.o#range_percent": 0, 
  "##characteristics#compile#obj_sizes#inffast.o#repeats": 1, 
  "##characteristics#compile#obj_sizes#inflate.o#all": [
    15800
  ], 
  "##characteristics#compile#obj_sizes#inflate.o#all_unique": [
    15800
  ], 
  "##characteristics#compile#obj_sizes#inflate.o#center": 15800, 
  "##characteristics#compile#obj_sizes#inflate.o#center_imp": 1.0607594936708862, 
  "##characteristics#compile#obj_sizes#inflate.o#halfrange": 0, 
  "##characteristics#compile#obj_sizes#inflate.o#max": 15800, 
  "##characteristics#compile#obj_sizes#inflate.o#mean": 15800.0, 
  "##characteristics#compile#obj_sizes#inflate.o#mean_imp": 1.0607594936708862, 
  "##characteristics#compile#obj_sizes#inflate.o#min": 15800, 
  "##characteristics#compile#obj_sizes#inflate.o#min_imp": 1.0607594936708862, 
  "##characteristics#compile#obj_sizes#inflate.o#range": 0, 
  "##characteristics#compile#obj_sizes#inflate.o#range_percent": 0, 
  "##characteristics#compile#obj_sizes#inflate.o#repeats": 1, 
  "##characteristics#compile#obj_sizes#inftrees.o#all": [
    4168
  ], 
  "##characteristics#compile#obj_sizes#inftrees.o#all_unique": [
    4168
  ], 
  "##characteristics#compile#obj_sizes#inftrees.o#center": 4168, 
  "##characteristics#compile#obj_sizes#inftrees.o#center_imp": 1.0604606525911708, 
  "##characteristics#compile#obj_sizes#inftrees.o#halfrange": 0, 
  "##characteristics#compile#obj_sizes#inftrees.o#max": 4168, 
  "##characteristics#compile#obj_sizes#inftrees.o#mean": 4168.0, 
  "##characteristics#compile#obj_sizes#inftrees.o#mean_imp": 1.0604606525911708, 
  "##characteristics#compile#obj_sizes#inftrees.o#min": 4168, 
  "##characteristics#compile#obj_sizes#inftrees.o#min_imp": 1.0604606525911708, 
  "##characteristics#compile#obj_sizes#inftrees.o#range": 0, 
  "##characteristics#compile#obj_sizes#inftrees.o#range_percent": 0, 
  "##characteristics#compile#obj_sizes#inftrees.o#repeats": 1, 
  "##characteristics#compile#obj_sizes#trees.o#all": [
    14236
  ], 
  "##characteristics#compile#obj_sizes#trees.o#all_unique": [
    14236
  ], 
  "##characteristics#compile#obj_sizes#trees.o#center": 14236, 
  "##characteristics#compile#obj_sizes#trees.o#center_imp": 0.9963472885642034, 
  "##characteristics#compile#obj_sizes#trees.o#halfrange": 0, 
  "##characteristics#compile#obj_sizes#trees.o#max": 14236, 
  "##characteristics#compile#obj_sizes#trees.o#mean": 14236.0, 
  "##characteristics#compile#obj_sizes#trees.o#mean_imp": 0.9963472885642034, 
  "##characteristics#compile#obj_sizes#trees.o#min": 14236, 
  "##characteristics#compile#obj_sizes#trees.o#min_imp": 0.9963472885642034, 
  "##characteristics#compile#obj_sizes#trees.o#range": 0, 
  "##characteristics#compile#obj_sizes#trees.o#range_percent": 0, 
  "##characteristics#compile#obj_sizes#trees.o#repeats": 1, 
  "##characteristics#compile#obj_sizes#uncompr.o#all": [
    1260
  ], 
  "##characteristics#compile#obj_sizes#uncompr.o#all_unique": [
    1260
  ], 
  "##characteristics#compile#obj_sizes#uncompr.o#center": 1260, 
  "##characteristics#compile#obj_sizes#uncompr.o#center_imp": 1.0095238095238095, 
  "##characteristics#compile#obj_sizes#uncompr.o#halfrange": 0, 
  "##characteristics#compile#obj_sizes#uncompr.o#max": 1260, 
  "##characteristics#compile#obj_sizes#uncompr.o#mean": 1260.0, 
  "##characteristics#compile#obj_sizes#uncompr.o#mean_imp": 1.0095238095238095, 
  "##characteristics#compile#obj_sizes#uncompr.o#min": 1260, 
  "##characteristics#compile#obj_sizes#uncompr.o#min_imp": 1.0095238095238095, 
  "##characteristics#compile#obj_sizes#uncompr.o#range": 0, 
  "##characteristics#compile#obj_sizes#uncompr.o#range_percent": 0, 
  "##characteristics#compile#obj_sizes#uncompr.o#repeats": 1, 
  "##characteristics#compile#obj_sizes#zutil.o#all": [
    1648
  ], 
  "##characteristics#compile#obj_sizes#zutil.o#all_unique": [
    1648
  ], 
  "##characteristics#compile#obj_sizes#zutil.o#center": 1648, 
  "##characteristics#compile#obj_sizes#zutil.o#center_imp": 1.0, 
  "##characteristics#compile#obj_sizes#zutil.o#halfrange": 0, 
  "##characteristics#compile#obj_sizes#zutil.o#max": 1648, 
  "##characteristics#compile#obj_sizes#zutil.o#mean": 1648.0, 
  "##characteristics#compile#obj_sizes#zutil.o#mean_imp": 1.0, 
  "##characteristics#compile#obj_sizes#zutil.o#min": 1648, 
  "##characteristics#compile#obj_sizes#zutil.o#min_imp": 1.0, 
  "##characteristics#compile#obj_sizes#zutil.o#range": 0, 
  "##characteristics#compile#obj_sizes#zutil.o#range_percent": 0, 
  "##characteristics#compile#obj_sizes#zutil.o#repeats": 1, 
  "##characteristics#compile#program_git_hash#all": [
    "f3b3ffe43b24039767a39c7f85ab4b768684a65b"
  ], 
  "##characteristics#compile#program_git_hash#all_unique": [
    "f3b3ffe43b24039767a39c7f85ab4b768684a65b"
  ], 
  "##characteristics#compile#program_git_hash#min": "f3b3ffe43b24039767a39c7f85ab4b768684a65b", 
  "##characteristics#compile#program_git_hash#min_imp": 0, 
  "##characteristics#compile#program_git_hash#repeats": 1, 
  "##characteristics#run#execution_time#all": [
    0.015448767366720517, 
    0.01549202746365105, 
    0.0157620662358643, 
    0.015365126009693053
  ], 
  "##characteristics#run#execution_time#all_unique": [
    0.015448767366720517, 
    0.01549202746365105, 
    0.0157620662358643, 
    0.015365126009693053
  ], 
  "##characteristics#run#execution_time#center": 0.015563596122778675, 
  "##characteristics#run#execution_time#center_imp": 1.043775676348415, 
  "##characteristics#run#execution_time#halfrange": 0.00019847011308562253, 
  "##characteristics#run#execution_time#max": 0.0157620662358643, 
  "##characteristics#run#execution_time#mean": 0.015516996768982229, 
  "##characteristics#run#execution_time#mean_imp": 1.047335164597766, 
  "##characteristics#run#execution_time#min": 0.015365126009693053, 
  "##characteristics#run#execution_time#min_imp": 1.052443204525112, 
  "##characteristics#run#execution_time#range": 0.00039694022617124507, 
  "##characteristics#run#execution_time#range_percent": 0.02583384125329244, 
  "##characteristics#run#execution_time#repeats": 4, 
  "##characteristics#run#execution_time_kernel_0#all": [
    9.562787, 
    9.589565, 
    9.756719, 
    9.511013
  ], 
  "##characteristics#run#execution_time_kernel_0#all_unique": [
    9.562787, 
    9.589565, 
    9.756719, 
    9.511013
  ], 
  "##characteristics#run#execution_time_kernel_0#center": 9.633866000000001, 
  "##characteristics#run#execution_time_kernel_0#center_imp": 1.043775676348415, 
  "##characteristics#run#execution_time_kernel_0#halfrange": 0.1228530000000001, 
  "##characteristics#run#execution_time_kernel_0#max": 9.756719, 
  "##characteristics#run#execution_time_kernel_0#mean": 9.605021, 
  "##characteristics#run#execution_time_kernel_0#mean_imp": 1.047335164597766, 
  "##characteristics#run#execution_time_kernel_0#min": 9.511013, 
  "##characteristics#run#execution_time_kernel_0#min_imp": 1.052443204525112, 
  "##characteristics#run#execution_time_kernel_0#range": 0.2457060000000002, 
  "##characteristics#run#execution_time_kernel_0#range_percent": 0.025833841253292387, 
  "##characteristics#run#execution_time_kernel_0#repeats": 4, 
  "##characteristics#run#execution_time_with_module#all": [
    10.290297985076904, 
    10.32136607170105, 
    10.482017040252686, 
    10.235887050628662
  ], 
  "##characteristics#run#execution_time_with_module#all_unique": [
    10.290297985076904, 
    10.32136607170105, 
    10.482017040252686, 
    10.235887050628662
  ], 
  "##characteristics#run#execution_time_with_module#center": 10.358952045440674, 
  "##characteristics#run#execution_time_with_module#center_imp": 1.2703279650430115, 
  "##characteristics#run#execution_time_with_module#halfrange": 0.12306499481201172, 
  "##characteristics#run#execution_time_with_module#max": 10.482017040252686, 
  "##characteristics#run#execution_time_with_module#mean": 10.332392036914825, 
  "##characteristics#run#execution_time_with_module#mean_imp": 1.1590688213293554, 
  "##characteristics#run#execution_time_with_module#min": 10.235887050628662, 
  "##characteristics#run#execution_time_with_module#min_imp": 1.048302888665354, 
  "##characteristics#run#execution_time_with_module#range": 0.24612998962402344, 
  "##characteristics#run#execution_time_with_module#range_percent": 0.02404578991606856, 
  "##characteristics#run#execution_time_with_module#repeats": 4, 
  "##characteristics#run#repeat#all": [
    619, 
    619, 
    619, 
    619
  ], 
  "##characteristics#run#repeat#all_unique": [
    619
  ], 
  "##characteristics#run#repeat#center": 619, 
  "##characteristics#run#repeat#center_imp": 1.0, 
  "##characteristics#run#repeat#halfrange": 0, 
  "##characteristics#run#repeat#max": 619, 
  "##characteristics#run#repeat#mean": 619.0, 
  "##characteristics#run#repeat#mean_imp": 1.0, 
  "##characteristics#run#repeat#min": 619, 
  "##characteristics#run#repeat#min_imp": 1.0, 
  "##characteristics#run#repeat#range": 0, 
  "##characteristics#run#repeat#range_percent": 0, 
  "##characteristics#run#repeat#repeats": 4, 
  "##characteristics#run#return_code#all": [
    0, 
    0, 
    0, 
    0
  ], 
  "##characteristics#run#return_code#all_unique": [
    0
  ], 
  "##characteristics#run#return_code#center": 0, 
  "##characteristics#run#return_code#halfrange": 0, 
  "##characteristics#run#return_code#max": 0, 
  "##characteristics#run#return_code#mean": 0.0, 
  "##characteristics#run#return_code#min": 0, 
  "##characteristics#run#return_code#min_imp": 1, 
  "##characteristics#run#return_code#range": 0, 
  "##characteristics#run#return_code#repeats": 4, 
  "##characteristics#run#run_success#all": [
    "yes", 
    "yes", 
    "yes", 
    "yes"
  ], 
  "##characteristics#run#run_success#all_unique": [
    "yes"
  ], 
  "##characteristics#run#run_success#min": "yes", 
  "##characteristics#run#run_success#min_imp": 1, 
  "##characteristics#run#run_success#repeats": 4, 
  "##characteristics#run#run_success_bool#all": [
    true, 
    true, 
    true, 
    true
  ], 
  "##characteristics#run#run_success_bool#all_unique": [
    true
  ], 
  "##characteristics#run#run_success_bool#min": true, 
  "##characteristics#run#run_success_bool#min_imp": 1, 
  "##characteristics#run#run_success_bool#repeats": 4, 
  "##characteristics#run#total_execution_time#all": [
    9.562787, 
    9.589565, 
    9.756719, 
    9.511013
  ], 
  "##characteristics#run#total_execution_time#all_unique": [
    9.562787, 
    9.589565, 
    9.756719, 
    9.511013
  ], 
  "##characteristics#run#total_execution_time#center": 9.633866000000001, 
  "##characteristics#run#total_execution_time#center_imp": 1.043775676348415, 
  "##characteristics#run#total_execution_time#halfrange": 0.1228530000000001, 
  "##characteristics#run#total_execution_time#max": 9.756719, 
  "##characteristics#run#total_execution_time#mean": 9.605021, 
  "##characteristics#run#total_execution_time#mean_imp": 1.047335164597766, 
  "##characteristics#run#total_execution_time#min": 9.511013, 
  "##characteristics#run#total_execution_time#min_imp": 1.052443204525112, 
  "##characteristics#run#total_execution_time#range": 0.2457060000000002, 
  "##characteristics#run#total_execution_time#range_percent": 0.025833841253292387, 
  "##characteristics#run#total_execution_time#repeats": 4
}
