{
  "##characteristics#compile#binary_size#all": [
    106832
  ], 
  "##characteristics#compile#binary_size#all_unique": [
    106832
  ], 
  "##characteristics#compile#binary_size#center": 106832, 
  "##characteristics#compile#binary_size#center_imp": 0.9432379811292496, 
  "##characteristics#compile#binary_size#halfrange": 0, 
  "##characteristics#compile#binary_size#max": 106832, 
  "##characteristics#compile#binary_size#mean": 106832.0, 
  "##characteristics#compile#binary_size#mean_imp": 0.9432379811292496, 
  "##characteristics#compile#binary_size#min": 106832, 
  "##characteristics#compile#binary_size#min_imp": 0.9432379811292496, 
  "##characteristics#compile#binary_size#range": 0, 
  "##characteristics#compile#binary_size#range_percent": 0, 
  "##characteristics#compile#binary_size#repeats": 1, 
  "##characteristics#compile#compilation_success#all": [
    "yes"
  ], 
  "##characteristics#compile#compilation_success#all_unique": [
    "yes"
  ], 
  "##characteristics#compile#compilation_success#min": "yes", 
  "##characteristics#compile#compilation_success#min_imp": 0, 
  "##characteristics#compile#compilation_success#repeats": 1, 
  "##characteristics#compile#compilation_success_bool#all": [
    true
  ], 
  "##characteristics#compile#compilation_success_bool#all_unique": [
    true
  ], 
  "##characteristics#compile#compilation_success_bool#min": true, 
  "##characteristics#compile#compilation_success_bool#min_imp": 0, 
  "##characteristics#compile#compilation_success_bool#repeats": 1, 
  "##characteristics#compile#compilation_time#all": [
    117.50311398506165
  ], 
  "##characteristics#compile#compilation_time#all_unique": [
    117.50311398506165
  ], 
  "##characteristics#compile#compilation_time#center": 117.50311398506165, 
  "##characteristics#compile#compilation_time#center_imp": 0.9156630100603826, 
  "##characteristics#compile#compilation_time#halfrange": 0.0, 
  "##characteristics#compile#compilation_time#max": 117.50311398506165, 
  "##characteristics#compile#compilation_time#mean": 117.50311398506165, 
  "##characteristics#compile#compilation_time#mean_imp": 0.9156630100603826, 
  "##characteristics#compile#compilation_time#min": 117.50311398506165, 
  "##characteristics#compile#compilation_time#min_imp": 0.9156630100603826, 
  "##characteristics#compile#compilation_time#range": 0.0, 
  "##characteristics#compile#compilation_time#range_percent": 0.0, 
  "##characteristics#compile#compilation_time#repeats": 1, 
  "##characteristics#compile#compilation_time_with_module#all": [
    122.42972111701965
  ], 
  "##characteristics#compile#compilation_time_with_module#all_unique": [
    122.42972111701965
  ], 
  "##characteristics#compile#compilation_time_with_module#center": 122.42972111701965, 
  "##characteristics#compile#compilation_time_with_module#center_imp": 0.9181599771433899, 
  "##characteristics#compile#compilation_time_with_module#halfrange": 0.0, 
  "##characteristics#compile#compilation_time_with_module#max": 122.42972111701965, 
  "##characteristics#compile#compilation_time_with_module#mean": 122.42972111701965, 
  "##characteristics#compile#compilation_time_with_module#mean_imp": 0.9181599771433899, 
  "##characteristics#compile#compilation_time_with_module#min": 122.42972111701965, 
  "##characteristics#compile#compilation_time_with_module#min_imp": 0.9181599771433899, 
  "##characteristics#compile#compilation_time_with_module#range": 0.0, 
  "##characteristics#compile#compilation_time_with_module#range_percent": 0.0, 
  "##characteristics#compile#compilation_time_with_module#repeats": 1, 
  "##characteristics#compile#joined_compiler_flags#all": [
    "-O3 -fcprop-registers -fcrossjumping -fdevirtualize -fno-devirtualize-speculatively -ffunction-sections -fgcse-sm -findirect-inlining -fno-keep-inline-functions -fno-live-range-shrinkage -fno-loop-interchange -fmerge-constants -fsched-dep-count-heuristic -fsched-spec-insn-heuristic -fsched-spec-load -fsched2-use-superblocks -fno-section-anchors -fno-selective-scheduling -ftracer -fvect-cost-model"
  ], 
  "##characteristics#compile#joined_compiler_flags#all_unique": [
    "-O3 -fcprop-registers -fcrossjumping -fdevirtualize -fno-devirtualize-speculatively -ffunction-sections -fgcse-sm -findirect-inlining -fno-keep-inline-functions -fno-live-range-shrinkage -fno-loop-interchange -fmerge-constants -fsched-dep-count-heuristic -fsched-spec-insn-heuristic -fsched-spec-load -fsched2-use-superblocks -fno-section-anchors -fno-selective-scheduling -ftracer -fvect-cost-model"
  ], 
  "##characteristics#compile#joined_compiler_flags#min": "-O3 -fcprop-registers -fcrossjumping -fdevirtualize -fno-devirtualize-speculatively -ffunction-sections -fgcse-sm -findirect-inlining -fno-keep-inline-functions -fno-live-range-shrinkage -fno-loop-interchange -fmerge-constants -fsched-dep-count-heuristic -fsched-spec-insn-heuristic -fsched-spec-load -fsched2-use-superblocks -fno-section-anchors -fno-selective-scheduling -ftracer -fvect-cost-model", 
  "##characteristics#compile#joined_compiler_flags#min_imp": 0, 
  "##characteristics#compile#joined_compiler_flags#repeats": 1, 
  "##characteristics#compile#md5_sum#all": [
    "6539f44870ed29d0571121e6b9d71771"
  ], 
  "##characteristics#compile#md5_sum#all_unique": [
    "6539f44870ed29d0571121e6b9d71771"
  ], 
  "##characteristics#compile#md5_sum#min": "6539f44870ed29d0571121e6b9d71771", 
  "##characteristics#compile#md5_sum#min_imp": 0, 
  "##characteristics#compile#md5_sum#repeats": 1, 
  "##characteristics#compile#obj_size#all": [
    131504
  ], 
  "##characteristics#compile#obj_size#all_unique": [
    131504
  ], 
  "##characteristics#compile#obj_size#center": 131504, 
  "##characteristics#compile#obj_size#center_imp": 0.8672587906071298, 
  "##characteristics#compile#obj_size#halfrange": 0, 
  "##characteristics#compile#obj_size#max": 131504, 
  "##characteristics#compile#obj_size#mean": 131504.0, 
  "##characteristics#compile#obj_size#mean_imp": 0.8672587906071298, 
  "##characteristics#compile#obj_size#min": 131504, 
  "##characteristics#compile#obj_size#min_imp": 0.8672587906071298, 
  "##characteristics#compile#obj_size#range": 0, 
  "##characteristics#compile#obj_size#range_percent": 0, 
  "##characteristics#compile#obj_size#repeats": 1, 
  "##characteristics#compile#obj_sizes#adler32.o#all": [
    2652
  ], 
  "##characteristics#compile#obj_sizes#adler32.o#all_unique": [
    2652
  ], 
  "##characteristics#compile#obj_sizes#adler32.o#center": 2652, 
  "##characteristics#compile#obj_sizes#adler32.o#center_imp": 0.9140271493212669, 
  "##characteristics#compile#obj_sizes#adler32.o#halfrange": 0, 
  "##characteristics#compile#obj_sizes#adler32.o#max": 2652, 
  "##characteristics#compile#obj_sizes#adler32.o#mean": 2652.0, 
  "##characteristics#compile#obj_sizes#adler32.o#mean_imp": 0.9140271493212669, 
  "##characteristics#compile#obj_sizes#adler32.o#min": 2652, 
  "##characteristics#compile#obj_sizes#adler32.o#min_imp": 0.9140271493212669, 
  "##characteristics#compile#obj_sizes#adler32.o#range": 0, 
  "##characteristics#compile#obj_sizes#adler32.o#range_percent": 0, 
  "##characteristics#compile#obj_sizes#adler32.o#repeats": 1, 
  "##characteristics#compile#obj_sizes#compress.o#all": [
    1828
  ], 
  "##characteristics#compile#obj_sizes#compress.o#all_unique": [
    1828
  ], 
  "##characteristics#compile#obj_sizes#compress.o#center": 1828, 
  "##characteristics#compile#obj_sizes#compress.o#center_imp": 0.8577680525164114, 
  "##characteristics#compile#obj_sizes#compress.o#halfrange": 0, 
  "##characteristics#compile#obj_sizes#compress.o#max": 1828, 
  "##characteristics#compile#obj_sizes#compress.o#mean": 1828.0, 
  "##characteristics#compile#obj_sizes#compress.o#mean_imp": 0.8577680525164114, 
  "##characteristics#compile#obj_sizes#compress.o#min": 1828, 
  "##characteristics#compile#obj_sizes#compress.o#min_imp": 0.8577680525164114, 
  "##characteristics#compile#obj_sizes#compress.o#range": 0, 
  "##characteristics#compile#obj_sizes#compress.o#range_percent": 0, 
  "##characteristics#compile#obj_sizes#compress.o#repeats": 1, 
  "##characteristics#compile#obj_sizes#crc32.o#all": [
    11472
  ], 
  "##characteristics#compile#obj_sizes#crc32.o#all_unique": [
    11472
  ], 
  "##characteristics#compile#obj_sizes#crc32.o#center": 11472, 
  "##characteristics#compile#obj_sizes#crc32.o#center_imp": 0.9480474198047419, 
  "##characteristics#compile#obj_sizes#crc32.o#halfrange": 0, 
  "##characteristics#compile#obj_sizes#crc32.o#max": 11472, 
  "##characteristics#compile#obj_sizes#crc32.o#mean": 11472.0, 
  "##characteristics#compile#obj_sizes#crc32.o#mean_imp": 0.9480474198047419, 
  "##characteristics#compile#obj_sizes#crc32.o#min": 11472, 
  "##characteristics#compile#obj_sizes#crc32.o#min_imp": 0.9480474198047419, 
  "##characteristics#compile#obj_sizes#crc32.o#range": 0, 
  "##characteristics#compile#obj_sizes#crc32.o#range_percent": 0, 
  "##characteristics#compile#obj_sizes#crc32.o#repeats": 1, 
  "##characteristics#compile#obj_sizes#ctuning-rtl.o#all": [
    4188
  ], 
  "##characteristics#compile#obj_sizes#ctuning-rtl.o#all_unique": [
    4188
  ], 
  "##characteristics#compile#obj_sizes#ctuning-rtl.o#center": 4188, 
  "##characteristics#compile#obj_sizes#ctuning-rtl.o#center_imp": 0.9159503342884432, 
  "##characteristics#compile#obj_sizes#ctuning-rtl.o#halfrange": 0, 
  "##characteristics#compile#obj_sizes#ctuning-rtl.o#max": 4188, 
  "##characteristics#compile#obj_sizes#ctuning-rtl.o#mean": 4188.0, 
  "##characteristics#compile#obj_sizes#ctuning-rtl.o#mean_imp": 0.9159503342884432, 
  "##characteristics#compile#obj_sizes#ctuning-rtl.o#min": 4188, 
  "##characteristics#compile#obj_sizes#ctuning-rtl.o#min_imp": 0.9159503342884432, 
  "##characteristics#compile#obj_sizes#ctuning-rtl.o#range": 0, 
  "##characteristics#compile#obj_sizes#ctuning-rtl.o#range_percent": 0, 
  "##characteristics#compile#obj_sizes#ctuning-rtl.o#repeats": 1, 
  "##characteristics#compile#obj_sizes#deflate.o#all": [
    24404
  ], 
  "##characteristics#compile#obj_sizes#deflate.o#all_unique": [
    24404
  ], 
  "##characteristics#compile#obj_sizes#deflate.o#center": 24404, 
  "##characteristics#compile#obj_sizes#deflate.o#center_imp": 0.8265858056056384, 
  "##characteristics#compile#obj_sizes#deflate.o#halfrange": 0, 
  "##characteristics#compile#obj_sizes#deflate.o#max": 24404, 
  "##characteristics#compile#obj_sizes#deflate.o#mean": 24404.0, 
  "##characteristics#compile#obj_sizes#deflate.o#mean_imp": 0.8265858056056384, 
  "##characteristics#compile#obj_sizes#deflate.o#min": 24404, 
  "##characteristics#compile#obj_sizes#deflate.o#min_imp": 0.8265858056056384, 
  "##characteristics#compile#obj_sizes#deflate.o#range": 0, 
  "##characteristics#compile#obj_sizes#deflate.o#range_percent": 0, 
  "##characteristics#compile#obj_sizes#deflate.o#repeats": 1, 
  "##characteristics#compile#obj_sizes#gzclose.o#all": [
    1048
  ], 
  "##characteristics#compile#obj_sizes#gzclose.o#all_unique": [
    1048
  ], 
  "##characteristics#compile#obj_sizes#gzclose.o#center": 1048, 
  "##characteristics#compile#obj_sizes#gzclose.o#center_imp": 0.9351145038167938, 
  "##characteristics#compile#obj_sizes#gzclose.o#halfrange": 0, 
  "##characteristics#compile#obj_sizes#gzclose.o#max": 1048, 
  "##characteristics#compile#obj_sizes#gzclose.o#mean": 1048.0, 
  "##characteristics#compile#obj_sizes#gzclose.o#mean_imp": 0.9351145038167938, 
  "##characteristics#compile#obj_sizes#gzclose.o#min": 1048, 
  "##characteristics#compile#obj_sizes#gzclose.o#min_imp": 0.9351145038167938, 
  "##characteristics#compile#obj_sizes#gzclose.o#range": 0, 
  "##characteristics#compile#obj_sizes#gzclose.o#range_percent": 0, 
  "##characteristics#compile#obj_sizes#gzclose.o#repeats": 1, 
  "##characteristics#compile#obj_sizes#gzlib.o#all": [
    8420
  ], 
  "##characteristics#compile#obj_sizes#gzlib.o#all_unique": [
    8420
  ], 
  "##characteristics#compile#obj_sizes#gzlib.o#center": 8420, 
  "##characteristics#compile#obj_sizes#gzlib.o#center_imp": 0.7482185273159145, 
  "##characteristics#compile#obj_sizes#gzlib.o#halfrange": 0, 
  "##characteristics#compile#obj_sizes#gzlib.o#max": 8420, 
  "##characteristics#compile#obj_sizes#gzlib.o#mean": 8420.0, 
  "##characteristics#compile#obj_sizes#gzlib.o#mean_imp": 0.7482185273159145, 
  "##characteristics#compile#obj_sizes#gzlib.o#min": 8420, 
  "##characteristics#compile#obj_sizes#gzlib.o#min_imp": 0.7482185273159145, 
  "##characteristics#compile#obj_sizes#gzlib.o#range": 0, 
  "##characteristics#compile#obj_sizes#gzlib.o#range_percent": 0, 
  "##characteristics#compile#obj_sizes#gzlib.o#repeats": 1, 
  "##characteristics#compile#obj_sizes#gzread.o#all": [
    7444
  ], 
  "##characteristics#compile#obj_sizes#gzread.o#all_unique": [
    7444
  ], 
  "##characteristics#compile#obj_sizes#gzread.o#center": 7444, 
  "##characteristics#compile#obj_sizes#gzread.o#center_imp": 0.7759269210102095, 
  "##characteristics#compile#obj_sizes#gzread.o#halfrange": 0, 
  "##characteristics#compile#obj_sizes#gzread.o#max": 7444, 
  "##characteristics#compile#obj_sizes#gzread.o#mean": 7444.0, 
  "##characteristics#compile#obj_sizes#gzread.o#mean_imp": 0.7759269210102095, 
  "##characteristics#compile#obj_sizes#gzread.o#min": 7444, 
  "##characteristics#compile#obj_sizes#gzread.o#min_imp": 0.7759269210102095, 
  "##characteristics#compile#obj_sizes#gzread.o#range": 0, 
  "##characteristics#compile#obj_sizes#gzread.o#range_percent": 0, 
  "##characteristics#compile#obj_sizes#gzread.o#repeats": 1, 
  "##characteristics#compile#obj_sizes#gzwrite.o#all": [
    12268
  ], 
  "##characteristics#compile#obj_sizes#gzwrite.o#all_unique": [
    12268
  ], 
  "##characteristics#compile#obj_sizes#gzwrite.o#center": 12268, 
  "##characteristics#compile#obj_sizes#gzwrite.o#center_imp": 0.8366481904140854, 
  "##characteristics#compile#obj_sizes#gzwrite.o#halfrange": 0, 
  "##characteristics#compile#obj_sizes#gzwrite.o#max": 12268, 
  "##characteristics#compile#obj_sizes#gzwrite.o#mean": 12268.0, 
  "##characteristics#compile#obj_sizes#gzwrite.o#mean_imp": 0.8366481904140854, 
  "##characteristics#compile#obj_sizes#gzwrite.o#min": 12268, 
  "##characteristics#compile#obj_sizes#gzwrite.o#min_imp": 0.8366481904140854, 
  "##characteristics#compile#obj_sizes#gzwrite.o#range": 0, 
  "##characteristics#compile#obj_sizes#gzwrite.o#range_percent": 0, 
  "##characteristics#compile#obj_sizes#gzwrite.o#repeats": 1, 
  "##characteristics#compile#obj_sizes#infback.o#all": [
    10296
  ], 
  "##characteristics#compile#obj_sizes#infback.o#all_unique": [
    10296
  ], 
  "##characteristics#compile#obj_sizes#infback.o#center": 10296, 
  "##characteristics#compile#obj_sizes#infback.o#center_imp": 0.9296814296814296, 
  "##characteristics#compile#obj_sizes#infback.o#halfrange": 0, 
  "##characteristics#compile#obj_sizes#infback.o#max": 10296, 
  "##characteristics#compile#obj_sizes#infback.o#mean": 10296.0, 
  "##characteristics#compile#obj_sizes#infback.o#mean_imp": 0.9296814296814296, 
  "##characteristics#compile#obj_sizes#infback.o#min": 10296, 
  "##characteristics#compile#obj_sizes#infback.o#min_imp": 0.9296814296814296, 
  "##characteristics#compile#obj_sizes#infback.o#range": 0, 
  "##characteristics#compile#obj_sizes#infback.o#range_percent": 0, 
  "##characteristics#compile#obj_sizes#infback.o#repeats": 1, 
  "##characteristics#compile#obj_sizes#inffast.o#all": [
    4088
  ], 
  "##characteristics#compile#obj_sizes#inffast.o#all_unique": [
    4088
  ], 
  "##characteristics#compile#obj_sizes#inffast.o#center": 4088, 
  "##characteristics#compile#obj_sizes#inffast.o#center_imp": 0.9774951076320939, 
  "##characteristics#compile#obj_sizes#inffast.o#halfrange": 0, 
  "##characteristics#compile#obj_sizes#inffast.o#max": 4088, 
  "##characteristics#compile#obj_sizes#inffast.o#mean": 4088.0, 
  "##characteristics#compile#obj_sizes#inffast.o#mean_imp": 0.9774951076320939, 
  "##characteristics#compile#obj_sizes#inffast.o#min": 4088, 
  "##characteristics#compile#obj_sizes#inffast.o#min_imp": 0.9774951076320939, 
  "##characteristics#compile#obj_sizes#inffast.o#range": 0, 
  "##characteristics#compile#obj_sizes#inffast.o#range_percent": 0, 
  "##characteristics#compile#obj_sizes#inffast.o#repeats": 1, 
  "##characteristics#compile#obj_sizes#inflate.o#all": [
    19076
  ], 
  "##characteristics#compile#obj_sizes#inflate.o#all_unique": [
    19076
  ], 
  "##characteristics#compile#obj_sizes#inflate.o#center": 19076, 
  "##characteristics#compile#obj_sizes#inflate.o#center_imp": 0.8785908995596561, 
  "##characteristics#compile#obj_sizes#inflate.o#halfrange": 0, 
  "##characteristics#compile#obj_sizes#inflate.o#max": 19076, 
  "##characteristics#compile#obj_sizes#inflate.o#mean": 19076.0, 
  "##characteristics#compile#obj_sizes#inflate.o#mean_imp": 0.8785908995596561, 
  "##characteristics#compile#obj_sizes#inflate.o#min": 19076, 
  "##characteristics#compile#obj_sizes#inflate.o#min_imp": 0.8785908995596561, 
  "##characteristics#compile#obj_sizes#inflate.o#range": 0, 
  "##characteristics#compile#obj_sizes#inflate.o#range_percent": 0, 
  "##characteristics#compile#obj_sizes#inflate.o#repeats": 1, 
  "##characteristics#compile#obj_sizes#inftrees.o#all": [
    5300
  ], 
  "##characteristics#compile#obj_sizes#inftrees.o#all_unique": [
    5300
  ], 
  "##characteristics#compile#obj_sizes#inftrees.o#center": 5300, 
  "##characteristics#compile#obj_sizes#inftrees.o#center_imp": 0.8339622641509434, 
  "##characteristics#compile#obj_sizes#inftrees.o#halfrange": 0, 
  "##characteristics#compile#obj_sizes#inftrees.o#max": 5300, 
  "##characteristics#compile#obj_sizes#inftrees.o#mean": 5300.0, 
  "##characteristics#compile#obj_sizes#inftrees.o#mean_imp": 0.8339622641509434, 
  "##characteristics#compile#obj_sizes#inftrees.o#min": 5300, 
  "##characteristics#compile#obj_sizes#inftrees.o#min_imp": 0.8339622641509434, 
  "##characteristics#compile#obj_sizes#inftrees.o#range": 0, 
  "##characteristics#compile#obj_sizes#inftrees.o#range_percent": 0, 
  "##characteristics#compile#obj_sizes#inftrees.o#repeats": 1, 
  "##characteristics#compile#obj_sizes#trees.o#all": [
    15504
  ], 
  "##characteristics#compile#obj_sizes#trees.o#all_unique": [
    15504
  ], 
  "##characteristics#compile#obj_sizes#trees.o#center": 15504, 
  "##characteristics#compile#obj_sizes#trees.o#center_imp": 0.9148606811145511, 
  "##characteristics#compile#obj_sizes#trees.o#halfrange": 0, 
  "##characteristics#compile#obj_sizes#trees.o#max": 15504, 
  "##characteristics#compile#obj_sizes#trees.o#mean": 15504.0, 
  "##characteristics#compile#obj_sizes#trees.o#mean_imp": 0.9148606811145511, 
  "##characteristics#compile#obj_sizes#trees.o#min": 15504, 
  "##characteristics#compile#obj_sizes#trees.o#min_imp": 0.9148606811145511, 
  "##characteristics#compile#obj_sizes#trees.o#range": 0, 
  "##characteristics#compile#obj_sizes#trees.o#range_percent": 0, 
  "##characteristics#compile#obj_sizes#trees.o#repeats": 1, 
  "##characteristics#compile#obj_sizes#uncompr.o#all": [
    1344
  ], 
  "##characteristics#compile#obj_sizes#uncompr.o#all_unique": [
    1344
  ], 
  "##characteristics#compile#obj_sizes#uncompr.o#center": 1344, 
  "##characteristics#compile#obj_sizes#uncompr.o#center_imp": 0.9464285714285714, 
  "##characteristics#compile#obj_sizes#uncompr.o#halfrange": 0, 
  "##characteristics#compile#obj_sizes#uncompr.o#max": 1344, 
  "##characteristics#compile#obj_sizes#uncompr.o#mean": 1344.0, 
  "##characteristics#compile#obj_sizes#uncompr.o#mean_imp": 0.9464285714285714, 
  "##characteristics#compile#obj_sizes#uncompr.o#min": 1344, 
  "##characteristics#compile#obj_sizes#uncompr.o#min_imp": 0.9464285714285714, 
  "##characteristics#compile#obj_sizes#uncompr.o#range": 0, 
  "##characteristics#compile#obj_sizes#uncompr.o#range_percent": 0, 
  "##characteristics#compile#obj_sizes#uncompr.o#repeats": 1, 
  "##characteristics#compile#obj_sizes#zutil.o#all": [
    2172
  ], 
  "##characteristics#compile#obj_sizes#zutil.o#all_unique": [
    2172
  ], 
  "##characteristics#compile#obj_sizes#zutil.o#center": 2172, 
  "##characteristics#compile#obj_sizes#zutil.o#center_imp": 0.7587476979742173, 
  "##characteristics#compile#obj_sizes#zutil.o#halfrange": 0, 
  "##characteristics#compile#obj_sizes#zutil.o#max": 2172, 
  "##characteristics#compile#obj_sizes#zutil.o#mean": 2172.0, 
  "##characteristics#compile#obj_sizes#zutil.o#mean_imp": 0.7587476979742173, 
  "##characteristics#compile#obj_sizes#zutil.o#min": 2172, 
  "##characteristics#compile#obj_sizes#zutil.o#min_imp": 0.7587476979742173, 
  "##characteristics#compile#obj_sizes#zutil.o#range": 0, 
  "##characteristics#compile#obj_sizes#zutil.o#range_percent": 0, 
  "##characteristics#compile#obj_sizes#zutil.o#repeats": 1, 
  "##characteristics#compile#program_git_hash#all": [
    "f3b3ffe43b24039767a39c7f85ab4b768684a65b"
  ], 
  "##characteristics#compile#program_git_hash#all_unique": [
    "f3b3ffe43b24039767a39c7f85ab4b768684a65b"
  ], 
  "##characteristics#compile#program_git_hash#min": "f3b3ffe43b24039767a39c7f85ab4b768684a65b", 
  "##characteristics#compile#program_git_hash#min_imp": 0, 
  "##characteristics#compile#program_git_hash#repeats": 1, 
  "##characteristics#run#execution_time#all": [
    0.016745345718901454, 
    0.01677304846526656, 
    0.016531835218093698, 
    0.016657355411954764
  ], 
  "##characteristics#run#execution_time#all_unique": [
    0.016745345718901454, 
    0.01677304846526656, 
    0.016531835218093698, 
    0.016657355411954764
  ], 
  "##characteristics#run#execution_time#center": 0.01665244184168013, 
  "##characteristics#run#execution_time#center_imp": 0.9755267860360755, 
  "##characteristics#run#execution_time#halfrange": 0.00012060662358643129, 
  "##characteristics#run#execution_time#max": 0.01677304846526656, 
  "##characteristics#run#execution_time#mean": 0.016676896203554118, 
  "##characteristics#run#execution_time#mean_imp": 0.9744916659996689, 
  "##characteristics#run#execution_time#min": 0.016531835218093698, 
  "##characteristics#run#execution_time#min_imp": 0.9781686208603638, 
  "##characteristics#run#execution_time#range": 0.00024121324717286258, 
  "##characteristics#run#execution_time#range_percent": 0.014590833019485971, 
  "##characteristics#run#execution_time#repeats": 4, 
  "##characteristics#run#execution_time_kernel_0#all": [
    10.365369, 
    10.382517, 
    10.233206, 
    10.310903
  ], 
  "##characteristics#run#execution_time_kernel_0#all_unique": [
    10.365369, 
    10.382517, 
    10.233206, 
    10.310903
  ], 
  "##characteristics#run#execution_time_kernel_0#center": 10.3078615, 
  "##characteristics#run#execution_time_kernel_0#center_imp": 0.9755267860360756, 
  "##characteristics#run#execution_time_kernel_0#halfrange": 0.07465550000000043, 
  "##characteristics#run#execution_time_kernel_0#max": 10.382517, 
  "##characteristics#run#execution_time_kernel_0#mean": 10.32299875, 
  "##characteristics#run#execution_time_kernel_0#mean_imp": 0.9744916659996689, 
  "##characteristics#run#execution_time_kernel_0#min": 10.233206, 
  "##characteristics#run#execution_time_kernel_0#min_imp": 0.9781686208603638, 
  "##characteristics#run#execution_time_kernel_0#range": 0.14931100000000086, 
  "##characteristics#run#execution_time_kernel_0#range_percent": 0.014590833019485865, 
  "##characteristics#run#execution_time_kernel_0#repeats": 4, 
  "##characteristics#run#execution_time_with_module#all": [
    13.076226949691772, 
    11.10220193862915, 
    12.239994049072266, 
    11.029958009719849
  ], 
  "##characteristics#run#execution_time_with_module#all_unique": [
    13.076226949691772, 
    11.10220193862915, 
    12.239994049072266, 
    11.029958009719849
  ], 
  "##characteristics#run#execution_time_with_module#center": 12.05309247970581, 
  "##characteristics#run#execution_time_with_module#center_imp": 1.0917751186278115, 
  "##characteristics#run#execution_time_with_module#halfrange": 1.023134469985962, 
  "##characteristics#run#execution_time_with_module#max": 13.076226949691772, 
  "##characteristics#run#execution_time_with_module#mean": 11.86209523677826, 
  "##characteristics#run#execution_time_with_module#mean_imp": 1.009598491724161, 
  "##characteristics#run#execution_time_with_module#min": 11.029958009719849, 
  "##characteristics#run#execution_time_with_module#min_imp": 0.9728332559172507, 
  "##characteristics#run#execution_time_with_module#range": 2.046268939971924, 
  "##characteristics#run#execution_time_with_module#range_percent": 0.18551919582728288, 
  "##characteristics#run#execution_time_with_module#repeats": 4, 
  "##characteristics#run#repeat#all": [
    619, 
    619, 
    619, 
    619
  ], 
  "##characteristics#run#repeat#all_unique": [
    619
  ], 
  "##characteristics#run#repeat#center": 619, 
  "##characteristics#run#repeat#center_imp": 1.0, 
  "##characteristics#run#repeat#halfrange": 0, 
  "##characteristics#run#repeat#max": 619, 
  "##characteristics#run#repeat#mean": 619.0, 
  "##characteristics#run#repeat#mean_imp": 1.0, 
  "##characteristics#run#repeat#min": 619, 
  "##characteristics#run#repeat#min_imp": 1.0, 
  "##characteristics#run#repeat#range": 0, 
  "##characteristics#run#repeat#range_percent": 0, 
  "##characteristics#run#repeat#repeats": 4, 
  "##characteristics#run#return_code#all": [
    0, 
    0, 
    0, 
    0
  ], 
  "##characteristics#run#return_code#all_unique": [
    0
  ], 
  "##characteristics#run#return_code#center": 0, 
  "##characteristics#run#return_code#halfrange": 0, 
  "##characteristics#run#return_code#max": 0, 
  "##characteristics#run#return_code#mean": 0.0, 
  "##characteristics#run#return_code#min": 0, 
  "##characteristics#run#return_code#min_imp": 1, 
  "##characteristics#run#return_code#range": 0, 
  "##characteristics#run#return_code#repeats": 4, 
  "##characteristics#run#run_success#all": [
    "yes", 
    "yes", 
    "yes", 
    "yes"
  ], 
  "##characteristics#run#run_success#all_unique": [
    "yes"
  ], 
  "##characteristics#run#run_success#min": "yes", 
  "##characteristics#run#run_success#min_imp": 1, 
  "##characteristics#run#run_success#repeats": 4, 
  "##characteristics#run#run_success_bool#all": [
    true, 
    true, 
    true, 
    true
  ], 
  "##characteristics#run#run_success_bool#all_unique": [
    true
  ], 
  "##characteristics#run#run_success_bool#min": true, 
  "##characteristics#run#run_success_bool#min_imp": 1, 
  "##characteristics#run#run_success_bool#repeats": 4, 
  "##characteristics#run#total_execution_time#all": [
    10.365369, 
    10.382517, 
    10.233206, 
    10.310903
  ], 
  "##characteristics#run#total_execution_time#all_unique": [
    10.365369, 
    10.382517, 
    10.233206, 
    10.310903
  ], 
  "##characteristics#run#total_execution_time#center": 10.3078615, 
  "##characteristics#run#total_execution_time#center_imp": 0.9755267860360756, 
  "##characteristics#run#total_execution_time#halfrange": 0.07465550000000043, 
  "##characteristics#run#total_execution_time#max": 10.382517, 
  "##characteristics#run#total_execution_time#mean": 10.32299875, 
  "##characteristics#run#total_execution_time#mean_imp": 0.9744916659996689, 
  "##characteristics#run#total_execution_time#min": 10.233206, 
  "##characteristics#run#total_execution_time#min_imp": 0.9781686208603638, 
  "##characteristics#run#total_execution_time#range": 0.14931100000000086, 
  "##characteristics#run#total_execution_time#range_percent": 0.014590833019485865, 
  "##characteristics#run#total_execution_time#repeats": 4
}
