{
  "##characteristics#compile#binary_size#all": [
    89352
  ], 
  "##characteristics#compile#binary_size#all_unique": [
    89352
  ], 
  "##characteristics#compile#binary_size#center": 89352, 
  "##characteristics#compile#binary_size#center_imp": 1.1277643477482318, 
  "##characteristics#compile#binary_size#halfrange": 0, 
  "##characteristics#compile#binary_size#max": 89352, 
  "##characteristics#compile#binary_size#mean": 89352.0, 
  "##characteristics#compile#binary_size#mean_imp": 1.1277643477482318, 
  "##characteristics#compile#binary_size#min": 89352, 
  "##characteristics#compile#binary_size#min_imp": 1.1277643477482318, 
  "##characteristics#compile#binary_size#range": 0, 
  "##characteristics#compile#binary_size#range_percent": 0, 
  "##characteristics#compile#binary_size#repeats": 1, 
  "##characteristics#compile#compilation_success#all": [
    "yes"
  ], 
  "##characteristics#compile#compilation_success#all_unique": [
    "yes"
  ], 
  "##characteristics#compile#compilation_success#min": "yes", 
  "##characteristics#compile#compilation_success#min_imp": 0, 
  "##characteristics#compile#compilation_success#repeats": 1, 
  "##characteristics#compile#compilation_success_bool#all": [
    true
  ], 
  "##characteristics#compile#compilation_success_bool#all_unique": [
    true
  ], 
  "##characteristics#compile#compilation_success_bool#min": true, 
  "##characteristics#compile#compilation_success_bool#min_imp": 0, 
  "##characteristics#compile#compilation_success_bool#repeats": 1, 
  "##characteristics#compile#compilation_time#all": [
    87.0210828781128
  ], 
  "##characteristics#compile#compilation_time#all_unique": [
    87.0210828781128
  ], 
  "##characteristics#compile#compilation_time#center": 87.0210828781128, 
  "##characteristics#compile#compilation_time#center_imp": 1.236404460672268, 
  "##characteristics#compile#compilation_time#halfrange": 0.0, 
  "##characteristics#compile#compilation_time#max": 87.0210828781128, 
  "##characteristics#compile#compilation_time#mean": 87.0210828781128, 
  "##characteristics#compile#compilation_time#mean_imp": 1.236404460672268, 
  "##characteristics#compile#compilation_time#min": 87.0210828781128, 
  "##characteristics#compile#compilation_time#min_imp": 1.236404460672268, 
  "##characteristics#compile#compilation_time#range": 0.0, 
  "##characteristics#compile#compilation_time#range_percent": 0.0, 
  "##characteristics#compile#compilation_time#repeats": 1, 
  "##characteristics#compile#compilation_time_with_module#all": [
    91.95617890357971
  ], 
  "##characteristics#compile#compilation_time_with_module#all_unique": [
    91.95617890357971
  ], 
  "##characteristics#compile#compilation_time_with_module#center": 91.95617890357971, 
  "##characteristics#compile#compilation_time_with_module#center_imp": 1.2224308500284848, 
  "##characteristics#compile#compilation_time_with_module#halfrange": 0.0, 
  "##characteristics#compile#compilation_time_with_module#max": 91.95617890357971, 
  "##characteristics#compile#compilation_time_with_module#mean": 91.95617890357971, 
  "##characteristics#compile#compilation_time_with_module#mean_imp": 1.2224308500284848, 
  "##characteristics#compile#compilation_time_with_module#min": 91.95617890357971, 
  "##characteristics#compile#compilation_time_with_module#min_imp": 1.2224308500284848, 
  "##characteristics#compile#compilation_time_with_module#range": 0.0, 
  "##characteristics#compile#compilation_time_with_module#range_percent": 0.0, 
  "##characteristics#compile#compilation_time_with_module#repeats": 1, 
  "##characteristics#compile#joined_compiler_flags#all": [
    "-O3 -fira-algorithm=CB -fno-devirtualize-speculatively -fno-dse -fgcse-lm -fno-if-conversion2 -fno-inline-functions -fira-loop-pressure -fno-ira-share-save-slots -fno-loop-block -floop-nest-optimize -fno-modulo-sched-allow-regmoves -freorder-blocks -fno-reorder-functions -fno-sched-interblock -fno-sel-sched-pipelining-outer-loops -fno-selective-scheduling2 -fstrict-aliasing -ftree-fre -fno-tree-loop-if-convert -fno-tree-pta -fvariable-expansion-in-unroller"
  ], 
  "##characteristics#compile#joined_compiler_flags#all_unique": [
    "-O3 -fira-algorithm=CB -fno-devirtualize-speculatively -fno-dse -fgcse-lm -fno-if-conversion2 -fno-inline-functions -fira-loop-pressure -fno-ira-share-save-slots -fno-loop-block -floop-nest-optimize -fno-modulo-sched-allow-regmoves -freorder-blocks -fno-reorder-functions -fno-sched-interblock -fno-sel-sched-pipelining-outer-loops -fno-selective-scheduling2 -fstrict-aliasing -ftree-fre -fno-tree-loop-if-convert -fno-tree-pta -fvariable-expansion-in-unroller"
  ], 
  "##characteristics#compile#joined_compiler_flags#min": "-O3 -fira-algorithm=CB -fno-devirtualize-speculatively -fno-dse -fgcse-lm -fno-if-conversion2 -fno-inline-functions -fira-loop-pressure -fno-ira-share-save-slots -fno-loop-block -floop-nest-optimize -fno-modulo-sched-allow-regmoves -freorder-blocks -fno-reorder-functions -fno-sched-interblock -fno-sel-sched-pipelining-outer-loops -fno-selective-scheduling2 -fstrict-aliasing -ftree-fre -fno-tree-loop-if-convert -fno-tree-pta -fvariable-expansion-in-unroller", 
  "##characteristics#compile#joined_compiler_flags#min_imp": 0, 
  "##characteristics#compile#joined_compiler_flags#repeats": 1, 
  "##characteristics#compile#md5_sum#all": [
    "63e94adc6274799b47501c0ef54f16f3"
  ], 
  "##characteristics#compile#md5_sum#all_unique": [
    "63e94adc6274799b47501c0ef54f16f3"
  ], 
  "##characteristics#compile#md5_sum#min": "63e94adc6274799b47501c0ef54f16f3", 
  "##characteristics#compile#md5_sum#min_imp": 0, 
  "##characteristics#compile#md5_sum#repeats": 1, 
  "##characteristics#compile#obj_size#all": [
    101216
  ], 
  "##characteristics#compile#obj_size#all_unique": [
    101216
  ], 
  "##characteristics#compile#obj_size#center": 101216, 
  "##characteristics#compile#obj_size#center_imp": 1.1267783749604805, 
  "##characteristics#compile#obj_size#halfrange": 0, 
  "##characteristics#compile#obj_size#max": 101216, 
  "##characteristics#compile#obj_size#mean": 101216.0, 
  "##characteristics#compile#obj_size#mean_imp": 1.1267783749604805, 
  "##characteristics#compile#obj_size#min": 101216, 
  "##characteristics#compile#obj_size#min_imp": 1.1267783749604805, 
  "##characteristics#compile#obj_size#range": 0, 
  "##characteristics#compile#obj_size#range_percent": 0, 
  "##characteristics#compile#obj_size#repeats": 1, 
  "##characteristics#compile#obj_sizes#adler32.o#all": [
    2296
  ], 
  "##characteristics#compile#obj_sizes#adler32.o#all_unique": [
    2296
  ], 
  "##characteristics#compile#obj_sizes#adler32.o#center": 2296, 
  "##characteristics#compile#obj_sizes#adler32.o#center_imp": 1.0557491289198606, 
  "##characteristics#compile#obj_sizes#adler32.o#halfrange": 0, 
  "##characteristics#compile#obj_sizes#adler32.o#max": 2296, 
  "##characteristics#compile#obj_sizes#adler32.o#mean": 2296.0, 
  "##characteristics#compile#obj_sizes#adler32.o#mean_imp": 1.0557491289198606, 
  "##characteristics#compile#obj_sizes#adler32.o#min": 2296, 
  "##characteristics#compile#obj_sizes#adler32.o#min_imp": 1.0557491289198606, 
  "##characteristics#compile#obj_sizes#adler32.o#range": 0, 
  "##characteristics#compile#obj_sizes#adler32.o#range_percent": 0, 
  "##characteristics#compile#obj_sizes#adler32.o#repeats": 1, 
  "##characteristics#compile#obj_sizes#compress.o#all": [
    1372
  ], 
  "##characteristics#compile#obj_sizes#compress.o#all_unique": [
    1372
  ], 
  "##characteristics#compile#obj_sizes#compress.o#center": 1372, 
  "##characteristics#compile#obj_sizes#compress.o#center_imp": 1.1428571428571428, 
  "##characteristics#compile#obj_sizes#compress.o#halfrange": 0, 
  "##characteristics#compile#obj_sizes#compress.o#max": 1372, 
  "##characteristics#compile#obj_sizes#compress.o#mean": 1372.0, 
  "##characteristics#compile#obj_sizes#compress.o#mean_imp": 1.1428571428571428, 
  "##characteristics#compile#obj_sizes#compress.o#min": 1372, 
  "##characteristics#compile#obj_sizes#compress.o#min_imp": 1.1428571428571428, 
  "##characteristics#compile#obj_sizes#compress.o#range": 0, 
  "##characteristics#compile#obj_sizes#compress.o#range_percent": 0, 
  "##characteristics#compile#obj_sizes#compress.o#repeats": 1, 
  "##characteristics#compile#obj_sizes#crc32.o#all": [
    10724
  ], 
  "##characteristics#compile#obj_sizes#crc32.o#all_unique": [
    10724
  ], 
  "##characteristics#compile#obj_sizes#crc32.o#center": 10724, 
  "##characteristics#compile#obj_sizes#crc32.o#center_imp": 1.0141738157403954, 
  "##characteristics#compile#obj_sizes#crc32.o#halfrange": 0, 
  "##characteristics#compile#obj_sizes#crc32.o#max": 10724, 
  "##characteristics#compile#obj_sizes#crc32.o#mean": 10724.0, 
  "##characteristics#compile#obj_sizes#crc32.o#mean_imp": 1.0141738157403954, 
  "##characteristics#compile#obj_sizes#crc32.o#min": 10724, 
  "##characteristics#compile#obj_sizes#crc32.o#min_imp": 1.0141738157403954, 
  "##characteristics#compile#obj_sizes#crc32.o#range": 0, 
  "##characteristics#compile#obj_sizes#crc32.o#range_percent": 0, 
  "##characteristics#compile#obj_sizes#crc32.o#repeats": 1, 
  "##characteristics#compile#obj_sizes#ctuning-rtl.o#all": [
    3712
  ], 
  "##characteristics#compile#obj_sizes#ctuning-rtl.o#all_unique": [
    3712
  ], 
  "##characteristics#compile#obj_sizes#ctuning-rtl.o#center": 3712, 
  "##characteristics#compile#obj_sizes#ctuning-rtl.o#center_imp": 1.0334051724137931, 
  "##characteristics#compile#obj_sizes#ctuning-rtl.o#halfrange": 0, 
  "##characteristics#compile#obj_sizes#ctuning-rtl.o#max": 3712, 
  "##characteristics#compile#obj_sizes#ctuning-rtl.o#mean": 3712.0, 
  "##characteristics#compile#obj_sizes#ctuning-rtl.o#mean_imp": 1.0334051724137931, 
  "##characteristics#compile#obj_sizes#ctuning-rtl.o#min": 3712, 
  "##characteristics#compile#obj_sizes#ctuning-rtl.o#min_imp": 1.0334051724137931, 
  "##characteristics#compile#obj_sizes#ctuning-rtl.o#range": 0, 
  "##characteristics#compile#obj_sizes#ctuning-rtl.o#range_percent": 0, 
  "##characteristics#compile#obj_sizes#ctuning-rtl.o#repeats": 1, 
  "##characteristics#compile#obj_sizes#deflate.o#all": [
    15860
  ], 
  "##characteristics#compile#obj_sizes#deflate.o#all_unique": [
    15860
  ], 
  "##characteristics#compile#obj_sizes#deflate.o#center": 15860, 
  "##characteristics#compile#obj_sizes#deflate.o#center_imp": 1.2718789407313997, 
  "##characteristics#compile#obj_sizes#deflate.o#halfrange": 0, 
  "##characteristics#compile#obj_sizes#deflate.o#max": 15860, 
  "##characteristics#compile#obj_sizes#deflate.o#mean": 15860.0, 
  "##characteristics#compile#obj_sizes#deflate.o#mean_imp": 1.2718789407313997, 
  "##characteristics#compile#obj_sizes#deflate.o#min": 15860, 
  "##characteristics#compile#obj_sizes#deflate.o#min_imp": 1.2718789407313997, 
  "##characteristics#compile#obj_sizes#deflate.o#range": 0, 
  "##characteristics#compile#obj_sizes#deflate.o#range_percent": 0, 
  "##characteristics#compile#obj_sizes#deflate.o#repeats": 1, 
  "##characteristics#compile#obj_sizes#gzclose.o#all": [
    980
  ], 
  "##characteristics#compile#obj_sizes#gzclose.o#all_unique": [
    980
  ], 
  "##characteristics#compile#obj_sizes#gzclose.o#center": 980, 
  "##characteristics#compile#obj_sizes#gzclose.o#center_imp": 1.0, 
  "##characteristics#compile#obj_sizes#gzclose.o#halfrange": 0, 
  "##characteristics#compile#obj_sizes#gzclose.o#max": 980, 
  "##characteristics#compile#obj_sizes#gzclose.o#mean": 980.0, 
  "##characteristics#compile#obj_sizes#gzclose.o#mean_imp": 1.0, 
  "##characteristics#compile#obj_sizes#gzclose.o#min": 980, 
  "##characteristics#compile#obj_sizes#gzclose.o#min_imp": 1.0, 
  "##characteristics#compile#obj_sizes#gzclose.o#range": 0, 
  "##characteristics#compile#obj_sizes#gzclose.o#range_percent": 0, 
  "##characteristics#compile#obj_sizes#gzclose.o#repeats": 1, 
  "##characteristics#compile#obj_sizes#gzlib.o#all": [
    5336
  ], 
  "##characteristics#compile#obj_sizes#gzlib.o#all_unique": [
    5336
  ], 
  "##characteristics#compile#obj_sizes#gzlib.o#center": 5336, 
  "##characteristics#compile#obj_sizes#gzlib.o#center_imp": 1.1806596701649175, 
  "##characteristics#compile#obj_sizes#gzlib.o#halfrange": 0, 
  "##characteristics#compile#obj_sizes#gzlib.o#max": 5336, 
  "##characteristics#compile#obj_sizes#gzlib.o#mean": 5336.0, 
  "##characteristics#compile#obj_sizes#gzlib.o#mean_imp": 1.1806596701649175, 
  "##characteristics#compile#obj_sizes#gzlib.o#min": 5336, 
  "##characteristics#compile#obj_sizes#gzlib.o#min_imp": 1.1806596701649175, 
  "##characteristics#compile#obj_sizes#gzlib.o#range": 0, 
  "##characteristics#compile#obj_sizes#gzlib.o#range_percent": 0, 
  "##characteristics#compile#obj_sizes#gzlib.o#repeats": 1, 
  "##characteristics#compile#obj_sizes#gzread.o#all": [
    5472
  ], 
  "##characteristics#compile#obj_sizes#gzread.o#all_unique": [
    5472
  ], 
  "##characteristics#compile#obj_sizes#gzread.o#center": 5472, 
  "##characteristics#compile#obj_sizes#gzread.o#center_imp": 1.0555555555555556, 
  "##characteristics#compile#obj_sizes#gzread.o#halfrange": 0, 
  "##characteristics#compile#obj_sizes#gzread.o#max": 5472, 
  "##characteristics#compile#obj_sizes#gzread.o#mean": 5472.0, 
  "##characteristics#compile#obj_sizes#gzread.o#mean_imp": 1.0555555555555556, 
  "##characteristics#compile#obj_sizes#gzread.o#min": 5472, 
  "##characteristics#compile#obj_sizes#gzread.o#min_imp": 1.0555555555555556, 
  "##characteristics#compile#obj_sizes#gzread.o#range": 0, 
  "##characteristics#compile#obj_sizes#gzread.o#range_percent": 0, 
  "##characteristics#compile#obj_sizes#gzread.o#repeats": 1, 
  "##characteristics#compile#obj_sizes#gzwrite.o#all": [
    5256
  ], 
  "##characteristics#compile#obj_sizes#gzwrite.o#all_unique": [
    5256
  ], 
  "##characteristics#compile#obj_sizes#gzwrite.o#center": 5256, 
  "##characteristics#compile#obj_sizes#gzwrite.o#center_imp": 1.9528158295281584, 
  "##characteristics#compile#obj_sizes#gzwrite.o#halfrange": 0, 
  "##characteristics#compile#obj_sizes#gzwrite.o#max": 5256, 
  "##characteristics#compile#obj_sizes#gzwrite.o#mean": 5256.0, 
  "##characteristics#compile#obj_sizes#gzwrite.o#mean_imp": 1.9528158295281584, 
  "##characteristics#compile#obj_sizes#gzwrite.o#min": 5256, 
  "##characteristics#compile#obj_sizes#gzwrite.o#min_imp": 1.9528158295281584, 
  "##characteristics#compile#obj_sizes#gzwrite.o#range": 0, 
  "##characteristics#compile#obj_sizes#gzwrite.o#range_percent": 0, 
  "##characteristics#compile#obj_sizes#gzwrite.o#repeats": 1, 
  "##characteristics#compile#obj_sizes#infback.o#all": [
    9396
  ], 
  "##characteristics#compile#obj_sizes#infback.o#all_unique": [
    9396
  ], 
  "##characteristics#compile#obj_sizes#infback.o#center": 9396, 
  "##characteristics#compile#obj_sizes#infback.o#center_imp": 1.018731375053214, 
  "##characteristics#compile#obj_sizes#infback.o#halfrange": 0, 
  "##characteristics#compile#obj_sizes#infback.o#max": 9396, 
  "##characteristics#compile#obj_sizes#infback.o#mean": 9396.0, 
  "##characteristics#compile#obj_sizes#infback.o#mean_imp": 1.018731375053214, 
  "##characteristics#compile#obj_sizes#infback.o#min": 9396, 
  "##characteristics#compile#obj_sizes#infback.o#min_imp": 1.018731375053214, 
  "##characteristics#compile#obj_sizes#infback.o#range": 0, 
  "##characteristics#compile#obj_sizes#infback.o#range_percent": 0, 
  "##characteristics#compile#obj_sizes#infback.o#repeats": 1, 
  "##characteristics#compile#obj_sizes#inffast.o#all": [
    3916
  ], 
  "##characteristics#compile#obj_sizes#inffast.o#all_unique": [
    3916
  ], 
  "##characteristics#compile#obj_sizes#inffast.o#center": 3916, 
  "##characteristics#compile#obj_sizes#inffast.o#center_imp": 1.0204290091930541, 
  "##characteristics#compile#obj_sizes#inffast.o#halfrange": 0, 
  "##characteristics#compile#obj_sizes#inffast.o#max": 3916, 
  "##characteristics#compile#obj_sizes#inffast.o#mean": 3916.0, 
  "##characteristics#compile#obj_sizes#inffast.o#mean_imp": 1.0204290091930541, 
  "##characteristics#compile#obj_sizes#inffast.o#min": 3916, 
  "##characteristics#compile#obj_sizes#inffast.o#min_imp": 1.0204290091930541, 
  "##characteristics#compile#obj_sizes#inffast.o#range": 0, 
  "##characteristics#compile#obj_sizes#inffast.o#range_percent": 0, 
  "##characteristics#compile#obj_sizes#inffast.o#repeats": 1, 
  "##characteristics#compile#obj_sizes#inflate.o#all": [
    15836
  ], 
  "##characteristics#compile#obj_sizes#inflate.o#all_unique": [
    15836
  ], 
  "##characteristics#compile#obj_sizes#inflate.o#center": 15836, 
  "##characteristics#compile#obj_sizes#inflate.o#center_imp": 1.0583480676938621, 
  "##characteristics#compile#obj_sizes#inflate.o#halfrange": 0, 
  "##characteristics#compile#obj_sizes#inflate.o#max": 15836, 
  "##characteristics#compile#obj_sizes#inflate.o#mean": 15836.0, 
  "##characteristics#compile#obj_sizes#inflate.o#mean_imp": 1.0583480676938621, 
  "##characteristics#compile#obj_sizes#inflate.o#min": 15836, 
  "##characteristics#compile#obj_sizes#inflate.o#min_imp": 1.0583480676938621, 
  "##characteristics#compile#obj_sizes#inflate.o#range": 0, 
  "##characteristics#compile#obj_sizes#inflate.o#range_percent": 0, 
  "##characteristics#compile#obj_sizes#inflate.o#repeats": 1, 
  "##characteristics#compile#obj_sizes#inftrees.o#all": [
    4448
  ], 
  "##characteristics#compile#obj_sizes#inftrees.o#all_unique": [
    4448
  ], 
  "##characteristics#compile#obj_sizes#inftrees.o#center": 4448, 
  "##characteristics#compile#obj_sizes#inftrees.o#center_imp": 0.9937050359712231, 
  "##characteristics#compile#obj_sizes#inftrees.o#halfrange": 0, 
  "##characteristics#compile#obj_sizes#inftrees.o#max": 4448, 
  "##characteristics#compile#obj_sizes#inftrees.o#mean": 4448.0, 
  "##characteristics#compile#obj_sizes#inftrees.o#mean_imp": 0.9937050359712231, 
  "##characteristics#compile#obj_sizes#inftrees.o#min": 4448, 
  "##characteristics#compile#obj_sizes#inftrees.o#min_imp": 0.9937050359712231, 
  "##characteristics#compile#obj_sizes#inftrees.o#range": 0, 
  "##characteristics#compile#obj_sizes#inftrees.o#range_percent": 0, 
  "##characteristics#compile#obj_sizes#inftrees.o#repeats": 1, 
  "##characteristics#compile#obj_sizes#trees.o#all": [
    13684
  ], 
  "##characteristics#compile#obj_sizes#trees.o#all_unique": [
    13684
  ], 
  "##characteristics#compile#obj_sizes#trees.o#center": 13684, 
  "##characteristics#compile#obj_sizes#trees.o#center_imp": 1.0365390236772873, 
  "##characteristics#compile#obj_sizes#trees.o#halfrange": 0, 
  "##characteristics#compile#obj_sizes#trees.o#max": 13684, 
  "##characteristics#compile#obj_sizes#trees.o#mean": 13684.0, 
  "##characteristics#compile#obj_sizes#trees.o#mean_imp": 1.0365390236772873, 
  "##characteristics#compile#obj_sizes#trees.o#min": 13684, 
  "##characteristics#compile#obj_sizes#trees.o#min_imp": 1.0365390236772873, 
  "##characteristics#compile#obj_sizes#trees.o#range": 0, 
  "##characteristics#compile#obj_sizes#trees.o#range_percent": 0, 
  "##characteristics#compile#obj_sizes#trees.o#repeats": 1, 
  "##characteristics#compile#obj_sizes#uncompr.o#all": [
    1280
  ], 
  "##characteristics#compile#obj_sizes#uncompr.o#all_unique": [
    1280
  ], 
  "##characteristics#compile#obj_sizes#uncompr.o#center": 1280, 
  "##characteristics#compile#obj_sizes#uncompr.o#center_imp": 0.99375, 
  "##characteristics#compile#obj_sizes#uncompr.o#halfrange": 0, 
  "##characteristics#compile#obj_sizes#uncompr.o#max": 1280, 
  "##characteristics#compile#obj_sizes#uncompr.o#mean": 1280.0, 
  "##characteristics#compile#obj_sizes#uncompr.o#mean_imp": 0.99375, 
  "##characteristics#compile#obj_sizes#uncompr.o#min": 1280, 
  "##characteristics#compile#obj_sizes#uncompr.o#min_imp": 0.99375, 
  "##characteristics#compile#obj_sizes#uncompr.o#range": 0, 
  "##characteristics#compile#obj_sizes#uncompr.o#range_percent": 0, 
  "##characteristics#compile#obj_sizes#uncompr.o#repeats": 1, 
  "##characteristics#compile#obj_sizes#zutil.o#all": [
    1648
  ], 
  "##characteristics#compile#obj_sizes#zutil.o#all_unique": [
    1648
  ], 
  "##characteristics#compile#obj_sizes#zutil.o#center": 1648, 
  "##characteristics#compile#obj_sizes#zutil.o#center_imp": 1.0, 
  "##characteristics#compile#obj_sizes#zutil.o#halfrange": 0, 
  "##characteristics#compile#obj_sizes#zutil.o#max": 1648, 
  "##characteristics#compile#obj_sizes#zutil.o#mean": 1648.0, 
  "##characteristics#compile#obj_sizes#zutil.o#mean_imp": 1.0, 
  "##characteristics#compile#obj_sizes#zutil.o#min": 1648, 
  "##characteristics#compile#obj_sizes#zutil.o#min_imp": 1.0, 
  "##characteristics#compile#obj_sizes#zutil.o#range": 0, 
  "##characteristics#compile#obj_sizes#zutil.o#range_percent": 0, 
  "##characteristics#compile#obj_sizes#zutil.o#repeats": 1, 
  "##characteristics#compile#program_git_hash#all": [
    "f3b3ffe43b24039767a39c7f85ab4b768684a65b"
  ], 
  "##characteristics#compile#program_git_hash#all_unique": [
    "f3b3ffe43b24039767a39c7f85ab4b768684a65b"
  ], 
  "##characteristics#compile#program_git_hash#min": "f3b3ffe43b24039767a39c7f85ab4b768684a65b", 
  "##characteristics#compile#program_git_hash#min_imp": 0, 
  "##characteristics#compile#program_git_hash#repeats": 1, 
  "##characteristics#run#execution_time#all": [
    0.015385507269789983, 
    0.015636486268174477, 
    0.015420851373182554, 
    0.01545363166397415
  ], 
  "##characteristics#run#execution_time#all_unique": [
    0.015385507269789983, 
    0.015636486268174477, 
    0.015420851373182554, 
    0.01545363166397415
  ], 
  "##characteristics#run#execution_time#center": 0.015510996768982231, 
  "##characteristics#run#execution_time#center_imp": 1.0473152248959436, 
  "##characteristics#run#execution_time#halfrange": 0.0001254894991922469, 
  "##characteristics#run#execution_time#max": 0.015636486268174477, 
  "##characteristics#run#execution_time#mean": 0.015474119143780291, 
  "##characteristics#run#execution_time#mean_imp": 1.0502372518979328, 
  "##characteristics#run#execution_time#min": 0.015385507269789983, 
  "##characteristics#run#execution_time#min_imp": 1.0510490276343187, 
  "##characteristics#run#execution_time#range": 0.0002509789983844938, 
  "##characteristics#run#execution_time#range_percent": 0.016312689207024094, 
  "##characteristics#run#execution_time#repeats": 4, 
  "##characteristics#run#execution_time_kernel_0#all": [
    9.523629, 
    9.678985, 
    9.545507, 
    9.565798
  ], 
  "##characteristics#run#execution_time_kernel_0#all_unique": [
    9.523629, 
    9.678985, 
    9.545507, 
    9.565798
  ], 
  "##characteristics#run#execution_time_kernel_0#center": 9.601307, 
  "##characteristics#run#execution_time_kernel_0#center_imp": 1.0473152248959439, 
  "##characteristics#run#execution_time_kernel_0#halfrange": 0.07767800000000058, 
  "##characteristics#run#execution_time_kernel_0#max": 9.678985, 
  "##characteristics#run#execution_time_kernel_0#mean": 9.57847975, 
  "##characteristics#run#execution_time_kernel_0#mean_imp": 1.0502372518979328, 
  "##characteristics#run#execution_time_kernel_0#min": 9.523629, 
  "##characteristics#run#execution_time_kernel_0#min_imp": 1.0510490276343187, 
  "##characteristics#run#execution_time_kernel_0#range": 0.15535600000000116, 
  "##characteristics#run#execution_time_kernel_0#range_percent": 0.016312689207024042, 
  "##characteristics#run#execution_time_kernel_0#repeats": 4, 
  "##characteristics#run#execution_time_with_module#all": [
    10.240734100341797, 
    10.40366792678833, 
    10.261355876922607, 
    10.292129039764404
  ], 
  "##characteristics#run#execution_time_with_module#all_unique": [
    10.240734100341797, 
    10.40366792678833, 
    10.261355876922607, 
    10.292129039764404
  ], 
  "##characteristics#run#execution_time_with_module#center": 10.322201013565063, 
  "##characteristics#run#execution_time_with_module#center_imp": 1.2748508244093832, 
  "##characteristics#run#execution_time_with_module#halfrange": 0.0814669132232666, 
  "##characteristics#run#execution_time_with_module#max": 10.40366792678833, 
  "##characteristics#run#execution_time_with_module#mean": 10.299471735954285, 
  "##characteristics#run#execution_time_with_module#mean_imp": 1.1627735641948502, 
  "##characteristics#run#execution_time_with_module#min": 10.240734100341797, 
  "##characteristics#run#execution_time_with_module#min_imp": 1.0478067156209223, 
  "##characteristics#run#execution_time_with_module#range": 0.1629338264465332, 
  "##characteristics#run#execution_time_with_module#range_percent": 0.015910365882959025, 
  "##characteristics#run#execution_time_with_module#repeats": 4, 
  "##characteristics#run#repeat#all": [
    619, 
    619, 
    619, 
    619
  ], 
  "##characteristics#run#repeat#all_unique": [
    619
  ], 
  "##characteristics#run#repeat#center": 619, 
  "##characteristics#run#repeat#center_imp": 1.0, 
  "##characteristics#run#repeat#halfrange": 0, 
  "##characteristics#run#repeat#max": 619, 
  "##characteristics#run#repeat#mean": 619.0, 
  "##characteristics#run#repeat#mean_imp": 1.0, 
  "##characteristics#run#repeat#min": 619, 
  "##characteristics#run#repeat#min_imp": 1.0, 
  "##characteristics#run#repeat#range": 0, 
  "##characteristics#run#repeat#range_percent": 0, 
  "##characteristics#run#repeat#repeats": 4, 
  "##characteristics#run#return_code#all": [
    0, 
    0, 
    0, 
    0
  ], 
  "##characteristics#run#return_code#all_unique": [
    0
  ], 
  "##characteristics#run#return_code#center": 0, 
  "##characteristics#run#return_code#halfrange": 0, 
  "##characteristics#run#return_code#max": 0, 
  "##characteristics#run#return_code#mean": 0.0, 
  "##characteristics#run#return_code#min": 0, 
  "##characteristics#run#return_code#min_imp": 1, 
  "##characteristics#run#return_code#range": 0, 
  "##characteristics#run#return_code#repeats": 4, 
  "##characteristics#run#run_success#all": [
    "yes", 
    "yes", 
    "yes", 
    "yes"
  ], 
  "##characteristics#run#run_success#all_unique": [
    "yes"
  ], 
  "##characteristics#run#run_success#min": "yes", 
  "##characteristics#run#run_success#min_imp": 1, 
  "##characteristics#run#run_success#repeats": 4, 
  "##characteristics#run#run_success_bool#all": [
    true, 
    true, 
    true, 
    true
  ], 
  "##characteristics#run#run_success_bool#all_unique": [
    true
  ], 
  "##characteristics#run#run_success_bool#min": true, 
  "##characteristics#run#run_success_bool#min_imp": 1, 
  "##characteristics#run#run_success_bool#repeats": 4, 
  "##characteristics#run#total_execution_time#all": [
    9.523629, 
    9.678985, 
    9.545507, 
    9.565798
  ], 
  "##characteristics#run#total_execution_time#all_unique": [
    9.523629, 
    9.678985, 
    9.545507, 
    9.565798
  ], 
  "##characteristics#run#total_execution_time#center": 9.601307, 
  "##characteristics#run#total_execution_time#center_imp": 1.0473152248959439, 
  "##characteristics#run#total_execution_time#halfrange": 0.07767800000000058, 
  "##characteristics#run#total_execution_time#max": 9.678985, 
  "##characteristics#run#total_execution_time#mean": 9.57847975, 
  "##characteristics#run#total_execution_time#mean_imp": 1.0502372518979328, 
  "##characteristics#run#total_execution_time#min": 9.523629, 
  "##characteristics#run#total_execution_time#min_imp": 1.0510490276343187, 
  "##characteristics#run#total_execution_time#range": 0.15535600000000116, 
  "##characteristics#run#total_execution_time#range_percent": 0.016312689207024042, 
  "##characteristics#run#total_execution_time#repeats": 4
}
