{
  "characteristics_list": [
    {
      "compile": {
        "binary_size": 101348, 
        "compilation_success": "yes", 
        "compilation_success_bool": true, 
        "compilation_time": 101.31654500961304, 
        "compilation_time_with_module": 106.26062893867493, 
        "joined_compiler_flags": "-O3 -fexcess-precision=fast -ffp-contract=on -fno-function-cse -fno-function-sections -fhoist-adjacent-loads -fisolate-erroneous-paths-attribute -fivopts -fno-ree -fsingle-precision-constant -fno-toplevel-reorder -ftree-bit-ccp -fno-tree-copy-prop -fno-tree-dce -fno-tree-loop-distribution -ftree-loop-ivcanon -ftree-loop-optimize -fno-use-linker-plugin -fno-whole-program", 
        "md5_sum": "6e06aa828432e8a13ae1426090b18630", 
        "obj_size": 114700, 
        "obj_sizes": {
          "adler32.o": 2424, 
          "compress.o": 1568, 
          "crc32.o": 10876, 
          "ctuning-rtl.o": 3836, 
          "deflate.o": 20236, 
          "gzclose.o": 980, 
          "gzlib.o": 6360, 
          "gzread.o": 5920, 
          "gzwrite.o": 9660, 
          "infback.o": 9696, 
          "inffast.o": 4208, 
          "inflate.o": 17280, 
          "inftrees.o": 4464, 
          "trees.o": 14272, 
          "uncompr.o": 1272, 
          "zutil.o": 1648
        }, 
        "program_git_hash": "f3b3ffe43b24039767a39c7f85ab4b768684a65b"
      }, 
      "run": {
        "execution_time": 0.01716514701130856, 
        "execution_time_kernel_0": 10.625226, 
        "execution_time_with_module": 11.35712194442749, 
        "repeat": 619, 
        "return_code": 0, 
        "run_success": "yes", 
        "run_success_bool": true, 
        "total_execution_time": 10.625226
      }
    }, 
    {
      "run": {
        "execution_time": 0.017209061389337643, 
        "execution_time_kernel_0": 10.652409, 
        "execution_time_with_module": 13.634593963623047, 
        "repeat": 619, 
        "return_code": 0, 
        "run_success": "yes", 
        "run_success_bool": true, 
        "total_execution_time": 10.652409
      }
    }, 
    {
      "run": {
        "execution_time": 0.016993995153473343, 
        "execution_time_kernel_0": 10.519283, 
        "execution_time_with_module": 11.248034954071045, 
        "repeat": 619, 
        "return_code": 0, 
        "run_success": "yes", 
        "run_success_bool": true, 
        "total_execution_time": 10.519283
      }
    }, 
    {
      "run": {
        "execution_time": 0.01702706138933764, 
        "execution_time_kernel_0": 10.539751, 
        "execution_time_with_module": 11.263856887817383, 
        "repeat": 619, 
        "return_code": 0, 
        "run_success": "yes", 
        "run_success_bool": true, 
        "total_execution_time": 10.539751
      }
    }
  ], 
  "choices": {
    "calibration_time": 10.0, 
    "cmd_key": "decode", 
    "compile_type": "dynamic", 
    "compiler_description_uoa": "gcc-4.9.0-auto", 
    "compiler_flags": {
      "base_opt": "-O3", 
      "bool--fexcess-precision=": "-fexcess-precision=fast", 
      "bool--ffp-contract=": "-ffp-contract=on", 
      "bool-function-cse": "-fno-function-cse", 
      "bool-function-sections": "-fno-function-sections", 
      "bool-hoist-adjacent-loads": "-fhoist-adjacent-loads", 
      "bool-isolate-erroneous-paths-attribute": "-fisolate-erroneous-paths-attribute", 
      "bool-ivopts": "-fivopts", 
      "bool-ree": "-fno-ree", 
      "bool-single-precision-constant": "-fsingle-precision-constant", 
      "bool-toplevel-reorder": "-fno-toplevel-reorder", 
      "bool-tree-bit-ccp": "-ftree-bit-ccp", 
      "bool-tree-copy-prop": "-fno-tree-copy-prop", 
      "bool-tree-dce": "-fno-tree-dce", 
      "bool-tree-loop-distribution": "-fno-tree-loop-distribution", 
      "bool-tree-loop-ivcanon": "-ftree-loop-ivcanon", 
      "bool-tree-loop-optimize": "-ftree-loop-optimize", 
      "bool-use-linker-plugin": "-fno-use-linker-plugin", 
      "bool-whole-program": "-fno-whole-program"
    }, 
    "data_uoa": "zlib-inflate", 
    "dataset_file": "audio-wav-0001-deflated", 
    "dataset_uoa": "audio-wav-0001-deflated", 
    "device_cfg": {}, 
    "device_id": "", 
    "host_os": "linux-32", 
    "module_uoa": "b0ac08fe1d3c2615", 
    "no_state_check": "yes", 
    "program_tags": "", 
    "repeat": 619, 
    "target": "", 
    "target_os": "linux-32", 
    "target_os_bits": "32"
  }, 
  "choices_order": [
    "##compiler_flags#base_opt", 
    "##compiler_flags#bool--fexcess-precision=", 
    "##compiler_flags#bool--ffp-contract=", 
    "##compiler_flags#bool-function-cse", 
    "##compiler_flags#bool-function-sections", 
    "##compiler_flags#bool-hoist-adjacent-loads", 
    "##compiler_flags#bool-isolate-erroneous-paths-attribute", 
    "##compiler_flags#bool-ivopts", 
    "##compiler_flags#bool-ree", 
    "##compiler_flags#bool-single-precision-constant", 
    "##compiler_flags#bool-toplevel-reorder", 
    "##compiler_flags#bool-tree-bit-ccp", 
    "##compiler_flags#bool-tree-copy-prop", 
    "##compiler_flags#bool-tree-dce", 
    "##compiler_flags#bool-tree-loop-distribution", 
    "##compiler_flags#bool-tree-loop-ivcanon", 
    "##compiler_flags#bool-tree-loop-optimize", 
    "##compiler_flags#bool-use-linker-plugin", 
    "##compiler_flags#bool-whole-program"
  ], 
  "features": {
    "compiler_version": {
      "list": [
        4, 
        9, 
        2
      ], 
      "raw": [
        "gcc-4.9 (Raspbian 4.9.2-10) 4.9.2", 
        "Copyright (C) 2014 Free Software Foundation, Inc.", 
        "This is free software; see the source for copying conditions.  There is NO", 
        "warranty; not even for MERCHANTABILITY or FITNESS FOR A PARTICULAR PURPOSE.", 
        "", 
        ""
      ], 
      "str": "4.9.2"
    }, 
    "dataset": {
      "total_size": 116960
    }, 
    "number_of_selected_compiler_flags": 19, 
    "platform": {
      "cpu": {
        "all_freqs": {
          "0": [
            700000, 
            700000
          ]
        }, 
        "cpu_abi": "", 
        "cpu_features": "half thumb fastmult vfp edsp java tls", 
        "current_freq": {
          "0": 700.0
        }, 
        "max_freq": {
          "0": 700.0
        }, 
        "name": "BCM2708", 
        "num_proc": "1", 
        "sub_name": "ARMv6-compatible processor rev 7 (v6l)", 
        "workload_automation": {
          "device_config": {
            "core_clusters": [
              0
            ], 
            "core_names": [
              "BCM2708"
            ]
          }
        }
      }, 
      "cpu_misc": {
        "0": {
          "BogoMIPS": "697.95", 
          "CPU architecture": "7", 
          "CPU implementer": "0x41", 
          "CPU part": "0xb76", 
          "CPU revision": "7", 
          "CPU variant": "0x0", 
          "Features": "half thumb fastmult vfp edsp java tls", 
          "Hardware": "BCM2708", 
          "Revision": "0013", 
          "Serial": "00000000999033c3", 
          "all_freqs": [
            "0", 
            "0"
          ], 
          "ck_cpu_name": "BCM2708", 
          "ck_cpu_subname": "ARMv6-compatible processor rev 7 (v6l)", 
          "cpu_features": "half thumb fastmult vfp edsp java tls", 
          "cur_freq": 700.0, 
          "max_freq": 700.0, 
          "model name": "ARMv6-compatible processor rev 7 (v6l)", 
          "processor": "0"
        }
      }, 
      "cpu_new_format": "", 
      "cpu_unique": [
        {
          "BogoMIPS": "697.95", 
          "CPU architecture": "7", 
          "CPU implementer": "0x41", 
          "CPU part": "0xb76", 
          "CPU revision": "7", 
          "CPU variant": "0x0", 
          "Features": "half thumb fastmult vfp edsp java tls", 
          "Hardware": "BCM2708", 
          "Revision": "0013", 
          "Serial": "00000000999033c3", 
          "all_freqs": [
            "0", 
            "0"
          ], 
          "ck_cpu_name": "BCM2708", 
          "ck_cpu_subname": "ARMv6-compatible processor rev 7 (v6l)", 
          "cpu_features": "half thumb fastmult vfp edsp java tls", 
          "cur_freq": 700.0, 
          "max_freq": 700.0, 
          "model name": "ARMv6-compatible processor rev 7 (v6l)", 
          "processor": "0"
        }
      ], 
      "gpu": {
        "name": "", 
        "vendor": ""
      }, 
      "gpu_misc": {}, 
      "os": {
        "abi": "armv6l", 
        "bits": "32", 
        "ck_os_base_uoa": "", 
        "ck_os_uoa": "linux-32", 
        "name": "Linux 4.4.21+", 
        "name_long": "Linux-4.4.21+-armv6l-with-debian-8.0", 
        "name_short": "Linux 4.4.21+", 
        "serial_number": ""
      }, 
      "os_misc": {}, 
      "platform": {
        "model": "", 
        "name": "", 
        "vendor": ""
      }, 
      "platform_misc": {}
    }, 
    "solution_uid": "61764d46879edf84", 
    "statistical_repetitions": 4
  }
}
