{
  "##characteristics#compile#binary_size#all": [
    101828
  ], 
  "##characteristics#compile#binary_size#all_unique": [
    101828
  ], 
  "##characteristics#compile#binary_size#center": 101828, 
  "##characteristics#compile#binary_size#center_imp": 0.9895902895077975, 
  "##characteristics#compile#binary_size#halfrange": 0, 
  "##characteristics#compile#binary_size#max": 101828, 
  "##characteristics#compile#binary_size#mean": 101828.0, 
  "##characteristics#compile#binary_size#mean_imp": 0.9895902895077975, 
  "##characteristics#compile#binary_size#min": 101828, 
  "##characteristics#compile#binary_size#min_imp": 0.9895902895077975, 
  "##characteristics#compile#binary_size#range": 0, 
  "##characteristics#compile#binary_size#range_percent": 0, 
  "##characteristics#compile#binary_size#repeats": 1, 
  "##characteristics#compile#compilation_success#all": [
    "yes"
  ], 
  "##characteristics#compile#compilation_success#all_unique": [
    "yes"
  ], 
  "##characteristics#compile#compilation_success#min": "yes", 
  "##characteristics#compile#compilation_success#min_imp": 0, 
  "##characteristics#compile#compilation_success#repeats": 1, 
  "##characteristics#compile#compilation_success_bool#all": [
    true
  ], 
  "##characteristics#compile#compilation_success_bool#all_unique": [
    true
  ], 
  "##characteristics#compile#compilation_success_bool#min": true, 
  "##characteristics#compile#compilation_success_bool#min_imp": 0, 
  "##characteristics#compile#compilation_success_bool#repeats": 1, 
  "##characteristics#compile#compilation_time#all": [
    104.38381481170654
  ], 
  "##characteristics#compile#compilation_time#all_unique": [
    104.38381481170654
  ], 
  "##characteristics#compile#compilation_time#center": 104.38381481170654, 
  "##characteristics#compile#compilation_time#center_imp": 1.0307465313191764, 
  "##characteristics#compile#compilation_time#halfrange": 0.0, 
  "##characteristics#compile#compilation_time#max": 104.38381481170654, 
  "##characteristics#compile#compilation_time#mean": 104.38381481170654, 
  "##characteristics#compile#compilation_time#mean_imp": 1.0307465313191764, 
  "##characteristics#compile#compilation_time#min": 104.38381481170654, 
  "##characteristics#compile#compilation_time#min_imp": 1.0307465313191764, 
  "##characteristics#compile#compilation_time#range": 0.0, 
  "##characteristics#compile#compilation_time#range_percent": 0.0, 
  "##characteristics#compile#compilation_time#repeats": 1, 
  "##characteristics#compile#compilation_time_with_module#all": [
    110.39891314506531
  ], 
  "##characteristics#compile#compilation_time_with_module#all_unique": [
    110.39891314506531
  ], 
  "##characteristics#compile#compilation_time_with_module#center": 110.39891314506531, 
  "##characteristics#compile#compilation_time_with_module#center_imp": 1.0182171793192056, 
  "##characteristics#compile#compilation_time_with_module#halfrange": 0.0, 
  "##characteristics#compile#compilation_time_with_module#max": 110.39891314506531, 
  "##characteristics#compile#compilation_time_with_module#mean": 110.39891314506531, 
  "##characteristics#compile#compilation_time_with_module#mean_imp": 1.0182171793192056, 
  "##characteristics#compile#compilation_time_with_module#min": 110.39891314506531, 
  "##characteristics#compile#compilation_time_with_module#min_imp": 1.0182171793192056, 
  "##characteristics#compile#compilation_time_with_module#range": 0.0, 
  "##characteristics#compile#compilation_time_with_module#range_percent": 0.0, 
  "##characteristics#compile#compilation_time_with_module#repeats": 1, 
  "##characteristics#compile#joined_compiler_flags#all": [
    "-O3 -fno-cse-skip-blocks -fno-delayed-branch -fno-guess-branch-probability -fno-sched-dep-count-heuristic -fsel-sched-pipelining -fno-selective-scheduling2 -fshrink-wrap -fsingle-precision-constant -ftracer -fno-tree-copyrename -fno-tree-dce -ftree-loop-distribution -ftree-phiprop -ftree-pre -fno-tree-sink -ftree-tail-merge -fno-tree-ter -fno-vect-cost-model"
  ], 
  "##characteristics#compile#joined_compiler_flags#all_unique": [
    "-O3 -fno-cse-skip-blocks -fno-delayed-branch -fno-guess-branch-probability -fno-sched-dep-count-heuristic -fsel-sched-pipelining -fno-selective-scheduling2 -fshrink-wrap -fsingle-precision-constant -ftracer -fno-tree-copyrename -fno-tree-dce -ftree-loop-distribution -ftree-phiprop -ftree-pre -fno-tree-sink -ftree-tail-merge -fno-tree-ter -fno-vect-cost-model"
  ], 
  "##characteristics#compile#joined_compiler_flags#min": "-O3 -fno-cse-skip-blocks -fno-delayed-branch -fno-guess-branch-probability -fno-sched-dep-count-heuristic -fsel-sched-pipelining -fno-selective-scheduling2 -fshrink-wrap -fsingle-precision-constant -ftracer -fno-tree-copyrename -fno-tree-dce -ftree-loop-distribution -ftree-phiprop -ftree-pre -fno-tree-sink -ftree-tail-merge -fno-tree-ter -fno-vect-cost-model", 
  "##characteristics#compile#joined_compiler_flags#min_imp": 0, 
  "##characteristics#compile#joined_compiler_flags#repeats": 1, 
  "##characteristics#compile#md5_sum#all": [
    "f743d8fddd6b0dc6dc7b743157143897"
  ], 
  "##characteristics#compile#md5_sum#all_unique": [
    "f743d8fddd6b0dc6dc7b743157143897"
  ], 
  "##characteristics#compile#md5_sum#min": "f743d8fddd6b0dc6dc7b743157143897", 
  "##characteristics#compile#md5_sum#min_imp": 0, 
  "##characteristics#compile#md5_sum#repeats": 1, 
  "##characteristics#compile#obj_size#all": [
    114792
  ], 
  "##characteristics#compile#obj_size#all_unique": [
    114792
  ], 
  "##characteristics#compile#obj_size#center": 114792, 
  "##characteristics#compile#obj_size#center_imp": 0.9935187121053732, 
  "##characteristics#compile#obj_size#halfrange": 0, 
  "##characteristics#compile#obj_size#max": 114792, 
  "##characteristics#compile#obj_size#mean": 114792.0, 
  "##characteristics#compile#obj_size#mean_imp": 0.9935187121053732, 
  "##characteristics#compile#obj_size#min": 114792, 
  "##characteristics#compile#obj_size#min_imp": 0.9935187121053732, 
  "##characteristics#compile#obj_size#range": 0, 
  "##characteristics#compile#obj_size#range_percent": 0, 
  "##characteristics#compile#obj_size#repeats": 1, 
  "##characteristics#compile#obj_sizes#adler32.o#all": [
    2424
  ], 
  "##characteristics#compile#obj_sizes#adler32.o#all_unique": [
    2424
  ], 
  "##characteristics#compile#obj_sizes#adler32.o#center": 2424, 
  "##characteristics#compile#obj_sizes#adler32.o#center_imp": 1.0, 
  "##characteristics#compile#obj_sizes#adler32.o#halfrange": 0, 
  "##characteristics#compile#obj_sizes#adler32.o#max": 2424, 
  "##characteristics#compile#obj_sizes#adler32.o#mean": 2424.0, 
  "##characteristics#compile#obj_sizes#adler32.o#mean_imp": 1.0, 
  "##characteristics#compile#obj_sizes#adler32.o#min": 2424, 
  "##characteristics#compile#obj_sizes#adler32.o#min_imp": 1.0, 
  "##characteristics#compile#obj_sizes#adler32.o#range": 0, 
  "##characteristics#compile#obj_sizes#adler32.o#range_percent": 0, 
  "##characteristics#compile#obj_sizes#adler32.o#repeats": 1, 
  "##characteristics#compile#obj_sizes#compress.o#all": [
    1552
  ], 
  "##characteristics#compile#obj_sizes#compress.o#all_unique": [
    1552
  ], 
  "##characteristics#compile#obj_sizes#compress.o#center": 1552, 
  "##characteristics#compile#obj_sizes#compress.o#center_imp": 1.0103092783505154, 
  "##characteristics#compile#obj_sizes#compress.o#halfrange": 0, 
  "##characteristics#compile#obj_sizes#compress.o#max": 1552, 
  "##characteristics#compile#obj_sizes#compress.o#mean": 1552.0, 
  "##characteristics#compile#obj_sizes#compress.o#mean_imp": 1.0103092783505154, 
  "##characteristics#compile#obj_sizes#compress.o#min": 1552, 
  "##characteristics#compile#obj_sizes#compress.o#min_imp": 1.0103092783505154, 
  "##characteristics#compile#obj_sizes#compress.o#range": 0, 
  "##characteristics#compile#obj_sizes#compress.o#range_percent": 0, 
  "##characteristics#compile#obj_sizes#compress.o#repeats": 1, 
  "##characteristics#compile#obj_sizes#crc32.o#all": [
    11252
  ], 
  "##characteristics#compile#obj_sizes#crc32.o#all_unique": [
    11252
  ], 
  "##characteristics#compile#obj_sizes#crc32.o#center": 11252, 
  "##characteristics#compile#obj_sizes#crc32.o#center_imp": 0.9665837184500533, 
  "##characteristics#compile#obj_sizes#crc32.o#halfrange": 0, 
  "##characteristics#compile#obj_sizes#crc32.o#max": 11252, 
  "##characteristics#compile#obj_sizes#crc32.o#mean": 11252.0, 
  "##characteristics#compile#obj_sizes#crc32.o#mean_imp": 0.9665837184500533, 
  "##characteristics#compile#obj_sizes#crc32.o#min": 11252, 
  "##characteristics#compile#obj_sizes#crc32.o#min_imp": 0.9665837184500533, 
  "##characteristics#compile#obj_sizes#crc32.o#range": 0, 
  "##characteristics#compile#obj_sizes#crc32.o#range_percent": 0, 
  "##characteristics#compile#obj_sizes#crc32.o#repeats": 1, 
  "##characteristics#compile#obj_sizes#ctuning-rtl.o#all": [
    3824
  ], 
  "##characteristics#compile#obj_sizes#ctuning-rtl.o#all_unique": [
    3824
  ], 
  "##characteristics#compile#obj_sizes#ctuning-rtl.o#center": 3824, 
  "##characteristics#compile#obj_sizes#ctuning-rtl.o#center_imp": 1.0031380753138075, 
  "##characteristics#compile#obj_sizes#ctuning-rtl.o#halfrange": 0, 
  "##characteristics#compile#obj_sizes#ctuning-rtl.o#max": 3824, 
  "##characteristics#compile#obj_sizes#ctuning-rtl.o#mean": 3824.0, 
  "##characteristics#compile#obj_sizes#ctuning-rtl.o#mean_imp": 1.0031380753138075, 
  "##characteristics#compile#obj_sizes#ctuning-rtl.o#min": 3824, 
  "##characteristics#compile#obj_sizes#ctuning-rtl.o#min_imp": 1.0031380753138075, 
  "##characteristics#compile#obj_sizes#ctuning-rtl.o#range": 0, 
  "##characteristics#compile#obj_sizes#ctuning-rtl.o#range_percent": 0, 
  "##characteristics#compile#obj_sizes#ctuning-rtl.o#repeats": 1, 
  "##characteristics#compile#obj_sizes#deflate.o#all": [
    24556
  ], 
  "##characteristics#compile#obj_sizes#deflate.o#all_unique": [
    24556
  ], 
  "##characteristics#compile#obj_sizes#deflate.o#center": 24556, 
  "##characteristics#compile#obj_sizes#deflate.o#center_imp": 0.8214692946733996, 
  "##characteristics#compile#obj_sizes#deflate.o#halfrange": 0, 
  "##characteristics#compile#obj_sizes#deflate.o#max": 24556, 
  "##characteristics#compile#obj_sizes#deflate.o#mean": 24556.0, 
  "##characteristics#compile#obj_sizes#deflate.o#mean_imp": 0.8214692946733996, 
  "##characteristics#compile#obj_sizes#deflate.o#min": 24556, 
  "##characteristics#compile#obj_sizes#deflate.o#min_imp": 0.8214692946733996, 
  "##characteristics#compile#obj_sizes#deflate.o#range": 0, 
  "##characteristics#compile#obj_sizes#deflate.o#range_percent": 0, 
  "##characteristics#compile#obj_sizes#deflate.o#repeats": 1, 
  "##characteristics#compile#obj_sizes#gzclose.o#all": [
    980
  ], 
  "##characteristics#compile#obj_sizes#gzclose.o#all_unique": [
    980
  ], 
  "##characteristics#compile#obj_sizes#gzclose.o#center": 980, 
  "##characteristics#compile#obj_sizes#gzclose.o#center_imp": 1.0, 
  "##characteristics#compile#obj_sizes#gzclose.o#halfrange": 0, 
  "##characteristics#compile#obj_sizes#gzclose.o#max": 980, 
  "##characteristics#compile#obj_sizes#gzclose.o#mean": 980.0, 
  "##characteristics#compile#obj_sizes#gzclose.o#mean_imp": 1.0, 
  "##characteristics#compile#obj_sizes#gzclose.o#min": 980, 
  "##characteristics#compile#obj_sizes#gzclose.o#min_imp": 1.0, 
  "##characteristics#compile#obj_sizes#gzclose.o#range": 0, 
  "##characteristics#compile#obj_sizes#gzclose.o#range_percent": 0, 
  "##characteristics#compile#obj_sizes#gzclose.o#repeats": 1, 
  "##characteristics#compile#obj_sizes#gzlib.o#all": [
    6232
  ], 
  "##characteristics#compile#obj_sizes#gzlib.o#all_unique": [
    6232
  ], 
  "##characteristics#compile#obj_sizes#gzlib.o#center": 6232, 
  "##characteristics#compile#obj_sizes#gzlib.o#center_imp": 1.0109114249037228, 
  "##characteristics#compile#obj_sizes#gzlib.o#halfrange": 0, 
  "##characteristics#compile#obj_sizes#gzlib.o#max": 6232, 
  "##characteristics#compile#obj_sizes#gzlib.o#mean": 6232.0, 
  "##characteristics#compile#obj_sizes#gzlib.o#mean_imp": 1.0109114249037228, 
  "##characteristics#compile#obj_sizes#gzlib.o#min": 6232, 
  "##characteristics#compile#obj_sizes#gzlib.o#min_imp": 1.0109114249037228, 
  "##characteristics#compile#obj_sizes#gzlib.o#range": 0, 
  "##characteristics#compile#obj_sizes#gzlib.o#range_percent": 0, 
  "##characteristics#compile#obj_sizes#gzlib.o#repeats": 1, 
  "##characteristics#compile#obj_sizes#gzread.o#all": [
    6056
  ], 
  "##characteristics#compile#obj_sizes#gzread.o#all_unique": [
    6056
  ], 
  "##characteristics#compile#obj_sizes#gzread.o#center": 6056, 
  "##characteristics#compile#obj_sizes#gzread.o#center_imp": 0.9537648612945839, 
  "##characteristics#compile#obj_sizes#gzread.o#halfrange": 0, 
  "##characteristics#compile#obj_sizes#gzread.o#max": 6056, 
  "##characteristics#compile#obj_sizes#gzread.o#mean": 6056.0, 
  "##characteristics#compile#obj_sizes#gzread.o#mean_imp": 0.9537648612945839, 
  "##characteristics#compile#obj_sizes#gzread.o#min": 6056, 
  "##characteristics#compile#obj_sizes#gzread.o#min_imp": 0.9537648612945839, 
  "##characteristics#compile#obj_sizes#gzread.o#range": 0, 
  "##characteristics#compile#obj_sizes#gzread.o#range_percent": 0, 
  "##characteristics#compile#obj_sizes#gzread.o#repeats": 1, 
  "##characteristics#compile#obj_sizes#gzwrite.o#all": [
    6944
  ], 
  "##characteristics#compile#obj_sizes#gzwrite.o#all_unique": [
    6944
  ], 
  "##characteristics#compile#obj_sizes#gzwrite.o#center": 6944, 
  "##characteristics#compile#obj_sizes#gzwrite.o#center_imp": 1.478110599078341, 
  "##characteristics#compile#obj_sizes#gzwrite.o#halfrange": 0, 
  "##characteristics#compile#obj_sizes#gzwrite.o#max": 6944, 
  "##characteristics#compile#obj_sizes#gzwrite.o#mean": 6944.0, 
  "##characteristics#compile#obj_sizes#gzwrite.o#mean_imp": 1.478110599078341, 
  "##characteristics#compile#obj_sizes#gzwrite.o#min": 6944, 
  "##characteristics#compile#obj_sizes#gzwrite.o#min_imp": 1.478110599078341, 
  "##characteristics#compile#obj_sizes#gzwrite.o#range": 0, 
  "##characteristics#compile#obj_sizes#gzwrite.o#range_percent": 0, 
  "##characteristics#compile#obj_sizes#gzwrite.o#repeats": 1, 
  "##characteristics#compile#obj_sizes#infback.o#all": [
    9060
  ], 
  "##characteristics#compile#obj_sizes#infback.o#all_unique": [
    9060
  ], 
  "##characteristics#compile#obj_sizes#infback.o#center": 9060, 
  "##characteristics#compile#obj_sizes#infback.o#center_imp": 1.0565121412803533, 
  "##characteristics#compile#obj_sizes#infback.o#halfrange": 0, 
  "##characteristics#compile#obj_sizes#infback.o#max": 9060, 
  "##characteristics#compile#obj_sizes#infback.o#mean": 9060.0, 
  "##characteristics#compile#obj_sizes#infback.o#mean_imp": 1.0565121412803533, 
  "##characteristics#compile#obj_sizes#infback.o#min": 9060, 
  "##characteristics#compile#obj_sizes#infback.o#min_imp": 1.0565121412803533, 
  "##characteristics#compile#obj_sizes#infback.o#range": 0, 
  "##characteristics#compile#obj_sizes#infback.o#range_percent": 0, 
  "##characteristics#compile#obj_sizes#infback.o#repeats": 1, 
  "##characteristics#compile#obj_sizes#inffast.o#all": [
    3748
  ], 
  "##characteristics#compile#obj_sizes#inffast.o#all_unique": [
    3748
  ], 
  "##characteristics#compile#obj_sizes#inffast.o#center": 3748, 
  "##characteristics#compile#obj_sizes#inffast.o#center_imp": 1.0661686232657417, 
  "##characteristics#compile#obj_sizes#inffast.o#halfrange": 0, 
  "##characteristics#compile#obj_sizes#inffast.o#max": 3748, 
  "##characteristics#compile#obj_sizes#inffast.o#mean": 3748.0, 
  "##characteristics#compile#obj_sizes#inffast.o#mean_imp": 1.0661686232657417, 
  "##characteristics#compile#obj_sizes#inffast.o#min": 3748, 
  "##characteristics#compile#obj_sizes#inffast.o#min_imp": 1.0661686232657417, 
  "##characteristics#compile#obj_sizes#inffast.o#range": 0, 
  "##characteristics#compile#obj_sizes#inffast.o#range_percent": 0, 
  "##characteristics#compile#obj_sizes#inffast.o#repeats": 1, 
  "##characteristics#compile#obj_sizes#inflate.o#all": [
    16448
  ], 
  "##characteristics#compile#obj_sizes#inflate.o#all_unique": [
    16448
  ], 
  "##characteristics#compile#obj_sizes#inflate.o#center": 16448, 
  "##characteristics#compile#obj_sizes#inflate.o#center_imp": 1.0189688715953307, 
  "##characteristics#compile#obj_sizes#inflate.o#halfrange": 0, 
  "##characteristics#compile#obj_sizes#inflate.o#max": 16448, 
  "##characteristics#compile#obj_sizes#inflate.o#mean": 16448.0, 
  "##characteristics#compile#obj_sizes#inflate.o#mean_imp": 1.0189688715953307, 
  "##characteristics#compile#obj_sizes#inflate.o#min": 16448, 
  "##characteristics#compile#obj_sizes#inflate.o#min_imp": 1.0189688715953307, 
  "##characteristics#compile#obj_sizes#inflate.o#range": 0, 
  "##characteristics#compile#obj_sizes#inflate.o#range_percent": 0, 
  "##characteristics#compile#obj_sizes#inflate.o#repeats": 1, 
  "##characteristics#compile#obj_sizes#inftrees.o#all": [
    4348
  ], 
  "##characteristics#compile#obj_sizes#inftrees.o#all_unique": [
    4348
  ], 
  "##characteristics#compile#obj_sizes#inftrees.o#center": 4348, 
  "##characteristics#compile#obj_sizes#inftrees.o#center_imp": 1.016559337626495, 
  "##characteristics#compile#obj_sizes#inftrees.o#halfrange": 0, 
  "##characteristics#compile#obj_sizes#inftrees.o#max": 4348, 
  "##characteristics#compile#obj_sizes#inftrees.o#mean": 4348.0, 
  "##characteristics#compile#obj_sizes#inftrees.o#mean_imp": 1.016559337626495, 
  "##characteristics#compile#obj_sizes#inftrees.o#min": 4348, 
  "##characteristics#compile#obj_sizes#inftrees.o#min_imp": 1.016559337626495, 
  "##characteristics#compile#obj_sizes#inftrees.o#range": 0, 
  "##characteristics#compile#obj_sizes#inftrees.o#range_percent": 0, 
  "##characteristics#compile#obj_sizes#inftrees.o#repeats": 1, 
  "##characteristics#compile#obj_sizes#trees.o#all": [
    14460
  ], 
  "##characteristics#compile#obj_sizes#trees.o#all_unique": [
    14460
  ], 
  "##characteristics#compile#obj_sizes#trees.o#center": 14460, 
  "##characteristics#compile#obj_sizes#trees.o#center_imp": 0.9809128630705394, 
  "##characteristics#compile#obj_sizes#trees.o#halfrange": 0, 
  "##characteristics#compile#obj_sizes#trees.o#max": 14460, 
  "##characteristics#compile#obj_sizes#trees.o#mean": 14460.0, 
  "##characteristics#compile#obj_sizes#trees.o#mean_imp": 0.9809128630705394, 
  "##characteristics#compile#obj_sizes#trees.o#min": 14460, 
  "##characteristics#compile#obj_sizes#trees.o#min_imp": 0.9809128630705394, 
  "##characteristics#compile#obj_sizes#trees.o#range": 0, 
  "##characteristics#compile#obj_sizes#trees.o#range_percent": 0, 
  "##characteristics#compile#obj_sizes#trees.o#repeats": 1, 
  "##characteristics#compile#obj_sizes#uncompr.o#all": [
    1260
  ], 
  "##characteristics#compile#obj_sizes#uncompr.o#all_unique": [
    1260
  ], 
  "##characteristics#compile#obj_sizes#uncompr.o#center": 1260, 
  "##characteristics#compile#obj_sizes#uncompr.o#center_imp": 1.0095238095238095, 
  "##characteristics#compile#obj_sizes#uncompr.o#halfrange": 0, 
  "##characteristics#compile#obj_sizes#uncompr.o#max": 1260, 
  "##characteristics#compile#obj_sizes#uncompr.o#mean": 1260.0, 
  "##characteristics#compile#obj_sizes#uncompr.o#mean_imp": 1.0095238095238095, 
  "##characteristics#compile#obj_sizes#uncompr.o#min": 1260, 
  "##characteristics#compile#obj_sizes#uncompr.o#min_imp": 1.0095238095238095, 
  "##characteristics#compile#obj_sizes#uncompr.o#range": 0, 
  "##characteristics#compile#obj_sizes#uncompr.o#range_percent": 0, 
  "##characteristics#compile#obj_sizes#uncompr.o#repeats": 1, 
  "##characteristics#compile#obj_sizes#zutil.o#all": [
    1648
  ], 
  "##characteristics#compile#obj_sizes#zutil.o#all_unique": [
    1648
  ], 
  "##characteristics#compile#obj_sizes#zutil.o#center": 1648, 
  "##characteristics#compile#obj_sizes#zutil.o#center_imp": 1.0, 
  "##characteristics#compile#obj_sizes#zutil.o#halfrange": 0, 
  "##characteristics#compile#obj_sizes#zutil.o#max": 1648, 
  "##characteristics#compile#obj_sizes#zutil.o#mean": 1648.0, 
  "##characteristics#compile#obj_sizes#zutil.o#mean_imp": 1.0, 
  "##characteristics#compile#obj_sizes#zutil.o#min": 1648, 
  "##characteristics#compile#obj_sizes#zutil.o#min_imp": 1.0, 
  "##characteristics#compile#obj_sizes#zutil.o#range": 0, 
  "##characteristics#compile#obj_sizes#zutil.o#range_percent": 0, 
  "##characteristics#compile#obj_sizes#zutil.o#repeats": 1, 
  "##characteristics#compile#program_git_hash#all": [
    "f3b3ffe43b24039767a39c7f85ab4b768684a65b"
  ], 
  "##characteristics#compile#program_git_hash#all_unique": [
    "f3b3ffe43b24039767a39c7f85ab4b768684a65b"
  ], 
  "##characteristics#compile#program_git_hash#min": "f3b3ffe43b24039767a39c7f85ab4b768684a65b", 
  "##characteristics#compile#program_git_hash#min_imp": 0, 
  "##characteristics#compile#program_git_hash#repeats": 1, 
  "##characteristics#run#execution_time#all": [
    0.016040688206785135, 
    0.015986906300484653, 
    0.016231827140549274, 
    0.01612406138933764
  ], 
  "##characteristics#run#execution_time#all_unique": [
    0.016040688206785135, 
    0.015986906300484653, 
    0.016231827140549274, 
    0.01612406138933764
  ], 
  "##characteristics#run#execution_time#center": 0.016109366720516965, 
  "##characteristics#run#execution_time#center_imp": 1.00841351192144, 
  "##characteristics#run#execution_time#halfrange": 0.0001224604200323106, 
  "##characteristics#run#execution_time#max": 0.016231827140549274, 
  "##characteristics#run#execution_time#mean": 0.016095870759289175, 
  "##characteristics#run#execution_time#mean_imp": 1.0096686664637895, 
  "##characteristics#run#execution_time#min": 0.015986906300484653, 
  "##characteristics#run#execution_time#min_imp": 1.0115104293244823, 
  "##characteristics#run#execution_time#range": 0.0002449208400646212, 
  "##characteristics#run#execution_time#range_percent": 0.01532008979480891, 
  "##characteristics#run#execution_time#repeats": 4, 
  "##characteristics#run#execution_time_kernel_0#all": [
    9.929186, 
    9.895895, 
    10.047501, 
    9.980794
  ], 
  "##characteristics#run#execution_time_kernel_0#all_unique": [
    9.929186, 
    9.895895, 
    10.047501, 
    9.980794
  ], 
  "##characteristics#run#execution_time_kernel_0#center": 9.971698, 
  "##characteristics#run#execution_time_kernel_0#center_imp": 1.0084135119214401, 
  "##characteristics#run#execution_time_kernel_0#halfrange": 0.07580300000000051, 
  "##characteristics#run#execution_time_kernel_0#max": 10.047501, 
  "##characteristics#run#execution_time_kernel_0#mean": 9.963344, 
  "##characteristics#run#execution_time_kernel_0#mean_imp": 1.0096686664637897, 
  "##characteristics#run#execution_time_kernel_0#min": 9.895895, 
  "##characteristics#run#execution_time_kernel_0#min_imp": 1.0115104293244825, 
  "##characteristics#run#execution_time_kernel_0#range": 0.15160600000000102, 
  "##characteristics#run#execution_time_kernel_0#range_percent": 0.015320089794808962, 
  "##characteristics#run#execution_time_kernel_0#repeats": 4, 
  "##characteristics#run#execution_time_with_module#all": [
    10.654452085494995, 
    10.620330095291138, 
    11.232182025909424, 
    10.710794925689697
  ], 
  "##characteristics#run#execution_time_with_module#all_unique": [
    10.654452085494995, 
    10.620330095291138, 
    11.232182025909424, 
    10.710794925689697
  ], 
  "##characteristics#run#execution_time_with_module#center": 10.92625606060028, 
  "##characteristics#run#execution_time_with_module#center_imp": 1.204371048864091, 
  "##characteristics#run#execution_time_with_module#halfrange": 0.30592596530914307, 
  "##characteristics#run#execution_time_with_module#max": 11.232182025909424, 
  "##characteristics#run#execution_time_with_module#mean": 10.804439783096313, 
  "##characteristics#run#execution_time_with_module#mean_imp": 1.1084289144242554, 
  "##characteristics#run#execution_time_with_module#min": 10.620330095291138, 
  "##characteristics#run#execution_time_with_module#min_imp": 1.0103555978908738, 
  "##characteristics#run#execution_time_with_module#range": 0.6118519306182861, 
  "##characteristics#run#execution_time_with_module#range_percent": 0.05761138543985278, 
  "##characteristics#run#execution_time_with_module#repeats": 4, 
  "##characteristics#run#repeat#all": [
    619, 
    619, 
    619, 
    619
  ], 
  "##characteristics#run#repeat#all_unique": [
    619
  ], 
  "##characteristics#run#repeat#center": 619, 
  "##characteristics#run#repeat#center_imp": 1.0, 
  "##characteristics#run#repeat#halfrange": 0, 
  "##characteristics#run#repeat#max": 619, 
  "##characteristics#run#repeat#mean": 619.0, 
  "##characteristics#run#repeat#mean_imp": 1.0, 
  "##characteristics#run#repeat#min": 619, 
  "##characteristics#run#repeat#min_imp": 1.0, 
  "##characteristics#run#repeat#range": 0, 
  "##characteristics#run#repeat#range_percent": 0, 
  "##characteristics#run#repeat#repeats": 4, 
  "##characteristics#run#return_code#all": [
    0, 
    0, 
    0, 
    0
  ], 
  "##characteristics#run#return_code#all_unique": [
    0
  ], 
  "##characteristics#run#return_code#center": 0, 
  "##characteristics#run#return_code#halfrange": 0, 
  "##characteristics#run#return_code#max": 0, 
  "##characteristics#run#return_code#mean": 0.0, 
  "##characteristics#run#return_code#min": 0, 
  "##characteristics#run#return_code#min_imp": 1, 
  "##characteristics#run#return_code#range": 0, 
  "##characteristics#run#return_code#repeats": 4, 
  "##characteristics#run#run_success#all": [
    "yes", 
    "yes", 
    "yes", 
    "yes"
  ], 
  "##characteristics#run#run_success#all_unique": [
    "yes"
  ], 
  "##characteristics#run#run_success#min": "yes", 
  "##characteristics#run#run_success#min_imp": 1, 
  "##characteristics#run#run_success#repeats": 4, 
  "##characteristics#run#run_success_bool#all": [
    true, 
    true, 
    true, 
    true
  ], 
  "##characteristics#run#run_success_bool#all_unique": [
    true
  ], 
  "##characteristics#run#run_success_bool#min": true, 
  "##characteristics#run#run_success_bool#min_imp": 1, 
  "##characteristics#run#run_success_bool#repeats": 4, 
  "##characteristics#run#total_execution_time#all": [
    9.929186, 
    9.895895, 
    10.047501, 
    9.980794
  ], 
  "##characteristics#run#total_execution_time#all_unique": [
    9.929186, 
    9.895895, 
    10.047501, 
    9.980794
  ], 
  "##characteristics#run#total_execution_time#center": 9.971698, 
  "##characteristics#run#total_execution_time#center_imp": 1.0084135119214401, 
  "##characteristics#run#total_execution_time#halfrange": 0.07580300000000051, 
  "##characteristics#run#total_execution_time#max": 10.047501, 
  "##characteristics#run#total_execution_time#mean": 9.963344, 
  "##characteristics#run#total_execution_time#mean_imp": 1.0096686664637897, 
  "##characteristics#run#total_execution_time#min": 9.895895, 
  "##characteristics#run#total_execution_time#min_imp": 1.0115104293244825, 
  "##characteristics#run#total_execution_time#range": 0.15160600000000102, 
  "##characteristics#run#total_execution_time#range_percent": 0.015320089794808962, 
  "##characteristics#run#total_execution_time#repeats": 4
}
