{
  "##characteristics#compile#binary_size#all": [
    101348
  ], 
  "##characteristics#compile#binary_size#all_unique": [
    101348
  ], 
  "##characteristics#compile#binary_size#center": 101348, 
  "##characteristics#compile#binary_size#center_imp": 0.9942771440975648, 
  "##characteristics#compile#binary_size#halfrange": 0, 
  "##characteristics#compile#binary_size#max": 101348, 
  "##characteristics#compile#binary_size#mean": 101348.0, 
  "##characteristics#compile#binary_size#mean_imp": 0.9942771440975648, 
  "##characteristics#compile#binary_size#min": 101348, 
  "##characteristics#compile#binary_size#min_imp": 0.9942771440975648, 
  "##characteristics#compile#binary_size#range": 0, 
  "##characteristics#compile#binary_size#range_percent": 0, 
  "##characteristics#compile#binary_size#repeats": 1, 
  "##characteristics#compile#compilation_success#all": [
    "yes"
  ], 
  "##characteristics#compile#compilation_success#all_unique": [
    "yes"
  ], 
  "##characteristics#compile#compilation_success#min": "yes", 
  "##characteristics#compile#compilation_success#min_imp": 0, 
  "##characteristics#compile#compilation_success#repeats": 1, 
  "##characteristics#compile#compilation_success_bool#all": [
    true
  ], 
  "##characteristics#compile#compilation_success_bool#all_unique": [
    true
  ], 
  "##characteristics#compile#compilation_success_bool#min": true, 
  "##characteristics#compile#compilation_success_bool#min_imp": 0, 
  "##characteristics#compile#compilation_success_bool#repeats": 1, 
  "##characteristics#compile#compilation_time#all": [
    101.31654500961304
  ], 
  "##characteristics#compile#compilation_time#all_unique": [
    101.31654500961304
  ], 
  "##characteristics#compile#compilation_time#center": 101.31654500961304, 
  "##characteristics#compile#compilation_time#center_imp": 1.061951481200047, 
  "##characteristics#compile#compilation_time#halfrange": 0.0, 
  "##characteristics#compile#compilation_time#max": 101.31654500961304, 
  "##characteristics#compile#compilation_time#mean": 101.31654500961304, 
  "##characteristics#compile#compilation_time#mean_imp": 1.061951481200047, 
  "##characteristics#compile#compilation_time#min": 101.31654500961304, 
  "##characteristics#compile#compilation_time#min_imp": 1.061951481200047, 
  "##characteristics#compile#compilation_time#range": 0.0, 
  "##characteristics#compile#compilation_time#range_percent": 0.0, 
  "##characteristics#compile#compilation_time#repeats": 1, 
  "##characteristics#compile#compilation_time_with_module#all": [
    106.26062893867493
  ], 
  "##characteristics#compile#compilation_time_with_module#all_unique": [
    106.26062893867493
  ], 
  "##characteristics#compile#compilation_time_with_module#center": 106.26062893867493, 
  "##characteristics#compile#compilation_time_with_module#center_imp": 1.0578713025249304, 
  "##characteristics#compile#compilation_time_with_module#halfrange": 0.0, 
  "##characteristics#compile#compilation_time_with_module#max": 106.26062893867493, 
  "##characteristics#compile#compilation_time_with_module#mean": 106.26062893867493, 
  "##characteristics#compile#compilation_time_with_module#mean_imp": 1.0578713025249304, 
  "##characteristics#compile#compilation_time_with_module#min": 106.26062893867493, 
  "##characteristics#compile#compilation_time_with_module#min_imp": 1.0578713025249304, 
  "##characteristics#compile#compilation_time_with_module#range": 0.0, 
  "##characteristics#compile#compilation_time_with_module#range_percent": 0.0, 
  "##characteristics#compile#compilation_time_with_module#repeats": 1, 
  "##characteristics#compile#joined_compiler_flags#all": [
    "-O3 -fexcess-precision=fast -ffp-contract=on -fno-function-cse -fno-function-sections -fhoist-adjacent-loads -fisolate-erroneous-paths-attribute -fivopts -fno-ree -fsingle-precision-constant -fno-toplevel-reorder -ftree-bit-ccp -fno-tree-copy-prop -fno-tree-dce -fno-tree-loop-distribution -ftree-loop-ivcanon -ftree-loop-optimize -fno-use-linker-plugin -fno-whole-program"
  ], 
  "##characteristics#compile#joined_compiler_flags#all_unique": [
    "-O3 -fexcess-precision=fast -ffp-contract=on -fno-function-cse -fno-function-sections -fhoist-adjacent-loads -fisolate-erroneous-paths-attribute -fivopts -fno-ree -fsingle-precision-constant -fno-toplevel-reorder -ftree-bit-ccp -fno-tree-copy-prop -fno-tree-dce -fno-tree-loop-distribution -ftree-loop-ivcanon -ftree-loop-optimize -fno-use-linker-plugin -fno-whole-program"
  ], 
  "##characteristics#compile#joined_compiler_flags#min": "-O3 -fexcess-precision=fast -ffp-contract=on -fno-function-cse -fno-function-sections -fhoist-adjacent-loads -fisolate-erroneous-paths-attribute -fivopts -fno-ree -fsingle-precision-constant -fno-toplevel-reorder -ftree-bit-ccp -fno-tree-copy-prop -fno-tree-dce -fno-tree-loop-distribution -ftree-loop-ivcanon -ftree-loop-optimize -fno-use-linker-plugin -fno-whole-program", 
  "##characteristics#compile#joined_compiler_flags#min_imp": 0, 
  "##characteristics#compile#joined_compiler_flags#repeats": 1, 
  "##characteristics#compile#md5_sum#all": [
    "6e06aa828432e8a13ae1426090b18630"
  ], 
  "##characteristics#compile#md5_sum#all_unique": [
    "6e06aa828432e8a13ae1426090b18630"
  ], 
  "##characteristics#compile#md5_sum#min": "6e06aa828432e8a13ae1426090b18630", 
  "##characteristics#compile#md5_sum#min_imp": 0, 
  "##characteristics#compile#md5_sum#repeats": 1, 
  "##characteristics#compile#obj_size#all": [
    114700
  ], 
  "##characteristics#compile#obj_size#all_unique": [
    114700
  ], 
  "##characteristics#compile#obj_size#center": 114700, 
  "##characteristics#compile#obj_size#center_imp": 0.9943156059285092, 
  "##characteristics#compile#obj_size#halfrange": 0, 
  "##characteristics#compile#obj_size#max": 114700, 
  "##characteristics#compile#obj_size#mean": 114700.0, 
  "##characteristics#compile#obj_size#mean_imp": 0.9943156059285092, 
  "##characteristics#compile#obj_size#min": 114700, 
  "##characteristics#compile#obj_size#min_imp": 0.9943156059285092, 
  "##characteristics#compile#obj_size#range": 0, 
  "##characteristics#compile#obj_size#range_percent": 0, 
  "##characteristics#compile#obj_size#repeats": 1, 
  "##characteristics#compile#obj_sizes#adler32.o#all": [
    2424
  ], 
  "##characteristics#compile#obj_sizes#adler32.o#all_unique": [
    2424
  ], 
  "##characteristics#compile#obj_sizes#adler32.o#center": 2424, 
  "##characteristics#compile#obj_sizes#adler32.o#center_imp": 1.0, 
  "##characteristics#compile#obj_sizes#adler32.o#halfrange": 0, 
  "##characteristics#compile#obj_sizes#adler32.o#max": 2424, 
  "##characteristics#compile#obj_sizes#adler32.o#mean": 2424.0, 
  "##characteristics#compile#obj_sizes#adler32.o#mean_imp": 1.0, 
  "##characteristics#compile#obj_sizes#adler32.o#min": 2424, 
  "##characteristics#compile#obj_sizes#adler32.o#min_imp": 1.0, 
  "##characteristics#compile#obj_sizes#adler32.o#range": 0, 
  "##characteristics#compile#obj_sizes#adler32.o#range_percent": 0, 
  "##characteristics#compile#obj_sizes#adler32.o#repeats": 1, 
  "##characteristics#compile#obj_sizes#compress.o#all": [
    1568
  ], 
  "##characteristics#compile#obj_sizes#compress.o#all_unique": [
    1568
  ], 
  "##characteristics#compile#obj_sizes#compress.o#center": 1568, 
  "##characteristics#compile#obj_sizes#compress.o#center_imp": 1.0, 
  "##characteristics#compile#obj_sizes#compress.o#halfrange": 0, 
  "##characteristics#compile#obj_sizes#compress.o#max": 1568, 
  "##characteristics#compile#obj_sizes#compress.o#mean": 1568.0, 
  "##characteristics#compile#obj_sizes#compress.o#mean_imp": 1.0, 
  "##characteristics#compile#obj_sizes#compress.o#min": 1568, 
  "##characteristics#compile#obj_sizes#compress.o#min_imp": 1.0, 
  "##characteristics#compile#obj_sizes#compress.o#range": 0, 
  "##characteristics#compile#obj_sizes#compress.o#range_percent": 0, 
  "##characteristics#compile#obj_sizes#compress.o#repeats": 1, 
  "##characteristics#compile#obj_sizes#crc32.o#all": [
    10876
  ], 
  "##characteristics#compile#obj_sizes#crc32.o#all_unique": [
    10876
  ], 
  "##characteristics#compile#obj_sizes#crc32.o#center": 10876, 
  "##characteristics#compile#obj_sizes#crc32.o#center_imp": 1.0, 
  "##characteristics#compile#obj_sizes#crc32.o#halfrange": 0, 
  "##characteristics#compile#obj_sizes#crc32.o#max": 10876, 
  "##characteristics#compile#obj_sizes#crc32.o#mean": 10876.0, 
  "##characteristics#compile#obj_sizes#crc32.o#mean_imp": 1.0, 
  "##characteristics#compile#obj_sizes#crc32.o#min": 10876, 
  "##characteristics#compile#obj_sizes#crc32.o#min_imp": 1.0, 
  "##characteristics#compile#obj_sizes#crc32.o#range": 0, 
  "##characteristics#compile#obj_sizes#crc32.o#range_percent": 0, 
  "##characteristics#compile#obj_sizes#crc32.o#repeats": 1, 
  "##characteristics#compile#obj_sizes#ctuning-rtl.o#all": [
    3836
  ], 
  "##characteristics#compile#obj_sizes#ctuning-rtl.o#all_unique": [
    3836
  ], 
  "##characteristics#compile#obj_sizes#ctuning-rtl.o#center": 3836, 
  "##characteristics#compile#obj_sizes#ctuning-rtl.o#center_imp": 1.0, 
  "##characteristics#compile#obj_sizes#ctuning-rtl.o#halfrange": 0, 
  "##characteristics#compile#obj_sizes#ctuning-rtl.o#max": 3836, 
  "##characteristics#compile#obj_sizes#ctuning-rtl.o#mean": 3836.0, 
  "##characteristics#compile#obj_sizes#ctuning-rtl.o#mean_imp": 1.0, 
  "##characteristics#compile#obj_sizes#ctuning-rtl.o#min": 3836, 
  "##characteristics#compile#obj_sizes#ctuning-rtl.o#min_imp": 1.0, 
  "##characteristics#compile#obj_sizes#ctuning-rtl.o#range": 0, 
  "##characteristics#compile#obj_sizes#ctuning-rtl.o#range_percent": 0, 
  "##characteristics#compile#obj_sizes#ctuning-rtl.o#repeats": 1, 
  "##characteristics#compile#obj_sizes#deflate.o#all": [
    20236
  ], 
  "##characteristics#compile#obj_sizes#deflate.o#all_unique": [
    20236
  ], 
  "##characteristics#compile#obj_sizes#deflate.o#center": 20236, 
  "##characteristics#compile#obj_sizes#deflate.o#center_imp": 0.9968373196283851, 
  "##characteristics#compile#obj_sizes#deflate.o#halfrange": 0, 
  "##characteristics#compile#obj_sizes#deflate.o#max": 20236, 
  "##characteristics#compile#obj_sizes#deflate.o#mean": 20236.0, 
  "##characteristics#compile#obj_sizes#deflate.o#mean_imp": 0.9968373196283851, 
  "##characteristics#compile#obj_sizes#deflate.o#min": 20236, 
  "##characteristics#compile#obj_sizes#deflate.o#min_imp": 0.9968373196283851, 
  "##characteristics#compile#obj_sizes#deflate.o#range": 0, 
  "##characteristics#compile#obj_sizes#deflate.o#range_percent": 0, 
  "##characteristics#compile#obj_sizes#deflate.o#repeats": 1, 
  "##characteristics#compile#obj_sizes#gzclose.o#all": [
    980
  ], 
  "##characteristics#compile#obj_sizes#gzclose.o#all_unique": [
    980
  ], 
  "##characteristics#compile#obj_sizes#gzclose.o#center": 980, 
  "##characteristics#compile#obj_sizes#gzclose.o#center_imp": 1.0, 
  "##characteristics#compile#obj_sizes#gzclose.o#halfrange": 0, 
  "##characteristics#compile#obj_sizes#gzclose.o#max": 980, 
  "##characteristics#compile#obj_sizes#gzclose.o#mean": 980.0, 
  "##characteristics#compile#obj_sizes#gzclose.o#mean_imp": 1.0, 
  "##characteristics#compile#obj_sizes#gzclose.o#min": 980, 
  "##characteristics#compile#obj_sizes#gzclose.o#min_imp": 1.0, 
  "##characteristics#compile#obj_sizes#gzclose.o#range": 0, 
  "##characteristics#compile#obj_sizes#gzclose.o#range_percent": 0, 
  "##characteristics#compile#obj_sizes#gzclose.o#repeats": 1, 
  "##characteristics#compile#obj_sizes#gzlib.o#all": [
    6360
  ], 
  "##characteristics#compile#obj_sizes#gzlib.o#all_unique": [
    6360
  ], 
  "##characteristics#compile#obj_sizes#gzlib.o#center": 6360, 
  "##characteristics#compile#obj_sizes#gzlib.o#center_imp": 0.9905660377358491, 
  "##characteristics#compile#obj_sizes#gzlib.o#halfrange": 0, 
  "##characteristics#compile#obj_sizes#gzlib.o#max": 6360, 
  "##characteristics#compile#obj_sizes#gzlib.o#mean": 6360.0, 
  "##characteristics#compile#obj_sizes#gzlib.o#mean_imp": 0.9905660377358491, 
  "##characteristics#compile#obj_sizes#gzlib.o#min": 6360, 
  "##characteristics#compile#obj_sizes#gzlib.o#min_imp": 0.9905660377358491, 
  "##characteristics#compile#obj_sizes#gzlib.o#range": 0, 
  "##characteristics#compile#obj_sizes#gzlib.o#range_percent": 0, 
  "##characteristics#compile#obj_sizes#gzlib.o#repeats": 1, 
  "##characteristics#compile#obj_sizes#gzread.o#all": [
    5920
  ], 
  "##characteristics#compile#obj_sizes#gzread.o#all_unique": [
    5920
  ], 
  "##characteristics#compile#obj_sizes#gzread.o#center": 5920, 
  "##characteristics#compile#obj_sizes#gzread.o#center_imp": 0.9756756756756757, 
  "##characteristics#compile#obj_sizes#gzread.o#halfrange": 0, 
  "##characteristics#compile#obj_sizes#gzread.o#max": 5920, 
  "##characteristics#compile#obj_sizes#gzread.o#mean": 5920.0, 
  "##characteristics#compile#obj_sizes#gzread.o#mean_imp": 0.9756756756756757, 
  "##characteristics#compile#obj_sizes#gzread.o#min": 5920, 
  "##characteristics#compile#obj_sizes#gzread.o#min_imp": 0.9756756756756757, 
  "##characteristics#compile#obj_sizes#gzread.o#range": 0, 
  "##characteristics#compile#obj_sizes#gzread.o#range_percent": 0, 
  "##characteristics#compile#obj_sizes#gzread.o#repeats": 1, 
  "##characteristics#compile#obj_sizes#gzwrite.o#all": [
    9660
  ], 
  "##characteristics#compile#obj_sizes#gzwrite.o#all_unique": [
    9660
  ], 
  "##characteristics#compile#obj_sizes#gzwrite.o#center": 9660, 
  "##characteristics#compile#obj_sizes#gzwrite.o#center_imp": 1.0625258799171842, 
  "##characteristics#compile#obj_sizes#gzwrite.o#halfrange": 0, 
  "##characteristics#compile#obj_sizes#gzwrite.o#max": 9660, 
  "##characteristics#compile#obj_sizes#gzwrite.o#mean": 9660.0, 
  "##characteristics#compile#obj_sizes#gzwrite.o#mean_imp": 1.0625258799171842, 
  "##characteristics#compile#obj_sizes#gzwrite.o#min": 9660, 
  "##characteristics#compile#obj_sizes#gzwrite.o#min_imp": 1.0625258799171842, 
  "##characteristics#compile#obj_sizes#gzwrite.o#range": 0, 
  "##characteristics#compile#obj_sizes#gzwrite.o#range_percent": 0, 
  "##characteristics#compile#obj_sizes#gzwrite.o#repeats": 1, 
  "##characteristics#compile#obj_sizes#infback.o#all": [
    9696
  ], 
  "##characteristics#compile#obj_sizes#infback.o#all_unique": [
    9696
  ], 
  "##characteristics#compile#obj_sizes#infback.o#center": 9696, 
  "##characteristics#compile#obj_sizes#infback.o#center_imp": 0.9872112211221122, 
  "##characteristics#compile#obj_sizes#infback.o#halfrange": 0, 
  "##characteristics#compile#obj_sizes#infback.o#max": 9696, 
  "##characteristics#compile#obj_sizes#infback.o#mean": 9696.0, 
  "##characteristics#compile#obj_sizes#infback.o#mean_imp": 0.9872112211221122, 
  "##characteristics#compile#obj_sizes#infback.o#min": 9696, 
  "##characteristics#compile#obj_sizes#infback.o#min_imp": 0.9872112211221122, 
  "##characteristics#compile#obj_sizes#infback.o#range": 0, 
  "##characteristics#compile#obj_sizes#infback.o#range_percent": 0, 
  "##characteristics#compile#obj_sizes#infback.o#repeats": 1, 
  "##characteristics#compile#obj_sizes#inffast.o#all": [
    4208
  ], 
  "##characteristics#compile#obj_sizes#inffast.o#all_unique": [
    4208
  ], 
  "##characteristics#compile#obj_sizes#inffast.o#center": 4208, 
  "##characteristics#compile#obj_sizes#inffast.o#center_imp": 0.9496197718631179, 
  "##characteristics#compile#obj_sizes#inffast.o#halfrange": 0, 
  "##characteristics#compile#obj_sizes#inffast.o#max": 4208, 
  "##characteristics#compile#obj_sizes#inffast.o#mean": 4208.0, 
  "##characteristics#compile#obj_sizes#inffast.o#mean_imp": 0.9496197718631179, 
  "##characteristics#compile#obj_sizes#inffast.o#min": 4208, 
  "##characteristics#compile#obj_sizes#inffast.o#min_imp": 0.9496197718631179, 
  "##characteristics#compile#obj_sizes#inffast.o#range": 0, 
  "##characteristics#compile#obj_sizes#inffast.o#range_percent": 0, 
  "##characteristics#compile#obj_sizes#inffast.o#repeats": 1, 
  "##characteristics#compile#obj_sizes#inflate.o#all": [
    17280
  ], 
  "##characteristics#compile#obj_sizes#inflate.o#all_unique": [
    17280
  ], 
  "##characteristics#compile#obj_sizes#inflate.o#center": 17280, 
  "##characteristics#compile#obj_sizes#inflate.o#center_imp": 0.9699074074074074, 
  "##characteristics#compile#obj_sizes#inflate.o#halfrange": 0, 
  "##characteristics#compile#obj_sizes#inflate.o#max": 17280, 
  "##characteristics#compile#obj_sizes#inflate.o#mean": 17280.0, 
  "##characteristics#compile#obj_sizes#inflate.o#mean_imp": 0.9699074074074074, 
  "##characteristics#compile#obj_sizes#inflate.o#min": 17280, 
  "##characteristics#compile#obj_sizes#inflate.o#min_imp": 0.9699074074074074, 
  "##characteristics#compile#obj_sizes#inflate.o#range": 0, 
  "##characteristics#compile#obj_sizes#inflate.o#range_percent": 0, 
  "##characteristics#compile#obj_sizes#inflate.o#repeats": 1, 
  "##characteristics#compile#obj_sizes#inftrees.o#all": [
    4464
  ], 
  "##characteristics#compile#obj_sizes#inftrees.o#all_unique": [
    4464
  ], 
  "##characteristics#compile#obj_sizes#inftrees.o#center": 4464, 
  "##characteristics#compile#obj_sizes#inftrees.o#center_imp": 0.9901433691756273, 
  "##characteristics#compile#obj_sizes#inftrees.o#halfrange": 0, 
  "##characteristics#compile#obj_sizes#inftrees.o#max": 4464, 
  "##characteristics#compile#obj_sizes#inftrees.o#mean": 4464.0, 
  "##characteristics#compile#obj_sizes#inftrees.o#mean_imp": 0.9901433691756273, 
  "##characteristics#compile#obj_sizes#inftrees.o#min": 4464, 
  "##characteristics#compile#obj_sizes#inftrees.o#min_imp": 0.9901433691756273, 
  "##characteristics#compile#obj_sizes#inftrees.o#range": 0, 
  "##characteristics#compile#obj_sizes#inftrees.o#range_percent": 0, 
  "##characteristics#compile#obj_sizes#inftrees.o#repeats": 1, 
  "##characteristics#compile#obj_sizes#trees.o#all": [
    14272
  ], 
  "##characteristics#compile#obj_sizes#trees.o#all_unique": [
    14272
  ], 
  "##characteristics#compile#obj_sizes#trees.o#center": 14272, 
  "##characteristics#compile#obj_sizes#trees.o#center_imp": 0.9938340807174888, 
  "##characteristics#compile#obj_sizes#trees.o#halfrange": 0, 
  "##characteristics#compile#obj_sizes#trees.o#max": 14272, 
  "##characteristics#compile#obj_sizes#trees.o#mean": 14272.0, 
  "##characteristics#compile#obj_sizes#trees.o#mean_imp": 0.9938340807174888, 
  "##characteristics#compile#obj_sizes#trees.o#min": 14272, 
  "##characteristics#compile#obj_sizes#trees.o#min_imp": 0.9938340807174888, 
  "##characteristics#compile#obj_sizes#trees.o#range": 0, 
  "##characteristics#compile#obj_sizes#trees.o#range_percent": 0, 
  "##characteristics#compile#obj_sizes#trees.o#repeats": 1, 
  "##characteristics#compile#obj_sizes#uncompr.o#all": [
    1272
  ], 
  "##characteristics#compile#obj_sizes#uncompr.o#all_unique": [
    1272
  ], 
  "##characteristics#compile#obj_sizes#uncompr.o#center": 1272, 
  "##characteristics#compile#obj_sizes#uncompr.o#center_imp": 1.0, 
  "##characteristics#compile#obj_sizes#uncompr.o#halfrange": 0, 
  "##characteristics#compile#obj_sizes#uncompr.o#max": 1272, 
  "##characteristics#compile#obj_sizes#uncompr.o#mean": 1272.0, 
  "##characteristics#compile#obj_sizes#uncompr.o#mean_imp": 1.0, 
  "##characteristics#compile#obj_sizes#uncompr.o#min": 1272, 
  "##characteristics#compile#obj_sizes#uncompr.o#min_imp": 1.0, 
  "##characteristics#compile#obj_sizes#uncompr.o#range": 0, 
  "##characteristics#compile#obj_sizes#uncompr.o#range_percent": 0, 
  "##characteristics#compile#obj_sizes#uncompr.o#repeats": 1, 
  "##characteristics#compile#obj_sizes#zutil.o#all": [
    1648
  ], 
  "##characteristics#compile#obj_sizes#zutil.o#all_unique": [
    1648
  ], 
  "##characteristics#compile#obj_sizes#zutil.o#center": 1648, 
  "##characteristics#compile#obj_sizes#zutil.o#center_imp": 1.0, 
  "##characteristics#compile#obj_sizes#zutil.o#halfrange": 0, 
  "##characteristics#compile#obj_sizes#zutil.o#max": 1648, 
  "##characteristics#compile#obj_sizes#zutil.o#mean": 1648.0, 
  "##characteristics#compile#obj_sizes#zutil.o#mean_imp": 1.0, 
  "##characteristics#compile#obj_sizes#zutil.o#min": 1648, 
  "##characteristics#compile#obj_sizes#zutil.o#min_imp": 1.0, 
  "##characteristics#compile#obj_sizes#zutil.o#range": 0, 
  "##characteristics#compile#obj_sizes#zutil.o#range_percent": 0, 
  "##characteristics#compile#obj_sizes#zutil.o#repeats": 1, 
  "##characteristics#compile#program_git_hash#all": [
    "f3b3ffe43b24039767a39c7f85ab4b768684a65b"
  ], 
  "##characteristics#compile#program_git_hash#all_unique": [
    "f3b3ffe43b24039767a39c7f85ab4b768684a65b"
  ], 
  "##characteristics#compile#program_git_hash#min": "f3b3ffe43b24039767a39c7f85ab4b768684a65b", 
  "##characteristics#compile#program_git_hash#min_imp": 0, 
  "##characteristics#compile#program_git_hash#repeats": 1, 
  "##characteristics#run#execution_time#all": [
    0.01716514701130856, 
    0.017209061389337643, 
    0.016993995153473343, 
    0.01702706138933764
  ], 
  "##characteristics#run#execution_time#all_unique": [
    0.01716514701130856, 
    0.017209061389337643, 
    0.016993995153473343, 
    0.01702706138933764
  ], 
  "##characteristics#run#execution_time#center": 0.017101528271405493, 
  "##characteristics#run#execution_time#center_imp": 0.9499094356747679, 
  "##characteristics#run#execution_time#halfrange": 0.00010753311793215009, 
  "##characteristics#run#execution_time#max": 0.017209061389337643, 
  "##characteristics#run#execution_time#mean": 0.017098816235864296, 
  "##characteristics#run#execution_time#mean_imp": 0.9504456999203219, 
  "##characteristics#run#execution_time#min": 0.016993995153473343, 
  "##characteristics#run#execution_time#min_imp": 0.9515668510867137, 
  "##characteristics#run#execution_time#range": 0.00021506623586430018, 
  "##characteristics#run#execution_time#range_percent": 0.01265542527946076, 
  "##characteristics#run#execution_time#repeats": 4, 
  "##characteristics#run#execution_time_kernel_0#all": [
    10.625226, 
    10.652409, 
    10.519283, 
    10.539751
  ], 
  "##characteristics#run#execution_time_kernel_0#all_unique": [
    10.625226, 
    10.652409, 
    10.519283, 
    10.539751
  ], 
  "##characteristics#run#execution_time_kernel_0#center": 10.585846, 
  "##characteristics#run#execution_time_kernel_0#center_imp": 0.949909435674768, 
  "##characteristics#run#execution_time_kernel_0#halfrange": 0.06656300000000037, 
  "##characteristics#run#execution_time_kernel_0#max": 10.652409, 
  "##characteristics#run#execution_time_kernel_0#mean": 10.58416725, 
  "##characteristics#run#execution_time_kernel_0#mean_imp": 0.9504456999203219, 
  "##characteristics#run#execution_time_kernel_0#min": 10.519283, 
  "##characteristics#run#execution_time_kernel_0#min_imp": 0.9515668510867138, 
  "##characteristics#run#execution_time_kernel_0#range": 0.13312600000000074, 
  "##characteristics#run#execution_time_kernel_0#range_percent": 0.012655425279460657, 
  "##characteristics#run#execution_time_kernel_0#repeats": 4, 
  "##characteristics#run#execution_time_with_module#all": [
    11.35712194442749, 
    13.634593963623047, 
    11.248034954071045, 
    11.263856887817383
  ], 
  "##characteristics#run#execution_time_with_module#all_unique": [
    11.35712194442749, 
    13.634593963623047, 
    11.248034954071045, 
    11.263856887817383
  ], 
  "##characteristics#run#execution_time_with_module#center": 12.441314458847046, 
  "##characteristics#run#execution_time_with_module#center_imp": 1.0577070867704987, 
  "##characteristics#run#execution_time_with_module#halfrange": 1.193279504776001, 
  "##characteristics#run#execution_time_with_module#max": 13.634593963623047, 
  "##characteristics#run#execution_time_with_module#mean": 11.875901937484741, 
  "##characteristics#run#execution_time_with_module#mean_imp": 1.0084247514657514, 
  "##characteristics#run#execution_time_with_module#min": 11.248034954071045, 
  "##characteristics#run#execution_time_with_module#min_imp": 0.9539719610617546, 
  "##characteristics#run#execution_time_with_module#range": 2.386559009552002, 
  "##characteristics#run#execution_time_with_module#range_percent": 0.21217563950476748, 
  "##characteristics#run#execution_time_with_module#repeats": 4, 
  "##characteristics#run#repeat#all": [
    619, 
    619, 
    619, 
    619
  ], 
  "##characteristics#run#repeat#all_unique": [
    619
  ], 
  "##characteristics#run#repeat#center": 619, 
  "##characteristics#run#repeat#center_imp": 1.0, 
  "##characteristics#run#repeat#halfrange": 0, 
  "##characteristics#run#repeat#max": 619, 
  "##characteristics#run#repeat#mean": 619.0, 
  "##characteristics#run#repeat#mean_imp": 1.0, 
  "##characteristics#run#repeat#min": 619, 
  "##characteristics#run#repeat#min_imp": 1.0, 
  "##characteristics#run#repeat#range": 0, 
  "##characteristics#run#repeat#range_percent": 0, 
  "##characteristics#run#repeat#repeats": 4, 
  "##characteristics#run#return_code#all": [
    0, 
    0, 
    0, 
    0
  ], 
  "##characteristics#run#return_code#all_unique": [
    0
  ], 
  "##characteristics#run#return_code#center": 0, 
  "##characteristics#run#return_code#halfrange": 0, 
  "##characteristics#run#return_code#max": 0, 
  "##characteristics#run#return_code#mean": 0.0, 
  "##characteristics#run#return_code#min": 0, 
  "##characteristics#run#return_code#min_imp": 1, 
  "##characteristics#run#return_code#range": 0, 
  "##characteristics#run#return_code#repeats": 4, 
  "##characteristics#run#run_success#all": [
    "yes", 
    "yes", 
    "yes", 
    "yes"
  ], 
  "##characteristics#run#run_success#all_unique": [
    "yes"
  ], 
  "##characteristics#run#run_success#min": "yes", 
  "##characteristics#run#run_success#min_imp": 1, 
  "##characteristics#run#run_success#repeats": 4, 
  "##characteristics#run#run_success_bool#all": [
    true, 
    true, 
    true, 
    true
  ], 
  "##characteristics#run#run_success_bool#all_unique": [
    true
  ], 
  "##characteristics#run#run_success_bool#min": true, 
  "##characteristics#run#run_success_bool#min_imp": 1, 
  "##characteristics#run#run_success_bool#repeats": 4, 
  "##characteristics#run#total_execution_time#all": [
    10.625226, 
    10.652409, 
    10.519283, 
    10.539751
  ], 
  "##characteristics#run#total_execution_time#all_unique": [
    10.625226, 
    10.652409, 
    10.519283, 
    10.539751
  ], 
  "##characteristics#run#total_execution_time#center": 10.585846, 
  "##characteristics#run#total_execution_time#center_imp": 0.949909435674768, 
  "##characteristics#run#total_execution_time#halfrange": 0.06656300000000037, 
  "##characteristics#run#total_execution_time#max": 10.652409, 
  "##characteristics#run#total_execution_time#mean": 10.58416725, 
  "##characteristics#run#total_execution_time#mean_imp": 0.9504456999203219, 
  "##characteristics#run#total_execution_time#min": 10.519283, 
  "##characteristics#run#total_execution_time#min_imp": 0.9515668510867138, 
  "##characteristics#run#total_execution_time#range": 0.13312600000000074, 
  "##characteristics#run#total_execution_time#range_percent": 0.012655425279460657, 
  "##characteristics#run#total_execution_time#repeats": 4
}
