{
  "##characteristics#compile#binary_size#all": [
    100860
  ], 
  "##characteristics#compile#binary_size#all_unique": [
    100860
  ], 
  "##characteristics#compile#binary_size#center": 100860, 
  "##characteristics#compile#binary_size#center_imp": 0.999087844536982, 
  "##characteristics#compile#binary_size#halfrange": 0, 
  "##characteristics#compile#binary_size#max": 100860, 
  "##characteristics#compile#binary_size#mean": 100860.0, 
  "##characteristics#compile#binary_size#mean_imp": 0.999087844536982, 
  "##characteristics#compile#binary_size#min": 100860, 
  "##characteristics#compile#binary_size#min_imp": 0.999087844536982, 
  "##characteristics#compile#binary_size#range": 0, 
  "##characteristics#compile#binary_size#range_percent": 0, 
  "##characteristics#compile#binary_size#repeats": 1, 
  "##characteristics#compile#compilation_success#all": [
    "yes"
  ], 
  "##characteristics#compile#compilation_success#all_unique": [
    "yes"
  ], 
  "##characteristics#compile#compilation_success#min": "yes", 
  "##characteristics#compile#compilation_success#min_imp": 0, 
  "##characteristics#compile#compilation_success#repeats": 1, 
  "##characteristics#compile#compilation_success_bool#all": [
    true
  ], 
  "##characteristics#compile#compilation_success_bool#all_unique": [
    true
  ], 
  "##characteristics#compile#compilation_success_bool#min": true, 
  "##characteristics#compile#compilation_success_bool#min_imp": 0, 
  "##characteristics#compile#compilation_success_bool#repeats": 1, 
  "##characteristics#compile#compilation_time#all": [
    102.43374419212341
  ], 
  "##characteristics#compile#compilation_time#all_unique": [
    102.43374419212341
  ], 
  "##characteristics#compile#compilation_time#center": 102.43374419212341, 
  "##characteristics#compile#compilation_time#center_imp": 1.0503692498170256, 
  "##characteristics#compile#compilation_time#halfrange": 0.0, 
  "##characteristics#compile#compilation_time#max": 102.43374419212341, 
  "##characteristics#compile#compilation_time#mean": 102.43374419212341, 
  "##characteristics#compile#compilation_time#mean_imp": 1.0503692498170256, 
  "##characteristics#compile#compilation_time#min": 102.43374419212341, 
  "##characteristics#compile#compilation_time#min_imp": 1.0503692498170256, 
  "##characteristics#compile#compilation_time#range": 0.0, 
  "##characteristics#compile#compilation_time#range_percent": 0.0, 
  "##characteristics#compile#compilation_time#repeats": 1, 
  "##characteristics#compile#compilation_time_with_module#all": [
    113.71101808547974
  ], 
  "##characteristics#compile#compilation_time_with_module#all_unique": [
    113.71101808547974
  ], 
  "##characteristics#compile#compilation_time_with_module#center": 113.71101808547974, 
  "##characteristics#compile#compilation_time_with_module#center_imp": 0.9885591724978893, 
  "##characteristics#compile#compilation_time_with_module#halfrange": 0.0, 
  "##characteristics#compile#compilation_time_with_module#max": 113.71101808547974, 
  "##characteristics#compile#compilation_time_with_module#mean": 113.71101808547974, 
  "##characteristics#compile#compilation_time_with_module#mean_imp": 0.9885591724978893, 
  "##characteristics#compile#compilation_time_with_module#min": 113.71101808547974, 
  "##characteristics#compile#compilation_time_with_module#min_imp": 0.9885591724978893, 
  "##characteristics#compile#compilation_time_with_module#range": 0.0, 
  "##characteristics#compile#compilation_time_with_module#range_percent": 0.0, 
  "##characteristics#compile#compilation_time_with_module#repeats": 1, 
  "##characteristics#compile#joined_compiler_flags#all": [
    "-O3 -fno-auto-inc-dec -fconserve-stack -ffat-lto-objects -fno-gcse-lm -fira-share-spill-slots -fno-isolate-erroneous-paths-dereference -fmath-errno -fno-optimize-sibling-calls -fpartial-inlining -freciprocal-math -fsched-pressure -fno-selective-scheduling -fno-tree-bit-ccp -fno-tree-coalesce-vars -ftree-loop-ivcanon -fno-unswitch-loops -fvect-cost-model -fira-region=all"
  ], 
  "##characteristics#compile#joined_compiler_flags#all_unique": [
    "-O3 -fno-auto-inc-dec -fconserve-stack -ffat-lto-objects -fno-gcse-lm -fira-share-spill-slots -fno-isolate-erroneous-paths-dereference -fmath-errno -fno-optimize-sibling-calls -fpartial-inlining -freciprocal-math -fsched-pressure -fno-selective-scheduling -fno-tree-bit-ccp -fno-tree-coalesce-vars -ftree-loop-ivcanon -fno-unswitch-loops -fvect-cost-model -fira-region=all"
  ], 
  "##characteristics#compile#joined_compiler_flags#min": "-O3 -fno-auto-inc-dec -fconserve-stack -ffat-lto-objects -fno-gcse-lm -fira-share-spill-slots -fno-isolate-erroneous-paths-dereference -fmath-errno -fno-optimize-sibling-calls -fpartial-inlining -freciprocal-math -fsched-pressure -fno-selective-scheduling -fno-tree-bit-ccp -fno-tree-coalesce-vars -ftree-loop-ivcanon -fno-unswitch-loops -fvect-cost-model -fira-region=all", 
  "##characteristics#compile#joined_compiler_flags#min_imp": 0, 
  "##characteristics#compile#joined_compiler_flags#repeats": 1, 
  "##characteristics#compile#md5_sum#all": [
    "3c94c7bcf660fb8a0c7ac79a72ae4c03"
  ], 
  "##characteristics#compile#md5_sum#all_unique": [
    "3c94c7bcf660fb8a0c7ac79a72ae4c03"
  ], 
  "##characteristics#compile#md5_sum#min": "3c94c7bcf660fb8a0c7ac79a72ae4c03", 
  "##characteristics#compile#md5_sum#min_imp": 0, 
  "##characteristics#compile#md5_sum#repeats": 1, 
  "##characteristics#compile#obj_size#all": [
    114124
  ], 
  "##characteristics#compile#obj_size#all_unique": [
    114124
  ], 
  "##characteristics#compile#obj_size#center": 114124, 
  "##characteristics#compile#obj_size#center_imp": 0.9993340576916336, 
  "##characteristics#compile#obj_size#halfrange": 0, 
  "##characteristics#compile#obj_size#max": 114124, 
  "##characteristics#compile#obj_size#mean": 114124.0, 
  "##characteristics#compile#obj_size#mean_imp": 0.9993340576916336, 
  "##characteristics#compile#obj_size#min": 114124, 
  "##characteristics#compile#obj_size#min_imp": 0.9993340576916336, 
  "##characteristics#compile#obj_size#range": 0, 
  "##characteristics#compile#obj_size#range_percent": 0, 
  "##characteristics#compile#obj_size#repeats": 1, 
  "##characteristics#compile#obj_sizes#adler32.o#all": [
    2428
  ], 
  "##characteristics#compile#obj_sizes#adler32.o#all_unique": [
    2428
  ], 
  "##characteristics#compile#obj_sizes#adler32.o#center": 2428, 
  "##characteristics#compile#obj_sizes#adler32.o#center_imp": 0.9983525535420099, 
  "##characteristics#compile#obj_sizes#adler32.o#halfrange": 0, 
  "##characteristics#compile#obj_sizes#adler32.o#max": 2428, 
  "##characteristics#compile#obj_sizes#adler32.o#mean": 2428.0, 
  "##characteristics#compile#obj_sizes#adler32.o#mean_imp": 0.9983525535420099, 
  "##characteristics#compile#obj_sizes#adler32.o#min": 2428, 
  "##characteristics#compile#obj_sizes#adler32.o#min_imp": 0.9983525535420099, 
  "##characteristics#compile#obj_sizes#adler32.o#range": 0, 
  "##characteristics#compile#obj_sizes#adler32.o#range_percent": 0, 
  "##characteristics#compile#obj_sizes#adler32.o#repeats": 1, 
  "##characteristics#compile#obj_sizes#compress.o#all": [
    1568
  ], 
  "##characteristics#compile#obj_sizes#compress.o#all_unique": [
    1568
  ], 
  "##characteristics#compile#obj_sizes#compress.o#center": 1568, 
  "##characteristics#compile#obj_sizes#compress.o#center_imp": 1.0, 
  "##characteristics#compile#obj_sizes#compress.o#halfrange": 0, 
  "##characteristics#compile#obj_sizes#compress.o#max": 1568, 
  "##characteristics#compile#obj_sizes#compress.o#mean": 1568.0, 
  "##characteristics#compile#obj_sizes#compress.o#mean_imp": 1.0, 
  "##characteristics#compile#obj_sizes#compress.o#min": 1568, 
  "##characteristics#compile#obj_sizes#compress.o#min_imp": 1.0, 
  "##characteristics#compile#obj_sizes#compress.o#range": 0, 
  "##characteristics#compile#obj_sizes#compress.o#range_percent": 0, 
  "##characteristics#compile#obj_sizes#compress.o#repeats": 1, 
  "##characteristics#compile#obj_sizes#crc32.o#all": [
    10952
  ], 
  "##characteristics#compile#obj_sizes#crc32.o#all_unique": [
    10952
  ], 
  "##characteristics#compile#obj_sizes#crc32.o#center": 10952, 
  "##characteristics#compile#obj_sizes#crc32.o#center_imp": 0.9930606281957634, 
  "##characteristics#compile#obj_sizes#crc32.o#halfrange": 0, 
  "##characteristics#compile#obj_sizes#crc32.o#max": 10952, 
  "##characteristics#compile#obj_sizes#crc32.o#mean": 10952.0, 
  "##characteristics#compile#obj_sizes#crc32.o#mean_imp": 0.9930606281957634, 
  "##characteristics#compile#obj_sizes#crc32.o#min": 10952, 
  "##characteristics#compile#obj_sizes#crc32.o#min_imp": 0.9930606281957634, 
  "##characteristics#compile#obj_sizes#crc32.o#range": 0, 
  "##characteristics#compile#obj_sizes#crc32.o#range_percent": 0, 
  "##characteristics#compile#obj_sizes#crc32.o#repeats": 1, 
  "##characteristics#compile#obj_sizes#ctuning-rtl.o#all": [
    3852
  ], 
  "##characteristics#compile#obj_sizes#ctuning-rtl.o#all_unique": [
    3852
  ], 
  "##characteristics#compile#obj_sizes#ctuning-rtl.o#center": 3852, 
  "##characteristics#compile#obj_sizes#ctuning-rtl.o#center_imp": 0.995846313603323, 
  "##characteristics#compile#obj_sizes#ctuning-rtl.o#halfrange": 0, 
  "##characteristics#compile#obj_sizes#ctuning-rtl.o#max": 3852, 
  "##characteristics#compile#obj_sizes#ctuning-rtl.o#mean": 3852.0, 
  "##characteristics#compile#obj_sizes#ctuning-rtl.o#mean_imp": 0.995846313603323, 
  "##characteristics#compile#obj_sizes#ctuning-rtl.o#min": 3852, 
  "##characteristics#compile#obj_sizes#ctuning-rtl.o#min_imp": 0.995846313603323, 
  "##characteristics#compile#obj_sizes#ctuning-rtl.o#range": 0, 
  "##characteristics#compile#obj_sizes#ctuning-rtl.o#range_percent": 0, 
  "##characteristics#compile#obj_sizes#ctuning-rtl.o#repeats": 1, 
  "##characteristics#compile#obj_sizes#deflate.o#all": [
    20232
  ], 
  "##characteristics#compile#obj_sizes#deflate.o#all_unique": [
    20232
  ], 
  "##characteristics#compile#obj_sizes#deflate.o#center": 20232, 
  "##characteristics#compile#obj_sizes#deflate.o#center_imp": 0.9970344009489917, 
  "##characteristics#compile#obj_sizes#deflate.o#halfrange": 0, 
  "##characteristics#compile#obj_sizes#deflate.o#max": 20232, 
  "##characteristics#compile#obj_sizes#deflate.o#mean": 20232.0, 
  "##characteristics#compile#obj_sizes#deflate.o#mean_imp": 0.9970344009489917, 
  "##characteristics#compile#obj_sizes#deflate.o#min": 20232, 
  "##characteristics#compile#obj_sizes#deflate.o#min_imp": 0.9970344009489917, 
  "##characteristics#compile#obj_sizes#deflate.o#range": 0, 
  "##characteristics#compile#obj_sizes#deflate.o#range_percent": 0, 
  "##characteristics#compile#obj_sizes#deflate.o#repeats": 1, 
  "##characteristics#compile#obj_sizes#gzclose.o#all": [
    992
  ], 
  "##characteristics#compile#obj_sizes#gzclose.o#all_unique": [
    992
  ], 
  "##characteristics#compile#obj_sizes#gzclose.o#center": 992, 
  "##characteristics#compile#obj_sizes#gzclose.o#center_imp": 0.9879032258064516, 
  "##characteristics#compile#obj_sizes#gzclose.o#halfrange": 0, 
  "##characteristics#compile#obj_sizes#gzclose.o#max": 992, 
  "##characteristics#compile#obj_sizes#gzclose.o#mean": 992.0, 
  "##characteristics#compile#obj_sizes#gzclose.o#mean_imp": 0.9879032258064516, 
  "##characteristics#compile#obj_sizes#gzclose.o#min": 992, 
  "##characteristics#compile#obj_sizes#gzclose.o#min_imp": 0.9879032258064516, 
  "##characteristics#compile#obj_sizes#gzclose.o#range": 0, 
  "##characteristics#compile#obj_sizes#gzclose.o#range_percent": 0, 
  "##characteristics#compile#obj_sizes#gzclose.o#repeats": 1, 
  "##characteristics#compile#obj_sizes#gzlib.o#all": [
    6368
  ], 
  "##characteristics#compile#obj_sizes#gzlib.o#all_unique": [
    6368
  ], 
  "##characteristics#compile#obj_sizes#gzlib.o#center": 6368, 
  "##characteristics#compile#obj_sizes#gzlib.o#center_imp": 0.989321608040201, 
  "##characteristics#compile#obj_sizes#gzlib.o#halfrange": 0, 
  "##characteristics#compile#obj_sizes#gzlib.o#max": 6368, 
  "##characteristics#compile#obj_sizes#gzlib.o#mean": 6368.0, 
  "##characteristics#compile#obj_sizes#gzlib.o#mean_imp": 0.989321608040201, 
  "##characteristics#compile#obj_sizes#gzlib.o#min": 6368, 
  "##characteristics#compile#obj_sizes#gzlib.o#min_imp": 0.989321608040201, 
  "##characteristics#compile#obj_sizes#gzlib.o#range": 0, 
  "##characteristics#compile#obj_sizes#gzlib.o#range_percent": 0, 
  "##characteristics#compile#obj_sizes#gzlib.o#repeats": 1, 
  "##characteristics#compile#obj_sizes#gzread.o#all": [
    5780
  ], 
  "##characteristics#compile#obj_sizes#gzread.o#all_unique": [
    5780
  ], 
  "##characteristics#compile#obj_sizes#gzread.o#center": 5780, 
  "##characteristics#compile#obj_sizes#gzread.o#center_imp": 0.9993079584775086, 
  "##characteristics#compile#obj_sizes#gzread.o#halfrange": 0, 
  "##characteristics#compile#obj_sizes#gzread.o#max": 5780, 
  "##characteristics#compile#obj_sizes#gzread.o#mean": 5780.0, 
  "##characteristics#compile#obj_sizes#gzread.o#mean_imp": 0.9993079584775086, 
  "##characteristics#compile#obj_sizes#gzread.o#min": 5780, 
  "##characteristics#compile#obj_sizes#gzread.o#min_imp": 0.9993079584775086, 
  "##characteristics#compile#obj_sizes#gzread.o#range": 0, 
  "##characteristics#compile#obj_sizes#gzread.o#range_percent": 0, 
  "##characteristics#compile#obj_sizes#gzread.o#repeats": 1, 
  "##characteristics#compile#obj_sizes#gzwrite.o#all": [
    10116
  ], 
  "##characteristics#compile#obj_sizes#gzwrite.o#all_unique": [
    10116
  ], 
  "##characteristics#compile#obj_sizes#gzwrite.o#center": 10116, 
  "##characteristics#compile#obj_sizes#gzwrite.o#center_imp": 1.014630288651641, 
  "##characteristics#compile#obj_sizes#gzwrite.o#halfrange": 0, 
  "##characteristics#compile#obj_sizes#gzwrite.o#max": 10116, 
  "##characteristics#compile#obj_sizes#gzwrite.o#mean": 10116.0, 
  "##characteristics#compile#obj_sizes#gzwrite.o#mean_imp": 1.014630288651641, 
  "##characteristics#compile#obj_sizes#gzwrite.o#min": 10116, 
  "##characteristics#compile#obj_sizes#gzwrite.o#min_imp": 1.014630288651641, 
  "##characteristics#compile#obj_sizes#gzwrite.o#range": 0, 
  "##characteristics#compile#obj_sizes#gzwrite.o#range_percent": 0, 
  "##characteristics#compile#obj_sizes#gzwrite.o#repeats": 1, 
  "##characteristics#compile#obj_sizes#infback.o#all": [
    9580
  ], 
  "##characteristics#compile#obj_sizes#infback.o#all_unique": [
    9580
  ], 
  "##characteristics#compile#obj_sizes#infback.o#center": 9580, 
  "##characteristics#compile#obj_sizes#infback.o#center_imp": 0.9991649269311065, 
  "##characteristics#compile#obj_sizes#infback.o#halfrange": 0, 
  "##characteristics#compile#obj_sizes#infback.o#max": 9580, 
  "##characteristics#compile#obj_sizes#infback.o#mean": 9580.0, 
  "##characteristics#compile#obj_sizes#infback.o#mean_imp": 0.9991649269311065, 
  "##characteristics#compile#obj_sizes#infback.o#min": 9580, 
  "##characteristics#compile#obj_sizes#infback.o#min_imp": 0.9991649269311065, 
  "##characteristics#compile#obj_sizes#infback.o#range": 0, 
  "##characteristics#compile#obj_sizes#infback.o#range_percent": 0, 
  "##characteristics#compile#obj_sizes#infback.o#repeats": 1, 
  "##characteristics#compile#obj_sizes#inffast.o#all": [
    4136
  ], 
  "##characteristics#compile#obj_sizes#inffast.o#all_unique": [
    4136
  ], 
  "##characteristics#compile#obj_sizes#inffast.o#center": 4136, 
  "##characteristics#compile#obj_sizes#inffast.o#center_imp": 0.9661508704061895, 
  "##characteristics#compile#obj_sizes#inffast.o#halfrange": 0, 
  "##characteristics#compile#obj_sizes#inffast.o#max": 4136, 
  "##characteristics#compile#obj_sizes#inffast.o#mean": 4136.0, 
  "##characteristics#compile#obj_sizes#inffast.o#mean_imp": 0.9661508704061895, 
  "##characteristics#compile#obj_sizes#inffast.o#min": 4136, 
  "##characteristics#compile#obj_sizes#inffast.o#min_imp": 0.9661508704061895, 
  "##characteristics#compile#obj_sizes#inffast.o#range": 0, 
  "##characteristics#compile#obj_sizes#inffast.o#range_percent": 0, 
  "##characteristics#compile#obj_sizes#inffast.o#repeats": 1, 
  "##characteristics#compile#obj_sizes#inflate.o#all": [
    16876
  ], 
  "##characteristics#compile#obj_sizes#inflate.o#all_unique": [
    16876
  ], 
  "##characteristics#compile#obj_sizes#inflate.o#center": 16876, 
  "##characteristics#compile#obj_sizes#inflate.o#center_imp": 0.9931263332543256, 
  "##characteristics#compile#obj_sizes#inflate.o#halfrange": 0, 
  "##characteristics#compile#obj_sizes#inflate.o#max": 16876, 
  "##characteristics#compile#obj_sizes#inflate.o#mean": 16876.0, 
  "##characteristics#compile#obj_sizes#inflate.o#mean_imp": 0.9931263332543256, 
  "##characteristics#compile#obj_sizes#inflate.o#min": 16876, 
  "##characteristics#compile#obj_sizes#inflate.o#min_imp": 0.9931263332543256, 
  "##characteristics#compile#obj_sizes#inflate.o#range": 0, 
  "##characteristics#compile#obj_sizes#inflate.o#range_percent": 0, 
  "##characteristics#compile#obj_sizes#inflate.o#repeats": 1, 
  "##characteristics#compile#obj_sizes#inftrees.o#all": [
    4404
  ], 
  "##characteristics#compile#obj_sizes#inftrees.o#all_unique": [
    4404
  ], 
  "##characteristics#compile#obj_sizes#inftrees.o#center": 4404, 
  "##characteristics#compile#obj_sizes#inftrees.o#center_imp": 1.0036330608537694, 
  "##characteristics#compile#obj_sizes#inftrees.o#halfrange": 0, 
  "##characteristics#compile#obj_sizes#inftrees.o#max": 4404, 
  "##characteristics#compile#obj_sizes#inftrees.o#mean": 4404.0, 
  "##characteristics#compile#obj_sizes#inftrees.o#mean_imp": 1.0036330608537694, 
  "##characteristics#compile#obj_sizes#inftrees.o#min": 4404, 
  "##characteristics#compile#obj_sizes#inftrees.o#min_imp": 1.0036330608537694, 
  "##characteristics#compile#obj_sizes#inftrees.o#range": 0, 
  "##characteristics#compile#obj_sizes#inftrees.o#range_percent": 0, 
  "##characteristics#compile#obj_sizes#inftrees.o#repeats": 1, 
  "##characteristics#compile#obj_sizes#trees.o#all": [
    13904
  ], 
  "##characteristics#compile#obj_sizes#trees.o#all_unique": [
    13904
  ], 
  "##characteristics#compile#obj_sizes#trees.o#center": 13904, 
  "##characteristics#compile#obj_sizes#trees.o#center_imp": 1.020138089758343, 
  "##characteristics#compile#obj_sizes#trees.o#halfrange": 0, 
  "##characteristics#compile#obj_sizes#trees.o#max": 13904, 
  "##characteristics#compile#obj_sizes#trees.o#mean": 13904.0, 
  "##characteristics#compile#obj_sizes#trees.o#mean_imp": 1.020138089758343, 
  "##characteristics#compile#obj_sizes#trees.o#min": 13904, 
  "##characteristics#compile#obj_sizes#trees.o#min_imp": 1.020138089758343, 
  "##characteristics#compile#obj_sizes#trees.o#range": 0, 
  "##characteristics#compile#obj_sizes#trees.o#range_percent": 0, 
  "##characteristics#compile#obj_sizes#trees.o#repeats": 1, 
  "##characteristics#compile#obj_sizes#uncompr.o#all": [
    1272
  ], 
  "##characteristics#compile#obj_sizes#uncompr.o#all_unique": [
    1272
  ], 
  "##characteristics#compile#obj_sizes#uncompr.o#center": 1272, 
  "##characteristics#compile#obj_sizes#uncompr.o#center_imp": 1.0, 
  "##characteristics#compile#obj_sizes#uncompr.o#halfrange": 0, 
  "##characteristics#compile#obj_sizes#uncompr.o#max": 1272, 
  "##characteristics#compile#obj_sizes#uncompr.o#mean": 1272.0, 
  "##characteristics#compile#obj_sizes#uncompr.o#mean_imp": 1.0, 
  "##characteristics#compile#obj_sizes#uncompr.o#min": 1272, 
  "##characteristics#compile#obj_sizes#uncompr.o#min_imp": 1.0, 
  "##characteristics#compile#obj_sizes#uncompr.o#range": 0, 
  "##characteristics#compile#obj_sizes#uncompr.o#range_percent": 0, 
  "##characteristics#compile#obj_sizes#uncompr.o#repeats": 1, 
  "##characteristics#compile#obj_sizes#zutil.o#all": [
    1664
  ], 
  "##characteristics#compile#obj_sizes#zutil.o#all_unique": [
    1664
  ], 
  "##characteristics#compile#obj_sizes#zutil.o#center": 1664, 
  "##characteristics#compile#obj_sizes#zutil.o#center_imp": 0.9903846153846154, 
  "##characteristics#compile#obj_sizes#zutil.o#halfrange": 0, 
  "##characteristics#compile#obj_sizes#zutil.o#max": 1664, 
  "##characteristics#compile#obj_sizes#zutil.o#mean": 1664.0, 
  "##characteristics#compile#obj_sizes#zutil.o#mean_imp": 0.9903846153846154, 
  "##characteristics#compile#obj_sizes#zutil.o#min": 1664, 
  "##characteristics#compile#obj_sizes#zutil.o#min_imp": 0.9903846153846154, 
  "##characteristics#compile#obj_sizes#zutil.o#range": 0, 
  "##characteristics#compile#obj_sizes#zutil.o#range_percent": 0, 
  "##characteristics#compile#obj_sizes#zutil.o#repeats": 1, 
  "##characteristics#compile#program_git_hash#all": [
    "f3b3ffe43b24039767a39c7f85ab4b768684a65b"
  ], 
  "##characteristics#compile#program_git_hash#all_unique": [
    "f3b3ffe43b24039767a39c7f85ab4b768684a65b"
  ], 
  "##characteristics#compile#program_git_hash#min": "f3b3ffe43b24039767a39c7f85ab4b768684a65b", 
  "##characteristics#compile#program_git_hash#min_imp": 0, 
  "##characteristics#compile#program_git_hash#repeats": 1, 
  "##characteristics#run#execution_time#all": [
    0.01668785945072698, 
    0.01675863327948304, 
    0.01648663974151858, 
    0.016564046849757673
  ], 
  "##characteristics#run#execution_time#all_unique": [
    0.01668785945072698, 
    0.01675863327948304, 
    0.01648663974151858, 
    0.016564046849757673
  ], 
  "##characteristics#run#execution_time#center": 0.01662263651050081, 
  "##characteristics#run#execution_time#center_imp": 0.9772759609587017, 
  "##characteristics#run#execution_time#halfrange": 0.00013599676898222966, 
  "##characteristics#run#execution_time#max": 0.01675863327948304, 
  "##characteristics#run#execution_time#mean": 0.016624294830371568, 
  "##characteristics#run#execution_time#mean_imp": 0.9775750809841581, 
  "##characteristics#run#execution_time#min": 0.01648663974151858, 
  "##characteristics#run#execution_time#min_imp": 0.9808501131282683, 
  "##characteristics#run#execution_time#range": 0.0002719935379644593, 
  "##characteristics#run#execution_time#range_percent": 0.016497815335862132, 
  "##characteristics#run#execution_time#repeats": 4, 
  "##characteristics#run#execution_time_kernel_0#all": [
    10.329785, 
    10.373594, 
    10.20523, 
    10.253145
  ], 
  "##characteristics#run#execution_time_kernel_0#all_unique": [
    10.329785, 
    10.373594, 
    10.20523, 
    10.253145
  ], 
  "##characteristics#run#execution_time_kernel_0#center": 10.289412, 
  "##characteristics#run#execution_time_kernel_0#center_imp": 0.977275960958702, 
  "##characteristics#run#execution_time_kernel_0#halfrange": 0.0841820000000002, 
  "##characteristics#run#execution_time_kernel_0#max": 10.373594, 
  "##characteristics#run#execution_time_kernel_0#mean": 10.2904385, 
  "##characteristics#run#execution_time_kernel_0#mean_imp": 0.9775750809841581, 
  "##characteristics#run#execution_time_kernel_0#min": 10.20523, 
  "##characteristics#run#execution_time_kernel_0#min_imp": 0.9808501131282684, 
  "##characteristics#run#execution_time_kernel_0#range": 0.1683640000000004, 
  "##characteristics#run#execution_time_kernel_0#range_percent": 0.016497815335862143, 
  "##characteristics#run#execution_time_kernel_0#repeats": 4, 
  "##characteristics#run#execution_time_with_module#all": [
    11.047782897949219, 
    11.700687170028687, 
    12.660555839538574, 
    10.984078884124756
  ], 
  "##characteristics#run#execution_time_with_module#all_unique": [
    11.047782897949219, 
    11.700687170028687, 
    12.660555839538574, 
    10.984078884124756
  ], 
  "##characteristics#run#execution_time_with_module#center": 11.822317361831665, 
  "##characteristics#run#execution_time_with_module#center_imp": 1.1130868905911346, 
  "##characteristics#run#execution_time_with_module#halfrange": 0.8382384777069092, 
  "##characteristics#run#execution_time_with_module#max": 12.660555839538574, 
  "##characteristics#run#execution_time_with_module#mean": 11.598276197910309, 
  "##characteristics#run#execution_time_with_module#mean_imp": 1.0325632236536515, 
  "##characteristics#run#execution_time_with_module#min": 10.984078884124756, 
  "##characteristics#run#execution_time_with_module#min_imp": 0.9768966589210126, 
  "##characteristics#run#execution_time_with_module#range": 1.6764769554138184, 
  "##characteristics#run#execution_time_with_module#range_percent": 0.15262790563502085, 
  "##characteristics#run#execution_time_with_module#repeats": 4, 
  "##characteristics#run#repeat#all": [
    619, 
    619, 
    619, 
    619
  ], 
  "##characteristics#run#repeat#all_unique": [
    619
  ], 
  "##characteristics#run#repeat#center": 619, 
  "##characteristics#run#repeat#center_imp": 1.0, 
  "##characteristics#run#repeat#halfrange": 0, 
  "##characteristics#run#repeat#max": 619, 
  "##characteristics#run#repeat#mean": 619.0, 
  "##characteristics#run#repeat#mean_imp": 1.0, 
  "##characteristics#run#repeat#min": 619, 
  "##characteristics#run#repeat#min_imp": 1.0, 
  "##characteristics#run#repeat#range": 0, 
  "##characteristics#run#repeat#range_percent": 0, 
  "##characteristics#run#repeat#repeats": 4, 
  "##characteristics#run#return_code#all": [
    0, 
    0, 
    0, 
    0
  ], 
  "##characteristics#run#return_code#all_unique": [
    0
  ], 
  "##characteristics#run#return_code#center": 0, 
  "##characteristics#run#return_code#halfrange": 0, 
  "##characteristics#run#return_code#max": 0, 
  "##characteristics#run#return_code#mean": 0.0, 
  "##characteristics#run#return_code#min": 0, 
  "##characteristics#run#return_code#min_imp": 1, 
  "##characteristics#run#return_code#range": 0, 
  "##characteristics#run#return_code#repeats": 4, 
  "##characteristics#run#run_success#all": [
    "yes", 
    "yes", 
    "yes", 
    "yes"
  ], 
  "##characteristics#run#run_success#all_unique": [
    "yes"
  ], 
  "##characteristics#run#run_success#min": "yes", 
  "##characteristics#run#run_success#min_imp": 1, 
  "##characteristics#run#run_success#repeats": 4, 
  "##characteristics#run#run_success_bool#all": [
    true, 
    true, 
    true, 
    true
  ], 
  "##characteristics#run#run_success_bool#all_unique": [
    true
  ], 
  "##characteristics#run#run_success_bool#min": true, 
  "##characteristics#run#run_success_bool#min_imp": 1, 
  "##characteristics#run#run_success_bool#repeats": 4, 
  "##characteristics#run#total_execution_time#all": [
    10.329785, 
    10.373594, 
    10.20523, 
    10.253145
  ], 
  "##characteristics#run#total_execution_time#all_unique": [
    10.329785, 
    10.373594, 
    10.20523, 
    10.253145
  ], 
  "##characteristics#run#total_execution_time#center": 10.289412, 
  "##characteristics#run#total_execution_time#center_imp": 0.977275960958702, 
  "##characteristics#run#total_execution_time#halfrange": 0.0841820000000002, 
  "##characteristics#run#total_execution_time#max": 10.373594, 
  "##characteristics#run#total_execution_time#mean": 10.2904385, 
  "##characteristics#run#total_execution_time#mean_imp": 0.9775750809841581, 
  "##characteristics#run#total_execution_time#min": 10.20523, 
  "##characteristics#run#total_execution_time#min_imp": 0.9808501131282684, 
  "##characteristics#run#total_execution_time#range": 0.1683640000000004, 
  "##characteristics#run#total_execution_time#range_percent": 0.016497815335862143, 
  "##characteristics#run#total_execution_time#repeats": 4
}
