{
  "characteristics_list": [
    {
      "compile": {
        "binary_size": 100276, 
        "compilation_success": "yes", 
        "compilation_success_bool": true, 
        "compilation_time": 95.8411340713501, 
        "compilation_time_with_module": 100.83644318580627, 
        "joined_compiler_flags": "-O3 -fno-branch-target-load-optimize -fcompare-elim -fno-early-inlining -fno-expensive-optimizations -fno-ipa-cp -fipa-reference -fno-isolate-erroneous-paths-attribute -fno-function-cse -fno-guess-branch-probability -fsigned-zeros -fno-partial-inlining -fpeel-loops -fno-predictive-commoning -fno-reorder-blocks-and-partition -fno-split-wide-types -ftree-builtin-call-dce -fno-tree-pre -ffp-contract=on", 
        "md5_sum": "947d5ff655954bbf0d79730349aa6c38", 
        "obj_size": 113464, 
        "obj_sizes": {
          "adler32.o": 2428, 
          "compress.o": 1552, 
          "crc32.o": 11244, 
          "ctuning-rtl.o": 3820, 
          "deflate.o": 24440, 
          "gzclose.o": 980, 
          "gzlib.o": 6232, 
          "gzread.o": 6032, 
          "gzwrite.o": 7368, 
          "infback.o": 8660, 
          "inffast.o": 3596, 
          "inflate.o": 15800, 
          "inftrees.o": 4168, 
          "trees.o": 14236, 
          "uncompr.o": 1260, 
          "zutil.o": 1648
        }, 
        "program_git_hash": "f3b3ffe43b24039767a39c7f85ab4b768684a65b"
      }, 
      "run": {
        "execution_time": 0.015448767366720517, 
        "execution_time_kernel_0": 9.562787, 
        "execution_time_with_module": 10.290297985076904, 
        "repeat": 619, 
        "return_code": 0, 
        "run_success": "yes", 
        "run_success_bool": true, 
        "total_execution_time": 9.562787
      }
    }, 
    {
      "run": {
        "execution_time": 0.01549202746365105, 
        "execution_time_kernel_0": 9.589565, 
        "execution_time_with_module": 10.32136607170105, 
        "repeat": 619, 
        "return_code": 0, 
        "run_success": "yes", 
        "run_success_bool": true, 
        "total_execution_time": 9.589565
      }
    }, 
    {
      "run": {
        "execution_time": 0.0157620662358643, 
        "execution_time_kernel_0": 9.756719, 
        "execution_time_with_module": 10.482017040252686, 
        "repeat": 619, 
        "return_code": 0, 
        "run_success": "yes", 
        "run_success_bool": true, 
        "total_execution_time": 9.756719
      }
    }, 
    {
      "run": {
        "execution_time": 0.015365126009693053, 
        "execution_time_kernel_0": 9.511013, 
        "execution_time_with_module": 10.235887050628662, 
        "repeat": 619, 
        "return_code": 0, 
        "run_success": "yes", 
        "run_success_bool": true, 
        "total_execution_time": 9.511013
      }
    }
  ], 
  "choices": {
    "calibration_time": 10.0, 
    "cmd_key": "decode", 
    "compile_type": "dynamic", 
    "compiler_description_uoa": "gcc-4.9.0-auto", 
    "compiler_flags": {
      "base_opt": "-O3", 
      "bool--ffp-contract=": "-ffp-contract=on", 
      "bool-branch-target-load-optimize": "-fno-branch-target-load-optimize", 
      "bool-compare-elim": "-fcompare-elim", 
      "bool-early-inlining": "-fno-early-inlining", 
      "bool-expensive-optimizations": "-fno-expensive-optimizations", 
      "bool-function-cse": "-fno-function-cse", 
      "bool-guess-branch-probability": "-fno-guess-branch-probability", 
      "bool-ipa-cp": "-fno-ipa-cp", 
      "bool-ipa-reference": "-fipa-reference", 
      "bool-isolate-erroneous-paths-attribute": "-fno-isolate-erroneous-paths-attribute", 
      "bool-partial-inlining": "-fno-partial-inlining", 
      "bool-peel-loops": "-fpeel-loops", 
      "bool-predictive-commoning": "-fno-predictive-commoning", 
      "bool-reorder-blocks-and-partition": "-fno-reorder-blocks-and-partition", 
      "bool-signed-zeros": "-fsigned-zeros", 
      "bool-split-wide-types": "-fno-split-wide-types", 
      "bool-tree-builtin-call-dce": "-ftree-builtin-call-dce", 
      "bool-tree-pre": "-fno-tree-pre"
    }, 
    "data_uoa": "zlib-inflate", 
    "dataset_file": "audio-wav-0001-deflated", 
    "dataset_uoa": "audio-wav-0001-deflated", 
    "device_cfg": {}, 
    "device_id": "", 
    "host_os": "linux-32", 
    "module_uoa": "b0ac08fe1d3c2615", 
    "no_state_check": "yes", 
    "program_tags": "", 
    "repeat": 619, 
    "target": "", 
    "target_os": "linux-32", 
    "target_os_bits": "32"
  }, 
  "choices_order": [
    "##compiler_flags#base_opt", 
    "##compiler_flags#bool-associative-math", 
    "##compiler_flags#bool-auto-inc-dec", 
    "##compiler_flags#bool-branch-probabilities", 
    "##compiler_flags#bool-branch-target-load-optimize", 
    "##compiler_flags#bool-branch-target-load-optimize2", 
    "##compiler_flags#bool-btr-bb-exclusive", 
    "##compiler_flags#bool-caller-saves", 
    "##compiler_flags#bool-check-data-deps", 
    "##compiler_flags#bool-combine-stack-adjustments", 
    "##compiler_flags#bool-conserve-stack", 
    "##compiler_flags#bool-compare-elim", 
    "##compiler_flags#bool-cprop-registers", 
    "##compiler_flags#bool-crossjumping", 
    "##compiler_flags#bool-cse-follow-jumps", 
    "##compiler_flags#bool-cse-skip-blocks", 
    "##compiler_flags#bool-cx-fortran-rules", 
    "##compiler_flags#bool-cx-limited-range", 
    "##compiler_flags#bool-data-sections", 
    "##compiler_flags#bool-dce", 
    "##compiler_flags#bool-delayed-branch", 
    "##compiler_flags#bool-delete-null-pointer-checks", 
    "##compiler_flags#bool-devirtualize", 
    "##compiler_flags#bool-devirtualize-speculatively", 
    "##compiler_flags#bool-dse", 
    "##compiler_flags#bool-early-inlining", 
    "##compiler_flags#bool-ipa-sra", 
    "##compiler_flags#bool-expensive-optimizations", 
    "##compiler_flags#bool-fat-lto-objects", 
    "##compiler_flags#bool-fast-math", 
    "##compiler_flags#bool-finite-math-only", 
    "##compiler_flags#bool-float-store", 
    "##compiler_flags#bool-forward-propagate", 
    "##compiler_flags#bool-function-sections", 
    "##compiler_flags#bool-gcse", 
    "##compiler_flags#bool-gcse-after-reload", 
    "##compiler_flags#bool-gcse-las", 
    "##compiler_flags#bool-gcse-lm", 
    "##compiler_flags#bool-graphite-identity", 
    "##compiler_flags#bool-gcse-sm", 
    "##compiler_flags#bool-hoist-adjacent-loads", 
    "##compiler_flags#bool-if-conversion", 
    "##compiler_flags#bool-if-conversion2", 
    "##compiler_flags#bool-indirect-inlining", 
    "##compiler_flags#bool-inline-functions", 
    "##compiler_flags#bool-inline-functions-called-once", 
    "##compiler_flags#bool-inline-small-functions", 
    "##compiler_flags#bool-ipa-cp", 
    "##compiler_flags#bool-ipa-cp-clone", 
    "##compiler_flags#bool-ipa-pta", 
    "##compiler_flags#bool-ipa-pure-const", 
    "##compiler_flags#bool-ipa-reference", 
    "##compiler_flags#bool-ira-hoist-pressure", 
    "##compiler_flags#bool-ira-loop-pressure", 
    "##compiler_flags#bool-ira-share-save-slots", 
    "##compiler_flags#bool-ira-share-spill-slots", 
    "##compiler_flags#bool-isolate-erroneous-paths-dereference", 
    "##compiler_flags#bool-isolate-erroneous-paths-attribute", 
    "##compiler_flags#bool-ivopts", 
    "##compiler_flags#bool-keep-inline-functions", 
    "##compiler_flags#bool-keep-static-consts", 
    "##compiler_flags#bool-live-range-shrinkage", 
    "##compiler_flags#bool-loop-block", 
    "##compiler_flags#bool-loop-interchange", 
    "##compiler_flags#bool-loop-strip-mine", 
    "##compiler_flags#bool-loop-nest-optimize", 
    "##compiler_flags#bool-loop-parallelize-all", 
    "##compiler_flags#bool-lto", 
    "##compiler_flags#bool-merge-all-constants", 
    "##compiler_flags#bool-merge-constants", 
    "##compiler_flags#bool-modulo-sched", 
    "##compiler_flags#bool-modulo-sched-allow-regmoves", 
    "##compiler_flags#bool-move-loop-invariants", 
    "##compiler_flags#bool-branch-count-reg", 
    "##compiler_flags#bool-defer-pop", 
    "##compiler_flags#bool-function-cse", 
    "##compiler_flags#bool-guess-branch-probability", 
    "##compiler_flags#bool-inline", 
    "##compiler_flags#bool-math-errno", 
    "##compiler_flags#bool-peephole", 
    "##compiler_flags#bool-peephole2", 
    "##compiler_flags#bool-sched-interblock", 
    "##compiler_flags#bool-sched-spec", 
    "##compiler_flags#bool-signed-zeros", 
    "##compiler_flags#bool-toplevel-reorder", 
    "##compiler_flags#bool-trapping-math", 
    "##compiler_flags#bool-zero-initialized-in-bss", 
    "##compiler_flags#bool-omit-frame-pointer", 
    "##compiler_flags#bool-optimize-sibling-calls", 
    "##compiler_flags#bool-partial-inlining", 
    "##compiler_flags#bool-peel-loops", 
    "##compiler_flags#bool-predictive-commoning", 
    "##compiler_flags#bool-prefetch-loop-arrays", 
    "##compiler_flags#bool-reciprocal-math", 
    "##compiler_flags#bool-ree", 
    "##compiler_flags#bool-rename-registers", 
    "##compiler_flags#bool-reorder-blocks", 
    "##compiler_flags#bool-reorder-blocks-and-partition", 
    "##compiler_flags#bool-reorder-functions", 
    "##compiler_flags#bool-rerun-cse-after-loop", 
    "##compiler_flags#bool-reschedule-modulo-scheduled-loops", 
    "##compiler_flags#bool-rounding-math", 
    "##compiler_flags#bool-sched2-use-superblocks", 
    "##compiler_flags#bool-sched-pressure", 
    "##compiler_flags#bool-sched-spec-load", 
    "##compiler_flags#bool-sched-spec-load-dangerous", 
    "##compiler_flags#bool-sched-group-heuristic", 
    "##compiler_flags#bool-sched-critical-path-heuristic", 
    "##compiler_flags#bool-sched-spec-insn-heuristic", 
    "##compiler_flags#bool-sched-rank-heuristic", 
    "##compiler_flags#bool-sched-last-insn-heuristic", 
    "##compiler_flags#bool-sched-dep-count-heuristic", 
    "##compiler_flags#bool-schedule-insns", 
    "##compiler_flags#bool-schedule-insns2", 
    "##compiler_flags#bool-section-anchors", 
    "##compiler_flags#bool-selective-scheduling", 
    "##compiler_flags#bool-selective-scheduling2", 
    "##compiler_flags#bool-sel-sched-pipelining", 
    "##compiler_flags#bool-sel-sched-pipelining-outer-loops", 
    "##compiler_flags#bool-shrink-wrap", 
    "##compiler_flags#bool-signaling-nans", 
    "##compiler_flags#bool-single-precision-constant", 
    "##compiler_flags#bool-split-ivs-in-unroller", 
    "##compiler_flags#bool-split-wide-types", 
    "##compiler_flags#bool-strict-aliasing", 
    "##compiler_flags#bool-strict-overflow", 
    "##compiler_flags#bool-thread-jumps", 
    "##compiler_flags#bool-tracer", 
    "##compiler_flags#bool-tree-bit-ccp", 
    "##compiler_flags#bool-tree-builtin-call-dce", 
    "##compiler_flags#bool-tree-ccp", 
    "##compiler_flags#bool-tree-ch", 
    "##compiler_flags#bool-tree-coalesce-vars", 
    "##compiler_flags#bool-tree-copy-prop", 
    "##compiler_flags#bool-tree-copyrename", 
    "##compiler_flags#bool-tree-dce", 
    "##compiler_flags#bool-tree-dominator-opts", 
    "##compiler_flags#bool-tree-dse", 
    "##compiler_flags#bool-tree-forwprop", 
    "##compiler_flags#bool-tree-fre", 
    "##compiler_flags#bool-tree-loop-if-convert", 
    "##compiler_flags#bool-tree-loop-if-convert-stores", 
    "##compiler_flags#bool-tree-loop-im", 
    "##compiler_flags#bool-tree-phiprop", 
    "##compiler_flags#bool-tree-loop-distribution", 
    "##compiler_flags#bool-tree-loop-distribute-patterns", 
    "##compiler_flags#bool-tree-loop-ivcanon", 
    "##compiler_flags#bool-tree-loop-linear", 
    "##compiler_flags#bool-tree-loop-optimize", 
    "##compiler_flags#bool-tree-loop-vectorize", 
    "##compiler_flags#bool-tree-pre", 
    "##compiler_flags#bool-tree-partial-pre", 
    "##compiler_flags#bool-tree-pta", 
    "##compiler_flags#bool-tree-reassoc", 
    "##compiler_flags#bool-tree-sink", 
    "##compiler_flags#bool-tree-slsr", 
    "##compiler_flags#bool-tree-sra", 
    "##compiler_flags#bool-tree-switch-conversion", 
    "##compiler_flags#bool-tree-tail-merge", 
    "##compiler_flags#bool-tree-ter", 
    "##compiler_flags#bool-tree-vectorize", 
    "##compiler_flags#bool-tree-vrp", 
    "##compiler_flags#bool-unit-at-a-time", 
    "##compiler_flags#bool-unroll-all-loops", 
    "##compiler_flags#bool-unroll-loops", 
    "##compiler_flags#bool-unsafe-loop-optimizations", 
    "##compiler_flags#bool-unsafe-math-optimizations", 
    "##compiler_flags#bool-unswitch-loops", 
    "##compiler_flags#bool-variable-expansion-in-unroller", 
    "##compiler_flags#bool-vect-cost-model", 
    "##compiler_flags#bool-vpt", 
    "##compiler_flags#bool-web", 
    "##compiler_flags#bool-whole-program", 
    "##compiler_flags#bool-wpa", 
    "##compiler_flags#bool-use-linker-plugin", 
    "##compiler_flags#bool--fexcess-precision=", 
    "##compiler_flags#bool--ffp-contract=", 
    "##compiler_flags#bool--fira-algorithm=", 
    "##compiler_flags#bool--fira-region="
  ], 
  "features": {
    "compiler_version": {
      "list": [
        4, 
        9, 
        2
      ], 
      "raw": [
        "gcc-4.9 (Raspbian 4.9.2-10) 4.9.2", 
        "Copyright (C) 2014 Free Software Foundation, Inc.", 
        "This is free software; see the source for copying conditions.  There is NO", 
        "warranty; not even for MERCHANTABILITY or FITNESS FOR A PARTICULAR PURPOSE.", 
        "", 
        ""
      ], 
      "str": "4.9.2"
    }, 
    "dataset": {
      "total_size": 116960
    }, 
    "number_of_selected_compiler_flags": 19, 
    "platform": {
      "cpu": {
        "all_freqs": {
          "0": [
            700000, 
            700000
          ]
        }, 
        "cpu_abi": "", 
        "cpu_features": "half thumb fastmult vfp edsp java tls", 
        "current_freq": {
          "0": 700.0
        }, 
        "max_freq": {
          "0": 700.0
        }, 
        "name": "BCM2708", 
        "num_proc": "1", 
        "sub_name": "ARMv6-compatible processor rev 7 (v6l)", 
        "workload_automation": {
          "device_config": {
            "core_clusters": [
              0
            ], 
            "core_names": [
              "BCM2708"
            ]
          }
        }
      }, 
      "cpu_misc": {
        "0": {
          "BogoMIPS": "697.95", 
          "CPU architecture": "7", 
          "CPU implementer": "0x41", 
          "CPU part": "0xb76", 
          "CPU revision": "7", 
          "CPU variant": "0x0", 
          "Features": "half thumb fastmult vfp edsp java tls", 
          "Hardware": "BCM2708", 
          "Revision": "0013", 
          "Serial": "00000000999033c3", 
          "all_freqs": [
            "0", 
            "0"
          ], 
          "ck_cpu_name": "BCM2708", 
          "ck_cpu_subname": "ARMv6-compatible processor rev 7 (v6l)", 
          "cpu_features": "half thumb fastmult vfp edsp java tls", 
          "cur_freq": 700.0, 
          "max_freq": 700.0, 
          "model name": "ARMv6-compatible processor rev 7 (v6l)", 
          "processor": "0"
        }
      }, 
      "cpu_new_format": "", 
      "cpu_unique": [
        {
          "BogoMIPS": "697.95", 
          "CPU architecture": "7", 
          "CPU implementer": "0x41", 
          "CPU part": "0xb76", 
          "CPU revision": "7", 
          "CPU variant": "0x0", 
          "Features": "half thumb fastmult vfp edsp java tls", 
          "Hardware": "BCM2708", 
          "Revision": "0013", 
          "Serial": "00000000999033c3", 
          "all_freqs": [
            "0", 
            "0"
          ], 
          "ck_cpu_name": "BCM2708", 
          "ck_cpu_subname": "ARMv6-compatible processor rev 7 (v6l)", 
          "cpu_features": "half thumb fastmult vfp edsp java tls", 
          "cur_freq": 700.0, 
          "max_freq": 700.0, 
          "model name": "ARMv6-compatible processor rev 7 (v6l)", 
          "processor": "0"
        }
      ], 
      "gpu": {
        "name": "", 
        "vendor": ""
      }, 
      "gpu_misc": {}, 
      "os": {
        "abi": "armv6l", 
        "bits": "32", 
        "ck_os_base_uoa": "", 
        "ck_os_uoa": "linux-32", 
        "name": "Linux 4.4.21+", 
        "name_long": "Linux-4.4.21+-armv6l-with-debian-8.0", 
        "name_short": "Linux 4.4.21+", 
        "serial_number": ""
      }, 
      "os_misc": {}, 
      "platform": {
        "model": "", 
        "name": "", 
        "vendor": ""
      }, 
      "platform_misc": {}
    }, 
    "statistical_repetitions": 4
  }
}
