{
  "##characteristics#compile#binary_size#all": [
    100856
  ], 
  "##characteristics#compile#binary_size#all_unique": [
    100856
  ], 
  "##characteristics#compile#binary_size#center": 100856, 
  "##characteristics#compile#binary_size#center_imp": 0.9991274688665027, 
  "##characteristics#compile#binary_size#halfrange": 0, 
  "##characteristics#compile#binary_size#max": 100856, 
  "##characteristics#compile#binary_size#mean": 100856.0, 
  "##characteristics#compile#binary_size#mean_imp": 0.9991274688665027, 
  "##characteristics#compile#binary_size#min": 100856, 
  "##characteristics#compile#binary_size#min_imp": 0.9991274688665027, 
  "##characteristics#compile#binary_size#range": 0, 
  "##characteristics#compile#binary_size#range_percent": 0, 
  "##characteristics#compile#binary_size#repeats": 1, 
  "##characteristics#compile#compilation_success#all": [
    "yes"
  ], 
  "##characteristics#compile#compilation_success#all_unique": [
    "yes"
  ], 
  "##characteristics#compile#compilation_success#min": "yes", 
  "##characteristics#compile#compilation_success#min_imp": 0, 
  "##characteristics#compile#compilation_success#repeats": 1, 
  "##characteristics#compile#compilation_success_bool#all": [
    true
  ], 
  "##characteristics#compile#compilation_success_bool#all_unique": [
    true
  ], 
  "##characteristics#compile#compilation_success_bool#min": true, 
  "##characteristics#compile#compilation_success_bool#min_imp": 0, 
  "##characteristics#compile#compilation_success_bool#repeats": 1, 
  "##characteristics#compile#compilation_time#all": [
    102.02111101150513
  ], 
  "##characteristics#compile#compilation_time#all_unique": [
    102.02111101150513
  ], 
  "##characteristics#compile#compilation_time#center": 102.02111101150513, 
  "##characteristics#compile#compilation_time#center_imp": 1.0546175588197257, 
  "##characteristics#compile#compilation_time#halfrange": 0.0, 
  "##characteristics#compile#compilation_time#max": 102.02111101150513, 
  "##characteristics#compile#compilation_time#mean": 102.02111101150513, 
  "##characteristics#compile#compilation_time#mean_imp": 1.0546175588197257, 
  "##characteristics#compile#compilation_time#min": 102.02111101150513, 
  "##characteristics#compile#compilation_time#min_imp": 1.0546175588197257, 
  "##characteristics#compile#compilation_time#range": 0.0, 
  "##characteristics#compile#compilation_time#range_percent": 0.0, 
  "##characteristics#compile#compilation_time#repeats": 1, 
  "##characteristics#compile#compilation_time_with_module#all": [
    106.91188597679138
  ], 
  "##characteristics#compile#compilation_time_with_module#all_unique": [
    106.91188597679138
  ], 
  "##characteristics#compile#compilation_time_with_module#center": 106.91188597679138, 
  "##characteristics#compile#compilation_time_with_module#center_imp": 1.051427246984274, 
  "##characteristics#compile#compilation_time_with_module#halfrange": 0.0, 
  "##characteristics#compile#compilation_time_with_module#max": 106.91188597679138, 
  "##characteristics#compile#compilation_time_with_module#mean": 106.91188597679138, 
  "##characteristics#compile#compilation_time_with_module#mean_imp": 1.051427246984274, 
  "##characteristics#compile#compilation_time_with_module#min": 106.91188597679138, 
  "##characteristics#compile#compilation_time_with_module#min_imp": 1.051427246984274, 
  "##characteristics#compile#compilation_time_with_module#range": 0.0, 
  "##characteristics#compile#compilation_time_with_module#range_percent": 0.0, 
  "##characteristics#compile#compilation_time_with_module#repeats": 1, 
  "##characteristics#compile#joined_compiler_flags#all": [
    "-O3 -fira-algorithm=priority -fno-compare-elim -fno-defer-pop -fdevirtualize-speculatively -fforward-propagate -fno-isolate-erroneous-paths-dereference -floop-parallelize-all -fno-sched-pressure -fsched-spec-insn-heuristic -fno-selective-scheduling -ftree-builtin-call-dce -ftree-tail-merge -fno-unsafe-math-optimizations"
  ], 
  "##characteristics#compile#joined_compiler_flags#all_unique": [
    "-O3 -fira-algorithm=priority -fno-compare-elim -fno-defer-pop -fdevirtualize-speculatively -fforward-propagate -fno-isolate-erroneous-paths-dereference -floop-parallelize-all -fno-sched-pressure -fsched-spec-insn-heuristic -fno-selective-scheduling -ftree-builtin-call-dce -ftree-tail-merge -fno-unsafe-math-optimizations"
  ], 
  "##characteristics#compile#joined_compiler_flags#min": "-O3 -fira-algorithm=priority -fno-compare-elim -fno-defer-pop -fdevirtualize-speculatively -fforward-propagate -fno-isolate-erroneous-paths-dereference -floop-parallelize-all -fno-sched-pressure -fsched-spec-insn-heuristic -fno-selective-scheduling -ftree-builtin-call-dce -ftree-tail-merge -fno-unsafe-math-optimizations", 
  "##characteristics#compile#joined_compiler_flags#min_imp": 0, 
  "##characteristics#compile#joined_compiler_flags#repeats": 1, 
  "##characteristics#compile#md5_sum#all": [
    "0e7cbad2d15e9637db423a513629ad0e"
  ], 
  "##characteristics#compile#md5_sum#all_unique": [
    "0e7cbad2d15e9637db423a513629ad0e"
  ], 
  "##characteristics#compile#md5_sum#min": "0e7cbad2d15e9637db423a513629ad0e", 
  "##characteristics#compile#md5_sum#min_imp": 0, 
  "##characteristics#compile#md5_sum#repeats": 1, 
  "##characteristics#compile#obj_size#all": [
    114096
  ], 
  "##characteristics#compile#obj_size#all_unique": [
    114096
  ], 
  "##characteristics#compile#obj_size#center": 114096, 
  "##characteristics#compile#obj_size#center_imp": 0.9995793016407236, 
  "##characteristics#compile#obj_size#halfrange": 0, 
  "##characteristics#compile#obj_size#max": 114096, 
  "##characteristics#compile#obj_size#mean": 114096.0, 
  "##characteristics#compile#obj_size#mean_imp": 0.9995793016407236, 
  "##characteristics#compile#obj_size#min": 114096, 
  "##characteristics#compile#obj_size#min_imp": 0.9995793016407236, 
  "##characteristics#compile#obj_size#range": 0, 
  "##characteristics#compile#obj_size#range_percent": 0, 
  "##characteristics#compile#obj_size#repeats": 1, 
  "##characteristics#compile#obj_sizes#adler32.o#all": [
    2444
  ], 
  "##characteristics#compile#obj_sizes#adler32.o#all_unique": [
    2444
  ], 
  "##characteristics#compile#obj_sizes#adler32.o#center": 2444, 
  "##characteristics#compile#obj_sizes#adler32.o#center_imp": 0.9918166939443536, 
  "##characteristics#compile#obj_sizes#adler32.o#halfrange": 0, 
  "##characteristics#compile#obj_sizes#adler32.o#max": 2444, 
  "##characteristics#compile#obj_sizes#adler32.o#mean": 2444.0, 
  "##characteristics#compile#obj_sizes#adler32.o#mean_imp": 0.9918166939443536, 
  "##characteristics#compile#obj_sizes#adler32.o#min": 2444, 
  "##characteristics#compile#obj_sizes#adler32.o#min_imp": 0.9918166939443536, 
  "##characteristics#compile#obj_sizes#adler32.o#range": 0, 
  "##characteristics#compile#obj_sizes#adler32.o#range_percent": 0, 
  "##characteristics#compile#obj_sizes#adler32.o#repeats": 1, 
  "##characteristics#compile#obj_sizes#compress.o#all": [
    1560
  ], 
  "##characteristics#compile#obj_sizes#compress.o#all_unique": [
    1560
  ], 
  "##characteristics#compile#obj_sizes#compress.o#center": 1560, 
  "##characteristics#compile#obj_sizes#compress.o#center_imp": 1.005128205128205, 
  "##characteristics#compile#obj_sizes#compress.o#halfrange": 0, 
  "##characteristics#compile#obj_sizes#compress.o#max": 1560, 
  "##characteristics#compile#obj_sizes#compress.o#mean": 1560.0, 
  "##characteristics#compile#obj_sizes#compress.o#mean_imp": 1.005128205128205, 
  "##characteristics#compile#obj_sizes#compress.o#min": 1560, 
  "##characteristics#compile#obj_sizes#compress.o#min_imp": 1.005128205128205, 
  "##characteristics#compile#obj_sizes#compress.o#range": 0, 
  "##characteristics#compile#obj_sizes#compress.o#range_percent": 0, 
  "##characteristics#compile#obj_sizes#compress.o#repeats": 1, 
  "##characteristics#compile#obj_sizes#crc32.o#all": [
    10812
  ], 
  "##characteristics#compile#obj_sizes#crc32.o#all_unique": [
    10812
  ], 
  "##characteristics#compile#obj_sizes#crc32.o#center": 10812, 
  "##characteristics#compile#obj_sizes#crc32.o#center_imp": 1.005919348871624, 
  "##characteristics#compile#obj_sizes#crc32.o#halfrange": 0, 
  "##characteristics#compile#obj_sizes#crc32.o#max": 10812, 
  "##characteristics#compile#obj_sizes#crc32.o#mean": 10812.0, 
  "##characteristics#compile#obj_sizes#crc32.o#mean_imp": 1.005919348871624, 
  "##characteristics#compile#obj_sizes#crc32.o#min": 10812, 
  "##characteristics#compile#obj_sizes#crc32.o#min_imp": 1.005919348871624, 
  "##characteristics#compile#obj_sizes#crc32.o#range": 0, 
  "##characteristics#compile#obj_sizes#crc32.o#range_percent": 0, 
  "##characteristics#compile#obj_sizes#crc32.o#repeats": 1, 
  "##characteristics#compile#obj_sizes#ctuning-rtl.o#all": [
    3836
  ], 
  "##characteristics#compile#obj_sizes#ctuning-rtl.o#all_unique": [
    3836
  ], 
  "##characteristics#compile#obj_sizes#ctuning-rtl.o#center": 3836, 
  "##characteristics#compile#obj_sizes#ctuning-rtl.o#center_imp": 1.0, 
  "##characteristics#compile#obj_sizes#ctuning-rtl.o#halfrange": 0, 
  "##characteristics#compile#obj_sizes#ctuning-rtl.o#max": 3836, 
  "##characteristics#compile#obj_sizes#ctuning-rtl.o#mean": 3836.0, 
  "##characteristics#compile#obj_sizes#ctuning-rtl.o#mean_imp": 1.0, 
  "##characteristics#compile#obj_sizes#ctuning-rtl.o#min": 3836, 
  "##characteristics#compile#obj_sizes#ctuning-rtl.o#min_imp": 1.0, 
  "##characteristics#compile#obj_sizes#ctuning-rtl.o#range": 0, 
  "##characteristics#compile#obj_sizes#ctuning-rtl.o#range_percent": 0, 
  "##characteristics#compile#obj_sizes#ctuning-rtl.o#repeats": 1, 
  "##characteristics#compile#obj_sizes#deflate.o#all": [
    19864
  ], 
  "##characteristics#compile#obj_sizes#deflate.o#all_unique": [
    19864
  ], 
  "##characteristics#compile#obj_sizes#deflate.o#center": 19864, 
  "##characteristics#compile#obj_sizes#deflate.o#center_imp": 1.0155054369714056, 
  "##characteristics#compile#obj_sizes#deflate.o#halfrange": 0, 
  "##characteristics#compile#obj_sizes#deflate.o#max": 19864, 
  "##characteristics#compile#obj_sizes#deflate.o#mean": 19864.0, 
  "##characteristics#compile#obj_sizes#deflate.o#mean_imp": 1.0155054369714056, 
  "##characteristics#compile#obj_sizes#deflate.o#min": 19864, 
  "##characteristics#compile#obj_sizes#deflate.o#min_imp": 1.0155054369714056, 
  "##characteristics#compile#obj_sizes#deflate.o#range": 0, 
  "##characteristics#compile#obj_sizes#deflate.o#range_percent": 0, 
  "##characteristics#compile#obj_sizes#deflate.o#repeats": 1, 
  "##characteristics#compile#obj_sizes#gzclose.o#all": [
    980
  ], 
  "##characteristics#compile#obj_sizes#gzclose.o#all_unique": [
    980
  ], 
  "##characteristics#compile#obj_sizes#gzclose.o#center": 980, 
  "##characteristics#compile#obj_sizes#gzclose.o#center_imp": 1.0, 
  "##characteristics#compile#obj_sizes#gzclose.o#halfrange": 0, 
  "##characteristics#compile#obj_sizes#gzclose.o#max": 980, 
  "##characteristics#compile#obj_sizes#gzclose.o#mean": 980.0, 
  "##characteristics#compile#obj_sizes#gzclose.o#mean_imp": 1.0, 
  "##characteristics#compile#obj_sizes#gzclose.o#min": 980, 
  "##characteristics#compile#obj_sizes#gzclose.o#min_imp": 1.0, 
  "##characteristics#compile#obj_sizes#gzclose.o#range": 0, 
  "##characteristics#compile#obj_sizes#gzclose.o#range_percent": 0, 
  "##characteristics#compile#obj_sizes#gzclose.o#repeats": 1, 
  "##characteristics#compile#obj_sizes#gzlib.o#all": [
    6308
  ], 
  "##characteristics#compile#obj_sizes#gzlib.o#all_unique": [
    6308
  ], 
  "##characteristics#compile#obj_sizes#gzlib.o#center": 6308, 
  "##characteristics#compile#obj_sizes#gzlib.o#center_imp": 0.9987317691819911, 
  "##characteristics#compile#obj_sizes#gzlib.o#halfrange": 0, 
  "##characteristics#compile#obj_sizes#gzlib.o#max": 6308, 
  "##characteristics#compile#obj_sizes#gzlib.o#mean": 6308.0, 
  "##characteristics#compile#obj_sizes#gzlib.o#mean_imp": 0.9987317691819911, 
  "##characteristics#compile#obj_sizes#gzlib.o#min": 6308, 
  "##characteristics#compile#obj_sizes#gzlib.o#min_imp": 0.9987317691819911, 
  "##characteristics#compile#obj_sizes#gzlib.o#range": 0, 
  "##characteristics#compile#obj_sizes#gzlib.o#range_percent": 0, 
  "##characteristics#compile#obj_sizes#gzlib.o#repeats": 1, 
  "##characteristics#compile#obj_sizes#gzread.o#all": [
    5792
  ], 
  "##characteristics#compile#obj_sizes#gzread.o#all_unique": [
    5792
  ], 
  "##characteristics#compile#obj_sizes#gzread.o#center": 5792, 
  "##characteristics#compile#obj_sizes#gzread.o#center_imp": 0.9972375690607734, 
  "##characteristics#compile#obj_sizes#gzread.o#halfrange": 0, 
  "##characteristics#compile#obj_sizes#gzread.o#max": 5792, 
  "##characteristics#compile#obj_sizes#gzread.o#mean": 5792.0, 
  "##characteristics#compile#obj_sizes#gzread.o#mean_imp": 0.9972375690607734, 
  "##characteristics#compile#obj_sizes#gzread.o#min": 5792, 
  "##characteristics#compile#obj_sizes#gzread.o#min_imp": 0.9972375690607734, 
  "##characteristics#compile#obj_sizes#gzread.o#range": 0, 
  "##characteristics#compile#obj_sizes#gzread.o#range_percent": 0, 
  "##characteristics#compile#obj_sizes#gzread.o#repeats": 1, 
  "##characteristics#compile#obj_sizes#gzwrite.o#all": [
    10264
  ], 
  "##characteristics#compile#obj_sizes#gzwrite.o#all_unique": [
    10264
  ], 
  "##characteristics#compile#obj_sizes#gzwrite.o#center": 10264, 
  "##characteristics#compile#obj_sizes#gzwrite.o#center_imp": 1.0, 
  "##characteristics#compile#obj_sizes#gzwrite.o#halfrange": 0, 
  "##characteristics#compile#obj_sizes#gzwrite.o#max": 10264, 
  "##characteristics#compile#obj_sizes#gzwrite.o#mean": 10264.0, 
  "##characteristics#compile#obj_sizes#gzwrite.o#mean_imp": 1.0, 
  "##characteristics#compile#obj_sizes#gzwrite.o#min": 10264, 
  "##characteristics#compile#obj_sizes#gzwrite.o#min_imp": 1.0, 
  "##characteristics#compile#obj_sizes#gzwrite.o#range": 0, 
  "##characteristics#compile#obj_sizes#gzwrite.o#range_percent": 0, 
  "##characteristics#compile#obj_sizes#gzwrite.o#repeats": 1, 
  "##characteristics#compile#obj_sizes#infback.o#all": [
    9640
  ], 
  "##characteristics#compile#obj_sizes#infback.o#all_unique": [
    9640
  ], 
  "##characteristics#compile#obj_sizes#infback.o#center": 9640, 
  "##characteristics#compile#obj_sizes#infback.o#center_imp": 0.9929460580912863, 
  "##characteristics#compile#obj_sizes#infback.o#halfrange": 0, 
  "##characteristics#compile#obj_sizes#infback.o#max": 9640, 
  "##characteristics#compile#obj_sizes#infback.o#mean": 9640.0, 
  "##characteristics#compile#obj_sizes#infback.o#mean_imp": 0.9929460580912863, 
  "##characteristics#compile#obj_sizes#infback.o#min": 9640, 
  "##characteristics#compile#obj_sizes#infback.o#min_imp": 0.9929460580912863, 
  "##characteristics#compile#obj_sizes#infback.o#range": 0, 
  "##characteristics#compile#obj_sizes#infback.o#range_percent": 0, 
  "##characteristics#compile#obj_sizes#infback.o#repeats": 1, 
  "##characteristics#compile#obj_sizes#inffast.o#all": [
    3856
  ], 
  "##characteristics#compile#obj_sizes#inffast.o#all_unique": [
    3856
  ], 
  "##characteristics#compile#obj_sizes#inffast.o#center": 3856, 
  "##characteristics#compile#obj_sizes#inffast.o#center_imp": 1.0363070539419088, 
  "##characteristics#compile#obj_sizes#inffast.o#halfrange": 0, 
  "##characteristics#compile#obj_sizes#inffast.o#max": 3856, 
  "##characteristics#compile#obj_sizes#inffast.o#mean": 3856.0, 
  "##characteristics#compile#obj_sizes#inffast.o#mean_imp": 1.0363070539419088, 
  "##characteristics#compile#obj_sizes#inffast.o#min": 3856, 
  "##characteristics#compile#obj_sizes#inffast.o#min_imp": 1.0363070539419088, 
  "##characteristics#compile#obj_sizes#inffast.o#range": 0, 
  "##characteristics#compile#obj_sizes#inffast.o#range_percent": 0, 
  "##characteristics#compile#obj_sizes#inffast.o#repeats": 1, 
  "##characteristics#compile#obj_sizes#inflate.o#all": [
    16964
  ], 
  "##characteristics#compile#obj_sizes#inflate.o#all_unique": [
    16964
  ], 
  "##characteristics#compile#obj_sizes#inflate.o#center": 16964, 
  "##characteristics#compile#obj_sizes#inflate.o#center_imp": 0.9879745343079462, 
  "##characteristics#compile#obj_sizes#inflate.o#halfrange": 0, 
  "##characteristics#compile#obj_sizes#inflate.o#max": 16964, 
  "##characteristics#compile#obj_sizes#inflate.o#mean": 16964.0, 
  "##characteristics#compile#obj_sizes#inflate.o#mean_imp": 0.9879745343079462, 
  "##characteristics#compile#obj_sizes#inflate.o#min": 16964, 
  "##characteristics#compile#obj_sizes#inflate.o#min_imp": 0.9879745343079462, 
  "##characteristics#compile#obj_sizes#inflate.o#range": 0, 
  "##characteristics#compile#obj_sizes#inflate.o#range_percent": 0, 
  "##characteristics#compile#obj_sizes#inflate.o#repeats": 1, 
  "##characteristics#compile#obj_sizes#inftrees.o#all": [
    4416
  ], 
  "##characteristics#compile#obj_sizes#inftrees.o#all_unique": [
    4416
  ], 
  "##characteristics#compile#obj_sizes#inftrees.o#center": 4416, 
  "##characteristics#compile#obj_sizes#inftrees.o#center_imp": 1.0009057971014492, 
  "##characteristics#compile#obj_sizes#inftrees.o#halfrange": 0, 
  "##characteristics#compile#obj_sizes#inftrees.o#max": 4416, 
  "##characteristics#compile#obj_sizes#inftrees.o#mean": 4416.0, 
  "##characteristics#compile#obj_sizes#inftrees.o#mean_imp": 1.0009057971014492, 
  "##characteristics#compile#obj_sizes#inftrees.o#min": 4416, 
  "##characteristics#compile#obj_sizes#inftrees.o#min_imp": 1.0009057971014492, 
  "##characteristics#compile#obj_sizes#inftrees.o#range": 0, 
  "##characteristics#compile#obj_sizes#inftrees.o#range_percent": 0, 
  "##characteristics#compile#obj_sizes#inftrees.o#repeats": 1, 
  "##characteristics#compile#obj_sizes#trees.o#all": [
    14444
  ], 
  "##characteristics#compile#obj_sizes#trees.o#all_unique": [
    14444
  ], 
  "##characteristics#compile#obj_sizes#trees.o#center": 14444, 
  "##characteristics#compile#obj_sizes#trees.o#center_imp": 0.9819994461368042, 
  "##characteristics#compile#obj_sizes#trees.o#halfrange": 0, 
  "##characteristics#compile#obj_sizes#trees.o#max": 14444, 
  "##characteristics#compile#obj_sizes#trees.o#mean": 14444.0, 
  "##characteristics#compile#obj_sizes#trees.o#mean_imp": 0.9819994461368042, 
  "##characteristics#compile#obj_sizes#trees.o#min": 14444, 
  "##characteristics#compile#obj_sizes#trees.o#min_imp": 0.9819994461368042, 
  "##characteristics#compile#obj_sizes#trees.o#range": 0, 
  "##characteristics#compile#obj_sizes#trees.o#range_percent": 0, 
  "##characteristics#compile#obj_sizes#trees.o#repeats": 1, 
  "##characteristics#compile#obj_sizes#uncompr.o#all": [
    1268
  ], 
  "##characteristics#compile#obj_sizes#uncompr.o#all_unique": [
    1268
  ], 
  "##characteristics#compile#obj_sizes#uncompr.o#center": 1268, 
  "##characteristics#compile#obj_sizes#uncompr.o#center_imp": 1.003154574132492, 
  "##characteristics#compile#obj_sizes#uncompr.o#halfrange": 0, 
  "##characteristics#compile#obj_sizes#uncompr.o#max": 1268, 
  "##characteristics#compile#obj_sizes#uncompr.o#mean": 1268.0, 
  "##characteristics#compile#obj_sizes#uncompr.o#mean_imp": 1.003154574132492, 
  "##characteristics#compile#obj_sizes#uncompr.o#min": 1268, 
  "##characteristics#compile#obj_sizes#uncompr.o#min_imp": 1.003154574132492, 
  "##characteristics#compile#obj_sizes#uncompr.o#range": 0, 
  "##characteristics#compile#obj_sizes#uncompr.o#range_percent": 0, 
  "##characteristics#compile#obj_sizes#uncompr.o#repeats": 1, 
  "##characteristics#compile#obj_sizes#zutil.o#all": [
    1648
  ], 
  "##characteristics#compile#obj_sizes#zutil.o#all_unique": [
    1648
  ], 
  "##characteristics#compile#obj_sizes#zutil.o#center": 1648, 
  "##characteristics#compile#obj_sizes#zutil.o#center_imp": 1.0, 
  "##characteristics#compile#obj_sizes#zutil.o#halfrange": 0, 
  "##characteristics#compile#obj_sizes#zutil.o#max": 1648, 
  "##characteristics#compile#obj_sizes#zutil.o#mean": 1648.0, 
  "##characteristics#compile#obj_sizes#zutil.o#mean_imp": 1.0, 
  "##characteristics#compile#obj_sizes#zutil.o#min": 1648, 
  "##characteristics#compile#obj_sizes#zutil.o#min_imp": 1.0, 
  "##characteristics#compile#obj_sizes#zutil.o#range": 0, 
  "##characteristics#compile#obj_sizes#zutil.o#range_percent": 0, 
  "##characteristics#compile#obj_sizes#zutil.o#repeats": 1, 
  "##characteristics#compile#program_git_hash#all": [
    "f3b3ffe43b24039767a39c7f85ab4b768684a65b"
  ], 
  "##characteristics#compile#program_git_hash#all_unique": [
    "f3b3ffe43b24039767a39c7f85ab4b768684a65b"
  ], 
  "##characteristics#compile#program_git_hash#min": "f3b3ffe43b24039767a39c7f85ab4b768684a65b", 
  "##characteristics#compile#program_git_hash#min_imp": 0, 
  "##characteristics#compile#program_git_hash#repeats": 1, 
  "##characteristics#run#execution_time#all": [
    0.015720806138933764, 
    0.015669956381260095, 
    0.015895930533117934, 
    0.015660303715670437
  ], 
  "##characteristics#run#execution_time#all_unique": [
    0.015720806138933764, 
    0.015669956381260095, 
    0.015895930533117934, 
    0.015660303715670437
  ], 
  "##characteristics#run#execution_time#center": 0.015778117124394184, 
  "##characteristics#run#execution_time#center_imp": 1.0295843883901084, 
  "##characteristics#run#execution_time#halfrange": 0.00011781340872374889, 
  "##characteristics#run#execution_time#max": 0.015895930533117934, 
  "##characteristics#run#execution_time#mean": 0.015736749192245558, 
  "##characteristics#run#execution_time#mean_imp": 1.0327098796944094, 
  "##characteristics#run#execution_time#min": 0.015660303715670437, 
  "##characteristics#run#execution_time#min_imp": 1.032605928286826, 
  "##characteristics#run#execution_time#range": 0.00023562681744749778, 
  "##characteristics#run#execution_time#range_percent": 0.015046120543097672, 
  "##characteristics#run#execution_time#repeats": 4, 
  "##characteristics#run#execution_time_kernel_0#all": [
    9.731179, 
    9.699703, 
    9.839581, 
    9.693728
  ], 
  "##characteristics#run#execution_time_kernel_0#all_unique": [
    9.731179, 
    9.699703, 
    9.839581, 
    9.693728
  ], 
  "##characteristics#run#execution_time_kernel_0#center": 9.766654500000001, 
  "##characteristics#run#execution_time_kernel_0#center_imp": 1.0295843883901084, 
  "##characteristics#run#execution_time_kernel_0#halfrange": 0.07292650000000034, 
  "##characteristics#run#execution_time_kernel_0#max": 9.839581, 
  "##characteristics#run#execution_time_kernel_0#mean": 9.74104775, 
  "##characteristics#run#execution_time_kernel_0#mean_imp": 1.0327098796944096, 
  "##characteristics#run#execution_time_kernel_0#min": 9.693728, 
  "##characteristics#run#execution_time_kernel_0#min_imp": 1.0326059282868263, 
  "##characteristics#run#execution_time_kernel_0#range": 0.14585300000000068, 
  "##characteristics#run#execution_time_kernel_0#range_percent": 0.015046120543097627, 
  "##characteristics#run#execution_time_kernel_0#repeats": 4, 
  "##characteristics#run#execution_time_with_module#all": [
    10.450326919555664, 
    10.428427934646606, 
    10.562435150146484, 
    10.425922870635986
  ], 
  "##characteristics#run#execution_time_with_module#all_unique": [
    10.450326919555664, 
    10.428427934646606, 
    10.562435150146484, 
    10.425922870635986
  ], 
  "##characteristics#run#execution_time_with_module#center": 10.494179010391235, 
  "##characteristics#run#execution_time_with_module#center_imp": 1.2539586430565568, 
  "##characteristics#run#execution_time_with_module#halfrange": 0.06825613975524902, 
  "##characteristics#run#execution_time_with_module#max": 10.562435150146484, 
  "##characteristics#run#execution_time_with_module#mean": 10.466778218746185, 
  "##characteristics#run#execution_time_with_module#mean_imp": 1.1441871805681847, 
  "##characteristics#run#execution_time_with_module#min": 10.425922870635986, 
  "##characteristics#run#execution_time_with_module#min_imp": 1.0291952181468387, 
  "##characteristics#run#execution_time_with_module#range": 0.13651227951049805, 
  "##characteristics#run#execution_time_with_module#range_percent": 0.013093543967697772, 
  "##characteristics#run#execution_time_with_module#repeats": 4, 
  "##characteristics#run#repeat#all": [
    619, 
    619, 
    619, 
    619
  ], 
  "##characteristics#run#repeat#all_unique": [
    619
  ], 
  "##characteristics#run#repeat#center": 619, 
  "##characteristics#run#repeat#center_imp": 1.0, 
  "##characteristics#run#repeat#halfrange": 0, 
  "##characteristics#run#repeat#max": 619, 
  "##characteristics#run#repeat#mean": 619.0, 
  "##characteristics#run#repeat#mean_imp": 1.0, 
  "##characteristics#run#repeat#min": 619, 
  "##characteristics#run#repeat#min_imp": 1.0, 
  "##characteristics#run#repeat#range": 0, 
  "##characteristics#run#repeat#range_percent": 0, 
  "##characteristics#run#repeat#repeats": 4, 
  "##characteristics#run#return_code#all": [
    0, 
    0, 
    0, 
    0
  ], 
  "##characteristics#run#return_code#all_unique": [
    0
  ], 
  "##characteristics#run#return_code#center": 0, 
  "##characteristics#run#return_code#halfrange": 0, 
  "##characteristics#run#return_code#max": 0, 
  "##characteristics#run#return_code#mean": 0.0, 
  "##characteristics#run#return_code#min": 0, 
  "##characteristics#run#return_code#min_imp": 1, 
  "##characteristics#run#return_code#range": 0, 
  "##characteristics#run#return_code#repeats": 4, 
  "##characteristics#run#run_success#all": [
    "yes", 
    "yes", 
    "yes", 
    "yes"
  ], 
  "##characteristics#run#run_success#all_unique": [
    "yes"
  ], 
  "##characteristics#run#run_success#min": "yes", 
  "##characteristics#run#run_success#min_imp": 1, 
  "##characteristics#run#run_success#repeats": 4, 
  "##characteristics#run#run_success_bool#all": [
    true, 
    true, 
    true, 
    true
  ], 
  "##characteristics#run#run_success_bool#all_unique": [
    true
  ], 
  "##characteristics#run#run_success_bool#min": true, 
  "##characteristics#run#run_success_bool#min_imp": 1, 
  "##characteristics#run#run_success_bool#repeats": 4, 
  "##characteristics#run#total_execution_time#all": [
    9.731179, 
    9.699703, 
    9.839581, 
    9.693728
  ], 
  "##characteristics#run#total_execution_time#all_unique": [
    9.731179, 
    9.699703, 
    9.839581, 
    9.693728
  ], 
  "##characteristics#run#total_execution_time#center": 9.766654500000001, 
  "##characteristics#run#total_execution_time#center_imp": 1.0295843883901084, 
  "##characteristics#run#total_execution_time#halfrange": 0.07292650000000034, 
  "##characteristics#run#total_execution_time#max": 9.839581, 
  "##characteristics#run#total_execution_time#mean": 9.74104775, 
  "##characteristics#run#total_execution_time#mean_imp": 1.0327098796944096, 
  "##characteristics#run#total_execution_time#min": 9.693728, 
  "##characteristics#run#total_execution_time#min_imp": 1.0326059282868263, 
  "##characteristics#run#total_execution_time#range": 0.14585300000000068, 
  "##characteristics#run#total_execution_time#range_percent": 0.015046120543097627, 
  "##characteristics#run#total_execution_time#repeats": 4
}
