{
  "characteristics_list": [
    {
      "compile": {
        "binary_size": 108516, 
        "compilation_success": "yes", 
        "compilation_success_bool": true, 
        "compilation_time": 108.90016412734985, 
        "compilation_time_with_module": 113.80084705352783, 
        "joined_compiler_flags": "-O3 -fira-algorithm=priority -fassociative-math -fbranch-count-reg -fno-crossjumping -fno-cse-skip-blocks -fno-cx-fortran-rules -fno-devirtualize -ffat-lto-objects -ffinite-math-only -fno-gcse-after-reload -fgraphite-identity -fisolate-erroneous-paths-attribute -fno-prefetch-loop-arrays -fno-reschedule-modulo-scheduled-loops -fsched-interblock -fno-selective-scheduling -fsplit-wide-types -fno-strict-aliasing -ftree-loop-ivcanon -fno-tree-sink -fno-tree-slsr -ftree-vectorize -ftree-vrp -funit-at-a-time -fvariable-expansion-in-unroller -fvect-cost-model", 
        "md5_sum": "32b10e5f568861b7873c872042351a6a", 
        "obj_size": 122404, 
        "obj_sizes": {
          "adler32.o": 2424, 
          "compress.o": 1568, 
          "crc32.o": 10812, 
          "ctuning-rtl.o": 3844, 
          "deflate.o": 25560, 
          "gzclose.o": 980, 
          "gzlib.o": 6440, 
          "gzread.o": 5928, 
          "gzwrite.o": 11172, 
          "infback.o": 9672, 
          "inffast.o": 3936, 
          "inflate.o": 17528, 
          "inftrees.o": 4740, 
          "trees.o": 14880, 
          "uncompr.o": 1272, 
          "zutil.o": 1648
        }, 
        "program_git_hash": "f3b3ffe43b24039767a39c7f85ab4b768684a65b"
      }, 
      "run": {
        "execution_time": 0.01621407915993538, 
        "execution_time_kernel_0": 10.036515, 
        "execution_time_with_module": 10.755781888961792, 
        "repeat": 619, 
        "return_code": 0, 
        "run_success": "yes", 
        "run_success_bool": true, 
        "total_execution_time": 10.036515
      }
    }, 
    {
      "run": {
        "execution_time": 0.016255342487883684, 
        "execution_time_kernel_0": 10.062057, 
        "execution_time_with_module": 10.792335033416748, 
        "repeat": 619, 
        "return_code": 0, 
        "run_success": "yes", 
        "run_success_bool": true, 
        "total_execution_time": 10.062057
      }
    }, 
    {
      "run": {
        "execution_time": 0.016102171243941844, 
        "execution_time_kernel_0": 9.967244, 
        "execution_time_with_module": 11.065284013748169, 
        "repeat": 619, 
        "return_code": 0, 
        "run_success": "yes", 
        "run_success_bool": true, 
        "total_execution_time": 9.967244
      }
    }, 
    {
      "run": {
        "execution_time": 0.016177922455573507, 
        "execution_time_kernel_0": 10.014134, 
        "execution_time_with_module": 10.736018896102905, 
        "repeat": 619, 
        "return_code": 0, 
        "run_success": "yes", 
        "run_success_bool": true, 
        "total_execution_time": 10.014134
      }
    }
  ], 
  "choices": {
    "calibration_time": 10.0, 
    "cmd_key": "decode", 
    "compile_type": "dynamic", 
    "compiler_description_uoa": "gcc-4.9.0-auto", 
    "compiler_flags": {
      "base_opt": "-O3", 
      "bool--fira-algorithm=": "-fira-algorithm=priority", 
      "bool-associative-math": "-fassociative-math", 
      "bool-branch-count-reg": "-fbranch-count-reg", 
      "bool-crossjumping": "-fno-crossjumping", 
      "bool-cse-skip-blocks": "-fno-cse-skip-blocks", 
      "bool-cx-fortran-rules": "-fno-cx-fortran-rules", 
      "bool-devirtualize": "-fno-devirtualize", 
      "bool-fat-lto-objects": "-ffat-lto-objects", 
      "bool-finite-math-only": "-ffinite-math-only", 
      "bool-gcse-after-reload": "-fno-gcse-after-reload", 
      "bool-graphite-identity": "-fgraphite-identity", 
      "bool-isolate-erroneous-paths-attribute": "-fisolate-erroneous-paths-attribute", 
      "bool-prefetch-loop-arrays": "-fno-prefetch-loop-arrays", 
      "bool-reschedule-modulo-scheduled-loops": "-fno-reschedule-modulo-scheduled-loops", 
      "bool-sched-interblock": "-fsched-interblock", 
      "bool-selective-scheduling": "-fno-selective-scheduling", 
      "bool-split-wide-types": "-fsplit-wide-types", 
      "bool-strict-aliasing": "-fno-strict-aliasing", 
      "bool-tree-loop-ivcanon": "-ftree-loop-ivcanon", 
      "bool-tree-sink": "-fno-tree-sink", 
      "bool-tree-slsr": "-fno-tree-slsr", 
      "bool-tree-vectorize": "-ftree-vectorize", 
      "bool-tree-vrp": "-ftree-vrp", 
      "bool-unit-at-a-time": "-funit-at-a-time", 
      "bool-variable-expansion-in-unroller": "-fvariable-expansion-in-unroller", 
      "bool-vect-cost-model": "-fvect-cost-model"
    }, 
    "data_uoa": "zlib-inflate", 
    "dataset_file": "audio-wav-0001-deflated", 
    "dataset_uoa": "audio-wav-0001-deflated", 
    "device_cfg": {}, 
    "device_id": "", 
    "host_os": "linux-32", 
    "module_uoa": "b0ac08fe1d3c2615", 
    "no_state_check": "yes", 
    "program_tags": "", 
    "repeat": 619, 
    "target": "", 
    "target_os": "linux-32", 
    "target_os_bits": "32"
  }, 
  "choices_order": [
    "##compiler_flags#base_opt", 
    "##compiler_flags#bool--fira-algorithm=", 
    "##compiler_flags#bool-associative-math", 
    "##compiler_flags#bool-branch-count-reg", 
    "##compiler_flags#bool-crossjumping", 
    "##compiler_flags#bool-cse-skip-blocks", 
    "##compiler_flags#bool-cx-fortran-rules", 
    "##compiler_flags#bool-devirtualize", 
    "##compiler_flags#bool-fat-lto-objects", 
    "##compiler_flags#bool-finite-math-only", 
    "##compiler_flags#bool-gcse-after-reload", 
    "##compiler_flags#bool-graphite-identity", 
    "##compiler_flags#bool-isolate-erroneous-paths-attribute", 
    "##compiler_flags#bool-prefetch-loop-arrays", 
    "##compiler_flags#bool-reschedule-modulo-scheduled-loops", 
    "##compiler_flags#bool-sched-interblock", 
    "##compiler_flags#bool-selective-scheduling", 
    "##compiler_flags#bool-split-wide-types", 
    "##compiler_flags#bool-strict-aliasing", 
    "##compiler_flags#bool-tree-loop-ivcanon", 
    "##compiler_flags#bool-tree-sink", 
    "##compiler_flags#bool-tree-slsr", 
    "##compiler_flags#bool-tree-vectorize", 
    "##compiler_flags#bool-tree-vrp", 
    "##compiler_flags#bool-unit-at-a-time", 
    "##compiler_flags#bool-variable-expansion-in-unroller", 
    "##compiler_flags#bool-vect-cost-model"
  ], 
  "features": {
    "compiler_version": {
      "list": [
        4, 
        9, 
        2
      ], 
      "raw": [
        "gcc-4.9 (Raspbian 4.9.2-10) 4.9.2", 
        "Copyright (C) 2014 Free Software Foundation, Inc.", 
        "This is free software; see the source for copying conditions.  There is NO", 
        "warranty; not even for MERCHANTABILITY or FITNESS FOR A PARTICULAR PURPOSE.", 
        "", 
        ""
      ], 
      "str": "4.9.2"
    }, 
    "dataset": {
      "total_size": 116960
    }, 
    "number_of_selected_compiler_flags": 27, 
    "platform": {
      "cpu": {
        "all_freqs": {
          "0": [
            700000, 
            700000
          ]
        }, 
        "cpu_abi": "", 
        "cpu_features": "half thumb fastmult vfp edsp java tls", 
        "current_freq": {
          "0": 700.0
        }, 
        "max_freq": {
          "0": 700.0
        }, 
        "name": "BCM2708", 
        "num_proc": "1", 
        "sub_name": "ARMv6-compatible processor rev 7 (v6l)", 
        "workload_automation": {
          "device_config": {
            "core_clusters": [
              0
            ], 
            "core_names": [
              "BCM2708"
            ]
          }
        }
      }, 
      "cpu_misc": {
        "0": {
          "BogoMIPS": "697.95", 
          "CPU architecture": "7", 
          "CPU implementer": "0x41", 
          "CPU part": "0xb76", 
          "CPU revision": "7", 
          "CPU variant": "0x0", 
          "Features": "half thumb fastmult vfp edsp java tls", 
          "Hardware": "BCM2708", 
          "Revision": "0013", 
          "Serial": "00000000999033c3", 
          "all_freqs": [
            "0", 
            "0"
          ], 
          "ck_cpu_name": "BCM2708", 
          "ck_cpu_subname": "ARMv6-compatible processor rev 7 (v6l)", 
          "cpu_features": "half thumb fastmult vfp edsp java tls", 
          "cur_freq": 700.0, 
          "max_freq": 700.0, 
          "model name": "ARMv6-compatible processor rev 7 (v6l)", 
          "processor": "0"
        }
      }, 
      "cpu_new_format": "", 
      "cpu_unique": [
        {
          "BogoMIPS": "697.95", 
          "CPU architecture": "7", 
          "CPU implementer": "0x41", 
          "CPU part": "0xb76", 
          "CPU revision": "7", 
          "CPU variant": "0x0", 
          "Features": "half thumb fastmult vfp edsp java tls", 
          "Hardware": "BCM2708", 
          "Revision": "0013", 
          "Serial": "00000000999033c3", 
          "all_freqs": [
            "0", 
            "0"
          ], 
          "ck_cpu_name": "BCM2708", 
          "ck_cpu_subname": "ARMv6-compatible processor rev 7 (v6l)", 
          "cpu_features": "half thumb fastmult vfp edsp java tls", 
          "cur_freq": 700.0, 
          "max_freq": 700.0, 
          "model name": "ARMv6-compatible processor rev 7 (v6l)", 
          "processor": "0"
        }
      ], 
      "gpu": {
        "name": "", 
        "vendor": ""
      }, 
      "gpu_misc": {}, 
      "os": {
        "abi": "armv6l", 
        "bits": "32", 
        "ck_os_base_uoa": "", 
        "ck_os_uoa": "linux-32", 
        "name": "Linux 4.4.21+", 
        "name_long": "Linux-4.4.21+-armv6l-with-debian-8.0", 
        "name_short": "Linux 4.4.21+", 
        "serial_number": ""
      }, 
      "os_misc": {}, 
      "platform": {
        "model": "", 
        "name": "", 
        "vendor": ""
      }, 
      "platform_misc": {}
    }, 
    "solution_uid": "61764d46879edf84", 
    "statistical_repetitions": 4
  }
}
