{
  "##characteristics#compile#binary_size#all": [
    108516
  ], 
  "##characteristics#compile#binary_size#all_unique": [
    108516
  ], 
  "##characteristics#compile#binary_size#center": 108516, 
  "##characteristics#compile#binary_size#center_imp": 0.9286003907257916, 
  "##characteristics#compile#binary_size#halfrange": 0, 
  "##characteristics#compile#binary_size#max": 108516, 
  "##characteristics#compile#binary_size#mean": 108516.0, 
  "##characteristics#compile#binary_size#mean_imp": 0.9286003907257916, 
  "##characteristics#compile#binary_size#min": 108516, 
  "##characteristics#compile#binary_size#min_imp": 0.9286003907257916, 
  "##characteristics#compile#binary_size#range": 0, 
  "##characteristics#compile#binary_size#range_percent": 0, 
  "##characteristics#compile#binary_size#repeats": 1, 
  "##characteristics#compile#compilation_success#all": [
    "yes"
  ], 
  "##characteristics#compile#compilation_success#all_unique": [
    "yes"
  ], 
  "##characteristics#compile#compilation_success#min": "yes", 
  "##characteristics#compile#compilation_success#min_imp": 0, 
  "##characteristics#compile#compilation_success#repeats": 1, 
  "##characteristics#compile#compilation_success_bool#all": [
    true
  ], 
  "##characteristics#compile#compilation_success_bool#all_unique": [
    true
  ], 
  "##characteristics#compile#compilation_success_bool#min": true, 
  "##characteristics#compile#compilation_success_bool#min_imp": 0, 
  "##characteristics#compile#compilation_success_bool#repeats": 1, 
  "##characteristics#compile#compilation_time#all": [
    108.90016412734985
  ], 
  "##characteristics#compile#compilation_time#all_unique": [
    108.90016412734985
  ], 
  "##characteristics#compile#compilation_time#center": 108.90016412734985, 
  "##characteristics#compile#compilation_time#center_imp": 0.9879990163945782, 
  "##characteristics#compile#compilation_time#halfrange": 0.0, 
  "##characteristics#compile#compilation_time#max": 108.90016412734985, 
  "##characteristics#compile#compilation_time#mean": 108.90016412734985, 
  "##characteristics#compile#compilation_time#mean_imp": 0.9879990163945782, 
  "##characteristics#compile#compilation_time#min": 108.90016412734985, 
  "##characteristics#compile#compilation_time#min_imp": 0.9879990163945782, 
  "##characteristics#compile#compilation_time#range": 0.0, 
  "##characteristics#compile#compilation_time#range_percent": 0.0, 
  "##characteristics#compile#compilation_time#repeats": 1, 
  "##characteristics#compile#compilation_time_with_module#all": [
    113.80084705352783
  ], 
  "##characteristics#compile#compilation_time_with_module#all_unique": [
    113.80084705352783
  ], 
  "##characteristics#compile#compilation_time_with_module#center": 113.80084705352783, 
  "##characteristics#compile#compilation_time_with_module#center_imp": 0.9877788509746391, 
  "##characteristics#compile#compilation_time_with_module#halfrange": 0.0, 
  "##characteristics#compile#compilation_time_with_module#max": 113.80084705352783, 
  "##characteristics#compile#compilation_time_with_module#mean": 113.80084705352783, 
  "##characteristics#compile#compilation_time_with_module#mean_imp": 0.9877788509746391, 
  "##characteristics#compile#compilation_time_with_module#min": 113.80084705352783, 
  "##characteristics#compile#compilation_time_with_module#min_imp": 0.9877788509746391, 
  "##characteristics#compile#compilation_time_with_module#range": 0.0, 
  "##characteristics#compile#compilation_time_with_module#range_percent": 0.0, 
  "##characteristics#compile#compilation_time_with_module#repeats": 1, 
  "##characteristics#compile#joined_compiler_flags#all": [
    "-O3 -fira-algorithm=priority -fassociative-math -fbranch-count-reg -fno-crossjumping -fno-cse-skip-blocks -fno-cx-fortran-rules -fno-devirtualize -ffat-lto-objects -ffinite-math-only -fno-gcse-after-reload -fgraphite-identity -fisolate-erroneous-paths-attribute -fno-prefetch-loop-arrays -fno-reschedule-modulo-scheduled-loops -fsched-interblock -fno-selective-scheduling -fsplit-wide-types -fno-strict-aliasing -ftree-loop-ivcanon -fno-tree-sink -fno-tree-slsr -ftree-vectorize -ftree-vrp -funit-at-a-time -fvariable-expansion-in-unroller -fvect-cost-model"
  ], 
  "##characteristics#compile#joined_compiler_flags#all_unique": [
    "-O3 -fira-algorithm=priority -fassociative-math -fbranch-count-reg -fno-crossjumping -fno-cse-skip-blocks -fno-cx-fortran-rules -fno-devirtualize -ffat-lto-objects -ffinite-math-only -fno-gcse-after-reload -fgraphite-identity -fisolate-erroneous-paths-attribute -fno-prefetch-loop-arrays -fno-reschedule-modulo-scheduled-loops -fsched-interblock -fno-selective-scheduling -fsplit-wide-types -fno-strict-aliasing -ftree-loop-ivcanon -fno-tree-sink -fno-tree-slsr -ftree-vectorize -ftree-vrp -funit-at-a-time -fvariable-expansion-in-unroller -fvect-cost-model"
  ], 
  "##characteristics#compile#joined_compiler_flags#min": "-O3 -fira-algorithm=priority -fassociative-math -fbranch-count-reg -fno-crossjumping -fno-cse-skip-blocks -fno-cx-fortran-rules -fno-devirtualize -ffat-lto-objects -ffinite-math-only -fno-gcse-after-reload -fgraphite-identity -fisolate-erroneous-paths-attribute -fno-prefetch-loop-arrays -fno-reschedule-modulo-scheduled-loops -fsched-interblock -fno-selective-scheduling -fsplit-wide-types -fno-strict-aliasing -ftree-loop-ivcanon -fno-tree-sink -fno-tree-slsr -ftree-vectorize -ftree-vrp -funit-at-a-time -fvariable-expansion-in-unroller -fvect-cost-model", 
  "##characteristics#compile#joined_compiler_flags#min_imp": 0, 
  "##characteristics#compile#joined_compiler_flags#repeats": 1, 
  "##characteristics#compile#md5_sum#all": [
    "32b10e5f568861b7873c872042351a6a"
  ], 
  "##characteristics#compile#md5_sum#all_unique": [
    "32b10e5f568861b7873c872042351a6a"
  ], 
  "##characteristics#compile#md5_sum#min": "32b10e5f568861b7873c872042351a6a", 
  "##characteristics#compile#md5_sum#min_imp": 0, 
  "##characteristics#compile#md5_sum#repeats": 1, 
  "##characteristics#compile#obj_size#all": [
    122404
  ], 
  "##characteristics#compile#obj_size#all_unique": [
    122404
  ], 
  "##characteristics#compile#obj_size#center": 122404, 
  "##characteristics#compile#obj_size#center_imp": 0.9317342570504232, 
  "##characteristics#compile#obj_size#halfrange": 0, 
  "##characteristics#compile#obj_size#max": 122404, 
  "##characteristics#compile#obj_size#mean": 122404.0, 
  "##characteristics#compile#obj_size#mean_imp": 0.9317342570504232, 
  "##characteristics#compile#obj_size#min": 122404, 
  "##characteristics#compile#obj_size#min_imp": 0.9317342570504232, 
  "##characteristics#compile#obj_size#range": 0, 
  "##characteristics#compile#obj_size#range_percent": 0, 
  "##characteristics#compile#obj_size#repeats": 1, 
  "##characteristics#compile#obj_sizes#adler32.o#all": [
    2424
  ], 
  "##characteristics#compile#obj_sizes#adler32.o#all_unique": [
    2424
  ], 
  "##characteristics#compile#obj_sizes#adler32.o#center": 2424, 
  "##characteristics#compile#obj_sizes#adler32.o#center_imp": 1.0, 
  "##characteristics#compile#obj_sizes#adler32.o#halfrange": 0, 
  "##characteristics#compile#obj_sizes#adler32.o#max": 2424, 
  "##characteristics#compile#obj_sizes#adler32.o#mean": 2424.0, 
  "##characteristics#compile#obj_sizes#adler32.o#mean_imp": 1.0, 
  "##characteristics#compile#obj_sizes#adler32.o#min": 2424, 
  "##characteristics#compile#obj_sizes#adler32.o#min_imp": 1.0, 
  "##characteristics#compile#obj_sizes#adler32.o#range": 0, 
  "##characteristics#compile#obj_sizes#adler32.o#range_percent": 0, 
  "##characteristics#compile#obj_sizes#adler32.o#repeats": 1, 
  "##characteristics#compile#obj_sizes#compress.o#all": [
    1568
  ], 
  "##characteristics#compile#obj_sizes#compress.o#all_unique": [
    1568
  ], 
  "##characteristics#compile#obj_sizes#compress.o#center": 1568, 
  "##characteristics#compile#obj_sizes#compress.o#center_imp": 1.0, 
  "##characteristics#compile#obj_sizes#compress.o#halfrange": 0, 
  "##characteristics#compile#obj_sizes#compress.o#max": 1568, 
  "##characteristics#compile#obj_sizes#compress.o#mean": 1568.0, 
  "##characteristics#compile#obj_sizes#compress.o#mean_imp": 1.0, 
  "##characteristics#compile#obj_sizes#compress.o#min": 1568, 
  "##characteristics#compile#obj_sizes#compress.o#min_imp": 1.0, 
  "##characteristics#compile#obj_sizes#compress.o#range": 0, 
  "##characteristics#compile#obj_sizes#compress.o#range_percent": 0, 
  "##characteristics#compile#obj_sizes#compress.o#repeats": 1, 
  "##characteristics#compile#obj_sizes#crc32.o#all": [
    10812
  ], 
  "##characteristics#compile#obj_sizes#crc32.o#all_unique": [
    10812
  ], 
  "##characteristics#compile#obj_sizes#crc32.o#center": 10812, 
  "##characteristics#compile#obj_sizes#crc32.o#center_imp": 1.005919348871624, 
  "##characteristics#compile#obj_sizes#crc32.o#halfrange": 0, 
  "##characteristics#compile#obj_sizes#crc32.o#max": 10812, 
  "##characteristics#compile#obj_sizes#crc32.o#mean": 10812.0, 
  "##characteristics#compile#obj_sizes#crc32.o#mean_imp": 1.005919348871624, 
  "##characteristics#compile#obj_sizes#crc32.o#min": 10812, 
  "##characteristics#compile#obj_sizes#crc32.o#min_imp": 1.005919348871624, 
  "##characteristics#compile#obj_sizes#crc32.o#range": 0, 
  "##characteristics#compile#obj_sizes#crc32.o#range_percent": 0, 
  "##characteristics#compile#obj_sizes#crc32.o#repeats": 1, 
  "##characteristics#compile#obj_sizes#ctuning-rtl.o#all": [
    3844
  ], 
  "##characteristics#compile#obj_sizes#ctuning-rtl.o#all_unique": [
    3844
  ], 
  "##characteristics#compile#obj_sizes#ctuning-rtl.o#center": 3844, 
  "##characteristics#compile#obj_sizes#ctuning-rtl.o#center_imp": 0.9979188345473465, 
  "##characteristics#compile#obj_sizes#ctuning-rtl.o#halfrange": 0, 
  "##characteristics#compile#obj_sizes#ctuning-rtl.o#max": 3844, 
  "##characteristics#compile#obj_sizes#ctuning-rtl.o#mean": 3844.0, 
  "##characteristics#compile#obj_sizes#ctuning-rtl.o#mean_imp": 0.9979188345473465, 
  "##characteristics#compile#obj_sizes#ctuning-rtl.o#min": 3844, 
  "##characteristics#compile#obj_sizes#ctuning-rtl.o#min_imp": 0.9979188345473465, 
  "##characteristics#compile#obj_sizes#ctuning-rtl.o#range": 0, 
  "##characteristics#compile#obj_sizes#ctuning-rtl.o#range_percent": 0, 
  "##characteristics#compile#obj_sizes#ctuning-rtl.o#repeats": 1, 
  "##characteristics#compile#obj_sizes#deflate.o#all": [
    25560
  ], 
  "##characteristics#compile#obj_sizes#deflate.o#all_unique": [
    25560
  ], 
  "##characteristics#compile#obj_sizes#deflate.o#center": 25560, 
  "##characteristics#compile#obj_sizes#deflate.o#center_imp": 0.7892018779342723, 
  "##characteristics#compile#obj_sizes#deflate.o#halfrange": 0, 
  "##characteristics#compile#obj_sizes#deflate.o#max": 25560, 
  "##characteristics#compile#obj_sizes#deflate.o#mean": 25560.0, 
  "##characteristics#compile#obj_sizes#deflate.o#mean_imp": 0.7892018779342723, 
  "##characteristics#compile#obj_sizes#deflate.o#min": 25560, 
  "##characteristics#compile#obj_sizes#deflate.o#min_imp": 0.7892018779342723, 
  "##characteristics#compile#obj_sizes#deflate.o#range": 0, 
  "##characteristics#compile#obj_sizes#deflate.o#range_percent": 0, 
  "##characteristics#compile#obj_sizes#deflate.o#repeats": 1, 
  "##characteristics#compile#obj_sizes#gzclose.o#all": [
    980
  ], 
  "##characteristics#compile#obj_sizes#gzclose.o#all_unique": [
    980
  ], 
  "##characteristics#compile#obj_sizes#gzclose.o#center": 980, 
  "##characteristics#compile#obj_sizes#gzclose.o#center_imp": 1.0, 
  "##characteristics#compile#obj_sizes#gzclose.o#halfrange": 0, 
  "##characteristics#compile#obj_sizes#gzclose.o#max": 980, 
  "##characteristics#compile#obj_sizes#gzclose.o#mean": 980.0, 
  "##characteristics#compile#obj_sizes#gzclose.o#mean_imp": 1.0, 
  "##characteristics#compile#obj_sizes#gzclose.o#min": 980, 
  "##characteristics#compile#obj_sizes#gzclose.o#min_imp": 1.0, 
  "##characteristics#compile#obj_sizes#gzclose.o#range": 0, 
  "##characteristics#compile#obj_sizes#gzclose.o#range_percent": 0, 
  "##characteristics#compile#obj_sizes#gzclose.o#repeats": 1, 
  "##characteristics#compile#obj_sizes#gzlib.o#all": [
    6440
  ], 
  "##characteristics#compile#obj_sizes#gzlib.o#all_unique": [
    6440
  ], 
  "##characteristics#compile#obj_sizes#gzlib.o#center": 6440, 
  "##characteristics#compile#obj_sizes#gzlib.o#center_imp": 0.9782608695652174, 
  "##characteristics#compile#obj_sizes#gzlib.o#halfrange": 0, 
  "##characteristics#compile#obj_sizes#gzlib.o#max": 6440, 
  "##characteristics#compile#obj_sizes#gzlib.o#mean": 6440.0, 
  "##characteristics#compile#obj_sizes#gzlib.o#mean_imp": 0.9782608695652174, 
  "##characteristics#compile#obj_sizes#gzlib.o#min": 6440, 
  "##characteristics#compile#obj_sizes#gzlib.o#min_imp": 0.9782608695652174, 
  "##characteristics#compile#obj_sizes#gzlib.o#range": 0, 
  "##characteristics#compile#obj_sizes#gzlib.o#range_percent": 0, 
  "##characteristics#compile#obj_sizes#gzlib.o#repeats": 1, 
  "##characteristics#compile#obj_sizes#gzread.o#all": [
    5928
  ], 
  "##characteristics#compile#obj_sizes#gzread.o#all_unique": [
    5928
  ], 
  "##characteristics#compile#obj_sizes#gzread.o#center": 5928, 
  "##characteristics#compile#obj_sizes#gzread.o#center_imp": 0.9743589743589743, 
  "##characteristics#compile#obj_sizes#gzread.o#halfrange": 0, 
  "##characteristics#compile#obj_sizes#gzread.o#max": 5928, 
  "##characteristics#compile#obj_sizes#gzread.o#mean": 5928.0, 
  "##characteristics#compile#obj_sizes#gzread.o#mean_imp": 0.9743589743589743, 
  "##characteristics#compile#obj_sizes#gzread.o#min": 5928, 
  "##characteristics#compile#obj_sizes#gzread.o#min_imp": 0.9743589743589743, 
  "##characteristics#compile#obj_sizes#gzread.o#range": 0, 
  "##characteristics#compile#obj_sizes#gzread.o#range_percent": 0, 
  "##characteristics#compile#obj_sizes#gzread.o#repeats": 1, 
  "##characteristics#compile#obj_sizes#gzwrite.o#all": [
    11172
  ], 
  "##characteristics#compile#obj_sizes#gzwrite.o#all_unique": [
    11172
  ], 
  "##characteristics#compile#obj_sizes#gzwrite.o#center": 11172, 
  "##characteristics#compile#obj_sizes#gzwrite.o#center_imp": 0.9187253848907985, 
  "##characteristics#compile#obj_sizes#gzwrite.o#halfrange": 0, 
  "##characteristics#compile#obj_sizes#gzwrite.o#max": 11172, 
  "##characteristics#compile#obj_sizes#gzwrite.o#mean": 11172.0, 
  "##characteristics#compile#obj_sizes#gzwrite.o#mean_imp": 0.9187253848907985, 
  "##characteristics#compile#obj_sizes#gzwrite.o#min": 11172, 
  "##characteristics#compile#obj_sizes#gzwrite.o#min_imp": 0.9187253848907985, 
  "##characteristics#compile#obj_sizes#gzwrite.o#range": 0, 
  "##characteristics#compile#obj_sizes#gzwrite.o#range_percent": 0, 
  "##characteristics#compile#obj_sizes#gzwrite.o#repeats": 1, 
  "##characteristics#compile#obj_sizes#infback.o#all": [
    9672
  ], 
  "##characteristics#compile#obj_sizes#infback.o#all_unique": [
    9672
  ], 
  "##characteristics#compile#obj_sizes#infback.o#center": 9672, 
  "##characteristics#compile#obj_sizes#infback.o#center_imp": 0.9896608767576509, 
  "##characteristics#compile#obj_sizes#infback.o#halfrange": 0, 
  "##characteristics#compile#obj_sizes#infback.o#max": 9672, 
  "##characteristics#compile#obj_sizes#infback.o#mean": 9672.0, 
  "##characteristics#compile#obj_sizes#infback.o#mean_imp": 0.9896608767576509, 
  "##characteristics#compile#obj_sizes#infback.o#min": 9672, 
  "##characteristics#compile#obj_sizes#infback.o#min_imp": 0.9896608767576509, 
  "##characteristics#compile#obj_sizes#infback.o#range": 0, 
  "##characteristics#compile#obj_sizes#infback.o#range_percent": 0, 
  "##characteristics#compile#obj_sizes#infback.o#repeats": 1, 
  "##characteristics#compile#obj_sizes#inffast.o#all": [
    3936
  ], 
  "##characteristics#compile#obj_sizes#inffast.o#all_unique": [
    3936
  ], 
  "##characteristics#compile#obj_sizes#inffast.o#center": 3936, 
  "##characteristics#compile#obj_sizes#inffast.o#center_imp": 1.0152439024390243, 
  "##characteristics#compile#obj_sizes#inffast.o#halfrange": 0, 
  "##characteristics#compile#obj_sizes#inffast.o#max": 3936, 
  "##characteristics#compile#obj_sizes#inffast.o#mean": 3936.0, 
  "##characteristics#compile#obj_sizes#inffast.o#mean_imp": 1.0152439024390243, 
  "##characteristics#compile#obj_sizes#inffast.o#min": 3936, 
  "##characteristics#compile#obj_sizes#inffast.o#min_imp": 1.0152439024390243, 
  "##characteristics#compile#obj_sizes#inffast.o#range": 0, 
  "##characteristics#compile#obj_sizes#inffast.o#range_percent": 0, 
  "##characteristics#compile#obj_sizes#inffast.o#repeats": 1, 
  "##characteristics#compile#obj_sizes#inflate.o#all": [
    17528
  ], 
  "##characteristics#compile#obj_sizes#inflate.o#all_unique": [
    17528
  ], 
  "##characteristics#compile#obj_sizes#inflate.o#center": 17528, 
  "##characteristics#compile#obj_sizes#inflate.o#center_imp": 0.956184390689183, 
  "##characteristics#compile#obj_sizes#inflate.o#halfrange": 0, 
  "##characteristics#compile#obj_sizes#inflate.o#max": 17528, 
  "##characteristics#compile#obj_sizes#inflate.o#mean": 17528.0, 
  "##characteristics#compile#obj_sizes#inflate.o#mean_imp": 0.956184390689183, 
  "##characteristics#compile#obj_sizes#inflate.o#min": 17528, 
  "##characteristics#compile#obj_sizes#inflate.o#min_imp": 0.956184390689183, 
  "##characteristics#compile#obj_sizes#inflate.o#range": 0, 
  "##characteristics#compile#obj_sizes#inflate.o#range_percent": 0, 
  "##characteristics#compile#obj_sizes#inflate.o#repeats": 1, 
  "##characteristics#compile#obj_sizes#inftrees.o#all": [
    4740
  ], 
  "##characteristics#compile#obj_sizes#inftrees.o#all_unique": [
    4740
  ], 
  "##characteristics#compile#obj_sizes#inftrees.o#center": 4740, 
  "##characteristics#compile#obj_sizes#inftrees.o#center_imp": 0.9324894514767933, 
  "##characteristics#compile#obj_sizes#inftrees.o#halfrange": 0, 
  "##characteristics#compile#obj_sizes#inftrees.o#max": 4740, 
  "##characteristics#compile#obj_sizes#inftrees.o#mean": 4740.0, 
  "##characteristics#compile#obj_sizes#inftrees.o#mean_imp": 0.9324894514767933, 
  "##characteristics#compile#obj_sizes#inftrees.o#min": 4740, 
  "##characteristics#compile#obj_sizes#inftrees.o#min_imp": 0.9324894514767933, 
  "##characteristics#compile#obj_sizes#inftrees.o#range": 0, 
  "##characteristics#compile#obj_sizes#inftrees.o#range_percent": 0, 
  "##characteristics#compile#obj_sizes#inftrees.o#repeats": 1, 
  "##characteristics#compile#obj_sizes#trees.o#all": [
    14880
  ], 
  "##characteristics#compile#obj_sizes#trees.o#all_unique": [
    14880
  ], 
  "##characteristics#compile#obj_sizes#trees.o#center": 14880, 
  "##characteristics#compile#obj_sizes#trees.o#center_imp": 0.9532258064516129, 
  "##characteristics#compile#obj_sizes#trees.o#halfrange": 0, 
  "##characteristics#compile#obj_sizes#trees.o#max": 14880, 
  "##characteristics#compile#obj_sizes#trees.o#mean": 14880.0, 
  "##characteristics#compile#obj_sizes#trees.o#mean_imp": 0.9532258064516129, 
  "##characteristics#compile#obj_sizes#trees.o#min": 14880, 
  "##characteristics#compile#obj_sizes#trees.o#min_imp": 0.9532258064516129, 
  "##characteristics#compile#obj_sizes#trees.o#range": 0, 
  "##characteristics#compile#obj_sizes#trees.o#range_percent": 0, 
  "##characteristics#compile#obj_sizes#trees.o#repeats": 1, 
  "##characteristics#compile#obj_sizes#uncompr.o#all": [
    1272
  ], 
  "##characteristics#compile#obj_sizes#uncompr.o#all_unique": [
    1272
  ], 
  "##characteristics#compile#obj_sizes#uncompr.o#center": 1272, 
  "##characteristics#compile#obj_sizes#uncompr.o#center_imp": 1.0, 
  "##characteristics#compile#obj_sizes#uncompr.o#halfrange": 0, 
  "##characteristics#compile#obj_sizes#uncompr.o#max": 1272, 
  "##characteristics#compile#obj_sizes#uncompr.o#mean": 1272.0, 
  "##characteristics#compile#obj_sizes#uncompr.o#mean_imp": 1.0, 
  "##characteristics#compile#obj_sizes#uncompr.o#min": 1272, 
  "##characteristics#compile#obj_sizes#uncompr.o#min_imp": 1.0, 
  "##characteristics#compile#obj_sizes#uncompr.o#range": 0, 
  "##characteristics#compile#obj_sizes#uncompr.o#range_percent": 0, 
  "##characteristics#compile#obj_sizes#uncompr.o#repeats": 1, 
  "##characteristics#compile#obj_sizes#zutil.o#all": [
    1648
  ], 
  "##characteristics#compile#obj_sizes#zutil.o#all_unique": [
    1648
  ], 
  "##characteristics#compile#obj_sizes#zutil.o#center": 1648, 
  "##characteristics#compile#obj_sizes#zutil.o#center_imp": 1.0, 
  "##characteristics#compile#obj_sizes#zutil.o#halfrange": 0, 
  "##characteristics#compile#obj_sizes#zutil.o#max": 1648, 
  "##characteristics#compile#obj_sizes#zutil.o#mean": 1648.0, 
  "##characteristics#compile#obj_sizes#zutil.o#mean_imp": 1.0, 
  "##characteristics#compile#obj_sizes#zutil.o#min": 1648, 
  "##characteristics#compile#obj_sizes#zutil.o#min_imp": 1.0, 
  "##characteristics#compile#obj_sizes#zutil.o#range": 0, 
  "##characteristics#compile#obj_sizes#zutil.o#range_percent": 0, 
  "##characteristics#compile#obj_sizes#zutil.o#repeats": 1, 
  "##characteristics#compile#program_git_hash#all": [
    "f3b3ffe43b24039767a39c7f85ab4b768684a65b"
  ], 
  "##characteristics#compile#program_git_hash#all_unique": [
    "f3b3ffe43b24039767a39c7f85ab4b768684a65b"
  ], 
  "##characteristics#compile#program_git_hash#min": "f3b3ffe43b24039767a39c7f85ab4b768684a65b", 
  "##characteristics#compile#program_git_hash#min_imp": 0, 
  "##characteristics#compile#program_git_hash#repeats": 1, 
  "##characteristics#run#execution_time#all": [
    0.01621407915993538, 
    0.016255342487883684, 
    0.016102171243941844, 
    0.016177922455573507
  ], 
  "##characteristics#run#execution_time#all_unique": [
    0.01621407915993538, 
    0.016255342487883684, 
    0.016102171243941844, 
    0.016177922455573507
  ], 
  "##characteristics#run#execution_time#center": 0.016178756865912764, 
  "##characteristics#run#execution_time#center_imp": 1.0040884602013818, 
  "##characteristics#run#execution_time#halfrange": 7.658562197091975e-05, 
  "##characteristics#run#execution_time#max": 0.016255342487883684, 
  "##characteristics#run#execution_time#mean": 0.016187378836833605, 
  "##characteristics#run#execution_time#mean_imp": 1.003960958035127, 
  "##characteristics#run#execution_time#min": 0.016102171243941844, 
  "##characteristics#run#execution_time#min_imp": 1.0042696857827496, 
  "##characteristics#run#execution_time#range": 0.0001531712439418395, 
  "##characteristics#run#execution_time#range_percent": 0.009512459010735429, 
  "##characteristics#run#execution_time#repeats": 4, 
  "##characteristics#run#execution_time_kernel_0#all": [
    10.036515, 
    10.062057, 
    9.967244, 
    10.014134
  ], 
  "##characteristics#run#execution_time_kernel_0#all_unique": [
    10.036515, 
    10.062057, 
    9.967244, 
    10.014134
  ], 
  "##characteristics#run#execution_time_kernel_0#center": 10.0146505, 
  "##characteristics#run#execution_time_kernel_0#center_imp": 1.004088460201382, 
  "##characteristics#run#execution_time_kernel_0#halfrange": 0.04740649999999924, 
  "##characteristics#run#execution_time_kernel_0#max": 10.062057, 
  "##characteristics#run#execution_time_kernel_0#mean": 10.0199875, 
  "##characteristics#run#execution_time_kernel_0#mean_imp": 1.0039609580351272, 
  "##characteristics#run#execution_time_kernel_0#min": 9.967244, 
  "##characteristics#run#execution_time_kernel_0#min_imp": 1.0042696857827498, 
  "##characteristics#run#execution_time_kernel_0#range": 0.09481299999999848, 
  "##characteristics#run#execution_time_kernel_0#range_percent": 0.009512459010735412, 
  "##characteristics#run#execution_time_kernel_0#repeats": 4, 
  "##characteristics#run#execution_time_with_module#all": [
    10.755781888961792, 
    10.792335033416748, 
    11.065284013748169, 
    10.736018896102905
  ], 
  "##characteristics#run#execution_time_with_module#all_unique": [
    10.755781888961792, 
    10.792335033416748, 
    11.065284013748169, 
    10.736018896102905
  ], 
  "##characteristics#run#execution_time_with_module#center": 10.900651454925537, 
  "##characteristics#run#execution_time_with_module#center_imp": 1.2072000032545471, 
  "##characteristics#run#execution_time_with_module#halfrange": 0.16463255882263184, 
  "##characteristics#run#execution_time_with_module#max": 11.065284013748169, 
  "##characteristics#run#execution_time_with_module#mean": 10.837354958057404, 
  "##characteristics#run#execution_time_with_module#mean_imp": 1.1050623981671608, 
  "##characteristics#run#execution_time_with_module#min": 10.736018896102905, 
  "##characteristics#run#execution_time_with_module#min_imp": 0.9994682448930247, 
  "##characteristics#run#execution_time_with_module#range": 0.32926511764526367, 
  "##characteristics#run#execution_time_with_module#range_percent": 0.03066920064427089, 
  "##characteristics#run#execution_time_with_module#repeats": 4, 
  "##characteristics#run#repeat#all": [
    619, 
    619, 
    619, 
    619
  ], 
  "##characteristics#run#repeat#all_unique": [
    619
  ], 
  "##characteristics#run#repeat#center": 619, 
  "##characteristics#run#repeat#center_imp": 1.0, 
  "##characteristics#run#repeat#halfrange": 0, 
  "##characteristics#run#repeat#max": 619, 
  "##characteristics#run#repeat#mean": 619.0, 
  "##characteristics#run#repeat#mean_imp": 1.0, 
  "##characteristics#run#repeat#min": 619, 
  "##characteristics#run#repeat#min_imp": 1.0, 
  "##characteristics#run#repeat#range": 0, 
  "##characteristics#run#repeat#range_percent": 0, 
  "##characteristics#run#repeat#repeats": 4, 
  "##characteristics#run#return_code#all": [
    0, 
    0, 
    0, 
    0
  ], 
  "##characteristics#run#return_code#all_unique": [
    0
  ], 
  "##characteristics#run#return_code#center": 0, 
  "##characteristics#run#return_code#halfrange": 0, 
  "##characteristics#run#return_code#max": 0, 
  "##characteristics#run#return_code#mean": 0.0, 
  "##characteristics#run#return_code#min": 0, 
  "##characteristics#run#return_code#min_imp": 1, 
  "##characteristics#run#return_code#range": 0, 
  "##characteristics#run#return_code#repeats": 4, 
  "##characteristics#run#run_success#all": [
    "yes", 
    "yes", 
    "yes", 
    "yes"
  ], 
  "##characteristics#run#run_success#all_unique": [
    "yes"
  ], 
  "##characteristics#run#run_success#min": "yes", 
  "##characteristics#run#run_success#min_imp": 1, 
  "##characteristics#run#run_success#repeats": 4, 
  "##characteristics#run#run_success_bool#all": [
    true, 
    true, 
    true, 
    true
  ], 
  "##characteristics#run#run_success_bool#all_unique": [
    true
  ], 
  "##characteristics#run#run_success_bool#min": true, 
  "##characteristics#run#run_success_bool#min_imp": 1, 
  "##characteristics#run#run_success_bool#repeats": 4, 
  "##characteristics#run#total_execution_time#all": [
    10.036515, 
    10.062057, 
    9.967244, 
    10.014134
  ], 
  "##characteristics#run#total_execution_time#all_unique": [
    10.036515, 
    10.062057, 
    9.967244, 
    10.014134
  ], 
  "##characteristics#run#total_execution_time#center": 10.0146505, 
  "##characteristics#run#total_execution_time#center_imp": 1.004088460201382, 
  "##characteristics#run#total_execution_time#halfrange": 0.04740649999999924, 
  "##characteristics#run#total_execution_time#max": 10.062057, 
  "##characteristics#run#total_execution_time#mean": 10.0199875, 
  "##characteristics#run#total_execution_time#mean_imp": 1.0039609580351272, 
  "##characteristics#run#total_execution_time#min": 9.967244, 
  "##characteristics#run#total_execution_time#min_imp": 1.0042696857827498, 
  "##characteristics#run#total_execution_time#range": 0.09481299999999848, 
  "##characteristics#run#total_execution_time#range_percent": 0.009512459010735412, 
  "##characteristics#run#total_execution_time#repeats": 4
}
