{
  "##characteristics#compile#binary_size#all": [
    100532
  ], 
  "##characteristics#compile#binary_size#all_unique": [
    100532
  ], 
  "##characteristics#compile#binary_size#center": 100532, 
  "##characteristics#compile#binary_size#center_imp": 1.002347511240202, 
  "##characteristics#compile#binary_size#halfrange": 0, 
  "##characteristics#compile#binary_size#max": 100532, 
  "##characteristics#compile#binary_size#mean": 100532.0, 
  "##characteristics#compile#binary_size#mean_imp": 1.002347511240202, 
  "##characteristics#compile#binary_size#min": 100532, 
  "##characteristics#compile#binary_size#min_imp": 1.002347511240202, 
  "##characteristics#compile#binary_size#range": 0, 
  "##characteristics#compile#binary_size#range_percent": 0, 
  "##characteristics#compile#binary_size#repeats": 1, 
  "##characteristics#compile#compilation_success#all": [
    "yes"
  ], 
  "##characteristics#compile#compilation_success#all_unique": [
    "yes"
  ], 
  "##characteristics#compile#compilation_success#min": "yes", 
  "##characteristics#compile#compilation_success#min_imp": 0, 
  "##characteristics#compile#compilation_success#repeats": 1, 
  "##characteristics#compile#compilation_success_bool#all": [
    true
  ], 
  "##characteristics#compile#compilation_success_bool#all_unique": [
    true
  ], 
  "##characteristics#compile#compilation_success_bool#min": true, 
  "##characteristics#compile#compilation_success_bool#min_imp": 0, 
  "##characteristics#compile#compilation_success_bool#repeats": 1, 
  "##characteristics#compile#compilation_time#all": [
    106.9287600517273
  ], 
  "##characteristics#compile#compilation_time#all_unique": [
    106.9287600517273
  ], 
  "##characteristics#compile#compilation_time#center": 106.9287600517273, 
  "##characteristics#compile#compilation_time#center_imp": 1.0062143710539713, 
  "##characteristics#compile#compilation_time#halfrange": 0.0, 
  "##characteristics#compile#compilation_time#max": 106.9287600517273, 
  "##characteristics#compile#compilation_time#mean": 106.9287600517273, 
  "##characteristics#compile#compilation_time#mean_imp": 1.0062143710539713, 
  "##characteristics#compile#compilation_time#min": 106.9287600517273, 
  "##characteristics#compile#compilation_time#min_imp": 1.0062143710539713, 
  "##characteristics#compile#compilation_time#range": 0.0, 
  "##characteristics#compile#compilation_time#range_percent": 0.0, 
  "##characteristics#compile#compilation_time#repeats": 1, 
  "##characteristics#compile#compilation_time_with_module#all": [
    111.83474898338318
  ], 
  "##characteristics#compile#compilation_time_with_module#all_unique": [
    111.83474898338318
  ], 
  "##characteristics#compile#compilation_time_with_module#center": 111.83474898338318, 
  "##characteristics#compile#compilation_time_with_module#center_imp": 1.005144384588163, 
  "##characteristics#compile#compilation_time_with_module#halfrange": 0.0, 
  "##characteristics#compile#compilation_time_with_module#max": 111.83474898338318, 
  "##characteristics#compile#compilation_time_with_module#mean": 111.83474898338318, 
  "##characteristics#compile#compilation_time_with_module#mean_imp": 1.005144384588163, 
  "##characteristics#compile#compilation_time_with_module#min": 111.83474898338318, 
  "##characteristics#compile#compilation_time_with_module#min_imp": 1.005144384588163, 
  "##characteristics#compile#compilation_time_with_module#range": 0.0, 
  "##characteristics#compile#compilation_time_with_module#range_percent": 0.0, 
  "##characteristics#compile#compilation_time_with_module#repeats": 1, 
  "##characteristics#compile#joined_compiler_flags#all": [
    "-O3 -fdce -fgcse-las -findirect-inlining -fira-loop-pressure -fno-keep-inline-functions -fpartial-inlining -fpeel-loops -fno-sched-interblock -ftree-loop-linear -fno-unroll-all-loops"
  ], 
  "##characteristics#compile#joined_compiler_flags#all_unique": [
    "-O3 -fdce -fgcse-las -findirect-inlining -fira-loop-pressure -fno-keep-inline-functions -fpartial-inlining -fpeel-loops -fno-sched-interblock -ftree-loop-linear -fno-unroll-all-loops"
  ], 
  "##characteristics#compile#joined_compiler_flags#min": "-O3 -fdce -fgcse-las -findirect-inlining -fira-loop-pressure -fno-keep-inline-functions -fpartial-inlining -fpeel-loops -fno-sched-interblock -ftree-loop-linear -fno-unroll-all-loops", 
  "##characteristics#compile#joined_compiler_flags#min_imp": 0, 
  "##characteristics#compile#joined_compiler_flags#repeats": 1, 
  "##characteristics#compile#md5_sum#all": [
    "548eff44c1d97eb60a840eff0634cb04"
  ], 
  "##characteristics#compile#md5_sum#all_unique": [
    "548eff44c1d97eb60a840eff0634cb04"
  ], 
  "##characteristics#compile#md5_sum#min": "548eff44c1d97eb60a840eff0634cb04", 
  "##characteristics#compile#md5_sum#min_imp": 0, 
  "##characteristics#compile#md5_sum#repeats": 1, 
  "##characteristics#compile#obj_size#all": [
    113804
  ], 
  "##characteristics#compile#obj_size#all_unique": [
    113804
  ], 
  "##characteristics#compile#obj_size#center": 113804, 
  "##characteristics#compile#obj_size#center_imp": 1.0021440371164458, 
  "##characteristics#compile#obj_size#halfrange": 0, 
  "##characteristics#compile#obj_size#max": 113804, 
  "##characteristics#compile#obj_size#mean": 113804.0, 
  "##characteristics#compile#obj_size#mean_imp": 1.0021440371164458, 
  "##characteristics#compile#obj_size#min": 113804, 
  "##characteristics#compile#obj_size#min_imp": 1.0021440371164458, 
  "##characteristics#compile#obj_size#range": 0, 
  "##characteristics#compile#obj_size#range_percent": 0, 
  "##characteristics#compile#obj_size#repeats": 1, 
  "##characteristics#compile#obj_sizes#adler32.o#all": [
    2424
  ], 
  "##characteristics#compile#obj_sizes#adler32.o#all_unique": [
    2424
  ], 
  "##characteristics#compile#obj_sizes#adler32.o#center": 2424, 
  "##characteristics#compile#obj_sizes#adler32.o#center_imp": 1.0, 
  "##characteristics#compile#obj_sizes#adler32.o#halfrange": 0, 
  "##characteristics#compile#obj_sizes#adler32.o#max": 2424, 
  "##characteristics#compile#obj_sizes#adler32.o#mean": 2424.0, 
  "##characteristics#compile#obj_sizes#adler32.o#mean_imp": 1.0, 
  "##characteristics#compile#obj_sizes#adler32.o#min": 2424, 
  "##characteristics#compile#obj_sizes#adler32.o#min_imp": 1.0, 
  "##characteristics#compile#obj_sizes#adler32.o#range": 0, 
  "##characteristics#compile#obj_sizes#adler32.o#range_percent": 0, 
  "##characteristics#compile#obj_sizes#adler32.o#repeats": 1, 
  "##characteristics#compile#obj_sizes#compress.o#all": [
    1568
  ], 
  "##characteristics#compile#obj_sizes#compress.o#all_unique": [
    1568
  ], 
  "##characteristics#compile#obj_sizes#compress.o#center": 1568, 
  "##characteristics#compile#obj_sizes#compress.o#center_imp": 1.0, 
  "##characteristics#compile#obj_sizes#compress.o#halfrange": 0, 
  "##characteristics#compile#obj_sizes#compress.o#max": 1568, 
  "##characteristics#compile#obj_sizes#compress.o#mean": 1568.0, 
  "##characteristics#compile#obj_sizes#compress.o#mean_imp": 1.0, 
  "##characteristics#compile#obj_sizes#compress.o#min": 1568, 
  "##characteristics#compile#obj_sizes#compress.o#min_imp": 1.0, 
  "##characteristics#compile#obj_sizes#compress.o#range": 0, 
  "##characteristics#compile#obj_sizes#compress.o#range_percent": 0, 
  "##characteristics#compile#obj_sizes#compress.o#repeats": 1, 
  "##characteristics#compile#obj_sizes#crc32.o#all": [
    10876
  ], 
  "##characteristics#compile#obj_sizes#crc32.o#all_unique": [
    10876
  ], 
  "##characteristics#compile#obj_sizes#crc32.o#center": 10876, 
  "##characteristics#compile#obj_sizes#crc32.o#center_imp": 1.0, 
  "##characteristics#compile#obj_sizes#crc32.o#halfrange": 0, 
  "##characteristics#compile#obj_sizes#crc32.o#max": 10876, 
  "##characteristics#compile#obj_sizes#crc32.o#mean": 10876.0, 
  "##characteristics#compile#obj_sizes#crc32.o#mean_imp": 1.0, 
  "##characteristics#compile#obj_sizes#crc32.o#min": 10876, 
  "##characteristics#compile#obj_sizes#crc32.o#min_imp": 1.0, 
  "##characteristics#compile#obj_sizes#crc32.o#range": 0, 
  "##characteristics#compile#obj_sizes#crc32.o#range_percent": 0, 
  "##characteristics#compile#obj_sizes#crc32.o#repeats": 1, 
  "##characteristics#compile#obj_sizes#ctuning-rtl.o#all": [
    3836
  ], 
  "##characteristics#compile#obj_sizes#ctuning-rtl.o#all_unique": [
    3836
  ], 
  "##characteristics#compile#obj_sizes#ctuning-rtl.o#center": 3836, 
  "##characteristics#compile#obj_sizes#ctuning-rtl.o#center_imp": 1.0, 
  "##characteristics#compile#obj_sizes#ctuning-rtl.o#halfrange": 0, 
  "##characteristics#compile#obj_sizes#ctuning-rtl.o#max": 3836, 
  "##characteristics#compile#obj_sizes#ctuning-rtl.o#mean": 3836.0, 
  "##characteristics#compile#obj_sizes#ctuning-rtl.o#mean_imp": 1.0, 
  "##characteristics#compile#obj_sizes#ctuning-rtl.o#min": 3836, 
  "##characteristics#compile#obj_sizes#ctuning-rtl.o#min_imp": 1.0, 
  "##characteristics#compile#obj_sizes#ctuning-rtl.o#range": 0, 
  "##characteristics#compile#obj_sizes#ctuning-rtl.o#range_percent": 0, 
  "##characteristics#compile#obj_sizes#ctuning-rtl.o#repeats": 1, 
  "##characteristics#compile#obj_sizes#deflate.o#all": [
    20188
  ], 
  "##characteristics#compile#obj_sizes#deflate.o#all_unique": [
    20188
  ], 
  "##characteristics#compile#obj_sizes#deflate.o#center": 20188, 
  "##characteristics#compile#obj_sizes#deflate.o#center_imp": 0.9992074499702793, 
  "##characteristics#compile#obj_sizes#deflate.o#halfrange": 0, 
  "##characteristics#compile#obj_sizes#deflate.o#max": 20188, 
  "##characteristics#compile#obj_sizes#deflate.o#mean": 20188.0, 
  "##characteristics#compile#obj_sizes#deflate.o#mean_imp": 0.9992074499702793, 
  "##characteristics#compile#obj_sizes#deflate.o#min": 20188, 
  "##characteristics#compile#obj_sizes#deflate.o#min_imp": 0.9992074499702793, 
  "##characteristics#compile#obj_sizes#deflate.o#range": 0, 
  "##characteristics#compile#obj_sizes#deflate.o#range_percent": 0, 
  "##characteristics#compile#obj_sizes#deflate.o#repeats": 1, 
  "##characteristics#compile#obj_sizes#gzclose.o#all": [
    980
  ], 
  "##characteristics#compile#obj_sizes#gzclose.o#all_unique": [
    980
  ], 
  "##characteristics#compile#obj_sizes#gzclose.o#center": 980, 
  "##characteristics#compile#obj_sizes#gzclose.o#center_imp": 1.0, 
  "##characteristics#compile#obj_sizes#gzclose.o#halfrange": 0, 
  "##characteristics#compile#obj_sizes#gzclose.o#max": 980, 
  "##characteristics#compile#obj_sizes#gzclose.o#mean": 980.0, 
  "##characteristics#compile#obj_sizes#gzclose.o#mean_imp": 1.0, 
  "##characteristics#compile#obj_sizes#gzclose.o#min": 980, 
  "##characteristics#compile#obj_sizes#gzclose.o#min_imp": 1.0, 
  "##characteristics#compile#obj_sizes#gzclose.o#range": 0, 
  "##characteristics#compile#obj_sizes#gzclose.o#range_percent": 0, 
  "##characteristics#compile#obj_sizes#gzclose.o#repeats": 1, 
  "##characteristics#compile#obj_sizes#gzlib.o#all": [
    6320
  ], 
  "##characteristics#compile#obj_sizes#gzlib.o#all_unique": [
    6320
  ], 
  "##characteristics#compile#obj_sizes#gzlib.o#center": 6320, 
  "##characteristics#compile#obj_sizes#gzlib.o#center_imp": 0.9968354430379747, 
  "##characteristics#compile#obj_sizes#gzlib.o#halfrange": 0, 
  "##characteristics#compile#obj_sizes#gzlib.o#max": 6320, 
  "##characteristics#compile#obj_sizes#gzlib.o#mean": 6320.0, 
  "##characteristics#compile#obj_sizes#gzlib.o#mean_imp": 0.9968354430379747, 
  "##characteristics#compile#obj_sizes#gzlib.o#min": 6320, 
  "##characteristics#compile#obj_sizes#gzlib.o#min_imp": 0.9968354430379747, 
  "##characteristics#compile#obj_sizes#gzlib.o#range": 0, 
  "##characteristics#compile#obj_sizes#gzlib.o#range_percent": 0, 
  "##characteristics#compile#obj_sizes#gzlib.o#repeats": 1, 
  "##characteristics#compile#obj_sizes#gzread.o#all": [
    5776
  ], 
  "##characteristics#compile#obj_sizes#gzread.o#all_unique": [
    5776
  ], 
  "##characteristics#compile#obj_sizes#gzread.o#center": 5776, 
  "##characteristics#compile#obj_sizes#gzread.o#center_imp": 1.0, 
  "##characteristics#compile#obj_sizes#gzread.o#halfrange": 0, 
  "##characteristics#compile#obj_sizes#gzread.o#max": 5776, 
  "##characteristics#compile#obj_sizes#gzread.o#mean": 5776.0, 
  "##characteristics#compile#obj_sizes#gzread.o#mean_imp": 1.0, 
  "##characteristics#compile#obj_sizes#gzread.o#min": 5776, 
  "##characteristics#compile#obj_sizes#gzread.o#min_imp": 1.0, 
  "##characteristics#compile#obj_sizes#gzread.o#range": 0, 
  "##characteristics#compile#obj_sizes#gzread.o#range_percent": 0, 
  "##characteristics#compile#obj_sizes#gzread.o#repeats": 1, 
  "##characteristics#compile#obj_sizes#gzwrite.o#all": [
    10264
  ], 
  "##characteristics#compile#obj_sizes#gzwrite.o#all_unique": [
    10264
  ], 
  "##characteristics#compile#obj_sizes#gzwrite.o#center": 10264, 
  "##characteristics#compile#obj_sizes#gzwrite.o#center_imp": 1.0, 
  "##characteristics#compile#obj_sizes#gzwrite.o#halfrange": 0, 
  "##characteristics#compile#obj_sizes#gzwrite.o#max": 10264, 
  "##characteristics#compile#obj_sizes#gzwrite.o#mean": 10264.0, 
  "##characteristics#compile#obj_sizes#gzwrite.o#mean_imp": 1.0, 
  "##characteristics#compile#obj_sizes#gzwrite.o#min": 10264, 
  "##characteristics#compile#obj_sizes#gzwrite.o#min_imp": 1.0, 
  "##characteristics#compile#obj_sizes#gzwrite.o#range": 0, 
  "##characteristics#compile#obj_sizes#gzwrite.o#range_percent": 0, 
  "##characteristics#compile#obj_sizes#gzwrite.o#repeats": 1, 
  "##characteristics#compile#obj_sizes#infback.o#all": [
    9352
  ], 
  "##characteristics#compile#obj_sizes#infback.o#all_unique": [
    9352
  ], 
  "##characteristics#compile#obj_sizes#infback.o#center": 9352, 
  "##characteristics#compile#obj_sizes#infback.o#center_imp": 1.023524379811805, 
  "##characteristics#compile#obj_sizes#infback.o#halfrange": 0, 
  "##characteristics#compile#obj_sizes#infback.o#max": 9352, 
  "##characteristics#compile#obj_sizes#infback.o#mean": 9352.0, 
  "##characteristics#compile#obj_sizes#infback.o#mean_imp": 1.023524379811805, 
  "##characteristics#compile#obj_sizes#infback.o#min": 9352, 
  "##characteristics#compile#obj_sizes#infback.o#min_imp": 1.023524379811805, 
  "##characteristics#compile#obj_sizes#infback.o#range": 0, 
  "##characteristics#compile#obj_sizes#infback.o#range_percent": 0, 
  "##characteristics#compile#obj_sizes#infback.o#repeats": 1, 
  "##characteristics#compile#obj_sizes#inffast.o#all": [
    3860
  ], 
  "##characteristics#compile#obj_sizes#inffast.o#all_unique": [
    3860
  ], 
  "##characteristics#compile#obj_sizes#inffast.o#center": 3860, 
  "##characteristics#compile#obj_sizes#inffast.o#center_imp": 1.0352331606217617, 
  "##characteristics#compile#obj_sizes#inffast.o#halfrange": 0, 
  "##characteristics#compile#obj_sizes#inffast.o#max": 3860, 
  "##characteristics#compile#obj_sizes#inffast.o#mean": 3860.0, 
  "##characteristics#compile#obj_sizes#inffast.o#mean_imp": 1.0352331606217617, 
  "##characteristics#compile#obj_sizes#inffast.o#min": 3860, 
  "##characteristics#compile#obj_sizes#inffast.o#min_imp": 1.0352331606217617, 
  "##characteristics#compile#obj_sizes#inffast.o#range": 0, 
  "##characteristics#compile#obj_sizes#inffast.o#range_percent": 0, 
  "##characteristics#compile#obj_sizes#inffast.o#repeats": 1, 
  "##characteristics#compile#obj_sizes#inflate.o#all": [
    16808
  ], 
  "##characteristics#compile#obj_sizes#inflate.o#all_unique": [
    16808
  ], 
  "##characteristics#compile#obj_sizes#inflate.o#center": 16808, 
  "##characteristics#compile#obj_sizes#inflate.o#center_imp": 0.997144217039505, 
  "##characteristics#compile#obj_sizes#inflate.o#halfrange": 0, 
  "##characteristics#compile#obj_sizes#inflate.o#max": 16808, 
  "##characteristics#compile#obj_sizes#inflate.o#mean": 16808.0, 
  "##characteristics#compile#obj_sizes#inflate.o#mean_imp": 0.997144217039505, 
  "##characteristics#compile#obj_sizes#inflate.o#min": 16808, 
  "##characteristics#compile#obj_sizes#inflate.o#min_imp": 0.997144217039505, 
  "##characteristics#compile#obj_sizes#inflate.o#range": 0, 
  "##characteristics#compile#obj_sizes#inflate.o#range_percent": 0, 
  "##characteristics#compile#obj_sizes#inflate.o#repeats": 1, 
  "##characteristics#compile#obj_sizes#inftrees.o#all": [
    4420
  ], 
  "##characteristics#compile#obj_sizes#inftrees.o#all_unique": [
    4420
  ], 
  "##characteristics#compile#obj_sizes#inftrees.o#center": 4420, 
  "##characteristics#compile#obj_sizes#inftrees.o#center_imp": 1.0, 
  "##characteristics#compile#obj_sizes#inftrees.o#halfrange": 0, 
  "##characteristics#compile#obj_sizes#inftrees.o#max": 4420, 
  "##characteristics#compile#obj_sizes#inftrees.o#mean": 4420.0, 
  "##characteristics#compile#obj_sizes#inftrees.o#mean_imp": 1.0, 
  "##characteristics#compile#obj_sizes#inftrees.o#min": 4420, 
  "##characteristics#compile#obj_sizes#inftrees.o#min_imp": 1.0, 
  "##characteristics#compile#obj_sizes#inftrees.o#range": 0, 
  "##characteristics#compile#obj_sizes#inftrees.o#range_percent": 0, 
  "##characteristics#compile#obj_sizes#inftrees.o#repeats": 1, 
  "##characteristics#compile#obj_sizes#trees.o#all": [
    14212
  ], 
  "##characteristics#compile#obj_sizes#trees.o#all_unique": [
    14212
  ], 
  "##characteristics#compile#obj_sizes#trees.o#center": 14212, 
  "##characteristics#compile#obj_sizes#trees.o#center_imp": 0.9980298339431466, 
  "##characteristics#compile#obj_sizes#trees.o#halfrange": 0, 
  "##characteristics#compile#obj_sizes#trees.o#max": 14212, 
  "##characteristics#compile#obj_sizes#trees.o#mean": 14212.0, 
  "##characteristics#compile#obj_sizes#trees.o#mean_imp": 0.9980298339431466, 
  "##characteristics#compile#obj_sizes#trees.o#min": 14212, 
  "##characteristics#compile#obj_sizes#trees.o#min_imp": 0.9980298339431466, 
  "##characteristics#compile#obj_sizes#trees.o#range": 0, 
  "##characteristics#compile#obj_sizes#trees.o#range_percent": 0, 
  "##characteristics#compile#obj_sizes#trees.o#repeats": 1, 
  "##characteristics#compile#obj_sizes#uncompr.o#all": [
    1272
  ], 
  "##characteristics#compile#obj_sizes#uncompr.o#all_unique": [
    1272
  ], 
  "##characteristics#compile#obj_sizes#uncompr.o#center": 1272, 
  "##characteristics#compile#obj_sizes#uncompr.o#center_imp": 1.0, 
  "##characteristics#compile#obj_sizes#uncompr.o#halfrange": 0, 
  "##characteristics#compile#obj_sizes#uncompr.o#max": 1272, 
  "##characteristics#compile#obj_sizes#uncompr.o#mean": 1272.0, 
  "##characteristics#compile#obj_sizes#uncompr.o#mean_imp": 1.0, 
  "##characteristics#compile#obj_sizes#uncompr.o#min": 1272, 
  "##characteristics#compile#obj_sizes#uncompr.o#min_imp": 1.0, 
  "##characteristics#compile#obj_sizes#uncompr.o#range": 0, 
  "##characteristics#compile#obj_sizes#uncompr.o#range_percent": 0, 
  "##characteristics#compile#obj_sizes#uncompr.o#repeats": 1, 
  "##characteristics#compile#obj_sizes#zutil.o#all": [
    1648
  ], 
  "##characteristics#compile#obj_sizes#zutil.o#all_unique": [
    1648
  ], 
  "##characteristics#compile#obj_sizes#zutil.o#center": 1648, 
  "##characteristics#compile#obj_sizes#zutil.o#center_imp": 1.0, 
  "##characteristics#compile#obj_sizes#zutil.o#halfrange": 0, 
  "##characteristics#compile#obj_sizes#zutil.o#max": 1648, 
  "##characteristics#compile#obj_sizes#zutil.o#mean": 1648.0, 
  "##characteristics#compile#obj_sizes#zutil.o#mean_imp": 1.0, 
  "##characteristics#compile#obj_sizes#zutil.o#min": 1648, 
  "##characteristics#compile#obj_sizes#zutil.o#min_imp": 1.0, 
  "##characteristics#compile#obj_sizes#zutil.o#range": 0, 
  "##characteristics#compile#obj_sizes#zutil.o#range_percent": 0, 
  "##characteristics#compile#obj_sizes#zutil.o#repeats": 1, 
  "##characteristics#compile#program_git_hash#all": [
    "f3b3ffe43b24039767a39c7f85ab4b768684a65b"
  ], 
  "##characteristics#compile#program_git_hash#all_unique": [
    "f3b3ffe43b24039767a39c7f85ab4b768684a65b"
  ], 
  "##characteristics#compile#program_git_hash#min": "f3b3ffe43b24039767a39c7f85ab4b768684a65b", 
  "##characteristics#compile#program_git_hash#min_imp": 0, 
  "##characteristics#compile#program_git_hash#repeats": 1, 
  "##characteristics#run#execution_time#all": [
    0.015511571890145397, 
    0.015768156704361873, 
    0.015373468497576738, 
    0.015354248788368335
  ], 
  "##characteristics#run#execution_time#all_unique": [
    0.015511571890145397, 
    0.015768156704361873, 
    0.015373468497576738, 
    0.015354248788368335
  ], 
  "##characteristics#run#execution_time#center": 0.015561202746365105, 
  "##characteristics#run#execution_time#center_imp": 1.0439362133021164, 
  "##characteristics#run#execution_time#halfrange": 0.0002069539579967689, 
  "##characteristics#run#execution_time#max": 0.015768156704361873, 
  "##characteristics#run#execution_time#mean": 0.015501861470113086, 
  "##characteristics#run#execution_time#mean_imp": 1.0483577340977523, 
  "##characteristics#run#execution_time#min": 0.015354248788368335, 
  "##characteristics#run#execution_time#min_imp": 1.0531887738997587, 
  "##characteristics#run#execution_time#range": 0.0004139079159935378, 
  "##characteristics#run#execution_time#range_percent": 0.02695722348247315, 
  "##characteristics#run#execution_time#repeats": 4, 
  "##characteristics#run#execution_time_kernel_0#all": [
    9.601663, 
    9.760489, 
    9.516177, 
    9.50428
  ], 
  "##characteristics#run#execution_time_kernel_0#all_unique": [
    9.601663, 
    9.760489, 
    9.516177, 
    9.50428
  ], 
  "##characteristics#run#execution_time_kernel_0#center": 9.6323845, 
  "##characteristics#run#execution_time_kernel_0#center_imp": 1.0439362133021164, 
  "##characteristics#run#execution_time_kernel_0#halfrange": 0.12810450000000007, 
  "##characteristics#run#execution_time_kernel_0#max": 9.760489, 
  "##characteristics#run#execution_time_kernel_0#mean": 9.59565225, 
  "##characteristics#run#execution_time_kernel_0#mean_imp": 1.0483577340977523, 
  "##characteristics#run#execution_time_kernel_0#min": 9.50428, 
  "##characteristics#run#execution_time_kernel_0#min_imp": 1.0531887738997587, 
  "##characteristics#run#execution_time_kernel_0#range": 0.25620900000000013, 
  "##characteristics#run#execution_time_kernel_0#range_percent": 0.026957223482473175, 
  "##characteristics#run#execution_time_kernel_0#repeats": 4, 
  "##characteristics#run#execution_time_with_module#all": [
    10.322144985198975, 
    10.486217975616455, 
    11.176278829574585, 
    10.226841926574707
  ], 
  "##characteristics#run#execution_time_with_module#all_unique": [
    10.322144985198975, 
    10.486217975616455, 
    11.176278829574585, 
    10.226841926574707
  ], 
  "##characteristics#run#execution_time_with_module#center": 10.701560378074646, 
  "##characteristics#run#execution_time_with_module#center_imp": 1.2296586672373027, 
  "##characteristics#run#execution_time_with_module#halfrange": 0.47471845149993896, 
  "##characteristics#run#execution_time_with_module#max": 11.176278829574585, 
  "##characteristics#run#execution_time_with_module#mean": 10.55287092924118, 
  "##characteristics#run#execution_time_with_module#mean_imp": 1.1348526424743104, 
  "##characteristics#run#execution_time_with_module#min": 10.226841926574707, 
  "##characteristics#run#execution_time_with_module#min_imp": 1.049230059510682, 
  "##characteristics#run#execution_time_with_module#range": 0.9494369029998779, 
  "##characteristics#run#execution_time_with_module#range_percent": 0.09283774109510211, 
  "##characteristics#run#execution_time_with_module#repeats": 4, 
  "##characteristics#run#repeat#all": [
    619, 
    619, 
    619, 
    619
  ], 
  "##characteristics#run#repeat#all_unique": [
    619
  ], 
  "##characteristics#run#repeat#center": 619, 
  "##characteristics#run#repeat#center_imp": 1.0, 
  "##characteristics#run#repeat#halfrange": 0, 
  "##characteristics#run#repeat#max": 619, 
  "##characteristics#run#repeat#mean": 619.0, 
  "##characteristics#run#repeat#mean_imp": 1.0, 
  "##characteristics#run#repeat#min": 619, 
  "##characteristics#run#repeat#min_imp": 1.0, 
  "##characteristics#run#repeat#range": 0, 
  "##characteristics#run#repeat#range_percent": 0, 
  "##characteristics#run#repeat#repeats": 4, 
  "##characteristics#run#return_code#all": [
    0, 
    0, 
    0, 
    0
  ], 
  "##characteristics#run#return_code#all_unique": [
    0
  ], 
  "##characteristics#run#return_code#center": 0, 
  "##characteristics#run#return_code#halfrange": 0, 
  "##characteristics#run#return_code#max": 0, 
  "##characteristics#run#return_code#mean": 0.0, 
  "##characteristics#run#return_code#min": 0, 
  "##characteristics#run#return_code#min_imp": 1, 
  "##characteristics#run#return_code#range": 0, 
  "##characteristics#run#return_code#repeats": 4, 
  "##characteristics#run#run_success#all": [
    "yes", 
    "yes", 
    "yes", 
    "yes"
  ], 
  "##characteristics#run#run_success#all_unique": [
    "yes"
  ], 
  "##characteristics#run#run_success#min": "yes", 
  "##characteristics#run#run_success#min_imp": 1, 
  "##characteristics#run#run_success#repeats": 4, 
  "##characteristics#run#run_success_bool#all": [
    true, 
    true, 
    true, 
    true
  ], 
  "##characteristics#run#run_success_bool#all_unique": [
    true
  ], 
  "##characteristics#run#run_success_bool#min": true, 
  "##characteristics#run#run_success_bool#min_imp": 1, 
  "##characteristics#run#run_success_bool#repeats": 4, 
  "##characteristics#run#total_execution_time#all": [
    9.601663, 
    9.760489, 
    9.516177, 
    9.50428
  ], 
  "##characteristics#run#total_execution_time#all_unique": [
    9.601663, 
    9.760489, 
    9.516177, 
    9.50428
  ], 
  "##characteristics#run#total_execution_time#center": 9.6323845, 
  "##characteristics#run#total_execution_time#center_imp": 1.0439362133021164, 
  "##characteristics#run#total_execution_time#halfrange": 0.12810450000000007, 
  "##characteristics#run#total_execution_time#max": 9.760489, 
  "##characteristics#run#total_execution_time#mean": 9.59565225, 
  "##characteristics#run#total_execution_time#mean_imp": 1.0483577340977523, 
  "##characteristics#run#total_execution_time#min": 9.50428, 
  "##characteristics#run#total_execution_time#min_imp": 1.0531887738997587, 
  "##characteristics#run#total_execution_time#range": 0.25620900000000013, 
  "##characteristics#run#total_execution_time#range_percent": 0.026957223482473175, 
  "##characteristics#run#total_execution_time#repeats": 4
}
