{
  "characteristics_list": [
    {
      "compile": {
        "binary_size": 103232, 
        "compilation_success": "yes", 
        "compilation_success_bool": true, 
        "compilation_time": 109.2092809677124, 
        "compilation_time_with_module": 114.11842608451843, 
        "joined_compiler_flags": "-O3 -ffp-contract=off -fcompare-elim -fno-function-cse -fno-hoist-adjacent-loads -fira-share-save-slots -fkeep-static-consts -fmerge-all-constants -fomit-frame-pointer -fprefetch-loop-arrays -free -fno-sched-dep-count-heuristic -fsched-spec-load-dangerous -fno-split-ivs-in-unroller -ftree-ch -ftree-forwprop -ftree-vectorize -fno-unroll-all-loops", 
        "md5_sum": "e8e6d8f447c6e10bc586b4116479c410", 
        "obj_size": 116592, 
        "obj_sizes": {
          "adler32.o": 2424, 
          "compress.o": 1568, 
          "crc32.o": 10884, 
          "ctuning-rtl.o": 3756, 
          "deflate.o": 21020, 
          "gzclose.o": 980, 
          "gzlib.o": 6300, 
          "gzread.o": 5776, 
          "gzwrite.o": 10264, 
          "infback.o": 9784, 
          "inffast.o": 4700, 
          "inflate.o": 16936, 
          "inftrees.o": 4952, 
          "trees.o": 14328, 
          "uncompr.o": 1272, 
          "zutil.o": 1648
        }, 
        "program_git_hash": "f3b3ffe43b24039767a39c7f85ab4b768684a65b"
      }, 
      "run": {
        "execution_time": 0.016112255250403877, 
        "execution_time_kernel_0": 9.973486, 
        "execution_time_with_module": 12.222989082336426, 
        "repeat": 619, 
        "return_code": 0, 
        "run_success": "yes", 
        "run_success_bool": true, 
        "total_execution_time": 9.973486
      }
    }, 
    {
      "run": {
        "execution_time": 0.016293605815831988, 
        "execution_time_kernel_0": 10.085742, 
        "execution_time_with_module": 10.805109024047852, 
        "repeat": 619, 
        "return_code": 0, 
        "run_success": "yes", 
        "run_success_bool": true, 
        "total_execution_time": 10.085742
      }
    }, 
    {
      "run": {
        "execution_time": 0.01596591437802908, 
        "execution_time_kernel_0": 9.882901, 
        "execution_time_with_module": 10.600420951843262, 
        "repeat": 619, 
        "return_code": 0, 
        "run_success": "yes", 
        "run_success_bool": true, 
        "total_execution_time": 9.882901
      }
    }, 
    {
      "run": {
        "execution_time": 0.01622725201938611, 
        "execution_time_kernel_0": 10.044669, 
        "execution_time_with_module": 10.763257026672363, 
        "repeat": 619, 
        "return_code": 0, 
        "run_success": "yes", 
        "run_success_bool": true, 
        "total_execution_time": 10.044669
      }
    }
  ], 
  "choices": {
    "calibration_time": 10.0, 
    "cmd_key": "decode", 
    "compile_type": "dynamic", 
    "compiler_description_uoa": "gcc-4.9.0-auto", 
    "compiler_flags": {
      "base_opt": "-O3", 
      "bool--ffp-contract=": "-ffp-contract=off", 
      "bool-compare-elim": "-fcompare-elim", 
      "bool-function-cse": "-fno-function-cse", 
      "bool-hoist-adjacent-loads": "-fno-hoist-adjacent-loads", 
      "bool-ira-share-save-slots": "-fira-share-save-slots", 
      "bool-keep-static-consts": "-fkeep-static-consts", 
      "bool-merge-all-constants": "-fmerge-all-constants", 
      "bool-omit-frame-pointer": "-fomit-frame-pointer", 
      "bool-prefetch-loop-arrays": "-fprefetch-loop-arrays", 
      "bool-ree": "-free", 
      "bool-sched-dep-count-heuristic": "-fno-sched-dep-count-heuristic", 
      "bool-sched-spec-load-dangerous": "-fsched-spec-load-dangerous", 
      "bool-split-ivs-in-unroller": "-fno-split-ivs-in-unroller", 
      "bool-tree-ch": "-ftree-ch", 
      "bool-tree-forwprop": "-ftree-forwprop", 
      "bool-tree-vectorize": "-ftree-vectorize", 
      "bool-unroll-all-loops": "-fno-unroll-all-loops"
    }, 
    "data_uoa": "zlib-inflate", 
    "dataset_file": "audio-wav-0001-deflated", 
    "dataset_uoa": "audio-wav-0001-deflated", 
    "device_cfg": {}, 
    "device_id": "", 
    "host_os": "linux-32", 
    "module_uoa": "b0ac08fe1d3c2615", 
    "no_state_check": "yes", 
    "program_tags": "", 
    "repeat": 619, 
    "target": "", 
    "target_os": "linux-32", 
    "target_os_bits": "32"
  }, 
  "choices_order": [
    "##compiler_flags#base_opt", 
    "##compiler_flags#bool--ffp-contract=", 
    "##compiler_flags#bool-compare-elim", 
    "##compiler_flags#bool-function-cse", 
    "##compiler_flags#bool-hoist-adjacent-loads", 
    "##compiler_flags#bool-ira-share-save-slots", 
    "##compiler_flags#bool-keep-static-consts", 
    "##compiler_flags#bool-merge-all-constants", 
    "##compiler_flags#bool-omit-frame-pointer", 
    "##compiler_flags#bool-prefetch-loop-arrays", 
    "##compiler_flags#bool-ree", 
    "##compiler_flags#bool-sched-dep-count-heuristic", 
    "##compiler_flags#bool-sched-spec-load-dangerous", 
    "##compiler_flags#bool-split-ivs-in-unroller", 
    "##compiler_flags#bool-tree-ch", 
    "##compiler_flags#bool-tree-forwprop", 
    "##compiler_flags#bool-tree-vectorize", 
    "##compiler_flags#bool-unroll-all-loops"
  ], 
  "features": {
    "compiler_version": {
      "list": [
        4, 
        9, 
        2
      ], 
      "raw": [
        "gcc-4.9 (Raspbian 4.9.2-10) 4.9.2", 
        "Copyright (C) 2014 Free Software Foundation, Inc.", 
        "This is free software; see the source for copying conditions.  There is NO", 
        "warranty; not even for MERCHANTABILITY or FITNESS FOR A PARTICULAR PURPOSE.", 
        "", 
        ""
      ], 
      "str": "4.9.2"
    }, 
    "dataset": {
      "total_size": 116960
    }, 
    "number_of_selected_compiler_flags": 18, 
    "platform": {
      "cpu": {
        "all_freqs": {
          "0": [
            700000, 
            700000
          ]
        }, 
        "cpu_abi": "", 
        "cpu_features": "half thumb fastmult vfp edsp java tls", 
        "current_freq": {
          "0": 700.0
        }, 
        "max_freq": {
          "0": 700.0
        }, 
        "name": "BCM2708", 
        "num_proc": "1", 
        "sub_name": "ARMv6-compatible processor rev 7 (v6l)", 
        "workload_automation": {
          "device_config": {
            "core_clusters": [
              0
            ], 
            "core_names": [
              "BCM2708"
            ]
          }
        }
      }, 
      "cpu_misc": {
        "0": {
          "BogoMIPS": "697.95", 
          "CPU architecture": "7", 
          "CPU implementer": "0x41", 
          "CPU part": "0xb76", 
          "CPU revision": "7", 
          "CPU variant": "0x0", 
          "Features": "half thumb fastmult vfp edsp java tls", 
          "Hardware": "BCM2708", 
          "Revision": "0013", 
          "Serial": "00000000999033c3", 
          "all_freqs": [
            "0", 
            "0"
          ], 
          "ck_cpu_name": "BCM2708", 
          "ck_cpu_subname": "ARMv6-compatible processor rev 7 (v6l)", 
          "cpu_features": "half thumb fastmult vfp edsp java tls", 
          "cur_freq": 700.0, 
          "max_freq": 700.0, 
          "model name": "ARMv6-compatible processor rev 7 (v6l)", 
          "processor": "0"
        }
      }, 
      "cpu_new_format": "", 
      "cpu_unique": [
        {
          "BogoMIPS": "697.95", 
          "CPU architecture": "7", 
          "CPU implementer": "0x41", 
          "CPU part": "0xb76", 
          "CPU revision": "7", 
          "CPU variant": "0x0", 
          "Features": "half thumb fastmult vfp edsp java tls", 
          "Hardware": "BCM2708", 
          "Revision": "0013", 
          "Serial": "00000000999033c3", 
          "all_freqs": [
            "0", 
            "0"
          ], 
          "ck_cpu_name": "BCM2708", 
          "ck_cpu_subname": "ARMv6-compatible processor rev 7 (v6l)", 
          "cpu_features": "half thumb fastmult vfp edsp java tls", 
          "cur_freq": 700.0, 
          "max_freq": 700.0, 
          "model name": "ARMv6-compatible processor rev 7 (v6l)", 
          "processor": "0"
        }
      ], 
      "gpu": {
        "name": "", 
        "vendor": ""
      }, 
      "gpu_misc": {}, 
      "os": {
        "abi": "armv6l", 
        "bits": "32", 
        "ck_os_base_uoa": "", 
        "ck_os_uoa": "linux-32", 
        "name": "Linux 4.4.21+", 
        "name_long": "Linux-4.4.21+-armv6l-with-debian-8.0", 
        "name_short": "Linux 4.4.21+", 
        "serial_number": ""
      }, 
      "os_misc": {}, 
      "platform": {
        "model": "", 
        "name": "", 
        "vendor": ""
      }, 
      "platform_misc": {}
    }, 
    "solution_uid": "61764d46879edf84", 
    "statistical_repetitions": 4
  }
}
