{
  "##characteristics#compile#binary_size#all": [
    100328
  ], 
  "##characteristics#compile#binary_size#all_unique": [
    100328
  ], 
  "##characteristics#compile#binary_size#center": 100328, 
  "##characteristics#compile#binary_size#center_imp": 1.0043856151822024, 
  "##characteristics#compile#binary_size#halfrange": 0, 
  "##characteristics#compile#binary_size#max": 100328, 
  "##characteristics#compile#binary_size#mean": 100328.0, 
  "##characteristics#compile#binary_size#mean_imp": 1.0043856151822024, 
  "##characteristics#compile#binary_size#min": 100328, 
  "##characteristics#compile#binary_size#min_imp": 1.0043856151822024, 
  "##characteristics#compile#binary_size#range": 0, 
  "##characteristics#compile#binary_size#range_percent": 0, 
  "##characteristics#compile#binary_size#repeats": 1, 
  "##characteristics#compile#compilation_success#all": [
    "yes"
  ], 
  "##characteristics#compile#compilation_success#all_unique": [
    "yes"
  ], 
  "##characteristics#compile#compilation_success#min": "yes", 
  "##characteristics#compile#compilation_success#min_imp": 0, 
  "##characteristics#compile#compilation_success#repeats": 1, 
  "##characteristics#compile#compilation_success_bool#all": [
    true
  ], 
  "##characteristics#compile#compilation_success_bool#all_unique": [
    true
  ], 
  "##characteristics#compile#compilation_success_bool#min": true, 
  "##characteristics#compile#compilation_success_bool#min_imp": 0, 
  "##characteristics#compile#compilation_success_bool#repeats": 1, 
  "##characteristics#compile#compilation_time#all": [
    96.42440700531006
  ], 
  "##characteristics#compile#compilation_time#all_unique": [
    96.42440700531006
  ], 
  "##characteristics#compile#compilation_time#center": 96.42440700531006, 
  "##characteristics#compile#compilation_time#center_imp": 1.115830093070779, 
  "##characteristics#compile#compilation_time#halfrange": 0.0, 
  "##characteristics#compile#compilation_time#max": 96.42440700531006, 
  "##characteristics#compile#compilation_time#mean": 96.42440700531006, 
  "##characteristics#compile#compilation_time#mean_imp": 1.115830093070779, 
  "##characteristics#compile#compilation_time#min": 96.42440700531006, 
  "##characteristics#compile#compilation_time#min_imp": 1.115830093070779, 
  "##characteristics#compile#compilation_time#range": 0.0, 
  "##characteristics#compile#compilation_time#range_percent": 0.0, 
  "##characteristics#compile#compilation_time#repeats": 1, 
  "##characteristics#compile#compilation_time_with_module#all": [
    101.31898212432861
  ], 
  "##characteristics#compile#compilation_time_with_module#all_unique": [
    101.31898212432861
  ], 
  "##characteristics#compile#compilation_time_with_module#center": 101.31898212432861, 
  "##characteristics#compile#compilation_time_with_module#center_imp": 1.1094670276546588, 
  "##characteristics#compile#compilation_time_with_module#halfrange": 0.0, 
  "##characteristics#compile#compilation_time_with_module#max": 101.31898212432861, 
  "##characteristics#compile#compilation_time_with_module#mean": 101.31898212432861, 
  "##characteristics#compile#compilation_time_with_module#mean_imp": 1.1094670276546588, 
  "##characteristics#compile#compilation_time_with_module#min": 101.31898212432861, 
  "##characteristics#compile#compilation_time_with_module#min_imp": 1.1094670276546588, 
  "##characteristics#compile#compilation_time_with_module#range": 0.0, 
  "##characteristics#compile#compilation_time_with_module#range_percent": 0.0, 
  "##characteristics#compile#compilation_time_with_module#repeats": 1, 
  "##characteristics#compile#joined_compiler_flags#all": [
    "-O3 -fexcess-precision=fast -fno-branch-count-reg -fdse -ffat-lto-objects -fgcse-after-reload -fipa-cp-clone -fira-share-save-slots -fno-isolate-erroneous-paths-attribute -fno-loop-parallelize-all -fpeephole -fno-prefetch-loop-arrays -fno-rerun-cse-after-loop -freschedule-modulo-scheduled-loops -fsched-group-heuristic -fsel-sched-pipelining-outer-loops -fno-shrink-wrap -fno-signed-zeros -fno-single-precision-constant -fno-toplevel-reorder -ftree-pta -ftree-reassoc"
  ], 
  "##characteristics#compile#joined_compiler_flags#all_unique": [
    "-O3 -fexcess-precision=fast -fno-branch-count-reg -fdse -ffat-lto-objects -fgcse-after-reload -fipa-cp-clone -fira-share-save-slots -fno-isolate-erroneous-paths-attribute -fno-loop-parallelize-all -fpeephole -fno-prefetch-loop-arrays -fno-rerun-cse-after-loop -freschedule-modulo-scheduled-loops -fsched-group-heuristic -fsel-sched-pipelining-outer-loops -fno-shrink-wrap -fno-signed-zeros -fno-single-precision-constant -fno-toplevel-reorder -ftree-pta -ftree-reassoc"
  ], 
  "##characteristics#compile#joined_compiler_flags#min": "-O3 -fexcess-precision=fast -fno-branch-count-reg -fdse -ffat-lto-objects -fgcse-after-reload -fipa-cp-clone -fira-share-save-slots -fno-isolate-erroneous-paths-attribute -fno-loop-parallelize-all -fpeephole -fno-prefetch-loop-arrays -fno-rerun-cse-after-loop -freschedule-modulo-scheduled-loops -fsched-group-heuristic -fsel-sched-pipelining-outer-loops -fno-shrink-wrap -fno-signed-zeros -fno-single-precision-constant -fno-toplevel-reorder -ftree-pta -ftree-reassoc", 
  "##characteristics#compile#joined_compiler_flags#min_imp": 0, 
  "##characteristics#compile#joined_compiler_flags#repeats": 1, 
  "##characteristics#compile#md5_sum#all": [
    "72e5cfabcfce680900334a033cb196b9"
  ], 
  "##characteristics#compile#md5_sum#all_unique": [
    "72e5cfabcfce680900334a033cb196b9"
  ], 
  "##characteristics#compile#md5_sum#min": "72e5cfabcfce680900334a033cb196b9", 
  "##characteristics#compile#md5_sum#min_imp": 0, 
  "##characteristics#compile#md5_sum#repeats": 1, 
  "##characteristics#compile#obj_size#all": [
    113664
  ], 
  "##characteristics#compile#obj_size#all_unique": [
    113664
  ], 
  "##characteristics#compile#obj_size#center": 113664, 
  "##characteristics#compile#obj_size#center_imp": 1.0033783783783783, 
  "##characteristics#compile#obj_size#halfrange": 0, 
  "##characteristics#compile#obj_size#max": 113664, 
  "##characteristics#compile#obj_size#mean": 113664.0, 
  "##characteristics#compile#obj_size#mean_imp": 1.0033783783783783, 
  "##characteristics#compile#obj_size#min": 113664, 
  "##characteristics#compile#obj_size#min_imp": 1.0033783783783783, 
  "##characteristics#compile#obj_size#range": 0, 
  "##characteristics#compile#obj_size#range_percent": 0, 
  "##characteristics#compile#obj_size#repeats": 1, 
  "##characteristics#compile#obj_sizes#adler32.o#all": [
    2428
  ], 
  "##characteristics#compile#obj_sizes#adler32.o#all_unique": [
    2428
  ], 
  "##characteristics#compile#obj_sizes#adler32.o#center": 2428, 
  "##characteristics#compile#obj_sizes#adler32.o#center_imp": 0.9983525535420099, 
  "##characteristics#compile#obj_sizes#adler32.o#halfrange": 0, 
  "##characteristics#compile#obj_sizes#adler32.o#max": 2428, 
  "##characteristics#compile#obj_sizes#adler32.o#mean": 2428.0, 
  "##characteristics#compile#obj_sizes#adler32.o#mean_imp": 0.9983525535420099, 
  "##characteristics#compile#obj_sizes#adler32.o#min": 2428, 
  "##characteristics#compile#obj_sizes#adler32.o#min_imp": 0.9983525535420099, 
  "##characteristics#compile#obj_sizes#adler32.o#range": 0, 
  "##characteristics#compile#obj_sizes#adler32.o#range_percent": 0, 
  "##characteristics#compile#obj_sizes#adler32.o#repeats": 1, 
  "##characteristics#compile#obj_sizes#compress.o#all": [
    1568
  ], 
  "##characteristics#compile#obj_sizes#compress.o#all_unique": [
    1568
  ], 
  "##characteristics#compile#obj_sizes#compress.o#center": 1568, 
  "##characteristics#compile#obj_sizes#compress.o#center_imp": 1.0, 
  "##characteristics#compile#obj_sizes#compress.o#halfrange": 0, 
  "##characteristics#compile#obj_sizes#compress.o#max": 1568, 
  "##characteristics#compile#obj_sizes#compress.o#mean": 1568.0, 
  "##characteristics#compile#obj_sizes#compress.o#mean_imp": 1.0, 
  "##characteristics#compile#obj_sizes#compress.o#min": 1568, 
  "##characteristics#compile#obj_sizes#compress.o#min_imp": 1.0, 
  "##characteristics#compile#obj_sizes#compress.o#range": 0, 
  "##characteristics#compile#obj_sizes#compress.o#range_percent": 0, 
  "##characteristics#compile#obj_sizes#compress.o#repeats": 1, 
  "##characteristics#compile#obj_sizes#crc32.o#all": [
    10796
  ], 
  "##characteristics#compile#obj_sizes#crc32.o#all_unique": [
    10796
  ], 
  "##characteristics#compile#obj_sizes#crc32.o#center": 10796, 
  "##characteristics#compile#obj_sizes#crc32.o#center_imp": 1.0074101519081142, 
  "##characteristics#compile#obj_sizes#crc32.o#halfrange": 0, 
  "##characteristics#compile#obj_sizes#crc32.o#max": 10796, 
  "##characteristics#compile#obj_sizes#crc32.o#mean": 10796.0, 
  "##characteristics#compile#obj_sizes#crc32.o#mean_imp": 1.0074101519081142, 
  "##characteristics#compile#obj_sizes#crc32.o#min": 10796, 
  "##characteristics#compile#obj_sizes#crc32.o#min_imp": 1.0074101519081142, 
  "##characteristics#compile#obj_sizes#crc32.o#range": 0, 
  "##characteristics#compile#obj_sizes#crc32.o#range_percent": 0, 
  "##characteristics#compile#obj_sizes#crc32.o#repeats": 1, 
  "##characteristics#compile#obj_sizes#ctuning-rtl.o#all": [
    3844
  ], 
  "##characteristics#compile#obj_sizes#ctuning-rtl.o#all_unique": [
    3844
  ], 
  "##characteristics#compile#obj_sizes#ctuning-rtl.o#center": 3844, 
  "##characteristics#compile#obj_sizes#ctuning-rtl.o#center_imp": 0.9979188345473465, 
  "##characteristics#compile#obj_sizes#ctuning-rtl.o#halfrange": 0, 
  "##characteristics#compile#obj_sizes#ctuning-rtl.o#max": 3844, 
  "##characteristics#compile#obj_sizes#ctuning-rtl.o#mean": 3844.0, 
  "##characteristics#compile#obj_sizes#ctuning-rtl.o#mean_imp": 0.9979188345473465, 
  "##characteristics#compile#obj_sizes#ctuning-rtl.o#min": 3844, 
  "##characteristics#compile#obj_sizes#ctuning-rtl.o#min_imp": 0.9979188345473465, 
  "##characteristics#compile#obj_sizes#ctuning-rtl.o#range": 0, 
  "##characteristics#compile#obj_sizes#ctuning-rtl.o#range_percent": 0, 
  "##characteristics#compile#obj_sizes#ctuning-rtl.o#repeats": 1, 
  "##characteristics#compile#obj_sizes#deflate.o#all": [
    19656
  ], 
  "##characteristics#compile#obj_sizes#deflate.o#all_unique": [
    19656
  ], 
  "##characteristics#compile#obj_sizes#deflate.o#center": 19656, 
  "##characteristics#compile#obj_sizes#deflate.o#center_imp": 1.0262515262515262, 
  "##characteristics#compile#obj_sizes#deflate.o#halfrange": 0, 
  "##characteristics#compile#obj_sizes#deflate.o#max": 19656, 
  "##characteristics#compile#obj_sizes#deflate.o#mean": 19656.0, 
  "##characteristics#compile#obj_sizes#deflate.o#mean_imp": 1.0262515262515262, 
  "##characteristics#compile#obj_sizes#deflate.o#min": 19656, 
  "##characteristics#compile#obj_sizes#deflate.o#min_imp": 1.0262515262515262, 
  "##characteristics#compile#obj_sizes#deflate.o#range": 0, 
  "##characteristics#compile#obj_sizes#deflate.o#range_percent": 0, 
  "##characteristics#compile#obj_sizes#deflate.o#repeats": 1, 
  "##characteristics#compile#obj_sizes#gzclose.o#all": [
    980
  ], 
  "##characteristics#compile#obj_sizes#gzclose.o#all_unique": [
    980
  ], 
  "##characteristics#compile#obj_sizes#gzclose.o#center": 980, 
  "##characteristics#compile#obj_sizes#gzclose.o#center_imp": 1.0, 
  "##characteristics#compile#obj_sizes#gzclose.o#halfrange": 0, 
  "##characteristics#compile#obj_sizes#gzclose.o#max": 980, 
  "##characteristics#compile#obj_sizes#gzclose.o#mean": 980.0, 
  "##characteristics#compile#obj_sizes#gzclose.o#mean_imp": 1.0, 
  "##characteristics#compile#obj_sizes#gzclose.o#min": 980, 
  "##characteristics#compile#obj_sizes#gzclose.o#min_imp": 1.0, 
  "##characteristics#compile#obj_sizes#gzclose.o#range": 0, 
  "##characteristics#compile#obj_sizes#gzclose.o#range_percent": 0, 
  "##characteristics#compile#obj_sizes#gzclose.o#repeats": 1, 
  "##characteristics#compile#obj_sizes#gzlib.o#all": [
    6300
  ], 
  "##characteristics#compile#obj_sizes#gzlib.o#all_unique": [
    6300
  ], 
  "##characteristics#compile#obj_sizes#gzlib.o#center": 6300, 
  "##characteristics#compile#obj_sizes#gzlib.o#center_imp": 1.0, 
  "##characteristics#compile#obj_sizes#gzlib.o#halfrange": 0, 
  "##characteristics#compile#obj_sizes#gzlib.o#max": 6300, 
  "##characteristics#compile#obj_sizes#gzlib.o#mean": 6300.0, 
  "##characteristics#compile#obj_sizes#gzlib.o#mean_imp": 1.0, 
  "##characteristics#compile#obj_sizes#gzlib.o#min": 6300, 
  "##characteristics#compile#obj_sizes#gzlib.o#min_imp": 1.0, 
  "##characteristics#compile#obj_sizes#gzlib.o#range": 0, 
  "##characteristics#compile#obj_sizes#gzlib.o#range_percent": 0, 
  "##characteristics#compile#obj_sizes#gzlib.o#repeats": 1, 
  "##characteristics#compile#obj_sizes#gzread.o#all": [
    5808
  ], 
  "##characteristics#compile#obj_sizes#gzread.o#all_unique": [
    5808
  ], 
  "##characteristics#compile#obj_sizes#gzread.o#center": 5808, 
  "##characteristics#compile#obj_sizes#gzread.o#center_imp": 0.9944903581267218, 
  "##characteristics#compile#obj_sizes#gzread.o#halfrange": 0, 
  "##characteristics#compile#obj_sizes#gzread.o#max": 5808, 
  "##characteristics#compile#obj_sizes#gzread.o#mean": 5808.0, 
  "##characteristics#compile#obj_sizes#gzread.o#mean_imp": 0.9944903581267218, 
  "##characteristics#compile#obj_sizes#gzread.o#min": 5808, 
  "##characteristics#compile#obj_sizes#gzread.o#min_imp": 0.9944903581267218, 
  "##characteristics#compile#obj_sizes#gzread.o#range": 0, 
  "##characteristics#compile#obj_sizes#gzread.o#range_percent": 0, 
  "##characteristics#compile#obj_sizes#gzread.o#repeats": 1, 
  "##characteristics#compile#obj_sizes#gzwrite.o#all": [
    10288
  ], 
  "##characteristics#compile#obj_sizes#gzwrite.o#all_unique": [
    10288
  ], 
  "##characteristics#compile#obj_sizes#gzwrite.o#center": 10288, 
  "##characteristics#compile#obj_sizes#gzwrite.o#center_imp": 0.9976671850699844, 
  "##characteristics#compile#obj_sizes#gzwrite.o#halfrange": 0, 
  "##characteristics#compile#obj_sizes#gzwrite.o#max": 10288, 
  "##characteristics#compile#obj_sizes#gzwrite.o#mean": 10288.0, 
  "##characteristics#compile#obj_sizes#gzwrite.o#mean_imp": 0.9976671850699844, 
  "##characteristics#compile#obj_sizes#gzwrite.o#min": 10288, 
  "##characteristics#compile#obj_sizes#gzwrite.o#min_imp": 0.9976671850699844, 
  "##characteristics#compile#obj_sizes#gzwrite.o#range": 0, 
  "##characteristics#compile#obj_sizes#gzwrite.o#range_percent": 0, 
  "##characteristics#compile#obj_sizes#gzwrite.o#repeats": 1, 
  "##characteristics#compile#obj_sizes#infback.o#all": [
    9540
  ], 
  "##characteristics#compile#obj_sizes#infback.o#all_unique": [
    9540
  ], 
  "##characteristics#compile#obj_sizes#infback.o#center": 9540, 
  "##characteristics#compile#obj_sizes#infback.o#center_imp": 1.0033542976939203, 
  "##characteristics#compile#obj_sizes#infback.o#halfrange": 0, 
  "##characteristics#compile#obj_sizes#infback.o#max": 9540, 
  "##characteristics#compile#obj_sizes#infback.o#mean": 9540.0, 
  "##characteristics#compile#obj_sizes#infback.o#mean_imp": 1.0033542976939203, 
  "##characteristics#compile#obj_sizes#infback.o#min": 9540, 
  "##characteristics#compile#obj_sizes#infback.o#min_imp": 1.0033542976939203, 
  "##characteristics#compile#obj_sizes#infback.o#range": 0, 
  "##characteristics#compile#obj_sizes#infback.o#range_percent": 0, 
  "##characteristics#compile#obj_sizes#infback.o#repeats": 1, 
  "##characteristics#compile#obj_sizes#inffast.o#all": [
    3992
  ], 
  "##characteristics#compile#obj_sizes#inffast.o#all_unique": [
    3992
  ], 
  "##characteristics#compile#obj_sizes#inffast.o#center": 3992, 
  "##characteristics#compile#obj_sizes#inffast.o#center_imp": 1.001002004008016, 
  "##characteristics#compile#obj_sizes#inffast.o#halfrange": 0, 
  "##characteristics#compile#obj_sizes#inffast.o#max": 3992, 
  "##characteristics#compile#obj_sizes#inffast.o#mean": 3992.0, 
  "##characteristics#compile#obj_sizes#inffast.o#mean_imp": 1.001002004008016, 
  "##characteristics#compile#obj_sizes#inffast.o#min": 3992, 
  "##characteristics#compile#obj_sizes#inffast.o#min_imp": 1.001002004008016, 
  "##characteristics#compile#obj_sizes#inffast.o#range": 0, 
  "##characteristics#compile#obj_sizes#inffast.o#range_percent": 0, 
  "##characteristics#compile#obj_sizes#inffast.o#repeats": 1, 
  "##characteristics#compile#obj_sizes#inflate.o#all": [
    16752
  ], 
  "##characteristics#compile#obj_sizes#inflate.o#all_unique": [
    16752
  ], 
  "##characteristics#compile#obj_sizes#inflate.o#center": 16752, 
  "##characteristics#compile#obj_sizes#inflate.o#center_imp": 1.0004775549188156, 
  "##characteristics#compile#obj_sizes#inflate.o#halfrange": 0, 
  "##characteristics#compile#obj_sizes#inflate.o#max": 16752, 
  "##characteristics#compile#obj_sizes#inflate.o#mean": 16752.0, 
  "##characteristics#compile#obj_sizes#inflate.o#mean_imp": 1.0004775549188156, 
  "##characteristics#compile#obj_sizes#inflate.o#min": 16752, 
  "##characteristics#compile#obj_sizes#inflate.o#min_imp": 1.0004775549188156, 
  "##characteristics#compile#obj_sizes#inflate.o#range": 0, 
  "##characteristics#compile#obj_sizes#inflate.o#range_percent": 0, 
  "##characteristics#compile#obj_sizes#inflate.o#repeats": 1, 
  "##characteristics#compile#obj_sizes#inftrees.o#all": [
    4420
  ], 
  "##characteristics#compile#obj_sizes#inftrees.o#all_unique": [
    4420
  ], 
  "##characteristics#compile#obj_sizes#inftrees.o#center": 4420, 
  "##characteristics#compile#obj_sizes#inftrees.o#center_imp": 1.0, 
  "##characteristics#compile#obj_sizes#inftrees.o#halfrange": 0, 
  "##characteristics#compile#obj_sizes#inftrees.o#max": 4420, 
  "##characteristics#compile#obj_sizes#inftrees.o#mean": 4420.0, 
  "##characteristics#compile#obj_sizes#inftrees.o#mean_imp": 1.0, 
  "##characteristics#compile#obj_sizes#inftrees.o#min": 4420, 
  "##characteristics#compile#obj_sizes#inftrees.o#min_imp": 1.0, 
  "##characteristics#compile#obj_sizes#inftrees.o#range": 0, 
  "##characteristics#compile#obj_sizes#inftrees.o#range_percent": 0, 
  "##characteristics#compile#obj_sizes#inftrees.o#repeats": 1, 
  "##characteristics#compile#obj_sizes#trees.o#all": [
    14372
  ], 
  "##characteristics#compile#obj_sizes#trees.o#all_unique": [
    14372
  ], 
  "##characteristics#compile#obj_sizes#trees.o#center": 14372, 
  "##characteristics#compile#obj_sizes#trees.o#center_imp": 0.9869190091845255, 
  "##characteristics#compile#obj_sizes#trees.o#halfrange": 0, 
  "##characteristics#compile#obj_sizes#trees.o#max": 14372, 
  "##characteristics#compile#obj_sizes#trees.o#mean": 14372.0, 
  "##characteristics#compile#obj_sizes#trees.o#mean_imp": 0.9869190091845255, 
  "##characteristics#compile#obj_sizes#trees.o#min": 14372, 
  "##characteristics#compile#obj_sizes#trees.o#min_imp": 0.9869190091845255, 
  "##characteristics#compile#obj_sizes#trees.o#range": 0, 
  "##characteristics#compile#obj_sizes#trees.o#range_percent": 0, 
  "##characteristics#compile#obj_sizes#trees.o#repeats": 1, 
  "##characteristics#compile#obj_sizes#uncompr.o#all": [
    1272
  ], 
  "##characteristics#compile#obj_sizes#uncompr.o#all_unique": [
    1272
  ], 
  "##characteristics#compile#obj_sizes#uncompr.o#center": 1272, 
  "##characteristics#compile#obj_sizes#uncompr.o#center_imp": 1.0, 
  "##characteristics#compile#obj_sizes#uncompr.o#halfrange": 0, 
  "##characteristics#compile#obj_sizes#uncompr.o#max": 1272, 
  "##characteristics#compile#obj_sizes#uncompr.o#mean": 1272.0, 
  "##characteristics#compile#obj_sizes#uncompr.o#mean_imp": 1.0, 
  "##characteristics#compile#obj_sizes#uncompr.o#min": 1272, 
  "##characteristics#compile#obj_sizes#uncompr.o#min_imp": 1.0, 
  "##characteristics#compile#obj_sizes#uncompr.o#range": 0, 
  "##characteristics#compile#obj_sizes#uncompr.o#range_percent": 0, 
  "##characteristics#compile#obj_sizes#uncompr.o#repeats": 1, 
  "##characteristics#compile#obj_sizes#zutil.o#all": [
    1648
  ], 
  "##characteristics#compile#obj_sizes#zutil.o#all_unique": [
    1648
  ], 
  "##characteristics#compile#obj_sizes#zutil.o#center": 1648, 
  "##characteristics#compile#obj_sizes#zutil.o#center_imp": 1.0, 
  "##characteristics#compile#obj_sizes#zutil.o#halfrange": 0, 
  "##characteristics#compile#obj_sizes#zutil.o#max": 1648, 
  "##characteristics#compile#obj_sizes#zutil.o#mean": 1648.0, 
  "##characteristics#compile#obj_sizes#zutil.o#mean_imp": 1.0, 
  "##characteristics#compile#obj_sizes#zutil.o#min": 1648, 
  "##characteristics#compile#obj_sizes#zutil.o#min_imp": 1.0, 
  "##characteristics#compile#obj_sizes#zutil.o#range": 0, 
  "##characteristics#compile#obj_sizes#zutil.o#range_percent": 0, 
  "##characteristics#compile#obj_sizes#zutil.o#repeats": 1, 
  "##characteristics#compile#program_git_hash#all": [
    "f3b3ffe43b24039767a39c7f85ab4b768684a65b"
  ], 
  "##characteristics#compile#program_git_hash#all_unique": [
    "f3b3ffe43b24039767a39c7f85ab4b768684a65b"
  ], 
  "##characteristics#compile#program_git_hash#min": "f3b3ffe43b24039767a39c7f85ab4b768684a65b", 
  "##characteristics#compile#program_git_hash#min_imp": 0, 
  "##characteristics#compile#program_git_hash#repeats": 1, 
  "##characteristics#run#execution_time#all": [
    0.016312894991922455, 
    0.016370712439418417, 
    0.0162088352180937, 
    0.016233059773828756
  ], 
  "##characteristics#run#execution_time#all_unique": [
    0.016312894991922455, 
    0.016370712439418417, 
    0.0162088352180937, 
    0.016233059773828756
  ], 
  "##characteristics#run#execution_time#center": 0.016289773828756057, 
  "##characteristics#run#execution_time#center_imp": 0.9972454645619471, 
  "##characteristics#run#execution_time#halfrange": 8.093861066235837e-05, 
  "##characteristics#run#execution_time#max": 0.016370712439418417, 
  "##characteristics#run#execution_time#mean": 0.016281375605815832, 
  "##characteristics#run#execution_time#mean_imp": 0.9981648208705318, 
  "##characteristics#run#execution_time#min": 0.0162088352180937, 
  "##characteristics#run#execution_time#min_imp": 0.9976609816800485, 
  "##characteristics#run#execution_time#range": 0.00016187722132471674, 
  "##characteristics#run#execution_time#range_percent": 0.009986974335084572, 
  "##characteristics#run#execution_time#repeats": 4, 
  "##characteristics#run#execution_time_kernel_0#all": [
    10.097682, 
    10.133471, 
    10.033269, 
    10.048264
  ], 
  "##characteristics#run#execution_time_kernel_0#all_unique": [
    10.097682, 
    10.133471, 
    10.033269, 
    10.048264
  ], 
  "##characteristics#run#execution_time_kernel_0#center": 10.08337, 
  "##characteristics#run#execution_time_kernel_0#center_imp": 0.9972454645619471, 
  "##characteristics#run#execution_time_kernel_0#halfrange": 0.05010099999999973, 
  "##characteristics#run#execution_time_kernel_0#max": 10.133471, 
  "##characteristics#run#execution_time_kernel_0#mean": 10.0781715, 
  "##characteristics#run#execution_time_kernel_0#mean_imp": 0.9981648208705318, 
  "##characteristics#run#execution_time_kernel_0#min": 10.033269, 
  "##characteristics#run#execution_time_kernel_0#min_imp": 0.9976609816800486, 
  "##characteristics#run#execution_time_kernel_0#range": 0.10020199999999946, 
  "##characteristics#run#execution_time_kernel_0#range_percent": 0.009986974335084553, 
  "##characteristics#run#execution_time_kernel_0#repeats": 4, 
  "##characteristics#run#execution_time_with_module#all": [
    10.815596103668213, 
    10.873247861862183, 
    13.050211906433105, 
    10.77868390083313
  ], 
  "##characteristics#run#execution_time_with_module#all_unique": [
    10.815596103668213, 
    10.873247861862183, 
    13.050211906433105, 
    10.77868390083313
  ], 
  "##characteristics#run#execution_time_with_module#center": 11.914447903633118, 
  "##characteristics#run#execution_time_with_module#center_imp": 1.1044797525070456, 
  "##characteristics#run#execution_time_with_module#halfrange": 1.1357640027999878, 
  "##characteristics#run#execution_time_with_module#max": 13.050211906433105, 
  "##characteristics#run#execution_time_with_module#mean": 11.379434943199158, 
  "##characteristics#run#execution_time_with_module#mean_imp": 1.0524207501970062, 
  "##characteristics#run#execution_time_with_module#min": 10.77868390083313, 
  "##characteristics#run#execution_time_with_module#min_imp": 0.9955120738253515, 
  "##characteristics#run#execution_time_with_module#range": 2.2715280055999756, 
  "##characteristics#run#execution_time_with_module#range_percent": 0.21074261259525381, 
  "##characteristics#run#execution_time_with_module#repeats": 4, 
  "##characteristics#run#repeat#all": [
    619, 
    619, 
    619, 
    619
  ], 
  "##characteristics#run#repeat#all_unique": [
    619
  ], 
  "##characteristics#run#repeat#center": 619, 
  "##characteristics#run#repeat#center_imp": 1.0, 
  "##characteristics#run#repeat#halfrange": 0, 
  "##characteristics#run#repeat#max": 619, 
  "##characteristics#run#repeat#mean": 619.0, 
  "##characteristics#run#repeat#mean_imp": 1.0, 
  "##characteristics#run#repeat#min": 619, 
  "##characteristics#run#repeat#min_imp": 1.0, 
  "##characteristics#run#repeat#range": 0, 
  "##characteristics#run#repeat#range_percent": 0, 
  "##characteristics#run#repeat#repeats": 4, 
  "##characteristics#run#return_code#all": [
    0, 
    0, 
    0, 
    0
  ], 
  "##characteristics#run#return_code#all_unique": [
    0
  ], 
  "##characteristics#run#return_code#center": 0, 
  "##characteristics#run#return_code#halfrange": 0, 
  "##characteristics#run#return_code#max": 0, 
  "##characteristics#run#return_code#mean": 0.0, 
  "##characteristics#run#return_code#min": 0, 
  "##characteristics#run#return_code#min_imp": 1, 
  "##characteristics#run#return_code#range": 0, 
  "##characteristics#run#return_code#repeats": 4, 
  "##characteristics#run#run_success#all": [
    "yes", 
    "yes", 
    "yes", 
    "yes"
  ], 
  "##characteristics#run#run_success#all_unique": [
    "yes"
  ], 
  "##characteristics#run#run_success#min": "yes", 
  "##characteristics#run#run_success#min_imp": 1, 
  "##characteristics#run#run_success#repeats": 4, 
  "##characteristics#run#run_success_bool#all": [
    true, 
    true, 
    true, 
    true
  ], 
  "##characteristics#run#run_success_bool#all_unique": [
    true
  ], 
  "##characteristics#run#run_success_bool#min": true, 
  "##characteristics#run#run_success_bool#min_imp": 1, 
  "##characteristics#run#run_success_bool#repeats": 4, 
  "##characteristics#run#total_execution_time#all": [
    10.097682, 
    10.133471, 
    10.033269, 
    10.048264
  ], 
  "##characteristics#run#total_execution_time#all_unique": [
    10.097682, 
    10.133471, 
    10.033269, 
    10.048264
  ], 
  "##characteristics#run#total_execution_time#center": 10.08337, 
  "##characteristics#run#total_execution_time#center_imp": 0.9972454645619471, 
  "##characteristics#run#total_execution_time#halfrange": 0.05010099999999973, 
  "##characteristics#run#total_execution_time#max": 10.133471, 
  "##characteristics#run#total_execution_time#mean": 10.0781715, 
  "##characteristics#run#total_execution_time#mean_imp": 0.9981648208705318, 
  "##characteristics#run#total_execution_time#min": 10.033269, 
  "##characteristics#run#total_execution_time#min_imp": 0.9976609816800486, 
  "##characteristics#run#total_execution_time#range": 0.10020199999999946, 
  "##characteristics#run#total_execution_time#range_percent": 0.009986974335084553, 
  "##characteristics#run#total_execution_time#repeats": 4
}
