{
  "added": {
    "author": "cTuning foundation", 
    "author_email": "admin@cTuning.org", 
    "author_webpage": "http://cTuning.org", 
    "copyright": "See CK COPYRIGHT.txt for copyright details", 
    "engine": "CK", 
    "iso_datetime": "2016-12-05T10:58:31.559785", 
    "license": "See CK LICENSE.txt for licensing details", 
    "version": [
      "1", 
      "8", 
      "4", 
      "2"
    ]
  }, 
  "meta": {
    "cmd_key": "decode", 
    "compiler": "GCC 4.9.2", 
    "cpu_name": "BCM2708", 
    "dataset_file": "audio-wav-0001-deflated", 
    "dataset_uoa": "audio-wav-0001-deflated", 
    "objective": "min", 
    "program_uoa": "zlib-inflate", 
    "scenario_desc": "crowdtune GCC compiler flags (exploration)", 
    "scenario_module_uoa": "9d88674c45b94971", 
    "subscenario_desc": "explore random program/cmd/data set"
  }, 
  "pipeline_uid": "b0ac08fe1d3c2615", 
  "pipeline_uoa": "b0ac08fe1d3c2615", 
  "points": "32", 
  "tags": [
    "crowdtuning", 
    "tmp"
  ]
}
