{
  "##characteristics#compile#binary_size#all": [
    99932
  ], 
  "##characteristics#compile#binary_size#all_unique": [
    99932
  ], 
  "##characteristics#compile#binary_size#center": 99932, 
  "##characteristics#compile#binary_size#center_imp": 1.0150102069407196, 
  "##characteristics#compile#binary_size#halfrange": 0, 
  "##characteristics#compile#binary_size#max": 99932, 
  "##characteristics#compile#binary_size#mean": 99932.0, 
  "##characteristics#compile#binary_size#mean_imp": 1.0150102069407196, 
  "##characteristics#compile#binary_size#min": 99932, 
  "##characteristics#compile#binary_size#min_imp": 1.0150102069407196, 
  "##characteristics#compile#binary_size#range": 0, 
  "##characteristics#compile#binary_size#range_percent": 0, 
  "##characteristics#compile#binary_size#repeats": 1, 
  "##characteristics#compile#compilation_success#all": [
    "yes"
  ], 
  "##characteristics#compile#compilation_success#all_unique": [
    "yes"
  ], 
  "##characteristics#compile#compilation_success#min": "yes", 
  "##characteristics#compile#compilation_success#min_imp": 0, 
  "##characteristics#compile#compilation_success#repeats": 1, 
  "##characteristics#compile#compilation_success_bool#all": [
    true
  ], 
  "##characteristics#compile#compilation_success_bool#all_unique": [
    true
  ], 
  "##characteristics#compile#compilation_success_bool#min": true, 
  "##characteristics#compile#compilation_success_bool#min_imp": 0, 
  "##characteristics#compile#compilation_success_bool#repeats": 1, 
  "##characteristics#compile#compilation_time#all": [
    96.5557918548584
  ], 
  "##characteristics#compile#compilation_time#all_unique": [
    96.5557918548584
  ], 
  "##characteristics#compile#compilation_time#center": 96.5557918548584, 
  "##characteristics#compile#compilation_time#center_imp": 1.0575356167348533, 
  "##characteristics#compile#compilation_time#halfrange": 0.0, 
  "##characteristics#compile#compilation_time#max": 96.5557918548584, 
  "##characteristics#compile#compilation_time#mean": 96.5557918548584, 
  "##characteristics#compile#compilation_time#mean_imp": 1.0575356167348533, 
  "##characteristics#compile#compilation_time#min": 96.5557918548584, 
  "##characteristics#compile#compilation_time#min_imp": 1.0575356167348533, 
  "##characteristics#compile#compilation_time#range": 0.0, 
  "##characteristics#compile#compilation_time#range_percent": 0.0, 
  "##characteristics#compile#compilation_time#repeats": 1, 
  "##characteristics#compile#compilation_time_with_module#all": [
    101.47873592376709
  ], 
  "##characteristics#compile#compilation_time_with_module#all_unique": [
    101.47873592376709
  ], 
  "##characteristics#compile#compilation_time_with_module#center": 101.47873592376709, 
  "##characteristics#compile#compilation_time_with_module#center_imp": 1.0538374676635487, 
  "##characteristics#compile#compilation_time_with_module#halfrange": 0.0, 
  "##characteristics#compile#compilation_time_with_module#max": 101.47873592376709, 
  "##characteristics#compile#compilation_time_with_module#mean": 101.47873592376709, 
  "##characteristics#compile#compilation_time_with_module#mean_imp": 1.0538374676635487, 
  "##characteristics#compile#compilation_time_with_module#min": 101.47873592376709, 
  "##characteristics#compile#compilation_time_with_module#min_imp": 1.0538374676635487, 
  "##characteristics#compile#compilation_time_with_module#range": 0.0, 
  "##characteristics#compile#compilation_time_with_module#range_percent": 0.0, 
  "##characteristics#compile#compilation_time_with_module#repeats": 1, 
  "##characteristics#compile#joined_compiler_flags#all": [
    "-O3 -fira-algorithm=priority -fno-fast-math -fno-gcse -fgcse-las -fno-if-conversion2 -finline-functions -fipa-sra -fkeep-static-consts -fno-partial-inlining -fno-rename-registers -fno-reorder-functions -fno-sched-critical-path-heuristic -fno-sched-spec -fno-sel-sched-pipelining -fno-tree-dse -fno-tree-forwprop -ftree-phiprop -ftree-vectorize -fno-vect-cost-model"
  ], 
  "##characteristics#compile#joined_compiler_flags#all_unique": [
    "-O3 -fira-algorithm=priority -fno-fast-math -fno-gcse -fgcse-las -fno-if-conversion2 -finline-functions -fipa-sra -fkeep-static-consts -fno-partial-inlining -fno-rename-registers -fno-reorder-functions -fno-sched-critical-path-heuristic -fno-sched-spec -fno-sel-sched-pipelining -fno-tree-dse -fno-tree-forwprop -ftree-phiprop -ftree-vectorize -fno-vect-cost-model"
  ], 
  "##characteristics#compile#joined_compiler_flags#min": "-O3 -fira-algorithm=priority -fno-fast-math -fno-gcse -fgcse-las -fno-if-conversion2 -finline-functions -fipa-sra -fkeep-static-consts -fno-partial-inlining -fno-rename-registers -fno-reorder-functions -fno-sched-critical-path-heuristic -fno-sched-spec -fno-sel-sched-pipelining -fno-tree-dse -fno-tree-forwprop -ftree-phiprop -ftree-vectorize -fno-vect-cost-model", 
  "##characteristics#compile#joined_compiler_flags#min_imp": 0, 
  "##characteristics#compile#joined_compiler_flags#repeats": 1, 
  "##characteristics#compile#md5_sum#all": [
    "27dab36836ca8580620337701eccce42"
  ], 
  "##characteristics#compile#md5_sum#all_unique": [
    "27dab36836ca8580620337701eccce42"
  ], 
  "##characteristics#compile#md5_sum#min": "27dab36836ca8580620337701eccce42", 
  "##characteristics#compile#md5_sum#min_imp": 0, 
  "##characteristics#compile#md5_sum#repeats": 1, 
  "##characteristics#compile#obj_size#all": [
    112780
  ], 
  "##characteristics#compile#obj_size#all_unique": [
    112780
  ], 
  "##characteristics#compile#obj_size#center": 112780, 
  "##characteristics#compile#obj_size#center_imp": 1.019826210320979, 
  "##characteristics#compile#obj_size#halfrange": 0, 
  "##characteristics#compile#obj_size#max": 112780, 
  "##characteristics#compile#obj_size#mean": 112780.0, 
  "##characteristics#compile#obj_size#mean_imp": 1.019826210320979, 
  "##characteristics#compile#obj_size#min": 112780, 
  "##characteristics#compile#obj_size#min_imp": 1.019826210320979, 
  "##characteristics#compile#obj_size#range": 0, 
  "##characteristics#compile#obj_size#range_percent": 0, 
  "##characteristics#compile#obj_size#repeats": 1, 
  "##characteristics#compile#obj_sizes#adler32.o#all": [
    2560
  ], 
  "##characteristics#compile#obj_sizes#adler32.o#all_unique": [
    2560
  ], 
  "##characteristics#compile#obj_sizes#adler32.o#center": 2560, 
  "##characteristics#compile#obj_sizes#adler32.o#center_imp": 0.946875, 
  "##characteristics#compile#obj_sizes#adler32.o#halfrange": 0, 
  "##characteristics#compile#obj_sizes#adler32.o#max": 2560, 
  "##characteristics#compile#obj_sizes#adler32.o#mean": 2560.0, 
  "##characteristics#compile#obj_sizes#adler32.o#mean_imp": 0.946875, 
  "##characteristics#compile#obj_sizes#adler32.o#min": 2560, 
  "##characteristics#compile#obj_sizes#adler32.o#min_imp": 0.946875, 
  "##characteristics#compile#obj_sizes#adler32.o#range": 0, 
  "##characteristics#compile#obj_sizes#adler32.o#range_percent": 0, 
  "##characteristics#compile#obj_sizes#adler32.o#repeats": 1, 
  "##characteristics#compile#obj_sizes#compress.o#all": [
    1560
  ], 
  "##characteristics#compile#obj_sizes#compress.o#all_unique": [
    1560
  ], 
  "##characteristics#compile#obj_sizes#compress.o#center": 1560, 
  "##characteristics#compile#obj_sizes#compress.o#center_imp": 1.005128205128205, 
  "##characteristics#compile#obj_sizes#compress.o#halfrange": 0, 
  "##characteristics#compile#obj_sizes#compress.o#max": 1560, 
  "##characteristics#compile#obj_sizes#compress.o#mean": 1560.0, 
  "##characteristics#compile#obj_sizes#compress.o#mean_imp": 1.005128205128205, 
  "##characteristics#compile#obj_sizes#compress.o#min": 1560, 
  "##characteristics#compile#obj_sizes#compress.o#min_imp": 1.005128205128205, 
  "##characteristics#compile#obj_sizes#compress.o#range": 0, 
  "##characteristics#compile#obj_sizes#compress.o#range_percent": 0, 
  "##characteristics#compile#obj_sizes#compress.o#repeats": 1, 
  "##characteristics#compile#obj_sizes#crc32.o#all": [
    10888
  ], 
  "##characteristics#compile#obj_sizes#crc32.o#all_unique": [
    10888
  ], 
  "##characteristics#compile#obj_sizes#crc32.o#center": 10888, 
  "##characteristics#compile#obj_sizes#crc32.o#center_imp": 0.9988978692138134, 
  "##characteristics#compile#obj_sizes#crc32.o#halfrange": 0, 
  "##characteristics#compile#obj_sizes#crc32.o#max": 10888, 
  "##characteristics#compile#obj_sizes#crc32.o#mean": 10888.0, 
  "##characteristics#compile#obj_sizes#crc32.o#mean_imp": 0.9988978692138134, 
  "##characteristics#compile#obj_sizes#crc32.o#min": 10888, 
  "##characteristics#compile#obj_sizes#crc32.o#min_imp": 0.9988978692138134, 
  "##characteristics#compile#obj_sizes#crc32.o#range": 0, 
  "##characteristics#compile#obj_sizes#crc32.o#range_percent": 0, 
  "##characteristics#compile#obj_sizes#crc32.o#repeats": 1, 
  "##characteristics#compile#obj_sizes#ctuning-rtl.o#all": [
    4784
  ], 
  "##characteristics#compile#obj_sizes#ctuning-rtl.o#all_unique": [
    4784
  ], 
  "##characteristics#compile#obj_sizes#ctuning-rtl.o#center": 4784, 
  "##characteristics#compile#obj_sizes#ctuning-rtl.o#center_imp": 1.004180602006689, 
  "##characteristics#compile#obj_sizes#ctuning-rtl.o#halfrange": 0, 
  "##characteristics#compile#obj_sizes#ctuning-rtl.o#max": 4784, 
  "##characteristics#compile#obj_sizes#ctuning-rtl.o#mean": 4784.0, 
  "##characteristics#compile#obj_sizes#ctuning-rtl.o#mean_imp": 1.004180602006689, 
  "##characteristics#compile#obj_sizes#ctuning-rtl.o#min": 4784, 
  "##characteristics#compile#obj_sizes#ctuning-rtl.o#min_imp": 1.004180602006689, 
  "##characteristics#compile#obj_sizes#ctuning-rtl.o#range": 0, 
  "##characteristics#compile#obj_sizes#ctuning-rtl.o#range_percent": 0, 
  "##characteristics#compile#obj_sizes#ctuning-rtl.o#repeats": 1, 
  "##characteristics#compile#obj_sizes#deflate.o#all": [
    20492
  ], 
  "##characteristics#compile#obj_sizes#deflate.o#all_unique": [
    20492
  ], 
  "##characteristics#compile#obj_sizes#deflate.o#center": 20492, 
  "##characteristics#compile#obj_sizes#deflate.o#center_imp": 0.9843841499121608, 
  "##characteristics#compile#obj_sizes#deflate.o#halfrange": 0, 
  "##characteristics#compile#obj_sizes#deflate.o#max": 20492, 
  "##characteristics#compile#obj_sizes#deflate.o#mean": 20492.0, 
  "##characteristics#compile#obj_sizes#deflate.o#mean_imp": 0.9843841499121608, 
  "##characteristics#compile#obj_sizes#deflate.o#min": 20492, 
  "##characteristics#compile#obj_sizes#deflate.o#min_imp": 0.9843841499121608, 
  "##characteristics#compile#obj_sizes#deflate.o#range": 0, 
  "##characteristics#compile#obj_sizes#deflate.o#range_percent": 0, 
  "##characteristics#compile#obj_sizes#deflate.o#repeats": 1, 
  "##characteristics#compile#obj_sizes#gzclose.o#all": [
    980
  ], 
  "##characteristics#compile#obj_sizes#gzclose.o#all_unique": [
    980
  ], 
  "##characteristics#compile#obj_sizes#gzclose.o#center": 980, 
  "##characteristics#compile#obj_sizes#gzclose.o#center_imp": 1.0, 
  "##characteristics#compile#obj_sizes#gzclose.o#halfrange": 0, 
  "##characteristics#compile#obj_sizes#gzclose.o#max": 980, 
  "##characteristics#compile#obj_sizes#gzclose.o#mean": 980.0, 
  "##characteristics#compile#obj_sizes#gzclose.o#mean_imp": 1.0, 
  "##characteristics#compile#obj_sizes#gzclose.o#min": 980, 
  "##characteristics#compile#obj_sizes#gzclose.o#min_imp": 1.0, 
  "##characteristics#compile#obj_sizes#gzclose.o#range": 0, 
  "##characteristics#compile#obj_sizes#gzclose.o#range_percent": 0, 
  "##characteristics#compile#obj_sizes#gzclose.o#repeats": 1, 
  "##characteristics#compile#obj_sizes#gzlib.o#all": [
    6304
  ], 
  "##characteristics#compile#obj_sizes#gzlib.o#all_unique": [
    6304
  ], 
  "##characteristics#compile#obj_sizes#gzlib.o#center": 6304, 
  "##characteristics#compile#obj_sizes#gzlib.o#center_imp": 0.9993654822335025, 
  "##characteristics#compile#obj_sizes#gzlib.o#halfrange": 0, 
  "##characteristics#compile#obj_sizes#gzlib.o#max": 6304, 
  "##characteristics#compile#obj_sizes#gzlib.o#mean": 6304.0, 
  "##characteristics#compile#obj_sizes#gzlib.o#mean_imp": 0.9993654822335025, 
  "##characteristics#compile#obj_sizes#gzlib.o#min": 6304, 
  "##characteristics#compile#obj_sizes#gzlib.o#min_imp": 0.9993654822335025, 
  "##characteristics#compile#obj_sizes#gzlib.o#range": 0, 
  "##characteristics#compile#obj_sizes#gzlib.o#range_percent": 0, 
  "##characteristics#compile#obj_sizes#gzlib.o#repeats": 1, 
  "##characteristics#compile#obj_sizes#gzread.o#all": [
    6016
  ], 
  "##characteristics#compile#obj_sizes#gzread.o#all_unique": [
    6016
  ], 
  "##characteristics#compile#obj_sizes#gzread.o#center": 6016, 
  "##characteristics#compile#obj_sizes#gzread.o#center_imp": 0.9601063829787234, 
  "##characteristics#compile#obj_sizes#gzread.o#halfrange": 0, 
  "##characteristics#compile#obj_sizes#gzread.o#max": 6016, 
  "##characteristics#compile#obj_sizes#gzread.o#mean": 6016.0, 
  "##characteristics#compile#obj_sizes#gzread.o#mean_imp": 0.9601063829787234, 
  "##characteristics#compile#obj_sizes#gzread.o#min": 6016, 
  "##characteristics#compile#obj_sizes#gzread.o#min_imp": 0.9601063829787234, 
  "##characteristics#compile#obj_sizes#gzread.o#range": 0, 
  "##characteristics#compile#obj_sizes#gzread.o#range_percent": 0, 
  "##characteristics#compile#obj_sizes#gzread.o#repeats": 1, 
  "##characteristics#compile#obj_sizes#gzwrite.o#all": [
    6964
  ], 
  "##characteristics#compile#obj_sizes#gzwrite.o#all_unique": [
    6964
  ], 
  "##characteristics#compile#obj_sizes#gzwrite.o#center": 6964, 
  "##characteristics#compile#obj_sizes#gzwrite.o#center_imp": 1.4738655944859276, 
  "##characteristics#compile#obj_sizes#gzwrite.o#halfrange": 0, 
  "##characteristics#compile#obj_sizes#gzwrite.o#max": 6964, 
  "##characteristics#compile#obj_sizes#gzwrite.o#mean": 6964.0, 
  "##characteristics#compile#obj_sizes#gzwrite.o#mean_imp": 1.4738655944859276, 
  "##characteristics#compile#obj_sizes#gzwrite.o#min": 6964, 
  "##characteristics#compile#obj_sizes#gzwrite.o#min_imp": 1.4738655944859276, 
  "##characteristics#compile#obj_sizes#gzwrite.o#range": 0, 
  "##characteristics#compile#obj_sizes#gzwrite.o#range_percent": 0, 
  "##characteristics#compile#obj_sizes#gzwrite.o#repeats": 1, 
  "##characteristics#compile#obj_sizes#infback.o#all": [
    9624
  ], 
  "##characteristics#compile#obj_sizes#infback.o#all_unique": [
    9624
  ], 
  "##characteristics#compile#obj_sizes#infback.o#center": 9624, 
  "##characteristics#compile#obj_sizes#infback.o#center_imp": 0.9945968412302577, 
  "##characteristics#compile#obj_sizes#infback.o#halfrange": 0, 
  "##characteristics#compile#obj_sizes#infback.o#max": 9624, 
  "##characteristics#compile#obj_sizes#infback.o#mean": 9624.0, 
  "##characteristics#compile#obj_sizes#infback.o#mean_imp": 0.9945968412302577, 
  "##characteristics#compile#obj_sizes#infback.o#min": 9624, 
  "##characteristics#compile#obj_sizes#infback.o#min_imp": 0.9945968412302577, 
  "##characteristics#compile#obj_sizes#infback.o#range": 0, 
  "##characteristics#compile#obj_sizes#infback.o#range_percent": 0, 
  "##characteristics#compile#obj_sizes#infback.o#repeats": 1, 
  "##characteristics#compile#obj_sizes#inffast.o#all": [
    4060
  ], 
  "##characteristics#compile#obj_sizes#inffast.o#all_unique": [
    4060
  ], 
  "##characteristics#compile#obj_sizes#inffast.o#center": 4060, 
  "##characteristics#compile#obj_sizes#inffast.o#center_imp": 0.9842364532019704, 
  "##characteristics#compile#obj_sizes#inffast.o#halfrange": 0, 
  "##characteristics#compile#obj_sizes#inffast.o#max": 4060, 
  "##characteristics#compile#obj_sizes#inffast.o#mean": 4060.0, 
  "##characteristics#compile#obj_sizes#inffast.o#mean_imp": 0.9842364532019704, 
  "##characteristics#compile#obj_sizes#inffast.o#min": 4060, 
  "##characteristics#compile#obj_sizes#inffast.o#min_imp": 0.9842364532019704, 
  "##characteristics#compile#obj_sizes#inffast.o#range": 0, 
  "##characteristics#compile#obj_sizes#inffast.o#range_percent": 0, 
  "##characteristics#compile#obj_sizes#inffast.o#repeats": 1, 
  "##characteristics#compile#obj_sizes#inflate.o#all": [
    16696
  ], 
  "##characteristics#compile#obj_sizes#inflate.o#all_unique": [
    16696
  ], 
  "##characteristics#compile#obj_sizes#inflate.o#center": 16696, 
  "##characteristics#compile#obj_sizes#inflate.o#center_imp": 1.0038332534738859, 
  "##characteristics#compile#obj_sizes#inflate.o#halfrange": 0, 
  "##characteristics#compile#obj_sizes#inflate.o#max": 16696, 
  "##characteristics#compile#obj_sizes#inflate.o#mean": 16696.0, 
  "##characteristics#compile#obj_sizes#inflate.o#mean_imp": 1.0038332534738859, 
  "##characteristics#compile#obj_sizes#inflate.o#min": 16696, 
  "##characteristics#compile#obj_sizes#inflate.o#min_imp": 1.0038332534738859, 
  "##characteristics#compile#obj_sizes#inflate.o#range": 0, 
  "##characteristics#compile#obj_sizes#inflate.o#range_percent": 0, 
  "##characteristics#compile#obj_sizes#inflate.o#repeats": 1, 
  "##characteristics#compile#obj_sizes#inftrees.o#all": [
    4376
  ], 
  "##characteristics#compile#obj_sizes#inftrees.o#all_unique": [
    4376
  ], 
  "##characteristics#compile#obj_sizes#inftrees.o#center": 4376, 
  "##characteristics#compile#obj_sizes#inftrees.o#center_imp": 1.010054844606947, 
  "##characteristics#compile#obj_sizes#inftrees.o#halfrange": 0, 
  "##characteristics#compile#obj_sizes#inftrees.o#max": 4376, 
  "##characteristics#compile#obj_sizes#inftrees.o#mean": 4376.0, 
  "##characteristics#compile#obj_sizes#inftrees.o#mean_imp": 1.010054844606947, 
  "##characteristics#compile#obj_sizes#inftrees.o#min": 4376, 
  "##characteristics#compile#obj_sizes#inftrees.o#min_imp": 1.010054844606947, 
  "##characteristics#compile#obj_sizes#inftrees.o#range": 0, 
  "##characteristics#compile#obj_sizes#inftrees.o#range_percent": 0, 
  "##characteristics#compile#obj_sizes#inftrees.o#repeats": 1, 
  "##characteristics#compile#obj_sizes#trees.o#all": [
    14552
  ], 
  "##characteristics#compile#obj_sizes#trees.o#all_unique": [
    14552
  ], 
  "##characteristics#compile#obj_sizes#trees.o#center": 14552, 
  "##characteristics#compile#obj_sizes#trees.o#center_imp": 0.9747113798790544, 
  "##characteristics#compile#obj_sizes#trees.o#halfrange": 0, 
  "##characteristics#compile#obj_sizes#trees.o#max": 14552, 
  "##characteristics#compile#obj_sizes#trees.o#mean": 14552.0, 
  "##characteristics#compile#obj_sizes#trees.o#mean_imp": 0.9747113798790544, 
  "##characteristics#compile#obj_sizes#trees.o#min": 14552, 
  "##characteristics#compile#obj_sizes#trees.o#min_imp": 0.9747113798790544, 
  "##characteristics#compile#obj_sizes#trees.o#range": 0, 
  "##characteristics#compile#obj_sizes#trees.o#range_percent": 0, 
  "##characteristics#compile#obj_sizes#trees.o#repeats": 1, 
  "##characteristics#compile#obj_sizes#uncompr.o#all": [
    1276
  ], 
  "##characteristics#compile#obj_sizes#uncompr.o#all_unique": [
    1276
  ], 
  "##characteristics#compile#obj_sizes#uncompr.o#center": 1276, 
  "##characteristics#compile#obj_sizes#uncompr.o#center_imp": 0.9968652037617555, 
  "##characteristics#compile#obj_sizes#uncompr.o#halfrange": 0, 
  "##characteristics#compile#obj_sizes#uncompr.o#max": 1276, 
  "##characteristics#compile#obj_sizes#uncompr.o#mean": 1276.0, 
  "##characteristics#compile#obj_sizes#uncompr.o#mean_imp": 0.9968652037617555, 
  "##characteristics#compile#obj_sizes#uncompr.o#min": 1276, 
  "##characteristics#compile#obj_sizes#uncompr.o#min_imp": 0.9968652037617555, 
  "##characteristics#compile#obj_sizes#uncompr.o#range": 0, 
  "##characteristics#compile#obj_sizes#uncompr.o#range_percent": 0, 
  "##characteristics#compile#obj_sizes#uncompr.o#repeats": 1, 
  "##characteristics#compile#obj_sizes#zutil.o#all": [
    1648
  ], 
  "##characteristics#compile#obj_sizes#zutil.o#all_unique": [
    1648
  ], 
  "##characteristics#compile#obj_sizes#zutil.o#center": 1648, 
  "##characteristics#compile#obj_sizes#zutil.o#center_imp": 1.0, 
  "##characteristics#compile#obj_sizes#zutil.o#halfrange": 0, 
  "##characteristics#compile#obj_sizes#zutil.o#max": 1648, 
  "##characteristics#compile#obj_sizes#zutil.o#mean": 1648.0, 
  "##characteristics#compile#obj_sizes#zutil.o#mean_imp": 1.0, 
  "##characteristics#compile#obj_sizes#zutil.o#min": 1648, 
  "##characteristics#compile#obj_sizes#zutil.o#min_imp": 1.0, 
  "##characteristics#compile#obj_sizes#zutil.o#range": 0, 
  "##characteristics#compile#obj_sizes#zutil.o#range_percent": 0, 
  "##characteristics#compile#obj_sizes#zutil.o#repeats": 1, 
  "##characteristics#compile#program_git_hash#all": [
    "f3b3ffe43b24039767a39c7f85ab4b768684a65b"
  ], 
  "##characteristics#compile#program_git_hash#all_unique": [
    "f3b3ffe43b24039767a39c7f85ab4b768684a65b"
  ], 
  "##characteristics#compile#program_git_hash#min": "f3b3ffe43b24039767a39c7f85ab4b768684a65b", 
  "##characteristics#compile#program_git_hash#min_imp": 0, 
  "##characteristics#compile#program_git_hash#repeats": 1, 
  "##characteristics#run#execution_time#all": [
    0.802602, 
    0.7567205, 
    0.8907508, 
    0.7752993
  ], 
  "##characteristics#run#execution_time#all_unique": [
    0.802602, 
    0.7567205, 
    0.8907508, 
    0.7752993
  ], 
  "##characteristics#run#execution_time#center": 0.8237356499999999, 
  "##characteristics#run#execution_time#center_imp": 0.8620992669189442, 
  "##characteristics#run#execution_time#halfrange": 0.06701514999999997, 
  "##characteristics#run#execution_time#max": 0.8907508, 
  "##characteristics#run#execution_time#mean": 0.8063431499999999, 
  "##characteristics#run#execution_time#mean_imp": 0.8808028877035788, 
  "##characteristics#run#execution_time#min": 0.7567205, 
  "##characteristics#run#execution_time#min_imp": 0.8767515879376864, 
  "##characteristics#run#execution_time#range": 0.13403029999999994, 
  "##characteristics#run#execution_time#range_percent": 0.1771199538006436, 
  "##characteristics#run#execution_time#repeats": 4, 
  "##characteristics#run#execution_time_kernel_0#all": [
    8.02602, 
    7.567205, 
    8.907508, 
    7.752993
  ], 
  "##characteristics#run#execution_time_kernel_0#all_unique": [
    8.02602, 
    7.567205, 
    8.907508, 
    7.752993
  ], 
  "##characteristics#run#execution_time_kernel_0#center": 8.2373565, 
  "##characteristics#run#execution_time_kernel_0#center_imp": 0.8620992669189441, 
  "##characteristics#run#execution_time_kernel_0#halfrange": 0.6701514999999998, 
  "##characteristics#run#execution_time_kernel_0#max": 8.907508, 
  "##characteristics#run#execution_time_kernel_0#mean": 8.0634315, 
  "##characteristics#run#execution_time_kernel_0#mean_imp": 0.8808028877035788, 
  "##characteristics#run#execution_time_kernel_0#min": 7.567205, 
  "##characteristics#run#execution_time_kernel_0#min_imp": 0.8767515879376864, 
  "##characteristics#run#execution_time_kernel_0#range": 1.3403029999999996, 
  "##characteristics#run#execution_time_kernel_0#range_percent": 0.17711995380064363, 
  "##characteristics#run#execution_time_kernel_0#repeats": 4, 
  "##characteristics#run#execution_time_with_module#all": [
    8.879071950912476, 
    8.270128965377808, 
    9.6161208152771, 
    9.607439041137695
  ], 
  "##characteristics#run#execution_time_with_module#all_unique": [
    8.879071950912476, 
    8.270128965377808, 
    9.6161208152771, 
    9.607439041137695
  ], 
  "##characteristics#run#execution_time_with_module#center": 8.943124890327454, 
  "##characteristics#run#execution_time_with_module#center_imp": 1.9626614473197272, 
  "##characteristics#run#execution_time_with_module#halfrange": 0.672995924949646, 
  "##characteristics#run#execution_time_with_module#max": 9.6161208152771, 
  "##characteristics#run#execution_time_with_module#mean": 9.09319019317627, 
  "##characteristics#run#execution_time_with_module#mean_imp": 1.4049487836842773, 
  "##characteristics#run#execution_time_with_module#min": 8.270128965377808, 
  "##characteristics#run#execution_time_with_module#min_imp": 0.8886908472765427, 
  "##characteristics#run#execution_time_with_module#range": 1.345991849899292, 
  "##characteristics#run#execution_time_with_module#range_percent": 0.16275342930372338, 
  "##characteristics#run#execution_time_with_module#repeats": 4, 
  "##characteristics#run#repeat#all": [
    10, 
    10, 
    10, 
    10
  ], 
  "##characteristics#run#repeat#all_unique": [
    10
  ], 
  "##characteristics#run#repeat#center": 10, 
  "##characteristics#run#repeat#center_imp": 1.0, 
  "##characteristics#run#repeat#halfrange": 0, 
  "##characteristics#run#repeat#max": 10, 
  "##characteristics#run#repeat#mean": 10.0, 
  "##characteristics#run#repeat#mean_imp": 1.0, 
  "##characteristics#run#repeat#min": 10, 
  "##characteristics#run#repeat#min_imp": 1.0, 
  "##characteristics#run#repeat#range": 0, 
  "##characteristics#run#repeat#range_percent": 0, 
  "##characteristics#run#repeat#repeats": 4, 
  "##characteristics#run#return_code#all": [
    0, 
    0, 
    0, 
    0
  ], 
  "##characteristics#run#return_code#all_unique": [
    0
  ], 
  "##characteristics#run#return_code#center": 0, 
  "##characteristics#run#return_code#halfrange": 0, 
  "##characteristics#run#return_code#max": 0, 
  "##characteristics#run#return_code#mean": 0.0, 
  "##characteristics#run#return_code#min": 0, 
  "##characteristics#run#return_code#min_imp": 1, 
  "##characteristics#run#return_code#range": 0, 
  "##characteristics#run#return_code#repeats": 4, 
  "##characteristics#run#run_success#all": [
    "yes", 
    "yes", 
    "yes", 
    "yes"
  ], 
  "##characteristics#run#run_success#all_unique": [
    "yes"
  ], 
  "##characteristics#run#run_success#min": "yes", 
  "##characteristics#run#run_success#min_imp": 1, 
  "##characteristics#run#run_success#repeats": 4, 
  "##characteristics#run#run_success_bool#all": [
    true, 
    true, 
    true, 
    true
  ], 
  "##characteristics#run#run_success_bool#all_unique": [
    true
  ], 
  "##characteristics#run#run_success_bool#min": true, 
  "##characteristics#run#run_success_bool#min_imp": 1, 
  "##characteristics#run#run_success_bool#repeats": 4, 
  "##characteristics#run#total_execution_time#all": [
    8.02602, 
    7.567205, 
    8.907508, 
    7.752993
  ], 
  "##characteristics#run#total_execution_time#all_unique": [
    8.02602, 
    7.567205, 
    8.907508, 
    7.752993
  ], 
  "##characteristics#run#total_execution_time#center": 8.2373565, 
  "##characteristics#run#total_execution_time#center_imp": 0.8620992669189441, 
  "##characteristics#run#total_execution_time#halfrange": 0.6701514999999998, 
  "##characteristics#run#total_execution_time#max": 8.907508, 
  "##characteristics#run#total_execution_time#mean": 8.0634315, 
  "##characteristics#run#total_execution_time#mean_imp": 0.8808028877035788, 
  "##characteristics#run#total_execution_time#min": 7.567205, 
  "##characteristics#run#total_execution_time#min_imp": 0.8767515879376864, 
  "##characteristics#run#total_execution_time#range": 1.3403029999999996, 
  "##characteristics#run#total_execution_time#range_percent": 0.17711995380064363, 
  "##characteristics#run#total_execution_time#repeats": 4
}
