{
  "characteristics_list": [
    {
      "compile": {
        "binary_size": 100984, 
        "compilation_success": "yes", 
        "compilation_success_bool": true, 
        "compilation_time": 98.15841293334961, 
        "compilation_time_with_module": 103.44549703598022, 
        "joined_compiler_flags": "-O3 -fexcess-precision=fast -fno-branch-count-reg -fdse -ffat-lto-objects -fgcse-after-reload -fipa-cp-clone -fira-share-save-slots -fno-isolate-erroneous-paths-attribute -fno-loop-parallelize-all -fpeephole -fno-prefetch-loop-arrays -fno-rerun-cse-after-loop -freschedule-modulo-scheduled-loops -fsched-group-heuristic -fsel-sched-pipelining-outer-loops -fno-shrink-wrap -fno-signed-zeros -fno-single-precision-constant -fno-toplevel-reorder -ftree-pta -ftree-reassoc", 
        "md5_sum": "d508e4a718143b3b5dbeca9da3e02c88", 
        "obj_size": 114624, 
        "obj_sizes": {
          "adler32.o": 2428, 
          "compress.o": 1568, 
          "crc32.o": 10796, 
          "ctuning-rtl.o": 4804, 
          "deflate.o": 19656, 
          "gzclose.o": 980, 
          "gzlib.o": 6300, 
          "gzread.o": 5808, 
          "gzwrite.o": 10288, 
          "infback.o": 9540, 
          "inffast.o": 3992, 
          "inflate.o": 16752, 
          "inftrees.o": 4420, 
          "trees.o": 14372, 
          "uncompr.o": 1272, 
          "zutil.o": 1648
        }, 
        "program_git_hash": "f3b3ffe43b24039767a39c7f85ab4b768684a65b"
      }, 
      "run": {
        "execution_time": 1.1118198, 
        "execution_time_kernel_0": 11.118198, 
        "execution_time_with_module": 11.834865808486938, 
        "repeat": 10, 
        "return_code": 0, 
        "run_success": "yes", 
        "run_success_bool": true, 
        "total_execution_time": 11.118198
      }
    }, 
    {
      "run": {
        "execution_time": 0.8709766, 
        "execution_time_kernel_0": 8.709766, 
        "execution_time_with_module": 9.418993949890137, 
        "repeat": 10, 
        "return_code": 0, 
        "run_success": "yes", 
        "run_success_bool": true, 
        "total_execution_time": 8.709766
      }
    }, 
    {
      "run": {
        "execution_time": 0.6866396, 
        "execution_time_kernel_0": 6.866396, 
        "execution_time_with_module": 7.572509050369263, 
        "repeat": 10, 
        "return_code": 0, 
        "run_success": "yes", 
        "run_success_bool": true, 
        "total_execution_time": 6.866396
      }
    }, 
    {
      "run": {
        "execution_time": 0.5940892, 
        "execution_time_kernel_0": 5.940892, 
        "execution_time_with_module": 6.64858603477478, 
        "repeat": 10, 
        "return_code": 0, 
        "run_success": "yes", 
        "run_success_bool": true, 
        "total_execution_time": 5.940892
      }
    }
  ], 
  "choices": {
    "calibration_time": 10.0, 
    "cmd_key": "encode", 
    "compile_type": "dynamic", 
    "compiler_description_uoa": "gcc-4.9.0-auto", 
    "compiler_flags": {
      "base_opt": "-O3", 
      "bool--fexcess-precision=": "-fexcess-precision=fast", 
      "bool-branch-count-reg": "-fno-branch-count-reg", 
      "bool-dse": "-fdse", 
      "bool-fat-lto-objects": "-ffat-lto-objects", 
      "bool-gcse-after-reload": "-fgcse-after-reload", 
      "bool-ipa-cp-clone": "-fipa-cp-clone", 
      "bool-ira-share-save-slots": "-fira-share-save-slots", 
      "bool-isolate-erroneous-paths-attribute": "-fno-isolate-erroneous-paths-attribute", 
      "bool-loop-parallelize-all": "-fno-loop-parallelize-all", 
      "bool-peephole": "-fpeephole", 
      "bool-prefetch-loop-arrays": "-fno-prefetch-loop-arrays", 
      "bool-rerun-cse-after-loop": "-fno-rerun-cse-after-loop", 
      "bool-reschedule-modulo-scheduled-loops": "-freschedule-modulo-scheduled-loops", 
      "bool-sched-group-heuristic": "-fsched-group-heuristic", 
      "bool-sel-sched-pipelining-outer-loops": "-fsel-sched-pipelining-outer-loops", 
      "bool-shrink-wrap": "-fno-shrink-wrap", 
      "bool-signed-zeros": "-fno-signed-zeros", 
      "bool-single-precision-constant": "-fno-single-precision-constant", 
      "bool-toplevel-reorder": "-fno-toplevel-reorder", 
      "bool-tree-pta": "-ftree-pta", 
      "bool-tree-reassoc": "-ftree-reassoc"
    }, 
    "data_uoa": "minigzip", 
    "dataset_file": "data.wav", 
    "dataset_uoa": "audio-wav-0001", 
    "device_cfg": {}, 
    "device_id": "", 
    "host_os": "linux-32", 
    "module_uoa": "b0ac08fe1d3c2615", 
    "no_state_check": "yes", 
    "program_tags": "", 
    "repeat": 10, 
    "target": "", 
    "target_os": "linux-32", 
    "target_os_bits": "32"
  }, 
  "choices_order": [
    "##compiler_flags#base_opt", 
    "##compiler_flags#bool--fexcess-precision=", 
    "##compiler_flags#bool-branch-count-reg", 
    "##compiler_flags#bool-dse", 
    "##compiler_flags#bool-fat-lto-objects", 
    "##compiler_flags#bool-gcse-after-reload", 
    "##compiler_flags#bool-ipa-cp-clone", 
    "##compiler_flags#bool-ira-share-save-slots", 
    "##compiler_flags#bool-isolate-erroneous-paths-attribute", 
    "##compiler_flags#bool-loop-parallelize-all", 
    "##compiler_flags#bool-peephole", 
    "##compiler_flags#bool-prefetch-loop-arrays", 
    "##compiler_flags#bool-rerun-cse-after-loop", 
    "##compiler_flags#bool-reschedule-modulo-scheduled-loops", 
    "##compiler_flags#bool-sched-group-heuristic", 
    "##compiler_flags#bool-sel-sched-pipelining-outer-loops", 
    "##compiler_flags#bool-shrink-wrap", 
    "##compiler_flags#bool-signed-zeros", 
    "##compiler_flags#bool-single-precision-constant", 
    "##compiler_flags#bool-toplevel-reorder", 
    "##compiler_flags#bool-tree-pta", 
    "##compiler_flags#bool-tree-reassoc"
  ], 
  "features": {
    "compiler_version": {
      "list": [
        4, 
        9, 
        2
      ], 
      "raw": [
        "gcc-4.9 (Raspbian 4.9.2-10) 4.9.2", 
        "Copyright (C) 2014 Free Software Foundation, Inc.", 
        "This is free software; see the source for copying conditions.  There is NO", 
        "warranty; not even for MERCHANTABILITY or FITNESS FOR A PARTICULAR PURPOSE.", 
        "", 
        ""
      ], 
      "str": "4.9.2"
    }, 
    "dataset": {
      "total_size": 311096
    }, 
    "number_of_selected_compiler_flags": 22, 
    "platform": {
      "cpu": {
        "all_freqs": {
          "0": [
            700000, 
            700000
          ]
        }, 
        "cpu_abi": "", 
        "cpu_features": "half thumb fastmult vfp edsp java tls", 
        "current_freq": {
          "0": 700.0
        }, 
        "max_freq": {
          "0": 700.0
        }, 
        "name": "BCM2708", 
        "num_proc": "1", 
        "sub_name": "ARMv6-compatible processor rev 7 (v6l)", 
        "workload_automation": {
          "device_config": {
            "core_clusters": [
              0
            ], 
            "core_names": [
              "BCM2708"
            ]
          }
        }
      }, 
      "cpu_misc": {
        "0": {
          "BogoMIPS": "697.95", 
          "CPU architecture": "7", 
          "CPU implementer": "0x41", 
          "CPU part": "0xb76", 
          "CPU revision": "7", 
          "CPU variant": "0x0", 
          "Features": "half thumb fastmult vfp edsp java tls", 
          "Hardware": "BCM2708", 
          "Revision": "0013", 
          "Serial": "00000000999033c3", 
          "all_freqs": [
            "0", 
            "0"
          ], 
          "ck_cpu_name": "BCM2708", 
          "ck_cpu_subname": "ARMv6-compatible processor rev 7 (v6l)", 
          "cpu_features": "half thumb fastmult vfp edsp java tls", 
          "cur_freq": 700.0, 
          "max_freq": 700.0, 
          "model name": "ARMv6-compatible processor rev 7 (v6l)", 
          "processor": "0"
        }
      }, 
      "cpu_new_format": "", 
      "cpu_unique": [
        {
          "BogoMIPS": "697.95", 
          "CPU architecture": "7", 
          "CPU implementer": "0x41", 
          "CPU part": "0xb76", 
          "CPU revision": "7", 
          "CPU variant": "0x0", 
          "Features": "half thumb fastmult vfp edsp java tls", 
          "Hardware": "BCM2708", 
          "Revision": "0013", 
          "Serial": "00000000999033c3", 
          "all_freqs": [
            "0", 
            "0"
          ], 
          "ck_cpu_name": "BCM2708", 
          "ck_cpu_subname": "ARMv6-compatible processor rev 7 (v6l)", 
          "cpu_features": "half thumb fastmult vfp edsp java tls", 
          "cur_freq": 700.0, 
          "max_freq": 700.0, 
          "model name": "ARMv6-compatible processor rev 7 (v6l)", 
          "processor": "0"
        }
      ], 
      "gpu": {
        "name": "", 
        "vendor": ""
      }, 
      "gpu_misc": {}, 
      "os": {
        "abi": "armv6l", 
        "bits": "32", 
        "ck_os_base_uoa": "", 
        "ck_os_uoa": "linux-32", 
        "name": "Linux 4.4.21+", 
        "name_long": "Linux-4.4.21+-armv6l-with-debian-8.0", 
        "name_short": "Linux 4.4.21+", 
        "serial_number": ""
      }, 
      "os_misc": {}, 
      "platform": {
        "model": "", 
        "name": "", 
        "vendor": ""
      }, 
      "platform_misc": {}
    }, 
    "solution_uid": "61764d46879edf84", 
    "statistical_repetitions": 4
  }
}
