{
  "##choices#calibration_time": 10.0, 
  "##choices#cmd_key": "encode", 
  "##choices#compile_type": "dynamic", 
  "##choices#compiler_description_uoa": "gcc-4.9.0-auto", 
  "##choices#compiler_flags#base_opt": "-O3", 
  "##choices#compiler_flags#bool-cprop-registers": "-fcprop-registers", 
  "##choices#compiler_flags#bool-crossjumping": "-fcrossjumping", 
  "##choices#compiler_flags#bool-devirtualize": "-fdevirtualize", 
  "##choices#compiler_flags#bool-devirtualize-speculatively": "-fno-devirtualize-speculatively", 
  "##choices#compiler_flags#bool-function-sections": "-ffunction-sections", 
  "##choices#compiler_flags#bool-gcse-sm": "-fgcse-sm", 
  "##choices#compiler_flags#bool-indirect-inlining": "-findirect-inlining", 
  "##choices#compiler_flags#bool-keep-inline-functions": "-fno-keep-inline-functions", 
  "##choices#compiler_flags#bool-live-range-shrinkage": "-fno-live-range-shrinkage", 
  "##choices#compiler_flags#bool-loop-interchange": "-fno-loop-interchange", 
  "##choices#compiler_flags#bool-merge-constants": "-fmerge-constants", 
  "##choices#compiler_flags#bool-sched-dep-count-heuristic": "-fsched-dep-count-heuristic", 
  "##choices#compiler_flags#bool-sched-spec-insn-heuristic": "-fsched-spec-insn-heuristic", 
  "##choices#compiler_flags#bool-sched-spec-load": "-fsched-spec-load", 
  "##choices#compiler_flags#bool-sched2-use-superblocks": "-fsched2-use-superblocks", 
  "##choices#compiler_flags#bool-section-anchors": "-fno-section-anchors", 
  "##choices#compiler_flags#bool-selective-scheduling": "-fno-selective-scheduling", 
  "##choices#compiler_flags#bool-tracer": "-ftracer", 
  "##choices#compiler_flags#bool-vect-cost-model": "-fvect-cost-model", 
  "##choices#data_uoa": "minigzip", 
  "##choices#dataset_file": "data.wav", 
  "##choices#dataset_uoa": "audio-wav-0001", 
  "##choices#device_id": "", 
  "##choices#host_os": "linux-32", 
  "##choices#module_uoa": "b0ac08fe1d3c2615", 
  "##choices#no_state_check": "yes", 
  "##choices#program_tags": "", 
  "##choices#repeat": 10, 
  "##choices#target": "", 
  "##choices#target_os": "linux-32", 
  "##choices#target_os_bits": "32"
}
