{
  "##characteristics#compile#binary_size#all": [
    100436
  ], 
  "##characteristics#compile#binary_size#all_unique": [
    100436
  ], 
  "##characteristics#compile#binary_size#center": 100436, 
  "##characteristics#compile#binary_size#center_imp": 1.0099167629136963, 
  "##characteristics#compile#binary_size#halfrange": 0, 
  "##characteristics#compile#binary_size#max": 100436, 
  "##characteristics#compile#binary_size#mean": 100436.0, 
  "##characteristics#compile#binary_size#mean_imp": 1.0099167629136963, 
  "##characteristics#compile#binary_size#min": 100436, 
  "##characteristics#compile#binary_size#min_imp": 1.0099167629136963, 
  "##characteristics#compile#binary_size#range": 0, 
  "##characteristics#compile#binary_size#range_percent": 0, 
  "##characteristics#compile#binary_size#repeats": 1, 
  "##characteristics#compile#compilation_success#all": [
    "yes"
  ], 
  "##characteristics#compile#compilation_success#all_unique": [
    "yes"
  ], 
  "##characteristics#compile#compilation_success#min": "yes", 
  "##characteristics#compile#compilation_success#min_imp": 0, 
  "##characteristics#compile#compilation_success#repeats": 1, 
  "##characteristics#compile#compilation_success_bool#all": [
    true
  ], 
  "##characteristics#compile#compilation_success_bool#all_unique": [
    true
  ], 
  "##characteristics#compile#compilation_success_bool#min": true, 
  "##characteristics#compile#compilation_success_bool#min_imp": 0, 
  "##characteristics#compile#compilation_success_bool#repeats": 1, 
  "##characteristics#compile#compilation_time#all": [
    98.34409999847412
  ], 
  "##characteristics#compile#compilation_time#all_unique": [
    98.34409999847412
  ], 
  "##characteristics#compile#compilation_time#center": 98.34409999847412, 
  "##characteristics#compile#compilation_time#center_imp": 1.03830518445066, 
  "##characteristics#compile#compilation_time#halfrange": 0.0, 
  "##characteristics#compile#compilation_time#max": 98.34409999847412, 
  "##characteristics#compile#compilation_time#mean": 98.34409999847412, 
  "##characteristics#compile#compilation_time#mean_imp": 1.03830518445066, 
  "##characteristics#compile#compilation_time#min": 98.34409999847412, 
  "##characteristics#compile#compilation_time#min_imp": 1.03830518445066, 
  "##characteristics#compile#compilation_time#range": 0.0, 
  "##characteristics#compile#compilation_time#range_percent": 0.0, 
  "##characteristics#compile#compilation_time#repeats": 1, 
  "##characteristics#compile#compilation_time_with_module#all": [
    103.25689721107483
  ], 
  "##characteristics#compile#compilation_time_with_module#all_unique": [
    103.25689721107483
  ], 
  "##characteristics#compile#compilation_time_with_module#center": 103.25689721107483, 
  "##characteristics#compile#compilation_time_with_module#center_imp": 1.0356895953303022, 
  "##characteristics#compile#compilation_time_with_module#halfrange": 0.0, 
  "##characteristics#compile#compilation_time_with_module#max": 103.25689721107483, 
  "##characteristics#compile#compilation_time_with_module#mean": 103.25689721107483, 
  "##characteristics#compile#compilation_time_with_module#mean_imp": 1.0356895953303022, 
  "##characteristics#compile#compilation_time_with_module#min": 103.25689721107483, 
  "##characteristics#compile#compilation_time_with_module#min_imp": 1.0356895953303022, 
  "##characteristics#compile#compilation_time_with_module#range": 0.0, 
  "##characteristics#compile#compilation_time_with_module#range_percent": 0.0, 
  "##characteristics#compile#compilation_time_with_module#repeats": 1, 
  "##characteristics#compile#joined_compiler_flags#all": [
    "-O3 -fcrossjumping -fdce -fno-dse -fno-finite-math-only -fif-conversion2 -fkeep-static-consts -fno-live-range-shrinkage -fno-move-loop-invariants -fno-partial-inlining -fno-rename-registers -fsched-group-heuristic -fno-section-anchors -fsignaling-nans -fsplit-wide-types -fno-tracer -fno-tree-bit-ccp -ftree-copyrename -ftree-loop-linear -fno-tree-switch-conversion"
  ], 
  "##characteristics#compile#joined_compiler_flags#all_unique": [
    "-O3 -fcrossjumping -fdce -fno-dse -fno-finite-math-only -fif-conversion2 -fkeep-static-consts -fno-live-range-shrinkage -fno-move-loop-invariants -fno-partial-inlining -fno-rename-registers -fsched-group-heuristic -fno-section-anchors -fsignaling-nans -fsplit-wide-types -fno-tracer -fno-tree-bit-ccp -ftree-copyrename -ftree-loop-linear -fno-tree-switch-conversion"
  ], 
  "##characteristics#compile#joined_compiler_flags#min": "-O3 -fcrossjumping -fdce -fno-dse -fno-finite-math-only -fif-conversion2 -fkeep-static-consts -fno-live-range-shrinkage -fno-move-loop-invariants -fno-partial-inlining -fno-rename-registers -fsched-group-heuristic -fno-section-anchors -fsignaling-nans -fsplit-wide-types -fno-tracer -fno-tree-bit-ccp -ftree-copyrename -ftree-loop-linear -fno-tree-switch-conversion", 
  "##characteristics#compile#joined_compiler_flags#min_imp": 0, 
  "##characteristics#compile#joined_compiler_flags#repeats": 1, 
  "##characteristics#compile#md5_sum#all": [
    "f0b6a3c02862f28579dd067b7c61d045"
  ], 
  "##characteristics#compile#md5_sum#all_unique": [
    "f0b6a3c02862f28579dd067b7c61d045"
  ], 
  "##characteristics#compile#md5_sum#min": "f0b6a3c02862f28579dd067b7c61d045", 
  "##characteristics#compile#md5_sum#min_imp": 0, 
  "##characteristics#compile#md5_sum#repeats": 1, 
  "##characteristics#compile#obj_size#all": [
    114084
  ], 
  "##characteristics#compile#obj_size#all_unique": [
    114084
  ], 
  "##characteristics#compile#obj_size#center": 114084, 
  "##characteristics#compile#obj_size#center_imp": 1.0081694190245785, 
  "##characteristics#compile#obj_size#halfrange": 0, 
  "##characteristics#compile#obj_size#max": 114084, 
  "##characteristics#compile#obj_size#mean": 114084.0, 
  "##characteristics#compile#obj_size#mean_imp": 1.0081694190245785, 
  "##characteristics#compile#obj_size#min": 114084, 
  "##characteristics#compile#obj_size#min_imp": 1.0081694190245785, 
  "##characteristics#compile#obj_size#range": 0, 
  "##characteristics#compile#obj_size#range_percent": 0, 
  "##characteristics#compile#obj_size#repeats": 1, 
  "##characteristics#compile#obj_sizes#adler32.o#all": [
    2428
  ], 
  "##characteristics#compile#obj_sizes#adler32.o#all_unique": [
    2428
  ], 
  "##characteristics#compile#obj_sizes#adler32.o#center": 2428, 
  "##characteristics#compile#obj_sizes#adler32.o#center_imp": 0.9983525535420099, 
  "##characteristics#compile#obj_sizes#adler32.o#halfrange": 0, 
  "##characteristics#compile#obj_sizes#adler32.o#max": 2428, 
  "##characteristics#compile#obj_sizes#adler32.o#mean": 2428.0, 
  "##characteristics#compile#obj_sizes#adler32.o#mean_imp": 0.9983525535420099, 
  "##characteristics#compile#obj_sizes#adler32.o#min": 2428, 
  "##characteristics#compile#obj_sizes#adler32.o#min_imp": 0.9983525535420099, 
  "##characteristics#compile#obj_sizes#adler32.o#range": 0, 
  "##characteristics#compile#obj_sizes#adler32.o#range_percent": 0, 
  "##characteristics#compile#obj_sizes#adler32.o#repeats": 1, 
  "##characteristics#compile#obj_sizes#compress.o#all": [
    1568
  ], 
  "##characteristics#compile#obj_sizes#compress.o#all_unique": [
    1568
  ], 
  "##characteristics#compile#obj_sizes#compress.o#center": 1568, 
  "##characteristics#compile#obj_sizes#compress.o#center_imp": 1.0, 
  "##characteristics#compile#obj_sizes#compress.o#halfrange": 0, 
  "##characteristics#compile#obj_sizes#compress.o#max": 1568, 
  "##characteristics#compile#obj_sizes#compress.o#mean": 1568.0, 
  "##characteristics#compile#obj_sizes#compress.o#mean_imp": 1.0, 
  "##characteristics#compile#obj_sizes#compress.o#min": 1568, 
  "##characteristics#compile#obj_sizes#compress.o#min_imp": 1.0, 
  "##characteristics#compile#obj_sizes#compress.o#range": 0, 
  "##characteristics#compile#obj_sizes#compress.o#range_percent": 0, 
  "##characteristics#compile#obj_sizes#compress.o#repeats": 1, 
  "##characteristics#compile#obj_sizes#crc32.o#all": [
    10876
  ], 
  "##characteristics#compile#obj_sizes#crc32.o#all_unique": [
    10876
  ], 
  "##characteristics#compile#obj_sizes#crc32.o#center": 10876, 
  "##characteristics#compile#obj_sizes#crc32.o#center_imp": 1.0, 
  "##characteristics#compile#obj_sizes#crc32.o#halfrange": 0, 
  "##characteristics#compile#obj_sizes#crc32.o#max": 10876, 
  "##characteristics#compile#obj_sizes#crc32.o#mean": 10876.0, 
  "##characteristics#compile#obj_sizes#crc32.o#mean_imp": 1.0, 
  "##characteristics#compile#obj_sizes#crc32.o#min": 10876, 
  "##characteristics#compile#obj_sizes#crc32.o#min_imp": 1.0, 
  "##characteristics#compile#obj_sizes#crc32.o#range": 0, 
  "##characteristics#compile#obj_sizes#crc32.o#range_percent": 0, 
  "##characteristics#compile#obj_sizes#crc32.o#repeats": 1, 
  "##characteristics#compile#obj_sizes#ctuning-rtl.o#all": [
    4808
  ], 
  "##characteristics#compile#obj_sizes#ctuning-rtl.o#all_unique": [
    4808
  ], 
  "##characteristics#compile#obj_sizes#ctuning-rtl.o#center": 4808, 
  "##characteristics#compile#obj_sizes#ctuning-rtl.o#center_imp": 0.9991680532445923, 
  "##characteristics#compile#obj_sizes#ctuning-rtl.o#halfrange": 0, 
  "##characteristics#compile#obj_sizes#ctuning-rtl.o#max": 4808, 
  "##characteristics#compile#obj_sizes#ctuning-rtl.o#mean": 4808.0, 
  "##characteristics#compile#obj_sizes#ctuning-rtl.o#mean_imp": 0.9991680532445923, 
  "##characteristics#compile#obj_sizes#ctuning-rtl.o#min": 4808, 
  "##characteristics#compile#obj_sizes#ctuning-rtl.o#min_imp": 0.9991680532445923, 
  "##characteristics#compile#obj_sizes#ctuning-rtl.o#range": 0, 
  "##characteristics#compile#obj_sizes#ctuning-rtl.o#range_percent": 0, 
  "##characteristics#compile#obj_sizes#ctuning-rtl.o#repeats": 1, 
  "##characteristics#compile#obj_sizes#deflate.o#all": [
    19976
  ], 
  "##characteristics#compile#obj_sizes#deflate.o#all_unique": [
    19976
  ], 
  "##characteristics#compile#obj_sizes#deflate.o#center": 19976, 
  "##characteristics#compile#obj_sizes#deflate.o#center_imp": 1.0098117741289547, 
  "##characteristics#compile#obj_sizes#deflate.o#halfrange": 0, 
  "##characteristics#compile#obj_sizes#deflate.o#max": 19976, 
  "##characteristics#compile#obj_sizes#deflate.o#mean": 19976.0, 
  "##characteristics#compile#obj_sizes#deflate.o#mean_imp": 1.0098117741289547, 
  "##characteristics#compile#obj_sizes#deflate.o#min": 19976, 
  "##characteristics#compile#obj_sizes#deflate.o#min_imp": 1.0098117741289547, 
  "##characteristics#compile#obj_sizes#deflate.o#range": 0, 
  "##characteristics#compile#obj_sizes#deflate.o#range_percent": 0, 
  "##characteristics#compile#obj_sizes#deflate.o#repeats": 1, 
  "##characteristics#compile#obj_sizes#gzclose.o#all": [
    980
  ], 
  "##characteristics#compile#obj_sizes#gzclose.o#all_unique": [
    980
  ], 
  "##characteristics#compile#obj_sizes#gzclose.o#center": 980, 
  "##characteristics#compile#obj_sizes#gzclose.o#center_imp": 1.0, 
  "##characteristics#compile#obj_sizes#gzclose.o#halfrange": 0, 
  "##characteristics#compile#obj_sizes#gzclose.o#max": 980, 
  "##characteristics#compile#obj_sizes#gzclose.o#mean": 980.0, 
  "##characteristics#compile#obj_sizes#gzclose.o#mean_imp": 1.0, 
  "##characteristics#compile#obj_sizes#gzclose.o#min": 980, 
  "##characteristics#compile#obj_sizes#gzclose.o#min_imp": 1.0, 
  "##characteristics#compile#obj_sizes#gzclose.o#range": 0, 
  "##characteristics#compile#obj_sizes#gzclose.o#range_percent": 0, 
  "##characteristics#compile#obj_sizes#gzclose.o#repeats": 1, 
  "##characteristics#compile#obj_sizes#gzlib.o#all": [
    6308
  ], 
  "##characteristics#compile#obj_sizes#gzlib.o#all_unique": [
    6308
  ], 
  "##characteristics#compile#obj_sizes#gzlib.o#center": 6308, 
  "##characteristics#compile#obj_sizes#gzlib.o#center_imp": 0.9987317691819911, 
  "##characteristics#compile#obj_sizes#gzlib.o#halfrange": 0, 
  "##characteristics#compile#obj_sizes#gzlib.o#max": 6308, 
  "##characteristics#compile#obj_sizes#gzlib.o#mean": 6308.0, 
  "##characteristics#compile#obj_sizes#gzlib.o#mean_imp": 0.9987317691819911, 
  "##characteristics#compile#obj_sizes#gzlib.o#min": 6308, 
  "##characteristics#compile#obj_sizes#gzlib.o#min_imp": 0.9987317691819911, 
  "##characteristics#compile#obj_sizes#gzlib.o#range": 0, 
  "##characteristics#compile#obj_sizes#gzlib.o#range_percent": 0, 
  "##characteristics#compile#obj_sizes#gzlib.o#repeats": 1, 
  "##characteristics#compile#obj_sizes#gzread.o#all": [
    5776
  ], 
  "##characteristics#compile#obj_sizes#gzread.o#all_unique": [
    5776
  ], 
  "##characteristics#compile#obj_sizes#gzread.o#center": 5776, 
  "##characteristics#compile#obj_sizes#gzread.o#center_imp": 1.0, 
  "##characteristics#compile#obj_sizes#gzread.o#halfrange": 0, 
  "##characteristics#compile#obj_sizes#gzread.o#max": 5776, 
  "##characteristics#compile#obj_sizes#gzread.o#mean": 5776.0, 
  "##characteristics#compile#obj_sizes#gzread.o#mean_imp": 1.0, 
  "##characteristics#compile#obj_sizes#gzread.o#min": 5776, 
  "##characteristics#compile#obj_sizes#gzread.o#min_imp": 1.0, 
  "##characteristics#compile#obj_sizes#gzread.o#range": 0, 
  "##characteristics#compile#obj_sizes#gzread.o#range_percent": 0, 
  "##characteristics#compile#obj_sizes#gzread.o#repeats": 1, 
  "##characteristics#compile#obj_sizes#gzwrite.o#all": [
    9552
  ], 
  "##characteristics#compile#obj_sizes#gzwrite.o#all_unique": [
    9552
  ], 
  "##characteristics#compile#obj_sizes#gzwrite.o#center": 9552, 
  "##characteristics#compile#obj_sizes#gzwrite.o#center_imp": 1.0745393634840872, 
  "##characteristics#compile#obj_sizes#gzwrite.o#halfrange": 0, 
  "##characteristics#compile#obj_sizes#gzwrite.o#max": 9552, 
  "##characteristics#compile#obj_sizes#gzwrite.o#mean": 9552.0, 
  "##characteristics#compile#obj_sizes#gzwrite.o#mean_imp": 1.0745393634840872, 
  "##characteristics#compile#obj_sizes#gzwrite.o#min": 9552, 
  "##characteristics#compile#obj_sizes#gzwrite.o#min_imp": 1.0745393634840872, 
  "##characteristics#compile#obj_sizes#gzwrite.o#range": 0, 
  "##characteristics#compile#obj_sizes#gzwrite.o#range_percent": 0, 
  "##characteristics#compile#obj_sizes#gzwrite.o#repeats": 1, 
  "##characteristics#compile#obj_sizes#infback.o#all": [
    9544
  ], 
  "##characteristics#compile#obj_sizes#infback.o#all_unique": [
    9544
  ], 
  "##characteristics#compile#obj_sizes#infback.o#center": 9544, 
  "##characteristics#compile#obj_sizes#infback.o#center_imp": 1.0029337803855827, 
  "##characteristics#compile#obj_sizes#infback.o#halfrange": 0, 
  "##characteristics#compile#obj_sizes#infback.o#max": 9544, 
  "##characteristics#compile#obj_sizes#infback.o#mean": 9544.0, 
  "##characteristics#compile#obj_sizes#infback.o#mean_imp": 1.0029337803855827, 
  "##characteristics#compile#obj_sizes#infback.o#min": 9544, 
  "##characteristics#compile#obj_sizes#infback.o#min_imp": 1.0029337803855827, 
  "##characteristics#compile#obj_sizes#infback.o#range": 0, 
  "##characteristics#compile#obj_sizes#infback.o#range_percent": 0, 
  "##characteristics#compile#obj_sizes#infback.o#repeats": 1, 
  "##characteristics#compile#obj_sizes#inffast.o#all": [
    3808
  ], 
  "##characteristics#compile#obj_sizes#inffast.o#all_unique": [
    3808
  ], 
  "##characteristics#compile#obj_sizes#inffast.o#center": 3808, 
  "##characteristics#compile#obj_sizes#inffast.o#center_imp": 1.0493697478991597, 
  "##characteristics#compile#obj_sizes#inffast.o#halfrange": 0, 
  "##characteristics#compile#obj_sizes#inffast.o#max": 3808, 
  "##characteristics#compile#obj_sizes#inffast.o#mean": 3808.0, 
  "##characteristics#compile#obj_sizes#inffast.o#mean_imp": 1.0493697478991597, 
  "##characteristics#compile#obj_sizes#inffast.o#min": 3808, 
  "##characteristics#compile#obj_sizes#inffast.o#min_imp": 1.0493697478991597, 
  "##characteristics#compile#obj_sizes#inffast.o#range": 0, 
  "##characteristics#compile#obj_sizes#inffast.o#range_percent": 0, 
  "##characteristics#compile#obj_sizes#inffast.o#repeats": 1, 
  "##characteristics#compile#obj_sizes#inflate.o#all": [
    16752
  ], 
  "##characteristics#compile#obj_sizes#inflate.o#all_unique": [
    16752
  ], 
  "##characteristics#compile#obj_sizes#inflate.o#center": 16752, 
  "##characteristics#compile#obj_sizes#inflate.o#center_imp": 1.0004775549188156, 
  "##characteristics#compile#obj_sizes#inflate.o#halfrange": 0, 
  "##characteristics#compile#obj_sizes#inflate.o#max": 16752, 
  "##characteristics#compile#obj_sizes#inflate.o#mean": 16752.0, 
  "##characteristics#compile#obj_sizes#inflate.o#mean_imp": 1.0004775549188156, 
  "##characteristics#compile#obj_sizes#inflate.o#min": 16752, 
  "##characteristics#compile#obj_sizes#inflate.o#min_imp": 1.0004775549188156, 
  "##characteristics#compile#obj_sizes#inflate.o#range": 0, 
  "##characteristics#compile#obj_sizes#inflate.o#range_percent": 0, 
  "##characteristics#compile#obj_sizes#inflate.o#repeats": 1, 
  "##characteristics#compile#obj_sizes#inftrees.o#all": [
    4440
  ], 
  "##characteristics#compile#obj_sizes#inftrees.o#all_unique": [
    4440
  ], 
  "##characteristics#compile#obj_sizes#inftrees.o#center": 4440, 
  "##characteristics#compile#obj_sizes#inftrees.o#center_imp": 0.9954954954954955, 
  "##characteristics#compile#obj_sizes#inftrees.o#halfrange": 0, 
  "##characteristics#compile#obj_sizes#inftrees.o#max": 4440, 
  "##characteristics#compile#obj_sizes#inftrees.o#mean": 4440.0, 
  "##characteristics#compile#obj_sizes#inftrees.o#mean_imp": 0.9954954954954955, 
  "##characteristics#compile#obj_sizes#inftrees.o#min": 4440, 
  "##characteristics#compile#obj_sizes#inftrees.o#min_imp": 0.9954954954954955, 
  "##characteristics#compile#obj_sizes#inftrees.o#range": 0, 
  "##characteristics#compile#obj_sizes#inftrees.o#range_percent": 0, 
  "##characteristics#compile#obj_sizes#inftrees.o#repeats": 1, 
  "##characteristics#compile#obj_sizes#trees.o#all": [
    14348
  ], 
  "##characteristics#compile#obj_sizes#trees.o#all_unique": [
    14348
  ], 
  "##characteristics#compile#obj_sizes#trees.o#center": 14348, 
  "##characteristics#compile#obj_sizes#trees.o#center_imp": 0.9885698355171453, 
  "##characteristics#compile#obj_sizes#trees.o#halfrange": 0, 
  "##characteristics#compile#obj_sizes#trees.o#max": 14348, 
  "##characteristics#compile#obj_sizes#trees.o#mean": 14348.0, 
  "##characteristics#compile#obj_sizes#trees.o#mean_imp": 0.9885698355171453, 
  "##characteristics#compile#obj_sizes#trees.o#min": 14348, 
  "##characteristics#compile#obj_sizes#trees.o#min_imp": 0.9885698355171453, 
  "##characteristics#compile#obj_sizes#trees.o#range": 0, 
  "##characteristics#compile#obj_sizes#trees.o#range_percent": 0, 
  "##characteristics#compile#obj_sizes#trees.o#repeats": 1, 
  "##characteristics#compile#obj_sizes#uncompr.o#all": [
    1272
  ], 
  "##characteristics#compile#obj_sizes#uncompr.o#all_unique": [
    1272
  ], 
  "##characteristics#compile#obj_sizes#uncompr.o#center": 1272, 
  "##characteristics#compile#obj_sizes#uncompr.o#center_imp": 1.0, 
  "##characteristics#compile#obj_sizes#uncompr.o#halfrange": 0, 
  "##characteristics#compile#obj_sizes#uncompr.o#max": 1272, 
  "##characteristics#compile#obj_sizes#uncompr.o#mean": 1272.0, 
  "##characteristics#compile#obj_sizes#uncompr.o#mean_imp": 1.0, 
  "##characteristics#compile#obj_sizes#uncompr.o#min": 1272, 
  "##characteristics#compile#obj_sizes#uncompr.o#min_imp": 1.0, 
  "##characteristics#compile#obj_sizes#uncompr.o#range": 0, 
  "##characteristics#compile#obj_sizes#uncompr.o#range_percent": 0, 
  "##characteristics#compile#obj_sizes#uncompr.o#repeats": 1, 
  "##characteristics#compile#obj_sizes#zutil.o#all": [
    1648
  ], 
  "##characteristics#compile#obj_sizes#zutil.o#all_unique": [
    1648
  ], 
  "##characteristics#compile#obj_sizes#zutil.o#center": 1648, 
  "##characteristics#compile#obj_sizes#zutil.o#center_imp": 1.0, 
  "##characteristics#compile#obj_sizes#zutil.o#halfrange": 0, 
  "##characteristics#compile#obj_sizes#zutil.o#max": 1648, 
  "##characteristics#compile#obj_sizes#zutil.o#mean": 1648.0, 
  "##characteristics#compile#obj_sizes#zutil.o#mean_imp": 1.0, 
  "##characteristics#compile#obj_sizes#zutil.o#min": 1648, 
  "##characteristics#compile#obj_sizes#zutil.o#min_imp": 1.0, 
  "##characteristics#compile#obj_sizes#zutil.o#range": 0, 
  "##characteristics#compile#obj_sizes#zutil.o#range_percent": 0, 
  "##characteristics#compile#obj_sizes#zutil.o#repeats": 1, 
  "##characteristics#compile#program_git_hash#all": [
    "f3b3ffe43b24039767a39c7f85ab4b768684a65b"
  ], 
  "##characteristics#compile#program_git_hash#all_unique": [
    "f3b3ffe43b24039767a39c7f85ab4b768684a65b"
  ], 
  "##characteristics#compile#program_git_hash#min": "f3b3ffe43b24039767a39c7f85ab4b768684a65b", 
  "##characteristics#compile#program_git_hash#min_imp": 0, 
  "##characteristics#compile#program_git_hash#repeats": 1, 
  "##characteristics#run#execution_time#all": [
    0.9360348000000001, 
    0.6824551999999999, 
    0.8491263, 
    0.7314737
  ], 
  "##characteristics#run#execution_time#all_unique": [
    0.9360348000000001, 
    0.6824551999999999, 
    0.8491263, 
    0.7314737
  ], 
  "##characteristics#run#execution_time#center": 0.809245, 
  "##characteristics#run#execution_time#center_imp": 0.8775363456060896, 
  "##characteristics#run#execution_time#halfrange": 0.12678980000000006, 
  "##characteristics#run#execution_time#max": 0.9360348000000001, 
  "##characteristics#run#execution_time#mean": 0.7997725, 
  "##characteristics#run#execution_time#mean_imp": 0.8880392549131159, 
  "##characteristics#run#execution_time#min": 0.6824551999999999, 
  "##characteristics#run#execution_time#min_imp": 0.9721603703803562, 
  "##characteristics#run#execution_time#range": 0.2535796000000001, 
  "##characteristics#run#execution_time#range_percent": 0.3715695916742962, 
  "##characteristics#run#execution_time#repeats": 4, 
  "##characteristics#run#execution_time_kernel_0#all": [
    9.360348, 
    6.824552, 
    8.491263, 
    7.314737
  ], 
  "##characteristics#run#execution_time_kernel_0#all_unique": [
    9.360348, 
    6.824552, 
    8.491263, 
    7.314737
  ], 
  "##characteristics#run#execution_time_kernel_0#center": 8.09245, 
  "##characteristics#run#execution_time_kernel_0#center_imp": 0.8775363456060897, 
  "##characteristics#run#execution_time_kernel_0#halfrange": 1.2678980000000002, 
  "##characteristics#run#execution_time_kernel_0#max": 9.360348, 
  "##characteristics#run#execution_time_kernel_0#mean": 7.997725, 
  "##characteristics#run#execution_time_kernel_0#mean_imp": 0.888039254913116, 
  "##characteristics#run#execution_time_kernel_0#min": 6.824552, 
  "##characteristics#run#execution_time_kernel_0#min_imp": 0.9721603703803562, 
  "##characteristics#run#execution_time_kernel_0#range": 2.5357960000000004, 
  "##characteristics#run#execution_time_kernel_0#range_percent": 0.37156959167429604, 
  "##characteristics#run#execution_time_kernel_0#repeats": 4, 
  "##characteristics#run#execution_time_with_module#all": [
    10.063546895980835, 
    7.531699180603027, 
    9.896886110305786, 
    8.038594007492065
  ], 
  "##characteristics#run#execution_time_with_module#all_unique": [
    10.063546895980835, 
    7.531699180603027, 
    9.896886110305786, 
    8.038594007492065
  ], 
  "##characteristics#run#execution_time_with_module#center": 8.797623038291931, 
  "##characteristics#run#execution_time_with_module#center_imp": 1.9951214509207889, 
  "##characteristics#run#execution_time_with_module#halfrange": 1.2659238576889038, 
  "##characteristics#run#execution_time_with_module#max": 10.063546895980835, 
  "##characteristics#run#execution_time_with_module#mean": 8.882681548595428, 
  "##characteristics#run#execution_time_with_module#mean_imp": 1.4382443445507642, 
  "##characteristics#run#execution_time_with_module#min": 7.531699180603027, 
  "##characteristics#run#execution_time_with_module#min_imp": 0.9758206934573075, 
  "##characteristics#run#execution_time_with_module#range": 2.5318477153778076, 
  "##characteristics#run#execution_time_with_module#range_percent": 0.3361589004906453, 
  "##characteristics#run#execution_time_with_module#repeats": 4, 
  "##characteristics#run#repeat#all": [
    10, 
    10, 
    10, 
    10
  ], 
  "##characteristics#run#repeat#all_unique": [
    10
  ], 
  "##characteristics#run#repeat#center": 10, 
  "##characteristics#run#repeat#center_imp": 1.0, 
  "##characteristics#run#repeat#halfrange": 0, 
  "##characteristics#run#repeat#max": 10, 
  "##characteristics#run#repeat#mean": 10.0, 
  "##characteristics#run#repeat#mean_imp": 1.0, 
  "##characteristics#run#repeat#min": 10, 
  "##characteristics#run#repeat#min_imp": 1.0, 
  "##characteristics#run#repeat#range": 0, 
  "##characteristics#run#repeat#range_percent": 0, 
  "##characteristics#run#repeat#repeats": 4, 
  "##characteristics#run#return_code#all": [
    0, 
    0, 
    0, 
    0
  ], 
  "##characteristics#run#return_code#all_unique": [
    0
  ], 
  "##characteristics#run#return_code#center": 0, 
  "##characteristics#run#return_code#halfrange": 0, 
  "##characteristics#run#return_code#max": 0, 
  "##characteristics#run#return_code#mean": 0.0, 
  "##characteristics#run#return_code#min": 0, 
  "##characteristics#run#return_code#min_imp": 1, 
  "##characteristics#run#return_code#range": 0, 
  "##characteristics#run#return_code#repeats": 4, 
  "##characteristics#run#run_success#all": [
    "yes", 
    "yes", 
    "yes", 
    "yes"
  ], 
  "##characteristics#run#run_success#all_unique": [
    "yes"
  ], 
  "##characteristics#run#run_success#min": "yes", 
  "##characteristics#run#run_success#min_imp": 1, 
  "##characteristics#run#run_success#repeats": 4, 
  "##characteristics#run#run_success_bool#all": [
    true, 
    true, 
    true, 
    true
  ], 
  "##characteristics#run#run_success_bool#all_unique": [
    true
  ], 
  "##characteristics#run#run_success_bool#min": true, 
  "##characteristics#run#run_success_bool#min_imp": 1, 
  "##characteristics#run#run_success_bool#repeats": 4, 
  "##characteristics#run#total_execution_time#all": [
    9.360348, 
    6.824552, 
    8.491263, 
    7.314737
  ], 
  "##characteristics#run#total_execution_time#all_unique": [
    9.360348, 
    6.824552, 
    8.491263, 
    7.314737
  ], 
  "##characteristics#run#total_execution_time#center": 8.09245, 
  "##characteristics#run#total_execution_time#center_imp": 0.8775363456060897, 
  "##characteristics#run#total_execution_time#halfrange": 1.2678980000000002, 
  "##characteristics#run#total_execution_time#max": 9.360348, 
  "##characteristics#run#total_execution_time#mean": 7.997725, 
  "##characteristics#run#total_execution_time#mean_imp": 0.888039254913116, 
  "##characteristics#run#total_execution_time#min": 6.824552, 
  "##characteristics#run#total_execution_time#min_imp": 0.9721603703803562, 
  "##characteristics#run#total_execution_time#range": 2.5357960000000004, 
  "##characteristics#run#total_execution_time#range_percent": 0.37156959167429604, 
  "##characteristics#run#total_execution_time#repeats": 4
}
