{
  "##choices#calibration_time": 10.0, 
  "##choices#cmd_key": "encode", 
  "##choices#compile_type": "dynamic", 
  "##choices#compiler_description_uoa": "gcc-4.9.0-auto", 
  "##choices#compiler_flags#base_opt": "-O3", 
  "##choices#compiler_flags#bool--fexcess-precision=": "-fexcess-precision=fast", 
  "##choices#compiler_flags#bool-branch-probabilities": "-fno-branch-probabilities", 
  "##choices#compiler_flags#bool-cprop-registers": "-fcprop-registers", 
  "##choices#compiler_flags#bool-cse-skip-blocks": "-fno-cse-skip-blocks", 
  "##choices#compiler_flags#bool-float-store": "-ffloat-store", 
  "##choices#compiler_flags#bool-modulo-sched": "-fno-modulo-sched", 
  "##choices#compiler_flags#bool-peel-loops": "-fpeel-loops", 
  "##choices#compiler_flags#bool-prefetch-loop-arrays": "-fno-prefetch-loop-arrays", 
  "##choices#compiler_flags#bool-rerun-cse-after-loop": "-fno-rerun-cse-after-loop", 
  "##choices#compiler_flags#bool-sched-spec": "-fno-sched-spec", 
  "##choices#compiler_flags#bool-signaling-nans": "-fno-signaling-nans", 
  "##choices#compiler_flags#bool-split-ivs-in-unroller": "-fsplit-ivs-in-unroller", 
  "##choices#compiler_flags#bool-tree-loop-im": "-ftree-loop-im", 
  "##choices#compiler_flags#bool-tree-pre": "-fno-tree-pre", 
  "##choices#compiler_flags#bool-tree-vrp": "-ftree-vrp", 
  "##choices#data_uoa": "minigzip", 
  "##choices#dataset_file": "data.wav", 
  "##choices#dataset_uoa": "audio-wav-0001", 
  "##choices#device_id": "", 
  "##choices#host_os": "linux-32", 
  "##choices#module_uoa": "b0ac08fe1d3c2615", 
  "##choices#no_state_check": "yes", 
  "##choices#program_tags": "", 
  "##choices#repeat": 10, 
  "##choices#target": "", 
  "##choices#target_os": "linux-32", 
  "##choices#target_os_bits": "32"
}
