{
  "##characteristics#compile#binary_size#all": [
    100984
  ], 
  "##characteristics#compile#binary_size#all_unique": [
    100984
  ], 
  "##characteristics#compile#binary_size#center": 100984, 
  "##characteristics#compile#binary_size#center_imp": 1.0044363463518973, 
  "##characteristics#compile#binary_size#halfrange": 0, 
  "##characteristics#compile#binary_size#max": 100984, 
  "##characteristics#compile#binary_size#mean": 100984.0, 
  "##characteristics#compile#binary_size#mean_imp": 1.0044363463518973, 
  "##characteristics#compile#binary_size#min": 100984, 
  "##characteristics#compile#binary_size#min_imp": 1.0044363463518973, 
  "##characteristics#compile#binary_size#range": 0, 
  "##characteristics#compile#binary_size#range_percent": 0, 
  "##characteristics#compile#binary_size#repeats": 1, 
  "##characteristics#compile#compilation_success#all": [
    "yes"
  ], 
  "##characteristics#compile#compilation_success#all_unique": [
    "yes"
  ], 
  "##characteristics#compile#compilation_success#min": "yes", 
  "##characteristics#compile#compilation_success#min_imp": 0, 
  "##characteristics#compile#compilation_success#repeats": 1, 
  "##characteristics#compile#compilation_success_bool#all": [
    true
  ], 
  "##characteristics#compile#compilation_success_bool#all_unique": [
    true
  ], 
  "##characteristics#compile#compilation_success_bool#min": true, 
  "##characteristics#compile#compilation_success_bool#min_imp": 0, 
  "##characteristics#compile#compilation_success_bool#repeats": 1, 
  "##characteristics#compile#compilation_time#all": [
    98.15841293334961
  ], 
  "##characteristics#compile#compilation_time#all_unique": [
    98.15841293334961
  ], 
  "##characteristics#compile#compilation_time#center": 98.15841293334961, 
  "##characteristics#compile#compilation_time#center_imp": 1.0402693547814812, 
  "##characteristics#compile#compilation_time#halfrange": 0.0, 
  "##characteristics#compile#compilation_time#max": 98.15841293334961, 
  "##characteristics#compile#compilation_time#mean": 98.15841293334961, 
  "##characteristics#compile#compilation_time#mean_imp": 1.0402693547814812, 
  "##characteristics#compile#compilation_time#min": 98.15841293334961, 
  "##characteristics#compile#compilation_time#min_imp": 1.0402693547814812, 
  "##characteristics#compile#compilation_time#range": 0.0, 
  "##characteristics#compile#compilation_time#range_percent": 0.0, 
  "##characteristics#compile#compilation_time#repeats": 1, 
  "##characteristics#compile#compilation_time_with_module#all": [
    103.44549703598022
  ], 
  "##characteristics#compile#compilation_time_with_module#all_unique": [
    103.44549703598022
  ], 
  "##characteristics#compile#compilation_time_with_module#center": 103.44549703598022, 
  "##characteristics#compile#compilation_time_with_module#center_imp": 1.0338013461369353, 
  "##characteristics#compile#compilation_time_with_module#halfrange": 0.0, 
  "##characteristics#compile#compilation_time_with_module#max": 103.44549703598022, 
  "##characteristics#compile#compilation_time_with_module#mean": 103.44549703598022, 
  "##characteristics#compile#compilation_time_with_module#mean_imp": 1.0338013461369353, 
  "##characteristics#compile#compilation_time_with_module#min": 103.44549703598022, 
  "##characteristics#compile#compilation_time_with_module#min_imp": 1.0338013461369353, 
  "##characteristics#compile#compilation_time_with_module#range": 0.0, 
  "##characteristics#compile#compilation_time_with_module#range_percent": 0.0, 
  "##characteristics#compile#compilation_time_with_module#repeats": 1, 
  "##characteristics#compile#joined_compiler_flags#all": [
    "-O3 -fexcess-precision=fast -fno-branch-count-reg -fdse -ffat-lto-objects -fgcse-after-reload -fipa-cp-clone -fira-share-save-slots -fno-isolate-erroneous-paths-attribute -fno-loop-parallelize-all -fpeephole -fno-prefetch-loop-arrays -fno-rerun-cse-after-loop -freschedule-modulo-scheduled-loops -fsched-group-heuristic -fsel-sched-pipelining-outer-loops -fno-shrink-wrap -fno-signed-zeros -fno-single-precision-constant -fno-toplevel-reorder -ftree-pta -ftree-reassoc"
  ], 
  "##characteristics#compile#joined_compiler_flags#all_unique": [
    "-O3 -fexcess-precision=fast -fno-branch-count-reg -fdse -ffat-lto-objects -fgcse-after-reload -fipa-cp-clone -fira-share-save-slots -fno-isolate-erroneous-paths-attribute -fno-loop-parallelize-all -fpeephole -fno-prefetch-loop-arrays -fno-rerun-cse-after-loop -freschedule-modulo-scheduled-loops -fsched-group-heuristic -fsel-sched-pipelining-outer-loops -fno-shrink-wrap -fno-signed-zeros -fno-single-precision-constant -fno-toplevel-reorder -ftree-pta -ftree-reassoc"
  ], 
  "##characteristics#compile#joined_compiler_flags#min": "-O3 -fexcess-precision=fast -fno-branch-count-reg -fdse -ffat-lto-objects -fgcse-after-reload -fipa-cp-clone -fira-share-save-slots -fno-isolate-erroneous-paths-attribute -fno-loop-parallelize-all -fpeephole -fno-prefetch-loop-arrays -fno-rerun-cse-after-loop -freschedule-modulo-scheduled-loops -fsched-group-heuristic -fsel-sched-pipelining-outer-loops -fno-shrink-wrap -fno-signed-zeros -fno-single-precision-constant -fno-toplevel-reorder -ftree-pta -ftree-reassoc", 
  "##characteristics#compile#joined_compiler_flags#min_imp": 0, 
  "##characteristics#compile#joined_compiler_flags#repeats": 1, 
  "##characteristics#compile#md5_sum#all": [
    "d508e4a718143b3b5dbeca9da3e02c88"
  ], 
  "##characteristics#compile#md5_sum#all_unique": [
    "d508e4a718143b3b5dbeca9da3e02c88"
  ], 
  "##characteristics#compile#md5_sum#min": "d508e4a718143b3b5dbeca9da3e02c88", 
  "##characteristics#compile#md5_sum#min_imp": 0, 
  "##characteristics#compile#md5_sum#repeats": 1, 
  "##characteristics#compile#obj_size#all": [
    114624
  ], 
  "##characteristics#compile#obj_size#all_unique": [
    114624
  ], 
  "##characteristics#compile#obj_size#center": 114624, 
  "##characteristics#compile#obj_size#center_imp": 1.0034198771635958, 
  "##characteristics#compile#obj_size#halfrange": 0, 
  "##characteristics#compile#obj_size#max": 114624, 
  "##characteristics#compile#obj_size#mean": 114624.0, 
  "##characteristics#compile#obj_size#mean_imp": 1.0034198771635958, 
  "##characteristics#compile#obj_size#min": 114624, 
  "##characteristics#compile#obj_size#min_imp": 1.0034198771635958, 
  "##characteristics#compile#obj_size#range": 0, 
  "##characteristics#compile#obj_size#range_percent": 0, 
  "##characteristics#compile#obj_size#repeats": 1, 
  "##characteristics#compile#obj_sizes#adler32.o#all": [
    2428
  ], 
  "##characteristics#compile#obj_sizes#adler32.o#all_unique": [
    2428
  ], 
  "##characteristics#compile#obj_sizes#adler32.o#center": 2428, 
  "##characteristics#compile#obj_sizes#adler32.o#center_imp": 0.9983525535420099, 
  "##characteristics#compile#obj_sizes#adler32.o#halfrange": 0, 
  "##characteristics#compile#obj_sizes#adler32.o#max": 2428, 
  "##characteristics#compile#obj_sizes#adler32.o#mean": 2428.0, 
  "##characteristics#compile#obj_sizes#adler32.o#mean_imp": 0.9983525535420099, 
  "##characteristics#compile#obj_sizes#adler32.o#min": 2428, 
  "##characteristics#compile#obj_sizes#adler32.o#min_imp": 0.9983525535420099, 
  "##characteristics#compile#obj_sizes#adler32.o#range": 0, 
  "##characteristics#compile#obj_sizes#adler32.o#range_percent": 0, 
  "##characteristics#compile#obj_sizes#adler32.o#repeats": 1, 
  "##characteristics#compile#obj_sizes#compress.o#all": [
    1568
  ], 
  "##characteristics#compile#obj_sizes#compress.o#all_unique": [
    1568
  ], 
  "##characteristics#compile#obj_sizes#compress.o#center": 1568, 
  "##characteristics#compile#obj_sizes#compress.o#center_imp": 1.0, 
  "##characteristics#compile#obj_sizes#compress.o#halfrange": 0, 
  "##characteristics#compile#obj_sizes#compress.o#max": 1568, 
  "##characteristics#compile#obj_sizes#compress.o#mean": 1568.0, 
  "##characteristics#compile#obj_sizes#compress.o#mean_imp": 1.0, 
  "##characteristics#compile#obj_sizes#compress.o#min": 1568, 
  "##characteristics#compile#obj_sizes#compress.o#min_imp": 1.0, 
  "##characteristics#compile#obj_sizes#compress.o#range": 0, 
  "##characteristics#compile#obj_sizes#compress.o#range_percent": 0, 
  "##characteristics#compile#obj_sizes#compress.o#repeats": 1, 
  "##characteristics#compile#obj_sizes#crc32.o#all": [
    10796
  ], 
  "##characteristics#compile#obj_sizes#crc32.o#all_unique": [
    10796
  ], 
  "##characteristics#compile#obj_sizes#crc32.o#center": 10796, 
  "##characteristics#compile#obj_sizes#crc32.o#center_imp": 1.0074101519081142, 
  "##characteristics#compile#obj_sizes#crc32.o#halfrange": 0, 
  "##characteristics#compile#obj_sizes#crc32.o#max": 10796, 
  "##characteristics#compile#obj_sizes#crc32.o#mean": 10796.0, 
  "##characteristics#compile#obj_sizes#crc32.o#mean_imp": 1.0074101519081142, 
  "##characteristics#compile#obj_sizes#crc32.o#min": 10796, 
  "##characteristics#compile#obj_sizes#crc32.o#min_imp": 1.0074101519081142, 
  "##characteristics#compile#obj_sizes#crc32.o#range": 0, 
  "##characteristics#compile#obj_sizes#crc32.o#range_percent": 0, 
  "##characteristics#compile#obj_sizes#crc32.o#repeats": 1, 
  "##characteristics#compile#obj_sizes#ctuning-rtl.o#all": [
    4804
  ], 
  "##characteristics#compile#obj_sizes#ctuning-rtl.o#all_unique": [
    4804
  ], 
  "##characteristics#compile#obj_sizes#ctuning-rtl.o#center": 4804, 
  "##characteristics#compile#obj_sizes#ctuning-rtl.o#center_imp": 1.0, 
  "##characteristics#compile#obj_sizes#ctuning-rtl.o#halfrange": 0, 
  "##characteristics#compile#obj_sizes#ctuning-rtl.o#max": 4804, 
  "##characteristics#compile#obj_sizes#ctuning-rtl.o#mean": 4804.0, 
  "##characteristics#compile#obj_sizes#ctuning-rtl.o#mean_imp": 1.0, 
  "##characteristics#compile#obj_sizes#ctuning-rtl.o#min": 4804, 
  "##characteristics#compile#obj_sizes#ctuning-rtl.o#min_imp": 1.0, 
  "##characteristics#compile#obj_sizes#ctuning-rtl.o#range": 0, 
  "##characteristics#compile#obj_sizes#ctuning-rtl.o#range_percent": 0, 
  "##characteristics#compile#obj_sizes#ctuning-rtl.o#repeats": 1, 
  "##characteristics#compile#obj_sizes#deflate.o#all": [
    19656
  ], 
  "##characteristics#compile#obj_sizes#deflate.o#all_unique": [
    19656
  ], 
  "##characteristics#compile#obj_sizes#deflate.o#center": 19656, 
  "##characteristics#compile#obj_sizes#deflate.o#center_imp": 1.0262515262515262, 
  "##characteristics#compile#obj_sizes#deflate.o#halfrange": 0, 
  "##characteristics#compile#obj_sizes#deflate.o#max": 19656, 
  "##characteristics#compile#obj_sizes#deflate.o#mean": 19656.0, 
  "##characteristics#compile#obj_sizes#deflate.o#mean_imp": 1.0262515262515262, 
  "##characteristics#compile#obj_sizes#deflate.o#min": 19656, 
  "##characteristics#compile#obj_sizes#deflate.o#min_imp": 1.0262515262515262, 
  "##characteristics#compile#obj_sizes#deflate.o#range": 0, 
  "##characteristics#compile#obj_sizes#deflate.o#range_percent": 0, 
  "##characteristics#compile#obj_sizes#deflate.o#repeats": 1, 
  "##characteristics#compile#obj_sizes#gzclose.o#all": [
    980
  ], 
  "##characteristics#compile#obj_sizes#gzclose.o#all_unique": [
    980
  ], 
  "##characteristics#compile#obj_sizes#gzclose.o#center": 980, 
  "##characteristics#compile#obj_sizes#gzclose.o#center_imp": 1.0, 
  "##characteristics#compile#obj_sizes#gzclose.o#halfrange": 0, 
  "##characteristics#compile#obj_sizes#gzclose.o#max": 980, 
  "##characteristics#compile#obj_sizes#gzclose.o#mean": 980.0, 
  "##characteristics#compile#obj_sizes#gzclose.o#mean_imp": 1.0, 
  "##characteristics#compile#obj_sizes#gzclose.o#min": 980, 
  "##characteristics#compile#obj_sizes#gzclose.o#min_imp": 1.0, 
  "##characteristics#compile#obj_sizes#gzclose.o#range": 0, 
  "##characteristics#compile#obj_sizes#gzclose.o#range_percent": 0, 
  "##characteristics#compile#obj_sizes#gzclose.o#repeats": 1, 
  "##characteristics#compile#obj_sizes#gzlib.o#all": [
    6300
  ], 
  "##characteristics#compile#obj_sizes#gzlib.o#all_unique": [
    6300
  ], 
  "##characteristics#compile#obj_sizes#gzlib.o#center": 6300, 
  "##characteristics#compile#obj_sizes#gzlib.o#center_imp": 1.0, 
  "##characteristics#compile#obj_sizes#gzlib.o#halfrange": 0, 
  "##characteristics#compile#obj_sizes#gzlib.o#max": 6300, 
  "##characteristics#compile#obj_sizes#gzlib.o#mean": 6300.0, 
  "##characteristics#compile#obj_sizes#gzlib.o#mean_imp": 1.0, 
  "##characteristics#compile#obj_sizes#gzlib.o#min": 6300, 
  "##characteristics#compile#obj_sizes#gzlib.o#min_imp": 1.0, 
  "##characteristics#compile#obj_sizes#gzlib.o#range": 0, 
  "##characteristics#compile#obj_sizes#gzlib.o#range_percent": 0, 
  "##characteristics#compile#obj_sizes#gzlib.o#repeats": 1, 
  "##characteristics#compile#obj_sizes#gzread.o#all": [
    5808
  ], 
  "##characteristics#compile#obj_sizes#gzread.o#all_unique": [
    5808
  ], 
  "##characteristics#compile#obj_sizes#gzread.o#center": 5808, 
  "##characteristics#compile#obj_sizes#gzread.o#center_imp": 0.9944903581267218, 
  "##characteristics#compile#obj_sizes#gzread.o#halfrange": 0, 
  "##characteristics#compile#obj_sizes#gzread.o#max": 5808, 
  "##characteristics#compile#obj_sizes#gzread.o#mean": 5808.0, 
  "##characteristics#compile#obj_sizes#gzread.o#mean_imp": 0.9944903581267218, 
  "##characteristics#compile#obj_sizes#gzread.o#min": 5808, 
  "##characteristics#compile#obj_sizes#gzread.o#min_imp": 0.9944903581267218, 
  "##characteristics#compile#obj_sizes#gzread.o#range": 0, 
  "##characteristics#compile#obj_sizes#gzread.o#range_percent": 0, 
  "##characteristics#compile#obj_sizes#gzread.o#repeats": 1, 
  "##characteristics#compile#obj_sizes#gzwrite.o#all": [
    10288
  ], 
  "##characteristics#compile#obj_sizes#gzwrite.o#all_unique": [
    10288
  ], 
  "##characteristics#compile#obj_sizes#gzwrite.o#center": 10288, 
  "##characteristics#compile#obj_sizes#gzwrite.o#center_imp": 0.9976671850699844, 
  "##characteristics#compile#obj_sizes#gzwrite.o#halfrange": 0, 
  "##characteristics#compile#obj_sizes#gzwrite.o#max": 10288, 
  "##characteristics#compile#obj_sizes#gzwrite.o#mean": 10288.0, 
  "##characteristics#compile#obj_sizes#gzwrite.o#mean_imp": 0.9976671850699844, 
  "##characteristics#compile#obj_sizes#gzwrite.o#min": 10288, 
  "##characteristics#compile#obj_sizes#gzwrite.o#min_imp": 0.9976671850699844, 
  "##characteristics#compile#obj_sizes#gzwrite.o#range": 0, 
  "##characteristics#compile#obj_sizes#gzwrite.o#range_percent": 0, 
  "##characteristics#compile#obj_sizes#gzwrite.o#repeats": 1, 
  "##characteristics#compile#obj_sizes#infback.o#all": [
    9540
  ], 
  "##characteristics#compile#obj_sizes#infback.o#all_unique": [
    9540
  ], 
  "##characteristics#compile#obj_sizes#infback.o#center": 9540, 
  "##characteristics#compile#obj_sizes#infback.o#center_imp": 1.0033542976939203, 
  "##characteristics#compile#obj_sizes#infback.o#halfrange": 0, 
  "##characteristics#compile#obj_sizes#infback.o#max": 9540, 
  "##characteristics#compile#obj_sizes#infback.o#mean": 9540.0, 
  "##characteristics#compile#obj_sizes#infback.o#mean_imp": 1.0033542976939203, 
  "##characteristics#compile#obj_sizes#infback.o#min": 9540, 
  "##characteristics#compile#obj_sizes#infback.o#min_imp": 1.0033542976939203, 
  "##characteristics#compile#obj_sizes#infback.o#range": 0, 
  "##characteristics#compile#obj_sizes#infback.o#range_percent": 0, 
  "##characteristics#compile#obj_sizes#infback.o#repeats": 1, 
  "##characteristics#compile#obj_sizes#inffast.o#all": [
    3992
  ], 
  "##characteristics#compile#obj_sizes#inffast.o#all_unique": [
    3992
  ], 
  "##characteristics#compile#obj_sizes#inffast.o#center": 3992, 
  "##characteristics#compile#obj_sizes#inffast.o#center_imp": 1.001002004008016, 
  "##characteristics#compile#obj_sizes#inffast.o#halfrange": 0, 
  "##characteristics#compile#obj_sizes#inffast.o#max": 3992, 
  "##characteristics#compile#obj_sizes#inffast.o#mean": 3992.0, 
  "##characteristics#compile#obj_sizes#inffast.o#mean_imp": 1.001002004008016, 
  "##characteristics#compile#obj_sizes#inffast.o#min": 3992, 
  "##characteristics#compile#obj_sizes#inffast.o#min_imp": 1.001002004008016, 
  "##characteristics#compile#obj_sizes#inffast.o#range": 0, 
  "##characteristics#compile#obj_sizes#inffast.o#range_percent": 0, 
  "##characteristics#compile#obj_sizes#inffast.o#repeats": 1, 
  "##characteristics#compile#obj_sizes#inflate.o#all": [
    16752
  ], 
  "##characteristics#compile#obj_sizes#inflate.o#all_unique": [
    16752
  ], 
  "##characteristics#compile#obj_sizes#inflate.o#center": 16752, 
  "##characteristics#compile#obj_sizes#inflate.o#center_imp": 1.0004775549188156, 
  "##characteristics#compile#obj_sizes#inflate.o#halfrange": 0, 
  "##characteristics#compile#obj_sizes#inflate.o#max": 16752, 
  "##characteristics#compile#obj_sizes#inflate.o#mean": 16752.0, 
  "##characteristics#compile#obj_sizes#inflate.o#mean_imp": 1.0004775549188156, 
  "##characteristics#compile#obj_sizes#inflate.o#min": 16752, 
  "##characteristics#compile#obj_sizes#inflate.o#min_imp": 1.0004775549188156, 
  "##characteristics#compile#obj_sizes#inflate.o#range": 0, 
  "##characteristics#compile#obj_sizes#inflate.o#range_percent": 0, 
  "##characteristics#compile#obj_sizes#inflate.o#repeats": 1, 
  "##characteristics#compile#obj_sizes#inftrees.o#all": [
    4420
  ], 
  "##characteristics#compile#obj_sizes#inftrees.o#all_unique": [
    4420
  ], 
  "##characteristics#compile#obj_sizes#inftrees.o#center": 4420, 
  "##characteristics#compile#obj_sizes#inftrees.o#center_imp": 1.0, 
  "##characteristics#compile#obj_sizes#inftrees.o#halfrange": 0, 
  "##characteristics#compile#obj_sizes#inftrees.o#max": 4420, 
  "##characteristics#compile#obj_sizes#inftrees.o#mean": 4420.0, 
  "##characteristics#compile#obj_sizes#inftrees.o#mean_imp": 1.0, 
  "##characteristics#compile#obj_sizes#inftrees.o#min": 4420, 
  "##characteristics#compile#obj_sizes#inftrees.o#min_imp": 1.0, 
  "##characteristics#compile#obj_sizes#inftrees.o#range": 0, 
  "##characteristics#compile#obj_sizes#inftrees.o#range_percent": 0, 
  "##characteristics#compile#obj_sizes#inftrees.o#repeats": 1, 
  "##characteristics#compile#obj_sizes#trees.o#all": [
    14372
  ], 
  "##characteristics#compile#obj_sizes#trees.o#all_unique": [
    14372
  ], 
  "##characteristics#compile#obj_sizes#trees.o#center": 14372, 
  "##characteristics#compile#obj_sizes#trees.o#center_imp": 0.9869190091845255, 
  "##characteristics#compile#obj_sizes#trees.o#halfrange": 0, 
  "##characteristics#compile#obj_sizes#trees.o#max": 14372, 
  "##characteristics#compile#obj_sizes#trees.o#mean": 14372.0, 
  "##characteristics#compile#obj_sizes#trees.o#mean_imp": 0.9869190091845255, 
  "##characteristics#compile#obj_sizes#trees.o#min": 14372, 
  "##characteristics#compile#obj_sizes#trees.o#min_imp": 0.9869190091845255, 
  "##characteristics#compile#obj_sizes#trees.o#range": 0, 
  "##characteristics#compile#obj_sizes#trees.o#range_percent": 0, 
  "##characteristics#compile#obj_sizes#trees.o#repeats": 1, 
  "##characteristics#compile#obj_sizes#uncompr.o#all": [
    1272
  ], 
  "##characteristics#compile#obj_sizes#uncompr.o#all_unique": [
    1272
  ], 
  "##characteristics#compile#obj_sizes#uncompr.o#center": 1272, 
  "##characteristics#compile#obj_sizes#uncompr.o#center_imp": 1.0, 
  "##characteristics#compile#obj_sizes#uncompr.o#halfrange": 0, 
  "##characteristics#compile#obj_sizes#uncompr.o#max": 1272, 
  "##characteristics#compile#obj_sizes#uncompr.o#mean": 1272.0, 
  "##characteristics#compile#obj_sizes#uncompr.o#mean_imp": 1.0, 
  "##characteristics#compile#obj_sizes#uncompr.o#min": 1272, 
  "##characteristics#compile#obj_sizes#uncompr.o#min_imp": 1.0, 
  "##characteristics#compile#obj_sizes#uncompr.o#range": 0, 
  "##characteristics#compile#obj_sizes#uncompr.o#range_percent": 0, 
  "##characteristics#compile#obj_sizes#uncompr.o#repeats": 1, 
  "##characteristics#compile#obj_sizes#zutil.o#all": [
    1648
  ], 
  "##characteristics#compile#obj_sizes#zutil.o#all_unique": [
    1648
  ], 
  "##characteristics#compile#obj_sizes#zutil.o#center": 1648, 
  "##characteristics#compile#obj_sizes#zutil.o#center_imp": 1.0, 
  "##characteristics#compile#obj_sizes#zutil.o#halfrange": 0, 
  "##characteristics#compile#obj_sizes#zutil.o#max": 1648, 
  "##characteristics#compile#obj_sizes#zutil.o#mean": 1648.0, 
  "##characteristics#compile#obj_sizes#zutil.o#mean_imp": 1.0, 
  "##characteristics#compile#obj_sizes#zutil.o#min": 1648, 
  "##characteristics#compile#obj_sizes#zutil.o#min_imp": 1.0, 
  "##characteristics#compile#obj_sizes#zutil.o#range": 0, 
  "##characteristics#compile#obj_sizes#zutil.o#range_percent": 0, 
  "##characteristics#compile#obj_sizes#zutil.o#repeats": 1, 
  "##characteristics#compile#program_git_hash#all": [
    "f3b3ffe43b24039767a39c7f85ab4b768684a65b"
  ], 
  "##characteristics#compile#program_git_hash#all_unique": [
    "f3b3ffe43b24039767a39c7f85ab4b768684a65b"
  ], 
  "##characteristics#compile#program_git_hash#min": "f3b3ffe43b24039767a39c7f85ab4b768684a65b", 
  "##characteristics#compile#program_git_hash#min_imp": 0, 
  "##characteristics#compile#program_git_hash#repeats": 1, 
  "##characteristics#run#execution_time#all": [
    1.1118198, 
    0.8709766, 
    0.6866396, 
    0.5940892
  ], 
  "##characteristics#run#execution_time#all_unique": [
    1.1118198, 
    0.8709766, 
    0.6866396, 
    0.5940892
  ], 
  "##characteristics#run#execution_time#center": 0.8529545, 
  "##characteristics#run#execution_time#center_imp": 0.8325671533475701, 
  "##characteristics#run#execution_time#halfrange": 0.25886529999999996, 
  "##characteristics#run#execution_time#max": 1.1118198, 
  "##characteristics#run#execution_time#mean": 0.8158812999999999, 
  "##characteristics#run#execution_time#mean_imp": 0.8705057647478868, 
  "##characteristics#run#execution_time#min": 0.5940892, 
  "##characteristics#run#execution_time#min_imp": 1.1167614223587974, 
  "##characteristics#run#execution_time#range": 0.5177305999999999, 
  "##characteristics#run#execution_time#range_percent": 0.8714694695678695, 
  "##characteristics#run#execution_time#repeats": 4, 
  "##characteristics#run#execution_time_kernel_0#all": [
    11.118198, 
    8.709766, 
    6.866396, 
    5.940892
  ], 
  "##characteristics#run#execution_time_kernel_0#all_unique": [
    11.118198, 
    8.709766, 
    6.866396, 
    5.940892
  ], 
  "##characteristics#run#execution_time_kernel_0#center": 8.529544999999999, 
  "##characteristics#run#execution_time_kernel_0#center_imp": 0.8325671533475703, 
  "##characteristics#run#execution_time_kernel_0#halfrange": 2.588653, 
  "##characteristics#run#execution_time_kernel_0#max": 11.118198, 
  "##characteristics#run#execution_time_kernel_0#mean": 8.158813, 
  "##characteristics#run#execution_time_kernel_0#mean_imp": 0.8705057647478868, 
  "##characteristics#run#execution_time_kernel_0#min": 5.940892, 
  "##characteristics#run#execution_time_kernel_0#min_imp": 1.1167614223587974, 
  "##characteristics#run#execution_time_kernel_0#range": 5.177306, 
  "##characteristics#run#execution_time_kernel_0#range_percent": 0.8714694695678696, 
  "##characteristics#run#execution_time_kernel_0#repeats": 4, 
  "##characteristics#run#execution_time_with_module#all": [
    11.834865808486938, 
    9.418993949890137, 
    7.572509050369263, 
    6.64858603477478
  ], 
  "##characteristics#run#execution_time_with_module#all_unique": [
    11.834865808486938, 
    9.418993949890137, 
    7.572509050369263, 
    6.64858603477478
  ], 
  "##characteristics#run#execution_time_with_module#center": 9.24172592163086, 
  "##characteristics#run#execution_time_with_module#center_imp": 1.8992476718800757, 
  "##characteristics#run#execution_time_with_module#halfrange": 2.593139886856079, 
  "##characteristics#run#execution_time_with_module#max": 11.834865808486938, 
  "##characteristics#run#execution_time_with_module#mean": 8.86873871088028, 
  "##characteristics#run#execution_time_with_module#mean_imp": 1.4405054560959945, 
  "##characteristics#run#execution_time_with_module#min": 6.64858603477478, 
  "##characteristics#run#execution_time_with_module#min_imp": 1.105436235447143, 
  "##characteristics#run#execution_time_with_module#range": 5.186279773712158, 
  "##characteristics#run#execution_time_with_module#range_percent": 0.7800575560857343, 
  "##characteristics#run#execution_time_with_module#repeats": 4, 
  "##characteristics#run#repeat#all": [
    10, 
    10, 
    10, 
    10
  ], 
  "##characteristics#run#repeat#all_unique": [
    10
  ], 
  "##characteristics#run#repeat#center": 10, 
  "##characteristics#run#repeat#center_imp": 1.0, 
  "##characteristics#run#repeat#halfrange": 0, 
  "##characteristics#run#repeat#max": 10, 
  "##characteristics#run#repeat#mean": 10.0, 
  "##characteristics#run#repeat#mean_imp": 1.0, 
  "##characteristics#run#repeat#min": 10, 
  "##characteristics#run#repeat#min_imp": 1.0, 
  "##characteristics#run#repeat#range": 0, 
  "##characteristics#run#repeat#range_percent": 0, 
  "##characteristics#run#repeat#repeats": 4, 
  "##characteristics#run#return_code#all": [
    0, 
    0, 
    0, 
    0
  ], 
  "##characteristics#run#return_code#all_unique": [
    0
  ], 
  "##characteristics#run#return_code#center": 0, 
  "##characteristics#run#return_code#halfrange": 0, 
  "##characteristics#run#return_code#max": 0, 
  "##characteristics#run#return_code#mean": 0.0, 
  "##characteristics#run#return_code#min": 0, 
  "##characteristics#run#return_code#min_imp": 1, 
  "##characteristics#run#return_code#range": 0, 
  "##characteristics#run#return_code#repeats": 4, 
  "##characteristics#run#run_success#all": [
    "yes", 
    "yes", 
    "yes", 
    "yes"
  ], 
  "##characteristics#run#run_success#all_unique": [
    "yes"
  ], 
  "##characteristics#run#run_success#min": "yes", 
  "##characteristics#run#run_success#min_imp": 1, 
  "##characteristics#run#run_success#repeats": 4, 
  "##characteristics#run#run_success_bool#all": [
    true, 
    true, 
    true, 
    true
  ], 
  "##characteristics#run#run_success_bool#all_unique": [
    true
  ], 
  "##characteristics#run#run_success_bool#min": true, 
  "##characteristics#run#run_success_bool#min_imp": 1, 
  "##characteristics#run#run_success_bool#repeats": 4, 
  "##characteristics#run#total_execution_time#all": [
    11.118198, 
    8.709766, 
    6.866396, 
    5.940892
  ], 
  "##characteristics#run#total_execution_time#all_unique": [
    11.118198, 
    8.709766, 
    6.866396, 
    5.940892
  ], 
  "##characteristics#run#total_execution_time#center": 8.529544999999999, 
  "##characteristics#run#total_execution_time#center_imp": 0.8325671533475703, 
  "##characteristics#run#total_execution_time#halfrange": 2.588653, 
  "##characteristics#run#total_execution_time#max": 11.118198, 
  "##characteristics#run#total_execution_time#mean": 8.158813, 
  "##characteristics#run#total_execution_time#mean_imp": 0.8705057647478868, 
  "##characteristics#run#total_execution_time#min": 5.940892, 
  "##characteristics#run#total_execution_time#min_imp": 1.1167614223587974, 
  "##characteristics#run#total_execution_time#range": 5.177306, 
  "##characteristics#run#total_execution_time#range_percent": 0.8714694695678696, 
  "##characteristics#run#total_execution_time#repeats": 4
}
