{
  "##characteristics#compile#binary_size#all": [
    101036
  ], 
  "##characteristics#compile#binary_size#all_unique": [
    101036
  ], 
  "##characteristics#compile#binary_size#center": 101036, 
  "##characteristics#compile#binary_size#center_imp": 1.0039193950671048, 
  "##characteristics#compile#binary_size#halfrange": 0, 
  "##characteristics#compile#binary_size#max": 101036, 
  "##characteristics#compile#binary_size#mean": 101036.0, 
  "##characteristics#compile#binary_size#mean_imp": 1.0039193950671048, 
  "##characteristics#compile#binary_size#min": 101036, 
  "##characteristics#compile#binary_size#min_imp": 1.0039193950671048, 
  "##characteristics#compile#binary_size#range": 0, 
  "##characteristics#compile#binary_size#range_percent": 0, 
  "##characteristics#compile#binary_size#repeats": 1, 
  "##characteristics#compile#compilation_success#all": [
    "yes"
  ], 
  "##characteristics#compile#compilation_success#all_unique": [
    "yes"
  ], 
  "##characteristics#compile#compilation_success#min": "yes", 
  "##characteristics#compile#compilation_success#min_imp": 0, 
  "##characteristics#compile#compilation_success#repeats": 1, 
  "##characteristics#compile#compilation_success_bool#all": [
    true
  ], 
  "##characteristics#compile#compilation_success_bool#all_unique": [
    true
  ], 
  "##characteristics#compile#compilation_success_bool#min": true, 
  "##characteristics#compile#compilation_success_bool#min_imp": 0, 
  "##characteristics#compile#compilation_success_bool#repeats": 1, 
  "##characteristics#compile#compilation_time#all": [
    102.69372701644897
  ], 
  "##characteristics#compile#compilation_time#all_unique": [
    102.69372701644897
  ], 
  "##characteristics#compile#compilation_time#center": 102.69372701644897, 
  "##characteristics#compile#compilation_time#center_imp": 0.9943274224743459, 
  "##characteristics#compile#compilation_time#halfrange": 0.0, 
  "##characteristics#compile#compilation_time#max": 102.69372701644897, 
  "##characteristics#compile#compilation_time#mean": 102.69372701644897, 
  "##characteristics#compile#compilation_time#mean_imp": 0.9943274224743459, 
  "##characteristics#compile#compilation_time#min": 102.69372701644897, 
  "##characteristics#compile#compilation_time#min_imp": 0.9943274224743459, 
  "##characteristics#compile#compilation_time#range": 0.0, 
  "##characteristics#compile#compilation_time#range_percent": 0.0, 
  "##characteristics#compile#compilation_time#repeats": 1, 
  "##characteristics#compile#compilation_time_with_module#all": [
    109.1151192188263
  ], 
  "##characteristics#compile#compilation_time_with_module#all_unique": [
    109.1151192188263
  ], 
  "##characteristics#compile#compilation_time_with_module#center": 109.1151192188263, 
  "##characteristics#compile#compilation_time_with_module#center_imp": 0.9800850226184726, 
  "##characteristics#compile#compilation_time_with_module#halfrange": 0.0, 
  "##characteristics#compile#compilation_time_with_module#max": 109.1151192188263, 
  "##characteristics#compile#compilation_time_with_module#mean": 109.1151192188263, 
  "##characteristics#compile#compilation_time_with_module#mean_imp": 0.9800850226184726, 
  "##characteristics#compile#compilation_time_with_module#min": 109.1151192188263, 
  "##characteristics#compile#compilation_time_with_module#min_imp": 0.9800850226184726, 
  "##characteristics#compile#compilation_time_with_module#range": 0.0, 
  "##characteristics#compile#compilation_time_with_module#range_percent": 0.0, 
  "##characteristics#compile#compilation_time_with_module#repeats": 1, 
  "##characteristics#compile#joined_compiler_flags#all": [
    "-O3 -fira-algorithm=priority -fbranch-target-load-optimize2 -fconserve-stack -fdelayed-branch -fforward-propagate -fgcse-lm -fno-inline-functions-called-once -finline-small-functions -fno-ipa-cp-clone -fno-ipa-reference -fira-hoist-pressure -fisolate-erroneous-paths-dereference -fno-keep-static-consts -fno-loop-nest-optimize -fno-math-errno -fno-peephole2 -fno-sched-critical-path-heuristic -fsignaling-nans -fsplit-wide-types -fno-tree-coalesce-vars -ftree-copyrename -ftree-fre -ftree-loop-if-convert-stores -funsafe-loop-optimizations -funswitch-loops -fno-vect-cost-model"
  ], 
  "##characteristics#compile#joined_compiler_flags#all_unique": [
    "-O3 -fira-algorithm=priority -fbranch-target-load-optimize2 -fconserve-stack -fdelayed-branch -fforward-propagate -fgcse-lm -fno-inline-functions-called-once -finline-small-functions -fno-ipa-cp-clone -fno-ipa-reference -fira-hoist-pressure -fisolate-erroneous-paths-dereference -fno-keep-static-consts -fno-loop-nest-optimize -fno-math-errno -fno-peephole2 -fno-sched-critical-path-heuristic -fsignaling-nans -fsplit-wide-types -fno-tree-coalesce-vars -ftree-copyrename -ftree-fre -ftree-loop-if-convert-stores -funsafe-loop-optimizations -funswitch-loops -fno-vect-cost-model"
  ], 
  "##characteristics#compile#joined_compiler_flags#min": "-O3 -fira-algorithm=priority -fbranch-target-load-optimize2 -fconserve-stack -fdelayed-branch -fforward-propagate -fgcse-lm -fno-inline-functions-called-once -finline-small-functions -fno-ipa-cp-clone -fno-ipa-reference -fira-hoist-pressure -fisolate-erroneous-paths-dereference -fno-keep-static-consts -fno-loop-nest-optimize -fno-math-errno -fno-peephole2 -fno-sched-critical-path-heuristic -fsignaling-nans -fsplit-wide-types -fno-tree-coalesce-vars -ftree-copyrename -ftree-fre -ftree-loop-if-convert-stores -funsafe-loop-optimizations -funswitch-loops -fno-vect-cost-model", 
  "##characteristics#compile#joined_compiler_flags#min_imp": 0, 
  "##characteristics#compile#joined_compiler_flags#repeats": 1, 
  "##characteristics#compile#md5_sum#all": [
    "27e4485ea612e84c8ccbb197fb69eb08"
  ], 
  "##characteristics#compile#md5_sum#all_unique": [
    "27e4485ea612e84c8ccbb197fb69eb08"
  ], 
  "##characteristics#compile#md5_sum#min": "27e4485ea612e84c8ccbb197fb69eb08", 
  "##characteristics#compile#md5_sum#min_imp": 0, 
  "##characteristics#compile#md5_sum#repeats": 1, 
  "##characteristics#compile#obj_size#all": [
    114636
  ], 
  "##characteristics#compile#obj_size#all_unique": [
    114636
  ], 
  "##characteristics#compile#obj_size#center": 114636, 
  "##characteristics#compile#obj_size#center_imp": 1.0033148400153529, 
  "##characteristics#compile#obj_size#halfrange": 0, 
  "##characteristics#compile#obj_size#max": 114636, 
  "##characteristics#compile#obj_size#mean": 114636.0, 
  "##characteristics#compile#obj_size#mean_imp": 1.0033148400153529, 
  "##characteristics#compile#obj_size#min": 114636, 
  "##characteristics#compile#obj_size#min_imp": 1.0033148400153529, 
  "##characteristics#compile#obj_size#range": 0, 
  "##characteristics#compile#obj_size#range_percent": 0, 
  "##characteristics#compile#obj_size#repeats": 1, 
  "##characteristics#compile#obj_sizes#adler32.o#all": [
    2424
  ], 
  "##characteristics#compile#obj_sizes#adler32.o#all_unique": [
    2424
  ], 
  "##characteristics#compile#obj_sizes#adler32.o#center": 2424, 
  "##characteristics#compile#obj_sizes#adler32.o#center_imp": 1.0, 
  "##characteristics#compile#obj_sizes#adler32.o#halfrange": 0, 
  "##characteristics#compile#obj_sizes#adler32.o#max": 2424, 
  "##characteristics#compile#obj_sizes#adler32.o#mean": 2424.0, 
  "##characteristics#compile#obj_sizes#adler32.o#mean_imp": 1.0, 
  "##characteristics#compile#obj_sizes#adler32.o#min": 2424, 
  "##characteristics#compile#obj_sizes#adler32.o#min_imp": 1.0, 
  "##characteristics#compile#obj_sizes#adler32.o#range": 0, 
  "##characteristics#compile#obj_sizes#adler32.o#range_percent": 0, 
  "##characteristics#compile#obj_sizes#adler32.o#repeats": 1, 
  "##characteristics#compile#obj_sizes#compress.o#all": [
    1568
  ], 
  "##characteristics#compile#obj_sizes#compress.o#all_unique": [
    1568
  ], 
  "##characteristics#compile#obj_sizes#compress.o#center": 1568, 
  "##characteristics#compile#obj_sizes#compress.o#center_imp": 1.0, 
  "##characteristics#compile#obj_sizes#compress.o#halfrange": 0, 
  "##characteristics#compile#obj_sizes#compress.o#max": 1568, 
  "##characteristics#compile#obj_sizes#compress.o#mean": 1568.0, 
  "##characteristics#compile#obj_sizes#compress.o#mean_imp": 1.0, 
  "##characteristics#compile#obj_sizes#compress.o#min": 1568, 
  "##characteristics#compile#obj_sizes#compress.o#min_imp": 1.0, 
  "##characteristics#compile#obj_sizes#compress.o#range": 0, 
  "##characteristics#compile#obj_sizes#compress.o#range_percent": 0, 
  "##characteristics#compile#obj_sizes#compress.o#repeats": 1, 
  "##characteristics#compile#obj_sizes#crc32.o#all": [
    10896
  ], 
  "##characteristics#compile#obj_sizes#crc32.o#all_unique": [
    10896
  ], 
  "##characteristics#compile#obj_sizes#crc32.o#center": 10896, 
  "##characteristics#compile#obj_sizes#crc32.o#center_imp": 0.9981644640234949, 
  "##characteristics#compile#obj_sizes#crc32.o#halfrange": 0, 
  "##characteristics#compile#obj_sizes#crc32.o#max": 10896, 
  "##characteristics#compile#obj_sizes#crc32.o#mean": 10896.0, 
  "##characteristics#compile#obj_sizes#crc32.o#mean_imp": 0.9981644640234949, 
  "##characteristics#compile#obj_sizes#crc32.o#min": 10896, 
  "##characteristics#compile#obj_sizes#crc32.o#min_imp": 0.9981644640234949, 
  "##characteristics#compile#obj_sizes#crc32.o#range": 0, 
  "##characteristics#compile#obj_sizes#crc32.o#range_percent": 0, 
  "##characteristics#compile#obj_sizes#crc32.o#repeats": 1, 
  "##characteristics#compile#obj_sizes#ctuning-rtl.o#all": [
    4808
  ], 
  "##characteristics#compile#obj_sizes#ctuning-rtl.o#all_unique": [
    4808
  ], 
  "##characteristics#compile#obj_sizes#ctuning-rtl.o#center": 4808, 
  "##characteristics#compile#obj_sizes#ctuning-rtl.o#center_imp": 0.9991680532445923, 
  "##characteristics#compile#obj_sizes#ctuning-rtl.o#halfrange": 0, 
  "##characteristics#compile#obj_sizes#ctuning-rtl.o#max": 4808, 
  "##characteristics#compile#obj_sizes#ctuning-rtl.o#mean": 4808.0, 
  "##characteristics#compile#obj_sizes#ctuning-rtl.o#mean_imp": 0.9991680532445923, 
  "##characteristics#compile#obj_sizes#ctuning-rtl.o#min": 4808, 
  "##characteristics#compile#obj_sizes#ctuning-rtl.o#min_imp": 0.9991680532445923, 
  "##characteristics#compile#obj_sizes#ctuning-rtl.o#range": 0, 
  "##characteristics#compile#obj_sizes#ctuning-rtl.o#range_percent": 0, 
  "##characteristics#compile#obj_sizes#ctuning-rtl.o#repeats": 1, 
  "##characteristics#compile#obj_sizes#deflate.o#all": [
    19784
  ], 
  "##characteristics#compile#obj_sizes#deflate.o#all_unique": [
    19784
  ], 
  "##characteristics#compile#obj_sizes#deflate.o#center": 19784, 
  "##characteristics#compile#obj_sizes#deflate.o#center_imp": 1.0196118075212293, 
  "##characteristics#compile#obj_sizes#deflate.o#halfrange": 0, 
  "##characteristics#compile#obj_sizes#deflate.o#max": 19784, 
  "##characteristics#compile#obj_sizes#deflate.o#mean": 19784.0, 
  "##characteristics#compile#obj_sizes#deflate.o#mean_imp": 1.0196118075212293, 
  "##characteristics#compile#obj_sizes#deflate.o#min": 19784, 
  "##characteristics#compile#obj_sizes#deflate.o#min_imp": 1.0196118075212293, 
  "##characteristics#compile#obj_sizes#deflate.o#range": 0, 
  "##characteristics#compile#obj_sizes#deflate.o#range_percent": 0, 
  "##characteristics#compile#obj_sizes#deflate.o#repeats": 1, 
  "##characteristics#compile#obj_sizes#gzclose.o#all": [
    980
  ], 
  "##characteristics#compile#obj_sizes#gzclose.o#all_unique": [
    980
  ], 
  "##characteristics#compile#obj_sizes#gzclose.o#center": 980, 
  "##characteristics#compile#obj_sizes#gzclose.o#center_imp": 1.0, 
  "##characteristics#compile#obj_sizes#gzclose.o#halfrange": 0, 
  "##characteristics#compile#obj_sizes#gzclose.o#max": 980, 
  "##characteristics#compile#obj_sizes#gzclose.o#mean": 980.0, 
  "##characteristics#compile#obj_sizes#gzclose.o#mean_imp": 1.0, 
  "##characteristics#compile#obj_sizes#gzclose.o#min": 980, 
  "##characteristics#compile#obj_sizes#gzclose.o#min_imp": 1.0, 
  "##characteristics#compile#obj_sizes#gzclose.o#range": 0, 
  "##characteristics#compile#obj_sizes#gzclose.o#range_percent": 0, 
  "##characteristics#compile#obj_sizes#gzclose.o#repeats": 1, 
  "##characteristics#compile#obj_sizes#gzlib.o#all": [
    6308
  ], 
  "##characteristics#compile#obj_sizes#gzlib.o#all_unique": [
    6308
  ], 
  "##characteristics#compile#obj_sizes#gzlib.o#center": 6308, 
  "##characteristics#compile#obj_sizes#gzlib.o#center_imp": 0.9987317691819911, 
  "##characteristics#compile#obj_sizes#gzlib.o#halfrange": 0, 
  "##characteristics#compile#obj_sizes#gzlib.o#max": 6308, 
  "##characteristics#compile#obj_sizes#gzlib.o#mean": 6308.0, 
  "##characteristics#compile#obj_sizes#gzlib.o#mean_imp": 0.9987317691819911, 
  "##characteristics#compile#obj_sizes#gzlib.o#min": 6308, 
  "##characteristics#compile#obj_sizes#gzlib.o#min_imp": 0.9987317691819911, 
  "##characteristics#compile#obj_sizes#gzlib.o#range": 0, 
  "##characteristics#compile#obj_sizes#gzlib.o#range_percent": 0, 
  "##characteristics#compile#obj_sizes#gzlib.o#repeats": 1, 
  "##characteristics#compile#obj_sizes#gzread.o#all": [
    6036
  ], 
  "##characteristics#compile#obj_sizes#gzread.o#all_unique": [
    6036
  ], 
  "##characteristics#compile#obj_sizes#gzread.o#center": 6036, 
  "##characteristics#compile#obj_sizes#gzread.o#center_imp": 0.9569251159708416, 
  "##characteristics#compile#obj_sizes#gzread.o#halfrange": 0, 
  "##characteristics#compile#obj_sizes#gzread.o#max": 6036, 
  "##characteristics#compile#obj_sizes#gzread.o#mean": 6036.0, 
  "##characteristics#compile#obj_sizes#gzread.o#mean_imp": 0.9569251159708416, 
  "##characteristics#compile#obj_sizes#gzread.o#min": 6036, 
  "##characteristics#compile#obj_sizes#gzread.o#min_imp": 0.9569251159708416, 
  "##characteristics#compile#obj_sizes#gzread.o#range": 0, 
  "##characteristics#compile#obj_sizes#gzread.o#range_percent": 0, 
  "##characteristics#compile#obj_sizes#gzread.o#repeats": 1, 
  "##characteristics#compile#obj_sizes#gzwrite.o#all": [
    9864
  ], 
  "##characteristics#compile#obj_sizes#gzwrite.o#all_unique": [
    9864
  ], 
  "##characteristics#compile#obj_sizes#gzwrite.o#center": 9864, 
  "##characteristics#compile#obj_sizes#gzwrite.o#center_imp": 1.040551500405515, 
  "##characteristics#compile#obj_sizes#gzwrite.o#halfrange": 0, 
  "##characteristics#compile#obj_sizes#gzwrite.o#max": 9864, 
  "##characteristics#compile#obj_sizes#gzwrite.o#mean": 9864.0, 
  "##characteristics#compile#obj_sizes#gzwrite.o#mean_imp": 1.040551500405515, 
  "##characteristics#compile#obj_sizes#gzwrite.o#min": 9864, 
  "##characteristics#compile#obj_sizes#gzwrite.o#min_imp": 1.040551500405515, 
  "##characteristics#compile#obj_sizes#gzwrite.o#range": 0, 
  "##characteristics#compile#obj_sizes#gzwrite.o#range_percent": 0, 
  "##characteristics#compile#obj_sizes#gzwrite.o#repeats": 1, 
  "##characteristics#compile#obj_sizes#infback.o#all": [
    9544
  ], 
  "##characteristics#compile#obj_sizes#infback.o#all_unique": [
    9544
  ], 
  "##characteristics#compile#obj_sizes#infback.o#center": 9544, 
  "##characteristics#compile#obj_sizes#infback.o#center_imp": 1.0029337803855827, 
  "##characteristics#compile#obj_sizes#infback.o#halfrange": 0, 
  "##characteristics#compile#obj_sizes#infback.o#max": 9544, 
  "##characteristics#compile#obj_sizes#infback.o#mean": 9544.0, 
  "##characteristics#compile#obj_sizes#infback.o#mean_imp": 1.0029337803855827, 
  "##characteristics#compile#obj_sizes#infback.o#min": 9544, 
  "##characteristics#compile#obj_sizes#infback.o#min_imp": 1.0029337803855827, 
  "##characteristics#compile#obj_sizes#infback.o#range": 0, 
  "##characteristics#compile#obj_sizes#infback.o#range_percent": 0, 
  "##characteristics#compile#obj_sizes#infback.o#repeats": 1, 
  "##characteristics#compile#obj_sizes#inffast.o#all": [
    3916
  ], 
  "##characteristics#compile#obj_sizes#inffast.o#all_unique": [
    3916
  ], 
  "##characteristics#compile#obj_sizes#inffast.o#center": 3916, 
  "##characteristics#compile#obj_sizes#inffast.o#center_imp": 1.0204290091930541, 
  "##characteristics#compile#obj_sizes#inffast.o#halfrange": 0, 
  "##characteristics#compile#obj_sizes#inffast.o#max": 3916, 
  "##characteristics#compile#obj_sizes#inffast.o#mean": 3916.0, 
  "##characteristics#compile#obj_sizes#inffast.o#mean_imp": 1.0204290091930541, 
  "##characteristics#compile#obj_sizes#inffast.o#min": 3916, 
  "##characteristics#compile#obj_sizes#inffast.o#min_imp": 1.0204290091930541, 
  "##characteristics#compile#obj_sizes#inffast.o#range": 0, 
  "##characteristics#compile#obj_sizes#inffast.o#range_percent": 0, 
  "##characteristics#compile#obj_sizes#inffast.o#repeats": 1, 
  "##characteristics#compile#obj_sizes#inflate.o#all": [
    16768
  ], 
  "##characteristics#compile#obj_sizes#inflate.o#all_unique": [
    16768
  ], 
  "##characteristics#compile#obj_sizes#inflate.o#center": 16768, 
  "##characteristics#compile#obj_sizes#inflate.o#center_imp": 0.9995229007633588, 
  "##characteristics#compile#obj_sizes#inflate.o#halfrange": 0, 
  "##characteristics#compile#obj_sizes#inflate.o#max": 16768, 
  "##characteristics#compile#obj_sizes#inflate.o#mean": 16768.0, 
  "##characteristics#compile#obj_sizes#inflate.o#mean_imp": 0.9995229007633588, 
  "##characteristics#compile#obj_sizes#inflate.o#min": 16768, 
  "##characteristics#compile#obj_sizes#inflate.o#min_imp": 0.9995229007633588, 
  "##characteristics#compile#obj_sizes#inflate.o#range": 0, 
  "##characteristics#compile#obj_sizes#inflate.o#range_percent": 0, 
  "##characteristics#compile#obj_sizes#inflate.o#repeats": 1, 
  "##characteristics#compile#obj_sizes#inftrees.o#all": [
    4468
  ], 
  "##characteristics#compile#obj_sizes#inftrees.o#all_unique": [
    4468
  ], 
  "##characteristics#compile#obj_sizes#inftrees.o#center": 4468, 
  "##characteristics#compile#obj_sizes#inftrees.o#center_imp": 0.9892569382273948, 
  "##characteristics#compile#obj_sizes#inftrees.o#halfrange": 0, 
  "##characteristics#compile#obj_sizes#inftrees.o#max": 4468, 
  "##characteristics#compile#obj_sizes#inftrees.o#mean": 4468.0, 
  "##characteristics#compile#obj_sizes#inftrees.o#mean_imp": 0.9892569382273948, 
  "##characteristics#compile#obj_sizes#inftrees.o#min": 4468, 
  "##characteristics#compile#obj_sizes#inftrees.o#min_imp": 0.9892569382273948, 
  "##characteristics#compile#obj_sizes#inftrees.o#range": 0, 
  "##characteristics#compile#obj_sizes#inftrees.o#range_percent": 0, 
  "##characteristics#compile#obj_sizes#inftrees.o#repeats": 1, 
  "##characteristics#compile#obj_sizes#trees.o#all": [
    14356
  ], 
  "##characteristics#compile#obj_sizes#trees.o#all_unique": [
    14356
  ], 
  "##characteristics#compile#obj_sizes#trees.o#center": 14356, 
  "##characteristics#compile#obj_sizes#trees.o#center_imp": 0.9880189467818333, 
  "##characteristics#compile#obj_sizes#trees.o#halfrange": 0, 
  "##characteristics#compile#obj_sizes#trees.o#max": 14356, 
  "##characteristics#compile#obj_sizes#trees.o#mean": 14356.0, 
  "##characteristics#compile#obj_sizes#trees.o#mean_imp": 0.9880189467818333, 
  "##characteristics#compile#obj_sizes#trees.o#min": 14356, 
  "##characteristics#compile#obj_sizes#trees.o#min_imp": 0.9880189467818333, 
  "##characteristics#compile#obj_sizes#trees.o#range": 0, 
  "##characteristics#compile#obj_sizes#trees.o#range_percent": 0, 
  "##characteristics#compile#obj_sizes#trees.o#repeats": 1, 
  "##characteristics#compile#obj_sizes#uncompr.o#all": [
    1268
  ], 
  "##characteristics#compile#obj_sizes#uncompr.o#all_unique": [
    1268
  ], 
  "##characteristics#compile#obj_sizes#uncompr.o#center": 1268, 
  "##characteristics#compile#obj_sizes#uncompr.o#center_imp": 1.003154574132492, 
  "##characteristics#compile#obj_sizes#uncompr.o#halfrange": 0, 
  "##characteristics#compile#obj_sizes#uncompr.o#max": 1268, 
  "##characteristics#compile#obj_sizes#uncompr.o#mean": 1268.0, 
  "##characteristics#compile#obj_sizes#uncompr.o#mean_imp": 1.003154574132492, 
  "##characteristics#compile#obj_sizes#uncompr.o#min": 1268, 
  "##characteristics#compile#obj_sizes#uncompr.o#min_imp": 1.003154574132492, 
  "##characteristics#compile#obj_sizes#uncompr.o#range": 0, 
  "##characteristics#compile#obj_sizes#uncompr.o#range_percent": 0, 
  "##characteristics#compile#obj_sizes#uncompr.o#repeats": 1, 
  "##characteristics#compile#obj_sizes#zutil.o#all": [
    1648
  ], 
  "##characteristics#compile#obj_sizes#zutil.o#all_unique": [
    1648
  ], 
  "##characteristics#compile#obj_sizes#zutil.o#center": 1648, 
  "##characteristics#compile#obj_sizes#zutil.o#center_imp": 1.0, 
  "##characteristics#compile#obj_sizes#zutil.o#halfrange": 0, 
  "##characteristics#compile#obj_sizes#zutil.o#max": 1648, 
  "##characteristics#compile#obj_sizes#zutil.o#mean": 1648.0, 
  "##characteristics#compile#obj_sizes#zutil.o#mean_imp": 1.0, 
  "##characteristics#compile#obj_sizes#zutil.o#min": 1648, 
  "##characteristics#compile#obj_sizes#zutil.o#min_imp": 1.0, 
  "##characteristics#compile#obj_sizes#zutil.o#range": 0, 
  "##characteristics#compile#obj_sizes#zutil.o#range_percent": 0, 
  "##characteristics#compile#obj_sizes#zutil.o#repeats": 1, 
  "##characteristics#compile#program_git_hash#all": [
    "f3b3ffe43b24039767a39c7f85ab4b768684a65b"
  ], 
  "##characteristics#compile#program_git_hash#all_unique": [
    "f3b3ffe43b24039767a39c7f85ab4b768684a65b"
  ], 
  "##characteristics#compile#program_git_hash#min": "f3b3ffe43b24039767a39c7f85ab4b768684a65b", 
  "##characteristics#compile#program_git_hash#min_imp": 0, 
  "##characteristics#compile#program_git_hash#repeats": 1, 
  "##characteristics#run#execution_time#all": [
    1.0234858, 
    0.6513089, 
    0.7029164999999999, 
    0.6859810000000001
  ], 
  "##characteristics#run#execution_time#all_unique": [
    1.0234858, 
    0.6513089, 
    0.7029164999999999, 
    0.6859810000000001
  ], 
  "##characteristics#run#execution_time#center": 0.83739735, 
  "##characteristics#run#execution_time#center_imp": 0.8480345680578043, 
  "##characteristics#run#execution_time#halfrange": 0.18608845000000002, 
  "##characteristics#run#execution_time#max": 1.0234858, 
  "##characteristics#run#execution_time#mean": 0.76592305, 
  "##characteristics#run#execution_time#mean_imp": 0.9272855478105795, 
  "##characteristics#run#execution_time#min": 0.6513089, 
  "##characteristics#run#execution_time#min_imp": 1.0186501366709406, 
  "##characteristics#run#execution_time#range": 0.37217690000000003, 
  "##characteristics#run#execution_time#range_percent": 0.571429163642628, 
  "##characteristics#run#execution_time#repeats": 4, 
  "##characteristics#run#execution_time_kernel_0#all": [
    10.234858, 
    6.513089, 
    7.029165, 
    6.85981
  ], 
  "##characteristics#run#execution_time_kernel_0#all_unique": [
    10.234858, 
    6.513089, 
    7.029165, 
    6.85981
  ], 
  "##characteristics#run#execution_time_kernel_0#center": 8.3739735, 
  "##characteristics#run#execution_time_kernel_0#center_imp": 0.8480345680578043, 
  "##characteristics#run#execution_time_kernel_0#halfrange": 1.8608844999999996, 
  "##characteristics#run#execution_time_kernel_0#max": 10.234858, 
  "##characteristics#run#execution_time_kernel_0#mean": 7.6592305, 
  "##characteristics#run#execution_time_kernel_0#mean_imp": 0.9272855478105797, 
  "##characteristics#run#execution_time_kernel_0#min": 6.513089, 
  "##characteristics#run#execution_time_kernel_0#min_imp": 1.0186501366709406, 
  "##characteristics#run#execution_time_kernel_0#range": 3.721768999999999, 
  "##characteristics#run#execution_time_kernel_0#range_percent": 0.5714291636426279, 
  "##characteristics#run#execution_time_kernel_0#repeats": 4, 
  "##characteristics#run#execution_time_with_module#all": [
    11.920379877090454, 
    7.217499017715454, 
    10.198343992233276, 
    7.591844797134399
  ], 
  "##characteristics#run#execution_time_with_module#all_unique": [
    11.920379877090454, 
    7.217499017715454, 
    10.198343992233276, 
    7.591844797134399
  ], 
  "##characteristics#run#execution_time_with_module#center": 9.568939447402954, 
  "##characteristics#run#execution_time_with_module#center_imp": 1.8343021749996469, 
  "##characteristics#run#execution_time_with_module#halfrange": 2.3514404296875, 
  "##characteristics#run#execution_time_with_module#max": 11.920379877090454, 
  "##characteristics#run#execution_time_with_module#mean": 9.232016921043396, 
  "##characteristics#run#execution_time_with_module#mean_imp": 1.3838218247404301, 
  "##characteristics#run#execution_time_with_module#min": 7.217499017715454, 
  "##characteristics#run#execution_time_with_module#min_imp": 1.0183012009129773, 
  "##characteristics#run#execution_time_with_module#range": 4.702880859375, 
  "##characteristics#run#execution_time_with_module#range_percent": 0.6515942500070608, 
  "##characteristics#run#execution_time_with_module#repeats": 4, 
  "##characteristics#run#repeat#all": [
    10, 
    10, 
    10, 
    10
  ], 
  "##characteristics#run#repeat#all_unique": [
    10
  ], 
  "##characteristics#run#repeat#center": 10, 
  "##characteristics#run#repeat#center_imp": 1.0, 
  "##characteristics#run#repeat#halfrange": 0, 
  "##characteristics#run#repeat#max": 10, 
  "##characteristics#run#repeat#mean": 10.0, 
  "##characteristics#run#repeat#mean_imp": 1.0, 
  "##characteristics#run#repeat#min": 10, 
  "##characteristics#run#repeat#min_imp": 1.0, 
  "##characteristics#run#repeat#range": 0, 
  "##characteristics#run#repeat#range_percent": 0, 
  "##characteristics#run#repeat#repeats": 4, 
  "##characteristics#run#return_code#all": [
    0, 
    0, 
    0, 
    0
  ], 
  "##characteristics#run#return_code#all_unique": [
    0
  ], 
  "##characteristics#run#return_code#center": 0, 
  "##characteristics#run#return_code#halfrange": 0, 
  "##characteristics#run#return_code#max": 0, 
  "##characteristics#run#return_code#mean": 0.0, 
  "##characteristics#run#return_code#min": 0, 
  "##characteristics#run#return_code#min_imp": 1, 
  "##characteristics#run#return_code#range": 0, 
  "##characteristics#run#return_code#repeats": 4, 
  "##characteristics#run#run_success#all": [
    "yes", 
    "yes", 
    "yes", 
    "yes"
  ], 
  "##characteristics#run#run_success#all_unique": [
    "yes"
  ], 
  "##characteristics#run#run_success#min": "yes", 
  "##characteristics#run#run_success#min_imp": 1, 
  "##characteristics#run#run_success#repeats": 4, 
  "##characteristics#run#run_success_bool#all": [
    true, 
    true, 
    true, 
    true
  ], 
  "##characteristics#run#run_success_bool#all_unique": [
    true
  ], 
  "##characteristics#run#run_success_bool#min": true, 
  "##characteristics#run#run_success_bool#min_imp": 1, 
  "##characteristics#run#run_success_bool#repeats": 4, 
  "##characteristics#run#total_execution_time#all": [
    10.234858, 
    6.513089, 
    7.029165, 
    6.85981
  ], 
  "##characteristics#run#total_execution_time#all_unique": [
    10.234858, 
    6.513089, 
    7.029165, 
    6.85981
  ], 
  "##characteristics#run#total_execution_time#center": 8.3739735, 
  "##characteristics#run#total_execution_time#center_imp": 0.8480345680578043, 
  "##characteristics#run#total_execution_time#halfrange": 1.8608844999999996, 
  "##characteristics#run#total_execution_time#max": 10.234858, 
  "##characteristics#run#total_execution_time#mean": 7.6592305, 
  "##characteristics#run#total_execution_time#mean_imp": 0.9272855478105797, 
  "##characteristics#run#total_execution_time#min": 6.513089, 
  "##characteristics#run#total_execution_time#min_imp": 1.0186501366709406, 
  "##characteristics#run#total_execution_time#range": 3.721768999999999, 
  "##characteristics#run#total_execution_time#range_percent": 0.5714291636426279, 
  "##characteristics#run#total_execution_time#repeats": 4
}
