{
  "characteristics_list": [
    {
      "compile": {
        "binary_size": 100436, 
        "compilation_success": "yes", 
        "compilation_success_bool": true, 
        "compilation_time": 98.34409999847412, 
        "compilation_time_with_module": 103.25689721107483, 
        "joined_compiler_flags": "-O3 -fcrossjumping -fdce -fno-dse -fno-finite-math-only -fif-conversion2 -fkeep-static-consts -fno-live-range-shrinkage -fno-move-loop-invariants -fno-partial-inlining -fno-rename-registers -fsched-group-heuristic -fno-section-anchors -fsignaling-nans -fsplit-wide-types -fno-tracer -fno-tree-bit-ccp -ftree-copyrename -ftree-loop-linear -fno-tree-switch-conversion", 
        "md5_sum": "f0b6a3c02862f28579dd067b7c61d045", 
        "obj_size": 114084, 
        "obj_sizes": {
          "adler32.o": 2428, 
          "compress.o": 1568, 
          "crc32.o": 10876, 
          "ctuning-rtl.o": 4808, 
          "deflate.o": 19976, 
          "gzclose.o": 980, 
          "gzlib.o": 6308, 
          "gzread.o": 5776, 
          "gzwrite.o": 9552, 
          "infback.o": 9544, 
          "inffast.o": 3808, 
          "inflate.o": 16752, 
          "inftrees.o": 4440, 
          "trees.o": 14348, 
          "uncompr.o": 1272, 
          "zutil.o": 1648
        }, 
        "program_git_hash": "f3b3ffe43b24039767a39c7f85ab4b768684a65b"
      }, 
      "run": {
        "execution_time": 0.9360348000000001, 
        "execution_time_kernel_0": 9.360348, 
        "execution_time_with_module": 10.063546895980835, 
        "repeat": 10, 
        "return_code": 0, 
        "run_success": "yes", 
        "run_success_bool": true, 
        "total_execution_time": 9.360348
      }
    }, 
    {
      "run": {
        "execution_time": 0.6824551999999999, 
        "execution_time_kernel_0": 6.824552, 
        "execution_time_with_module": 7.531699180603027, 
        "repeat": 10, 
        "return_code": 0, 
        "run_success": "yes", 
        "run_success_bool": true, 
        "total_execution_time": 6.824552
      }
    }, 
    {
      "run": {
        "execution_time": 0.8491263, 
        "execution_time_kernel_0": 8.491263, 
        "execution_time_with_module": 9.896886110305786, 
        "repeat": 10, 
        "return_code": 0, 
        "run_success": "yes", 
        "run_success_bool": true, 
        "total_execution_time": 8.491263
      }
    }, 
    {
      "run": {
        "execution_time": 0.7314737, 
        "execution_time_kernel_0": 7.314737, 
        "execution_time_with_module": 8.038594007492065, 
        "repeat": 10, 
        "return_code": 0, 
        "run_success": "yes", 
        "run_success_bool": true, 
        "total_execution_time": 7.314737
      }
    }
  ], 
  "choices": {
    "calibration_time": 10.0, 
    "cmd_key": "encode", 
    "compile_type": "dynamic", 
    "compiler_description_uoa": "gcc-4.9.0-auto", 
    "compiler_flags": {
      "base_opt": "-O3", 
      "bool-crossjumping": "-fcrossjumping", 
      "bool-dce": "-fdce", 
      "bool-dse": "-fno-dse", 
      "bool-finite-math-only": "-fno-finite-math-only", 
      "bool-if-conversion2": "-fif-conversion2", 
      "bool-keep-static-consts": "-fkeep-static-consts", 
      "bool-live-range-shrinkage": "-fno-live-range-shrinkage", 
      "bool-move-loop-invariants": "-fno-move-loop-invariants", 
      "bool-partial-inlining": "-fno-partial-inlining", 
      "bool-rename-registers": "-fno-rename-registers", 
      "bool-sched-group-heuristic": "-fsched-group-heuristic", 
      "bool-section-anchors": "-fno-section-anchors", 
      "bool-signaling-nans": "-fsignaling-nans", 
      "bool-split-wide-types": "-fsplit-wide-types", 
      "bool-tracer": "-fno-tracer", 
      "bool-tree-bit-ccp": "-fno-tree-bit-ccp", 
      "bool-tree-copyrename": "-ftree-copyrename", 
      "bool-tree-loop-linear": "-ftree-loop-linear", 
      "bool-tree-switch-conversion": "-fno-tree-switch-conversion"
    }, 
    "data_uoa": "minigzip", 
    "dataset_file": "data.wav", 
    "dataset_uoa": "audio-wav-0001", 
    "device_cfg": {}, 
    "device_id": "", 
    "host_os": "linux-32", 
    "module_uoa": "b0ac08fe1d3c2615", 
    "no_state_check": "yes", 
    "program_tags": "", 
    "repeat": 10, 
    "target": "", 
    "target_os": "linux-32", 
    "target_os_bits": "32"
  }, 
  "choices_order": [
    "##compiler_flags#base_opt", 
    "##compiler_flags#bool-crossjumping", 
    "##compiler_flags#bool-dce", 
    "##compiler_flags#bool-dse", 
    "##compiler_flags#bool-finite-math-only", 
    "##compiler_flags#bool-if-conversion2", 
    "##compiler_flags#bool-keep-static-consts", 
    "##compiler_flags#bool-live-range-shrinkage", 
    "##compiler_flags#bool-move-loop-invariants", 
    "##compiler_flags#bool-partial-inlining", 
    "##compiler_flags#bool-rename-registers", 
    "##compiler_flags#bool-sched-group-heuristic", 
    "##compiler_flags#bool-section-anchors", 
    "##compiler_flags#bool-signaling-nans", 
    "##compiler_flags#bool-split-wide-types", 
    "##compiler_flags#bool-tracer", 
    "##compiler_flags#bool-tree-bit-ccp", 
    "##compiler_flags#bool-tree-copyrename", 
    "##compiler_flags#bool-tree-loop-linear", 
    "##compiler_flags#bool-tree-switch-conversion"
  ], 
  "features": {
    "compiler_version": {
      "list": [
        4, 
        9, 
        2
      ], 
      "raw": [
        "gcc-4.9 (Raspbian 4.9.2-10) 4.9.2", 
        "Copyright (C) 2014 Free Software Foundation, Inc.", 
        "This is free software; see the source for copying conditions.  There is NO", 
        "warranty; not even for MERCHANTABILITY or FITNESS FOR A PARTICULAR PURPOSE.", 
        "", 
        ""
      ], 
      "str": "4.9.2"
    }, 
    "dataset": {
      "total_size": 311096
    }, 
    "number_of_selected_compiler_flags": 20, 
    "platform": {
      "cpu": {
        "all_freqs": {
          "0": [
            700000, 
            700000
          ]
        }, 
        "cpu_abi": "", 
        "cpu_features": "half thumb fastmult vfp edsp java tls", 
        "current_freq": {
          "0": 700.0
        }, 
        "max_freq": {
          "0": 700.0
        }, 
        "name": "BCM2708", 
        "num_proc": "1", 
        "sub_name": "ARMv6-compatible processor rev 7 (v6l)", 
        "workload_automation": {
          "device_config": {
            "core_clusters": [
              0
            ], 
            "core_names": [
              "BCM2708"
            ]
          }
        }
      }, 
      "cpu_misc": {
        "0": {
          "BogoMIPS": "697.95", 
          "CPU architecture": "7", 
          "CPU implementer": "0x41", 
          "CPU part": "0xb76", 
          "CPU revision": "7", 
          "CPU variant": "0x0", 
          "Features": "half thumb fastmult vfp edsp java tls", 
          "Hardware": "BCM2708", 
          "Revision": "0013", 
          "Serial": "00000000999033c3", 
          "all_freqs": [
            "0", 
            "0"
          ], 
          "ck_cpu_name": "BCM2708", 
          "ck_cpu_subname": "ARMv6-compatible processor rev 7 (v6l)", 
          "cpu_features": "half thumb fastmult vfp edsp java tls", 
          "cur_freq": 700.0, 
          "max_freq": 700.0, 
          "model name": "ARMv6-compatible processor rev 7 (v6l)", 
          "processor": "0"
        }
      }, 
      "cpu_new_format": "", 
      "cpu_unique": [
        {
          "BogoMIPS": "697.95", 
          "CPU architecture": "7", 
          "CPU implementer": "0x41", 
          "CPU part": "0xb76", 
          "CPU revision": "7", 
          "CPU variant": "0x0", 
          "Features": "half thumb fastmult vfp edsp java tls", 
          "Hardware": "BCM2708", 
          "Revision": "0013", 
          "Serial": "00000000999033c3", 
          "all_freqs": [
            "0", 
            "0"
          ], 
          "ck_cpu_name": "BCM2708", 
          "ck_cpu_subname": "ARMv6-compatible processor rev 7 (v6l)", 
          "cpu_features": "half thumb fastmult vfp edsp java tls", 
          "cur_freq": 700.0, 
          "max_freq": 700.0, 
          "model name": "ARMv6-compatible processor rev 7 (v6l)", 
          "processor": "0"
        }
      ], 
      "gpu": {
        "name": "", 
        "vendor": ""
      }, 
      "gpu_misc": {}, 
      "os": {
        "abi": "armv6l", 
        "bits": "32", 
        "ck_os_base_uoa": "", 
        "ck_os_uoa": "linux-32", 
        "name": "Linux 4.4.21+", 
        "name_long": "Linux-4.4.21+-armv6l-with-debian-8.0", 
        "name_short": "Linux 4.4.21+", 
        "serial_number": ""
      }, 
      "os_misc": {}, 
      "platform": {
        "model": "", 
        "name": "", 
        "vendor": ""
      }, 
      "platform_misc": {}
    }, 
    "solution_uid": "61764d46879edf84", 
    "statistical_repetitions": 4
  }
}
