{
  "##characteristics#compile#binary_size#all": [
    102012
  ], 
  "##characteristics#compile#binary_size#all_unique": [
    102012
  ], 
  "##characteristics#compile#binary_size#center": 102012, 
  "##characteristics#compile#binary_size#center_imp": 0.9943143943849743, 
  "##characteristics#compile#binary_size#halfrange": 0, 
  "##characteristics#compile#binary_size#max": 102012, 
  "##characteristics#compile#binary_size#mean": 102012.0, 
  "##characteristics#compile#binary_size#mean_imp": 0.9943143943849743, 
  "##characteristics#compile#binary_size#min": 102012, 
  "##characteristics#compile#binary_size#min_imp": 0.9943143943849743, 
  "##characteristics#compile#binary_size#range": 0, 
  "##characteristics#compile#binary_size#range_percent": 0, 
  "##characteristics#compile#binary_size#repeats": 1, 
  "##characteristics#compile#compilation_success#all": [
    "yes"
  ], 
  "##characteristics#compile#compilation_success#all_unique": [
    "yes"
  ], 
  "##characteristics#compile#compilation_success#min": "yes", 
  "##characteristics#compile#compilation_success#min_imp": 0, 
  "##characteristics#compile#compilation_success#repeats": 1, 
  "##characteristics#compile#compilation_success_bool#all": [
    true
  ], 
  "##characteristics#compile#compilation_success_bool#all_unique": [
    true
  ], 
  "##characteristics#compile#compilation_success_bool#min": true, 
  "##characteristics#compile#compilation_success_bool#min_imp": 0, 
  "##characteristics#compile#compilation_success_bool#repeats": 1, 
  "##characteristics#compile#compilation_time#all": [
    99.56669211387634
  ], 
  "##characteristics#compile#compilation_time#all_unique": [
    99.56669211387634
  ], 
  "##characteristics#compile#compilation_time#center": 99.56669211387634, 
  "##characteristics#compile#compilation_time#center_imp": 1.025555702621548, 
  "##characteristics#compile#compilation_time#halfrange": 0.0, 
  "##characteristics#compile#compilation_time#max": 99.56669211387634, 
  "##characteristics#compile#compilation_time#mean": 99.56669211387634, 
  "##characteristics#compile#compilation_time#mean_imp": 1.025555702621548, 
  "##characteristics#compile#compilation_time#min": 99.56669211387634, 
  "##characteristics#compile#compilation_time#min_imp": 1.025555702621548, 
  "##characteristics#compile#compilation_time#range": 0.0, 
  "##characteristics#compile#compilation_time#range_percent": 0.0, 
  "##characteristics#compile#compilation_time#repeats": 1, 
  "##characteristics#compile#compilation_time_with_module#all": [
    104.49048590660095
  ], 
  "##characteristics#compile#compilation_time_with_module#all_unique": [
    104.49048590660095
  ], 
  "##characteristics#compile#compilation_time_with_module#center": 104.49048590660095, 
  "##characteristics#compile#compilation_time_with_module#center_imp": 1.023462501487371, 
  "##characteristics#compile#compilation_time_with_module#halfrange": 0.0, 
  "##characteristics#compile#compilation_time_with_module#max": 104.49048590660095, 
  "##characteristics#compile#compilation_time_with_module#mean": 104.49048590660095, 
  "##characteristics#compile#compilation_time_with_module#mean_imp": 1.023462501487371, 
  "##characteristics#compile#compilation_time_with_module#min": 104.49048590660095, 
  "##characteristics#compile#compilation_time_with_module#min_imp": 1.023462501487371, 
  "##characteristics#compile#compilation_time_with_module#range": 0.0, 
  "##characteristics#compile#compilation_time_with_module#range_percent": 0.0, 
  "##characteristics#compile#compilation_time_with_module#repeats": 1, 
  "##characteristics#compile#joined_compiler_flags#all": [
    "-O3 -fexcess-precision=fast -ffp-contract=on -fno-function-cse -fno-function-sections -fhoist-adjacent-loads -fisolate-erroneous-paths-attribute -fivopts -fno-ree -fsingle-precision-constant -fno-toplevel-reorder -ftree-bit-ccp -fno-tree-copy-prop -fno-tree-dce -fno-tree-loop-distribution -ftree-loop-ivcanon -ftree-loop-optimize -fno-use-linker-plugin -fno-whole-program"
  ], 
  "##characteristics#compile#joined_compiler_flags#all_unique": [
    "-O3 -fexcess-precision=fast -ffp-contract=on -fno-function-cse -fno-function-sections -fhoist-adjacent-loads -fisolate-erroneous-paths-attribute -fivopts -fno-ree -fsingle-precision-constant -fno-toplevel-reorder -ftree-bit-ccp -fno-tree-copy-prop -fno-tree-dce -fno-tree-loop-distribution -ftree-loop-ivcanon -ftree-loop-optimize -fno-use-linker-plugin -fno-whole-program"
  ], 
  "##characteristics#compile#joined_compiler_flags#min": "-O3 -fexcess-precision=fast -ffp-contract=on -fno-function-cse -fno-function-sections -fhoist-adjacent-loads -fisolate-erroneous-paths-attribute -fivopts -fno-ree -fsingle-precision-constant -fno-toplevel-reorder -ftree-bit-ccp -fno-tree-copy-prop -fno-tree-dce -fno-tree-loop-distribution -ftree-loop-ivcanon -ftree-loop-optimize -fno-use-linker-plugin -fno-whole-program", 
  "##characteristics#compile#joined_compiler_flags#min_imp": 0, 
  "##characteristics#compile#joined_compiler_flags#repeats": 1, 
  "##characteristics#compile#md5_sum#all": [
    "0a2cc30fe900665f7ef633348a5f499e"
  ], 
  "##characteristics#compile#md5_sum#all_unique": [
    "0a2cc30fe900665f7ef633348a5f499e"
  ], 
  "##characteristics#compile#md5_sum#min": "0a2cc30fe900665f7ef633348a5f499e", 
  "##characteristics#compile#md5_sum#min_imp": 0, 
  "##characteristics#compile#md5_sum#repeats": 1, 
  "##characteristics#compile#obj_size#all": [
    115668
  ], 
  "##characteristics#compile#obj_size#all_unique": [
    115668
  ], 
  "##characteristics#compile#obj_size#center": 115668, 
  "##characteristics#compile#obj_size#center_imp": 0.9943631773697134, 
  "##characteristics#compile#obj_size#halfrange": 0, 
  "##characteristics#compile#obj_size#max": 115668, 
  "##characteristics#compile#obj_size#mean": 115668.0, 
  "##characteristics#compile#obj_size#mean_imp": 0.9943631773697134, 
  "##characteristics#compile#obj_size#min": 115668, 
  "##characteristics#compile#obj_size#min_imp": 0.9943631773697134, 
  "##characteristics#compile#obj_size#range": 0, 
  "##characteristics#compile#obj_size#range_percent": 0, 
  "##characteristics#compile#obj_size#repeats": 1, 
  "##characteristics#compile#obj_sizes#adler32.o#all": [
    2424
  ], 
  "##characteristics#compile#obj_sizes#adler32.o#all_unique": [
    2424
  ], 
  "##characteristics#compile#obj_sizes#adler32.o#center": 2424, 
  "##characteristics#compile#obj_sizes#adler32.o#center_imp": 1.0, 
  "##characteristics#compile#obj_sizes#adler32.o#halfrange": 0, 
  "##characteristics#compile#obj_sizes#adler32.o#max": 2424, 
  "##characteristics#compile#obj_sizes#adler32.o#mean": 2424.0, 
  "##characteristics#compile#obj_sizes#adler32.o#mean_imp": 1.0, 
  "##characteristics#compile#obj_sizes#adler32.o#min": 2424, 
  "##characteristics#compile#obj_sizes#adler32.o#min_imp": 1.0, 
  "##characteristics#compile#obj_sizes#adler32.o#range": 0, 
  "##characteristics#compile#obj_sizes#adler32.o#range_percent": 0, 
  "##characteristics#compile#obj_sizes#adler32.o#repeats": 1, 
  "##characteristics#compile#obj_sizes#compress.o#all": [
    1568
  ], 
  "##characteristics#compile#obj_sizes#compress.o#all_unique": [
    1568
  ], 
  "##characteristics#compile#obj_sizes#compress.o#center": 1568, 
  "##characteristics#compile#obj_sizes#compress.o#center_imp": 1.0, 
  "##characteristics#compile#obj_sizes#compress.o#halfrange": 0, 
  "##characteristics#compile#obj_sizes#compress.o#max": 1568, 
  "##characteristics#compile#obj_sizes#compress.o#mean": 1568.0, 
  "##characteristics#compile#obj_sizes#compress.o#mean_imp": 1.0, 
  "##characteristics#compile#obj_sizes#compress.o#min": 1568, 
  "##characteristics#compile#obj_sizes#compress.o#min_imp": 1.0, 
  "##characteristics#compile#obj_sizes#compress.o#range": 0, 
  "##characteristics#compile#obj_sizes#compress.o#range_percent": 0, 
  "##characteristics#compile#obj_sizes#compress.o#repeats": 1, 
  "##characteristics#compile#obj_sizes#crc32.o#all": [
    10876
  ], 
  "##characteristics#compile#obj_sizes#crc32.o#all_unique": [
    10876
  ], 
  "##characteristics#compile#obj_sizes#crc32.o#center": 10876, 
  "##characteristics#compile#obj_sizes#crc32.o#center_imp": 1.0, 
  "##characteristics#compile#obj_sizes#crc32.o#halfrange": 0, 
  "##characteristics#compile#obj_sizes#crc32.o#max": 10876, 
  "##characteristics#compile#obj_sizes#crc32.o#mean": 10876.0, 
  "##characteristics#compile#obj_sizes#crc32.o#mean_imp": 1.0, 
  "##characteristics#compile#obj_sizes#crc32.o#min": 10876, 
  "##characteristics#compile#obj_sizes#crc32.o#min_imp": 1.0, 
  "##characteristics#compile#obj_sizes#crc32.o#range": 0, 
  "##characteristics#compile#obj_sizes#crc32.o#range_percent": 0, 
  "##characteristics#compile#obj_sizes#crc32.o#repeats": 1, 
  "##characteristics#compile#obj_sizes#ctuning-rtl.o#all": [
    4804
  ], 
  "##characteristics#compile#obj_sizes#ctuning-rtl.o#all_unique": [
    4804
  ], 
  "##characteristics#compile#obj_sizes#ctuning-rtl.o#center": 4804, 
  "##characteristics#compile#obj_sizes#ctuning-rtl.o#center_imp": 1.0, 
  "##characteristics#compile#obj_sizes#ctuning-rtl.o#halfrange": 0, 
  "##characteristics#compile#obj_sizes#ctuning-rtl.o#max": 4804, 
  "##characteristics#compile#obj_sizes#ctuning-rtl.o#mean": 4804.0, 
  "##characteristics#compile#obj_sizes#ctuning-rtl.o#mean_imp": 1.0, 
  "##characteristics#compile#obj_sizes#ctuning-rtl.o#min": 4804, 
  "##characteristics#compile#obj_sizes#ctuning-rtl.o#min_imp": 1.0, 
  "##characteristics#compile#obj_sizes#ctuning-rtl.o#range": 0, 
  "##characteristics#compile#obj_sizes#ctuning-rtl.o#range_percent": 0, 
  "##characteristics#compile#obj_sizes#ctuning-rtl.o#repeats": 1, 
  "##characteristics#compile#obj_sizes#deflate.o#all": [
    20236
  ], 
  "##characteristics#compile#obj_sizes#deflate.o#all_unique": [
    20236
  ], 
  "##characteristics#compile#obj_sizes#deflate.o#center": 20236, 
  "##characteristics#compile#obj_sizes#deflate.o#center_imp": 0.9968373196283851, 
  "##characteristics#compile#obj_sizes#deflate.o#halfrange": 0, 
  "##characteristics#compile#obj_sizes#deflate.o#max": 20236, 
  "##characteristics#compile#obj_sizes#deflate.o#mean": 20236.0, 
  "##characteristics#compile#obj_sizes#deflate.o#mean_imp": 0.9968373196283851, 
  "##characteristics#compile#obj_sizes#deflate.o#min": 20236, 
  "##characteristics#compile#obj_sizes#deflate.o#min_imp": 0.9968373196283851, 
  "##characteristics#compile#obj_sizes#deflate.o#range": 0, 
  "##characteristics#compile#obj_sizes#deflate.o#range_percent": 0, 
  "##characteristics#compile#obj_sizes#deflate.o#repeats": 1, 
  "##characteristics#compile#obj_sizes#gzclose.o#all": [
    980
  ], 
  "##characteristics#compile#obj_sizes#gzclose.o#all_unique": [
    980
  ], 
  "##characteristics#compile#obj_sizes#gzclose.o#center": 980, 
  "##characteristics#compile#obj_sizes#gzclose.o#center_imp": 1.0, 
  "##characteristics#compile#obj_sizes#gzclose.o#halfrange": 0, 
  "##characteristics#compile#obj_sizes#gzclose.o#max": 980, 
  "##characteristics#compile#obj_sizes#gzclose.o#mean": 980.0, 
  "##characteristics#compile#obj_sizes#gzclose.o#mean_imp": 1.0, 
  "##characteristics#compile#obj_sizes#gzclose.o#min": 980, 
  "##characteristics#compile#obj_sizes#gzclose.o#min_imp": 1.0, 
  "##characteristics#compile#obj_sizes#gzclose.o#range": 0, 
  "##characteristics#compile#obj_sizes#gzclose.o#range_percent": 0, 
  "##characteristics#compile#obj_sizes#gzclose.o#repeats": 1, 
  "##characteristics#compile#obj_sizes#gzlib.o#all": [
    6360
  ], 
  "##characteristics#compile#obj_sizes#gzlib.o#all_unique": [
    6360
  ], 
  "##characteristics#compile#obj_sizes#gzlib.o#center": 6360, 
  "##characteristics#compile#obj_sizes#gzlib.o#center_imp": 0.9905660377358491, 
  "##characteristics#compile#obj_sizes#gzlib.o#halfrange": 0, 
  "##characteristics#compile#obj_sizes#gzlib.o#max": 6360, 
  "##characteristics#compile#obj_sizes#gzlib.o#mean": 6360.0, 
  "##characteristics#compile#obj_sizes#gzlib.o#mean_imp": 0.9905660377358491, 
  "##characteristics#compile#obj_sizes#gzlib.o#min": 6360, 
  "##characteristics#compile#obj_sizes#gzlib.o#min_imp": 0.9905660377358491, 
  "##characteristics#compile#obj_sizes#gzlib.o#range": 0, 
  "##characteristics#compile#obj_sizes#gzlib.o#range_percent": 0, 
  "##characteristics#compile#obj_sizes#gzlib.o#repeats": 1, 
  "##characteristics#compile#obj_sizes#gzread.o#all": [
    5920
  ], 
  "##characteristics#compile#obj_sizes#gzread.o#all_unique": [
    5920
  ], 
  "##characteristics#compile#obj_sizes#gzread.o#center": 5920, 
  "##characteristics#compile#obj_sizes#gzread.o#center_imp": 0.9756756756756757, 
  "##characteristics#compile#obj_sizes#gzread.o#halfrange": 0, 
  "##characteristics#compile#obj_sizes#gzread.o#max": 5920, 
  "##characteristics#compile#obj_sizes#gzread.o#mean": 5920.0, 
  "##characteristics#compile#obj_sizes#gzread.o#mean_imp": 0.9756756756756757, 
  "##characteristics#compile#obj_sizes#gzread.o#min": 5920, 
  "##characteristics#compile#obj_sizes#gzread.o#min_imp": 0.9756756756756757, 
  "##characteristics#compile#obj_sizes#gzread.o#range": 0, 
  "##characteristics#compile#obj_sizes#gzread.o#range_percent": 0, 
  "##characteristics#compile#obj_sizes#gzread.o#repeats": 1, 
  "##characteristics#compile#obj_sizes#gzwrite.o#all": [
    9660
  ], 
  "##characteristics#compile#obj_sizes#gzwrite.o#all_unique": [
    9660
  ], 
  "##characteristics#compile#obj_sizes#gzwrite.o#center": 9660, 
  "##characteristics#compile#obj_sizes#gzwrite.o#center_imp": 1.0625258799171842, 
  "##characteristics#compile#obj_sizes#gzwrite.o#halfrange": 0, 
  "##characteristics#compile#obj_sizes#gzwrite.o#max": 9660, 
  "##characteristics#compile#obj_sizes#gzwrite.o#mean": 9660.0, 
  "##characteristics#compile#obj_sizes#gzwrite.o#mean_imp": 1.0625258799171842, 
  "##characteristics#compile#obj_sizes#gzwrite.o#min": 9660, 
  "##characteristics#compile#obj_sizes#gzwrite.o#min_imp": 1.0625258799171842, 
  "##characteristics#compile#obj_sizes#gzwrite.o#range": 0, 
  "##characteristics#compile#obj_sizes#gzwrite.o#range_percent": 0, 
  "##characteristics#compile#obj_sizes#gzwrite.o#repeats": 1, 
  "##characteristics#compile#obj_sizes#infback.o#all": [
    9696
  ], 
  "##characteristics#compile#obj_sizes#infback.o#all_unique": [
    9696
  ], 
  "##characteristics#compile#obj_sizes#infback.o#center": 9696, 
  "##characteristics#compile#obj_sizes#infback.o#center_imp": 0.9872112211221122, 
  "##characteristics#compile#obj_sizes#infback.o#halfrange": 0, 
  "##characteristics#compile#obj_sizes#infback.o#max": 9696, 
  "##characteristics#compile#obj_sizes#infback.o#mean": 9696.0, 
  "##characteristics#compile#obj_sizes#infback.o#mean_imp": 0.9872112211221122, 
  "##characteristics#compile#obj_sizes#infback.o#min": 9696, 
  "##characteristics#compile#obj_sizes#infback.o#min_imp": 0.9872112211221122, 
  "##characteristics#compile#obj_sizes#infback.o#range": 0, 
  "##characteristics#compile#obj_sizes#infback.o#range_percent": 0, 
  "##characteristics#compile#obj_sizes#infback.o#repeats": 1, 
  "##characteristics#compile#obj_sizes#inffast.o#all": [
    4208
  ], 
  "##characteristics#compile#obj_sizes#inffast.o#all_unique": [
    4208
  ], 
  "##characteristics#compile#obj_sizes#inffast.o#center": 4208, 
  "##characteristics#compile#obj_sizes#inffast.o#center_imp": 0.9496197718631179, 
  "##characteristics#compile#obj_sizes#inffast.o#halfrange": 0, 
  "##characteristics#compile#obj_sizes#inffast.o#max": 4208, 
  "##characteristics#compile#obj_sizes#inffast.o#mean": 4208.0, 
  "##characteristics#compile#obj_sizes#inffast.o#mean_imp": 0.9496197718631179, 
  "##characteristics#compile#obj_sizes#inffast.o#min": 4208, 
  "##characteristics#compile#obj_sizes#inffast.o#min_imp": 0.9496197718631179, 
  "##characteristics#compile#obj_sizes#inffast.o#range": 0, 
  "##characteristics#compile#obj_sizes#inffast.o#range_percent": 0, 
  "##characteristics#compile#obj_sizes#inffast.o#repeats": 1, 
  "##characteristics#compile#obj_sizes#inflate.o#all": [
    17280
  ], 
  "##characteristics#compile#obj_sizes#inflate.o#all_unique": [
    17280
  ], 
  "##characteristics#compile#obj_sizes#inflate.o#center": 17280, 
  "##characteristics#compile#obj_sizes#inflate.o#center_imp": 0.9699074074074074, 
  "##characteristics#compile#obj_sizes#inflate.o#halfrange": 0, 
  "##characteristics#compile#obj_sizes#inflate.o#max": 17280, 
  "##characteristics#compile#obj_sizes#inflate.o#mean": 17280.0, 
  "##characteristics#compile#obj_sizes#inflate.o#mean_imp": 0.9699074074074074, 
  "##characteristics#compile#obj_sizes#inflate.o#min": 17280, 
  "##characteristics#compile#obj_sizes#inflate.o#min_imp": 0.9699074074074074, 
  "##characteristics#compile#obj_sizes#inflate.o#range": 0, 
  "##characteristics#compile#obj_sizes#inflate.o#range_percent": 0, 
  "##characteristics#compile#obj_sizes#inflate.o#repeats": 1, 
  "##characteristics#compile#obj_sizes#inftrees.o#all": [
    4464
  ], 
  "##characteristics#compile#obj_sizes#inftrees.o#all_unique": [
    4464
  ], 
  "##characteristics#compile#obj_sizes#inftrees.o#center": 4464, 
  "##characteristics#compile#obj_sizes#inftrees.o#center_imp": 0.9901433691756273, 
  "##characteristics#compile#obj_sizes#inftrees.o#halfrange": 0, 
  "##characteristics#compile#obj_sizes#inftrees.o#max": 4464, 
  "##characteristics#compile#obj_sizes#inftrees.o#mean": 4464.0, 
  "##characteristics#compile#obj_sizes#inftrees.o#mean_imp": 0.9901433691756273, 
  "##characteristics#compile#obj_sizes#inftrees.o#min": 4464, 
  "##characteristics#compile#obj_sizes#inftrees.o#min_imp": 0.9901433691756273, 
  "##characteristics#compile#obj_sizes#inftrees.o#range": 0, 
  "##characteristics#compile#obj_sizes#inftrees.o#range_percent": 0, 
  "##characteristics#compile#obj_sizes#inftrees.o#repeats": 1, 
  "##characteristics#compile#obj_sizes#trees.o#all": [
    14272
  ], 
  "##characteristics#compile#obj_sizes#trees.o#all_unique": [
    14272
  ], 
  "##characteristics#compile#obj_sizes#trees.o#center": 14272, 
  "##characteristics#compile#obj_sizes#trees.o#center_imp": 0.9938340807174888, 
  "##characteristics#compile#obj_sizes#trees.o#halfrange": 0, 
  "##characteristics#compile#obj_sizes#trees.o#max": 14272, 
  "##characteristics#compile#obj_sizes#trees.o#mean": 14272.0, 
  "##characteristics#compile#obj_sizes#trees.o#mean_imp": 0.9938340807174888, 
  "##characteristics#compile#obj_sizes#trees.o#min": 14272, 
  "##characteristics#compile#obj_sizes#trees.o#min_imp": 0.9938340807174888, 
  "##characteristics#compile#obj_sizes#trees.o#range": 0, 
  "##characteristics#compile#obj_sizes#trees.o#range_percent": 0, 
  "##characteristics#compile#obj_sizes#trees.o#repeats": 1, 
  "##characteristics#compile#obj_sizes#uncompr.o#all": [
    1272
  ], 
  "##characteristics#compile#obj_sizes#uncompr.o#all_unique": [
    1272
  ], 
  "##characteristics#compile#obj_sizes#uncompr.o#center": 1272, 
  "##characteristics#compile#obj_sizes#uncompr.o#center_imp": 1.0, 
  "##characteristics#compile#obj_sizes#uncompr.o#halfrange": 0, 
  "##characteristics#compile#obj_sizes#uncompr.o#max": 1272, 
  "##characteristics#compile#obj_sizes#uncompr.o#mean": 1272.0, 
  "##characteristics#compile#obj_sizes#uncompr.o#mean_imp": 1.0, 
  "##characteristics#compile#obj_sizes#uncompr.o#min": 1272, 
  "##characteristics#compile#obj_sizes#uncompr.o#min_imp": 1.0, 
  "##characteristics#compile#obj_sizes#uncompr.o#range": 0, 
  "##characteristics#compile#obj_sizes#uncompr.o#range_percent": 0, 
  "##characteristics#compile#obj_sizes#uncompr.o#repeats": 1, 
  "##characteristics#compile#obj_sizes#zutil.o#all": [
    1648
  ], 
  "##characteristics#compile#obj_sizes#zutil.o#all_unique": [
    1648
  ], 
  "##characteristics#compile#obj_sizes#zutil.o#center": 1648, 
  "##characteristics#compile#obj_sizes#zutil.o#center_imp": 1.0, 
  "##characteristics#compile#obj_sizes#zutil.o#halfrange": 0, 
  "##characteristics#compile#obj_sizes#zutil.o#max": 1648, 
  "##characteristics#compile#obj_sizes#zutil.o#mean": 1648.0, 
  "##characteristics#compile#obj_sizes#zutil.o#mean_imp": 1.0, 
  "##characteristics#compile#obj_sizes#zutil.o#min": 1648, 
  "##characteristics#compile#obj_sizes#zutil.o#min_imp": 1.0, 
  "##characteristics#compile#obj_sizes#zutil.o#range": 0, 
  "##characteristics#compile#obj_sizes#zutil.o#range_percent": 0, 
  "##characteristics#compile#obj_sizes#zutil.o#repeats": 1, 
  "##characteristics#compile#program_git_hash#all": [
    "f3b3ffe43b24039767a39c7f85ab4b768684a65b"
  ], 
  "##characteristics#compile#program_git_hash#all_unique": [
    "f3b3ffe43b24039767a39c7f85ab4b768684a65b"
  ], 
  "##characteristics#compile#program_git_hash#min": "f3b3ffe43b24039767a39c7f85ab4b768684a65b", 
  "##characteristics#compile#program_git_hash#min_imp": 0, 
  "##characteristics#compile#program_git_hash#repeats": 1, 
  "##characteristics#run#execution_time#all": [
    0.9847315999999999, 
    0.6913387, 
    0.9468308000000001, 
    0.7638899
  ], 
  "##characteristics#run#execution_time#all_unique": [
    0.9847315999999999, 
    0.6913387, 
    0.9468308000000001, 
    0.7638899
  ], 
  "##characteristics#run#execution_time#center": 0.83803515, 
  "##characteristics#run#execution_time#center_imp": 0.8473891578414104, 
  "##characteristics#run#execution_time#halfrange": 0.14669644999999998, 
  "##characteristics#run#execution_time#max": 0.9847315999999999, 
  "##characteristics#run#execution_time#mean": 0.84669775, 
  "##characteristics#run#execution_time#mean_imp": 0.838822797155183, 
  "##characteristics#run#execution_time#min": 0.6913387, 
  "##characteristics#run#execution_time#min_imp": 0.9596683940881655, 
  "##characteristics#run#execution_time#range": 0.29339289999999996, 
  "##characteristics#run#execution_time#range_percent": 0.4243837354975209, 
  "##characteristics#run#execution_time#repeats": 4, 
  "##characteristics#run#execution_time_kernel_0#all": [
    9.847316, 
    6.913387, 
    9.468308, 
    7.638899
  ], 
  "##characteristics#run#execution_time_kernel_0#all_unique": [
    9.847316, 
    6.913387, 
    9.468308, 
    7.638899
  ], 
  "##characteristics#run#execution_time_kernel_0#center": 8.3803515, 
  "##characteristics#run#execution_time_kernel_0#center_imp": 0.8473891578414103, 
  "##characteristics#run#execution_time_kernel_0#halfrange": 1.4669644999999996, 
  "##characteristics#run#execution_time_kernel_0#max": 9.847316, 
  "##characteristics#run#execution_time_kernel_0#mean": 8.4669775, 
  "##characteristics#run#execution_time_kernel_0#mean_imp": 0.8388227971551832, 
  "##characteristics#run#execution_time_kernel_0#min": 6.913387, 
  "##characteristics#run#execution_time_kernel_0#min_imp": 0.9596683940881655, 
  "##characteristics#run#execution_time_kernel_0#range": 2.933928999999999, 
  "##characteristics#run#execution_time_kernel_0#range_percent": 0.42438373549752084, 
  "##characteristics#run#execution_time_kernel_0#repeats": 4, 
  "##characteristics#run#execution_time_with_module#all": [
    10.554636001586914, 
    7.623265981674194, 
    10.178244829177856, 
    8.348129987716675
  ], 
  "##characteristics#run#execution_time_with_module#all_unique": [
    10.554636001586914, 
    7.623265981674194, 
    10.178244829177856, 
    8.348129987716675
  ], 
  "##characteristics#run#execution_time_with_module#center": 9.088950991630554, 
  "##characteristics#run#execution_time_with_module#center_imp": 1.9311718653752226, 
  "##characteristics#run#execution_time_with_module#halfrange": 1.4656850099563599, 
  "##characteristics#run#execution_time_with_module#max": 10.554636001586914, 
  "##characteristics#run#execution_time_with_module#mean": 9.17606920003891, 
  "##characteristics#run#execution_time_with_module#mean_imp": 1.392259171460763, 
  "##characteristics#run#execution_time_with_module#min": 7.623265981674194, 
  "##characteristics#run#execution_time_with_module#min_imp": 0.9640996306564382, 
  "##characteristics#run#execution_time_with_module#range": 2.9313700199127197, 
  "##characteristics#run#execution_time_with_module#range_percent": 0.38452941652036426, 
  "##characteristics#run#execution_time_with_module#repeats": 4, 
  "##characteristics#run#repeat#all": [
    10, 
    10, 
    10, 
    10
  ], 
  "##characteristics#run#repeat#all_unique": [
    10
  ], 
  "##characteristics#run#repeat#center": 10, 
  "##characteristics#run#repeat#center_imp": 1.0, 
  "##characteristics#run#repeat#halfrange": 0, 
  "##characteristics#run#repeat#max": 10, 
  "##characteristics#run#repeat#mean": 10.0, 
  "##characteristics#run#repeat#mean_imp": 1.0, 
  "##characteristics#run#repeat#min": 10, 
  "##characteristics#run#repeat#min_imp": 1.0, 
  "##characteristics#run#repeat#range": 0, 
  "##characteristics#run#repeat#range_percent": 0, 
  "##characteristics#run#repeat#repeats": 4, 
  "##characteristics#run#return_code#all": [
    0, 
    0, 
    0, 
    0
  ], 
  "##characteristics#run#return_code#all_unique": [
    0
  ], 
  "##characteristics#run#return_code#center": 0, 
  "##characteristics#run#return_code#halfrange": 0, 
  "##characteristics#run#return_code#max": 0, 
  "##characteristics#run#return_code#mean": 0.0, 
  "##characteristics#run#return_code#min": 0, 
  "##characteristics#run#return_code#min_imp": 1, 
  "##characteristics#run#return_code#range": 0, 
  "##characteristics#run#return_code#repeats": 4, 
  "##characteristics#run#run_success#all": [
    "yes", 
    "yes", 
    "yes", 
    "yes"
  ], 
  "##characteristics#run#run_success#all_unique": [
    "yes"
  ], 
  "##characteristics#run#run_success#min": "yes", 
  "##characteristics#run#run_success#min_imp": 1, 
  "##characteristics#run#run_success#repeats": 4, 
  "##characteristics#run#run_success_bool#all": [
    true, 
    true, 
    true, 
    true
  ], 
  "##characteristics#run#run_success_bool#all_unique": [
    true
  ], 
  "##characteristics#run#run_success_bool#min": true, 
  "##characteristics#run#run_success_bool#min_imp": 1, 
  "##characteristics#run#run_success_bool#repeats": 4, 
  "##characteristics#run#total_execution_time#all": [
    9.847316, 
    6.913387, 
    9.468308, 
    7.638899
  ], 
  "##characteristics#run#total_execution_time#all_unique": [
    9.847316, 
    6.913387, 
    9.468308, 
    7.638899
  ], 
  "##characteristics#run#total_execution_time#center": 8.3803515, 
  "##characteristics#run#total_execution_time#center_imp": 0.8473891578414103, 
  "##characteristics#run#total_execution_time#halfrange": 1.4669644999999996, 
  "##characteristics#run#total_execution_time#max": 9.847316, 
  "##characteristics#run#total_execution_time#mean": 8.4669775, 
  "##characteristics#run#total_execution_time#mean_imp": 0.8388227971551832, 
  "##characteristics#run#total_execution_time#min": 6.913387, 
  "##characteristics#run#total_execution_time#min_imp": 0.9596683940881655, 
  "##characteristics#run#total_execution_time#range": 2.933928999999999, 
  "##characteristics#run#total_execution_time#range_percent": 0.42438373549752084, 
  "##characteristics#run#total_execution_time#repeats": 4
}
