{
  "##characteristics#compile#binary_size#all": [
    101196
  ], 
  "##characteristics#compile#binary_size#all_unique": [
    101196
  ], 
  "##characteristics#compile#binary_size#center": 101196, 
  "##characteristics#compile#binary_size#center_imp": 1.002332107988458, 
  "##characteristics#compile#binary_size#halfrange": 0, 
  "##characteristics#compile#binary_size#max": 101196, 
  "##characteristics#compile#binary_size#mean": 101196.0, 
  "##characteristics#compile#binary_size#mean_imp": 1.002332107988458, 
  "##characteristics#compile#binary_size#min": 101196, 
  "##characteristics#compile#binary_size#min_imp": 1.002332107988458, 
  "##characteristics#compile#binary_size#range": 0, 
  "##characteristics#compile#binary_size#range_percent": 0, 
  "##characteristics#compile#binary_size#repeats": 1, 
  "##characteristics#compile#compilation_success#all": [
    "yes"
  ], 
  "##characteristics#compile#compilation_success#all_unique": [
    "yes"
  ], 
  "##characteristics#compile#compilation_success#min": "yes", 
  "##characteristics#compile#compilation_success#min_imp": 0, 
  "##characteristics#compile#compilation_success#repeats": 1, 
  "##characteristics#compile#compilation_success_bool#all": [
    true
  ], 
  "##characteristics#compile#compilation_success_bool#all_unique": [
    true
  ], 
  "##characteristics#compile#compilation_success_bool#min": true, 
  "##characteristics#compile#compilation_success_bool#min_imp": 0, 
  "##characteristics#compile#compilation_success_bool#repeats": 1, 
  "##characteristics#compile#compilation_time#all": [
    106.54525113105774
  ], 
  "##characteristics#compile#compilation_time#all_unique": [
    106.54525113105774
  ], 
  "##characteristics#compile#compilation_time#center": 106.54525113105774, 
  "##characteristics#compile#compilation_time#center_imp": 0.9583832954032485, 
  "##characteristics#compile#compilation_time#halfrange": 0.0, 
  "##characteristics#compile#compilation_time#max": 106.54525113105774, 
  "##characteristics#compile#compilation_time#mean": 106.54525113105774, 
  "##characteristics#compile#compilation_time#mean_imp": 0.9583832954032485, 
  "##characteristics#compile#compilation_time#min": 106.54525113105774, 
  "##characteristics#compile#compilation_time#min_imp": 0.9583832954032485, 
  "##characteristics#compile#compilation_time#range": 0.0, 
  "##characteristics#compile#compilation_time#range_percent": 0.0, 
  "##characteristics#compile#compilation_time#repeats": 1, 
  "##characteristics#compile#compilation_time_with_module#all": [
    111.93661594390869
  ], 
  "##characteristics#compile#compilation_time_with_module#all_unique": [
    111.93661594390869
  ], 
  "##characteristics#compile#compilation_time_with_module#center": 111.93661594390869, 
  "##characteristics#compile#compilation_time_with_module#center_imp": 0.9553808035539441, 
  "##characteristics#compile#compilation_time_with_module#halfrange": 0.0, 
  "##characteristics#compile#compilation_time_with_module#max": 111.93661594390869, 
  "##characteristics#compile#compilation_time_with_module#mean": 111.93661594390869, 
  "##characteristics#compile#compilation_time_with_module#mean_imp": 0.9553808035539441, 
  "##characteristics#compile#compilation_time_with_module#min": 111.93661594390869, 
  "##characteristics#compile#compilation_time_with_module#min_imp": 0.9553808035539441, 
  "##characteristics#compile#compilation_time_with_module#range": 0.0, 
  "##characteristics#compile#compilation_time_with_module#range_percent": 0.0, 
  "##characteristics#compile#compilation_time_with_module#repeats": 1, 
  "##characteristics#compile#joined_compiler_flags#all": [
    "-O3 -fdce -fgcse-las -findirect-inlining -fira-loop-pressure -fno-keep-inline-functions -fpartial-inlining -fpeel-loops -fno-sched-interblock -ftree-loop-linear -fno-unroll-all-loops"
  ], 
  "##characteristics#compile#joined_compiler_flags#all_unique": [
    "-O3 -fdce -fgcse-las -findirect-inlining -fira-loop-pressure -fno-keep-inline-functions -fpartial-inlining -fpeel-loops -fno-sched-interblock -ftree-loop-linear -fno-unroll-all-loops"
  ], 
  "##characteristics#compile#joined_compiler_flags#min": "-O3 -fdce -fgcse-las -findirect-inlining -fira-loop-pressure -fno-keep-inline-functions -fpartial-inlining -fpeel-loops -fno-sched-interblock -ftree-loop-linear -fno-unroll-all-loops", 
  "##characteristics#compile#joined_compiler_flags#min_imp": 0, 
  "##characteristics#compile#joined_compiler_flags#repeats": 1, 
  "##characteristics#compile#md5_sum#all": [
    "a0aacf0959a2927bca79ef11490e192b"
  ], 
  "##characteristics#compile#md5_sum#all_unique": [
    "a0aacf0959a2927bca79ef11490e192b"
  ], 
  "##characteristics#compile#md5_sum#min": "a0aacf0959a2927bca79ef11490e192b", 
  "##characteristics#compile#md5_sum#min_imp": 0, 
  "##characteristics#compile#md5_sum#repeats": 1, 
  "##characteristics#compile#obj_size#all": [
    114772
  ], 
  "##characteristics#compile#obj_size#all_unique": [
    114772
  ], 
  "##characteristics#compile#obj_size#center": 114772, 
  "##characteristics#compile#obj_size#center_imp": 1.0021259540654515, 
  "##characteristics#compile#obj_size#halfrange": 0, 
  "##characteristics#compile#obj_size#max": 114772, 
  "##characteristics#compile#obj_size#mean": 114772.0, 
  "##characteristics#compile#obj_size#mean_imp": 1.0021259540654515, 
  "##characteristics#compile#obj_size#min": 114772, 
  "##characteristics#compile#obj_size#min_imp": 1.0021259540654515, 
  "##characteristics#compile#obj_size#range": 0, 
  "##characteristics#compile#obj_size#range_percent": 0, 
  "##characteristics#compile#obj_size#repeats": 1, 
  "##characteristics#compile#obj_sizes#adler32.o#all": [
    2424
  ], 
  "##characteristics#compile#obj_sizes#adler32.o#all_unique": [
    2424
  ], 
  "##characteristics#compile#obj_sizes#adler32.o#center": 2424, 
  "##characteristics#compile#obj_sizes#adler32.o#center_imp": 1.0, 
  "##characteristics#compile#obj_sizes#adler32.o#halfrange": 0, 
  "##characteristics#compile#obj_sizes#adler32.o#max": 2424, 
  "##characteristics#compile#obj_sizes#adler32.o#mean": 2424.0, 
  "##characteristics#compile#obj_sizes#adler32.o#mean_imp": 1.0, 
  "##characteristics#compile#obj_sizes#adler32.o#min": 2424, 
  "##characteristics#compile#obj_sizes#adler32.o#min_imp": 1.0, 
  "##characteristics#compile#obj_sizes#adler32.o#range": 0, 
  "##characteristics#compile#obj_sizes#adler32.o#range_percent": 0, 
  "##characteristics#compile#obj_sizes#adler32.o#repeats": 1, 
  "##characteristics#compile#obj_sizes#compress.o#all": [
    1568
  ], 
  "##characteristics#compile#obj_sizes#compress.o#all_unique": [
    1568
  ], 
  "##characteristics#compile#obj_sizes#compress.o#center": 1568, 
  "##characteristics#compile#obj_sizes#compress.o#center_imp": 1.0, 
  "##characteristics#compile#obj_sizes#compress.o#halfrange": 0, 
  "##characteristics#compile#obj_sizes#compress.o#max": 1568, 
  "##characteristics#compile#obj_sizes#compress.o#mean": 1568.0, 
  "##characteristics#compile#obj_sizes#compress.o#mean_imp": 1.0, 
  "##characteristics#compile#obj_sizes#compress.o#min": 1568, 
  "##characteristics#compile#obj_sizes#compress.o#min_imp": 1.0, 
  "##characteristics#compile#obj_sizes#compress.o#range": 0, 
  "##characteristics#compile#obj_sizes#compress.o#range_percent": 0, 
  "##characteristics#compile#obj_sizes#compress.o#repeats": 1, 
  "##characteristics#compile#obj_sizes#crc32.o#all": [
    10876
  ], 
  "##characteristics#compile#obj_sizes#crc32.o#all_unique": [
    10876
  ], 
  "##characteristics#compile#obj_sizes#crc32.o#center": 10876, 
  "##characteristics#compile#obj_sizes#crc32.o#center_imp": 1.0, 
  "##characteristics#compile#obj_sizes#crc32.o#halfrange": 0, 
  "##characteristics#compile#obj_sizes#crc32.o#max": 10876, 
  "##characteristics#compile#obj_sizes#crc32.o#mean": 10876.0, 
  "##characteristics#compile#obj_sizes#crc32.o#mean_imp": 1.0, 
  "##characteristics#compile#obj_sizes#crc32.o#min": 10876, 
  "##characteristics#compile#obj_sizes#crc32.o#min_imp": 1.0, 
  "##characteristics#compile#obj_sizes#crc32.o#range": 0, 
  "##characteristics#compile#obj_sizes#crc32.o#range_percent": 0, 
  "##characteristics#compile#obj_sizes#crc32.o#repeats": 1, 
  "##characteristics#compile#obj_sizes#ctuning-rtl.o#all": [
    4804
  ], 
  "##characteristics#compile#obj_sizes#ctuning-rtl.o#all_unique": [
    4804
  ], 
  "##characteristics#compile#obj_sizes#ctuning-rtl.o#center": 4804, 
  "##characteristics#compile#obj_sizes#ctuning-rtl.o#center_imp": 1.0, 
  "##characteristics#compile#obj_sizes#ctuning-rtl.o#halfrange": 0, 
  "##characteristics#compile#obj_sizes#ctuning-rtl.o#max": 4804, 
  "##characteristics#compile#obj_sizes#ctuning-rtl.o#mean": 4804.0, 
  "##characteristics#compile#obj_sizes#ctuning-rtl.o#mean_imp": 1.0, 
  "##characteristics#compile#obj_sizes#ctuning-rtl.o#min": 4804, 
  "##characteristics#compile#obj_sizes#ctuning-rtl.o#min_imp": 1.0, 
  "##characteristics#compile#obj_sizes#ctuning-rtl.o#range": 0, 
  "##characteristics#compile#obj_sizes#ctuning-rtl.o#range_percent": 0, 
  "##characteristics#compile#obj_sizes#ctuning-rtl.o#repeats": 1, 
  "##characteristics#compile#obj_sizes#deflate.o#all": [
    20188
  ], 
  "##characteristics#compile#obj_sizes#deflate.o#all_unique": [
    20188
  ], 
  "##characteristics#compile#obj_sizes#deflate.o#center": 20188, 
  "##characteristics#compile#obj_sizes#deflate.o#center_imp": 0.9992074499702793, 
  "##characteristics#compile#obj_sizes#deflate.o#halfrange": 0, 
  "##characteristics#compile#obj_sizes#deflate.o#max": 20188, 
  "##characteristics#compile#obj_sizes#deflate.o#mean": 20188.0, 
  "##characteristics#compile#obj_sizes#deflate.o#mean_imp": 0.9992074499702793, 
  "##characteristics#compile#obj_sizes#deflate.o#min": 20188, 
  "##characteristics#compile#obj_sizes#deflate.o#min_imp": 0.9992074499702793, 
  "##characteristics#compile#obj_sizes#deflate.o#range": 0, 
  "##characteristics#compile#obj_sizes#deflate.o#range_percent": 0, 
  "##characteristics#compile#obj_sizes#deflate.o#repeats": 1, 
  "##characteristics#compile#obj_sizes#gzclose.o#all": [
    980
  ], 
  "##characteristics#compile#obj_sizes#gzclose.o#all_unique": [
    980
  ], 
  "##characteristics#compile#obj_sizes#gzclose.o#center": 980, 
  "##characteristics#compile#obj_sizes#gzclose.o#center_imp": 1.0, 
  "##characteristics#compile#obj_sizes#gzclose.o#halfrange": 0, 
  "##characteristics#compile#obj_sizes#gzclose.o#max": 980, 
  "##characteristics#compile#obj_sizes#gzclose.o#mean": 980.0, 
  "##characteristics#compile#obj_sizes#gzclose.o#mean_imp": 1.0, 
  "##characteristics#compile#obj_sizes#gzclose.o#min": 980, 
  "##characteristics#compile#obj_sizes#gzclose.o#min_imp": 1.0, 
  "##characteristics#compile#obj_sizes#gzclose.o#range": 0, 
  "##characteristics#compile#obj_sizes#gzclose.o#range_percent": 0, 
  "##characteristics#compile#obj_sizes#gzclose.o#repeats": 1, 
  "##characteristics#compile#obj_sizes#gzlib.o#all": [
    6320
  ], 
  "##characteristics#compile#obj_sizes#gzlib.o#all_unique": [
    6320
  ], 
  "##characteristics#compile#obj_sizes#gzlib.o#center": 6320, 
  "##characteristics#compile#obj_sizes#gzlib.o#center_imp": 0.9968354430379747, 
  "##characteristics#compile#obj_sizes#gzlib.o#halfrange": 0, 
  "##characteristics#compile#obj_sizes#gzlib.o#max": 6320, 
  "##characteristics#compile#obj_sizes#gzlib.o#mean": 6320.0, 
  "##characteristics#compile#obj_sizes#gzlib.o#mean_imp": 0.9968354430379747, 
  "##characteristics#compile#obj_sizes#gzlib.o#min": 6320, 
  "##characteristics#compile#obj_sizes#gzlib.o#min_imp": 0.9968354430379747, 
  "##characteristics#compile#obj_sizes#gzlib.o#range": 0, 
  "##characteristics#compile#obj_sizes#gzlib.o#range_percent": 0, 
  "##characteristics#compile#obj_sizes#gzlib.o#repeats": 1, 
  "##characteristics#compile#obj_sizes#gzread.o#all": [
    5776
  ], 
  "##characteristics#compile#obj_sizes#gzread.o#all_unique": [
    5776
  ], 
  "##characteristics#compile#obj_sizes#gzread.o#center": 5776, 
  "##characteristics#compile#obj_sizes#gzread.o#center_imp": 1.0, 
  "##characteristics#compile#obj_sizes#gzread.o#halfrange": 0, 
  "##characteristics#compile#obj_sizes#gzread.o#max": 5776, 
  "##characteristics#compile#obj_sizes#gzread.o#mean": 5776.0, 
  "##characteristics#compile#obj_sizes#gzread.o#mean_imp": 1.0, 
  "##characteristics#compile#obj_sizes#gzread.o#min": 5776, 
  "##characteristics#compile#obj_sizes#gzread.o#min_imp": 1.0, 
  "##characteristics#compile#obj_sizes#gzread.o#range": 0, 
  "##characteristics#compile#obj_sizes#gzread.o#range_percent": 0, 
  "##characteristics#compile#obj_sizes#gzread.o#repeats": 1, 
  "##characteristics#compile#obj_sizes#gzwrite.o#all": [
    10264
  ], 
  "##characteristics#compile#obj_sizes#gzwrite.o#all_unique": [
    10264
  ], 
  "##characteristics#compile#obj_sizes#gzwrite.o#center": 10264, 
  "##characteristics#compile#obj_sizes#gzwrite.o#center_imp": 1.0, 
  "##characteristics#compile#obj_sizes#gzwrite.o#halfrange": 0, 
  "##characteristics#compile#obj_sizes#gzwrite.o#max": 10264, 
  "##characteristics#compile#obj_sizes#gzwrite.o#mean": 10264.0, 
  "##characteristics#compile#obj_sizes#gzwrite.o#mean_imp": 1.0, 
  "##characteristics#compile#obj_sizes#gzwrite.o#min": 10264, 
  "##characteristics#compile#obj_sizes#gzwrite.o#min_imp": 1.0, 
  "##characteristics#compile#obj_sizes#gzwrite.o#range": 0, 
  "##characteristics#compile#obj_sizes#gzwrite.o#range_percent": 0, 
  "##characteristics#compile#obj_sizes#gzwrite.o#repeats": 1, 
  "##characteristics#compile#obj_sizes#infback.o#all": [
    9352
  ], 
  "##characteristics#compile#obj_sizes#infback.o#all_unique": [
    9352
  ], 
  "##characteristics#compile#obj_sizes#infback.o#center": 9352, 
  "##characteristics#compile#obj_sizes#infback.o#center_imp": 1.023524379811805, 
  "##characteristics#compile#obj_sizes#infback.o#halfrange": 0, 
  "##characteristics#compile#obj_sizes#infback.o#max": 9352, 
  "##characteristics#compile#obj_sizes#infback.o#mean": 9352.0, 
  "##characteristics#compile#obj_sizes#infback.o#mean_imp": 1.023524379811805, 
  "##characteristics#compile#obj_sizes#infback.o#min": 9352, 
  "##characteristics#compile#obj_sizes#infback.o#min_imp": 1.023524379811805, 
  "##characteristics#compile#obj_sizes#infback.o#range": 0, 
  "##characteristics#compile#obj_sizes#infback.o#range_percent": 0, 
  "##characteristics#compile#obj_sizes#infback.o#repeats": 1, 
  "##characteristics#compile#obj_sizes#inffast.o#all": [
    3860
  ], 
  "##characteristics#compile#obj_sizes#inffast.o#all_unique": [
    3860
  ], 
  "##characteristics#compile#obj_sizes#inffast.o#center": 3860, 
  "##characteristics#compile#obj_sizes#inffast.o#center_imp": 1.0352331606217617, 
  "##characteristics#compile#obj_sizes#inffast.o#halfrange": 0, 
  "##characteristics#compile#obj_sizes#inffast.o#max": 3860, 
  "##characteristics#compile#obj_sizes#inffast.o#mean": 3860.0, 
  "##characteristics#compile#obj_sizes#inffast.o#mean_imp": 1.0352331606217617, 
  "##characteristics#compile#obj_sizes#inffast.o#min": 3860, 
  "##characteristics#compile#obj_sizes#inffast.o#min_imp": 1.0352331606217617, 
  "##characteristics#compile#obj_sizes#inffast.o#range": 0, 
  "##characteristics#compile#obj_sizes#inffast.o#range_percent": 0, 
  "##characteristics#compile#obj_sizes#inffast.o#repeats": 1, 
  "##characteristics#compile#obj_sizes#inflate.o#all": [
    16808
  ], 
  "##characteristics#compile#obj_sizes#inflate.o#all_unique": [
    16808
  ], 
  "##characteristics#compile#obj_sizes#inflate.o#center": 16808, 
  "##characteristics#compile#obj_sizes#inflate.o#center_imp": 0.997144217039505, 
  "##characteristics#compile#obj_sizes#inflate.o#halfrange": 0, 
  "##characteristics#compile#obj_sizes#inflate.o#max": 16808, 
  "##characteristics#compile#obj_sizes#inflate.o#mean": 16808.0, 
  "##characteristics#compile#obj_sizes#inflate.o#mean_imp": 0.997144217039505, 
  "##characteristics#compile#obj_sizes#inflate.o#min": 16808, 
  "##characteristics#compile#obj_sizes#inflate.o#min_imp": 0.997144217039505, 
  "##characteristics#compile#obj_sizes#inflate.o#range": 0, 
  "##characteristics#compile#obj_sizes#inflate.o#range_percent": 0, 
  "##characteristics#compile#obj_sizes#inflate.o#repeats": 1, 
  "##characteristics#compile#obj_sizes#inftrees.o#all": [
    4420
  ], 
  "##characteristics#compile#obj_sizes#inftrees.o#all_unique": [
    4420
  ], 
  "##characteristics#compile#obj_sizes#inftrees.o#center": 4420, 
  "##characteristics#compile#obj_sizes#inftrees.o#center_imp": 1.0, 
  "##characteristics#compile#obj_sizes#inftrees.o#halfrange": 0, 
  "##characteristics#compile#obj_sizes#inftrees.o#max": 4420, 
  "##characteristics#compile#obj_sizes#inftrees.o#mean": 4420.0, 
  "##characteristics#compile#obj_sizes#inftrees.o#mean_imp": 1.0, 
  "##characteristics#compile#obj_sizes#inftrees.o#min": 4420, 
  "##characteristics#compile#obj_sizes#inftrees.o#min_imp": 1.0, 
  "##characteristics#compile#obj_sizes#inftrees.o#range": 0, 
  "##characteristics#compile#obj_sizes#inftrees.o#range_percent": 0, 
  "##characteristics#compile#obj_sizes#inftrees.o#repeats": 1, 
  "##characteristics#compile#obj_sizes#trees.o#all": [
    14212
  ], 
  "##characteristics#compile#obj_sizes#trees.o#all_unique": [
    14212
  ], 
  "##characteristics#compile#obj_sizes#trees.o#center": 14212, 
  "##characteristics#compile#obj_sizes#trees.o#center_imp": 0.9980298339431466, 
  "##characteristics#compile#obj_sizes#trees.o#halfrange": 0, 
  "##characteristics#compile#obj_sizes#trees.o#max": 14212, 
  "##characteristics#compile#obj_sizes#trees.o#mean": 14212.0, 
  "##characteristics#compile#obj_sizes#trees.o#mean_imp": 0.9980298339431466, 
  "##characteristics#compile#obj_sizes#trees.o#min": 14212, 
  "##characteristics#compile#obj_sizes#trees.o#min_imp": 0.9980298339431466, 
  "##characteristics#compile#obj_sizes#trees.o#range": 0, 
  "##characteristics#compile#obj_sizes#trees.o#range_percent": 0, 
  "##characteristics#compile#obj_sizes#trees.o#repeats": 1, 
  "##characteristics#compile#obj_sizes#uncompr.o#all": [
    1272
  ], 
  "##characteristics#compile#obj_sizes#uncompr.o#all_unique": [
    1272
  ], 
  "##characteristics#compile#obj_sizes#uncompr.o#center": 1272, 
  "##characteristics#compile#obj_sizes#uncompr.o#center_imp": 1.0, 
  "##characteristics#compile#obj_sizes#uncompr.o#halfrange": 0, 
  "##characteristics#compile#obj_sizes#uncompr.o#max": 1272, 
  "##characteristics#compile#obj_sizes#uncompr.o#mean": 1272.0, 
  "##characteristics#compile#obj_sizes#uncompr.o#mean_imp": 1.0, 
  "##characteristics#compile#obj_sizes#uncompr.o#min": 1272, 
  "##characteristics#compile#obj_sizes#uncompr.o#min_imp": 1.0, 
  "##characteristics#compile#obj_sizes#uncompr.o#range": 0, 
  "##characteristics#compile#obj_sizes#uncompr.o#range_percent": 0, 
  "##characteristics#compile#obj_sizes#uncompr.o#repeats": 1, 
  "##characteristics#compile#obj_sizes#zutil.o#all": [
    1648
  ], 
  "##characteristics#compile#obj_sizes#zutil.o#all_unique": [
    1648
  ], 
  "##characteristics#compile#obj_sizes#zutil.o#center": 1648, 
  "##characteristics#compile#obj_sizes#zutil.o#center_imp": 1.0, 
  "##characteristics#compile#obj_sizes#zutil.o#halfrange": 0, 
  "##characteristics#compile#obj_sizes#zutil.o#max": 1648, 
  "##characteristics#compile#obj_sizes#zutil.o#mean": 1648.0, 
  "##characteristics#compile#obj_sizes#zutil.o#mean_imp": 1.0, 
  "##characteristics#compile#obj_sizes#zutil.o#min": 1648, 
  "##characteristics#compile#obj_sizes#zutil.o#min_imp": 1.0, 
  "##characteristics#compile#obj_sizes#zutil.o#range": 0, 
  "##characteristics#compile#obj_sizes#zutil.o#range_percent": 0, 
  "##characteristics#compile#obj_sizes#zutil.o#repeats": 1, 
  "##characteristics#compile#program_git_hash#all": [
    "f3b3ffe43b24039767a39c7f85ab4b768684a65b"
  ], 
  "##characteristics#compile#program_git_hash#all_unique": [
    "f3b3ffe43b24039767a39c7f85ab4b768684a65b"
  ], 
  "##characteristics#compile#program_git_hash#min": "f3b3ffe43b24039767a39c7f85ab4b768684a65b", 
  "##characteristics#compile#program_git_hash#min_imp": 0, 
  "##characteristics#compile#program_git_hash#repeats": 1, 
  "##characteristics#run#execution_time#all": [
    1.0236745, 
    0.8294111, 
    0.6904172, 
    0.6037271
  ], 
  "##characteristics#run#execution_time#all_unique": [
    1.0236745, 
    0.8294111, 
    0.6904172, 
    0.6037271
  ], 
  "##characteristics#run#execution_time#center": 0.8137008, 
  "##characteristics#run#execution_time#center_imp": 0.872730984165187, 
  "##characteristics#run#execution_time#halfrange": 0.20997370000000004, 
  "##characteristics#run#execution_time#max": 1.0236745, 
  "##characteristics#run#execution_time#mean": 0.7868074749999999, 
  "##characteristics#run#execution_time#mean_imp": 0.9026723786527321, 
  "##characteristics#run#execution_time#min": 0.6037271, 
  "##characteristics#run#execution_time#min_imp": 1.098933441947529, 
  "##characteristics#run#execution_time#range": 0.4199474000000001, 
  "##characteristics#run#execution_time#range_percent": 0.6955914352693462, 
  "##characteristics#run#execution_time#repeats": 4, 
  "##characteristics#run#execution_time_kernel_0#all": [
    10.236745, 
    8.294111, 
    6.904172, 
    6.037271
  ], 
  "##characteristics#run#execution_time_kernel_0#all_unique": [
    10.236745, 
    8.294111, 
    6.904172, 
    6.037271
  ], 
  "##characteristics#run#execution_time_kernel_0#center": 8.137008, 
  "##characteristics#run#execution_time_kernel_0#center_imp": 0.872730984165187, 
  "##characteristics#run#execution_time_kernel_0#halfrange": 2.0997370000000006, 
  "##characteristics#run#execution_time_kernel_0#max": 10.236745, 
  "##characteristics#run#execution_time_kernel_0#mean": 7.86807475, 
  "##characteristics#run#execution_time_kernel_0#mean_imp": 0.9026723786527321, 
  "##characteristics#run#execution_time_kernel_0#min": 6.037271, 
  "##characteristics#run#execution_time_kernel_0#min_imp": 1.098933441947529, 
  "##characteristics#run#execution_time_kernel_0#range": 4.199474000000001, 
  "##characteristics#run#execution_time_kernel_0#range_percent": 0.6955914352693463, 
  "##characteristics#run#execution_time_kernel_0#repeats": 4, 
  "##characteristics#run#execution_time_with_module#all": [
    10.942317962646484, 
    9.02116584777832, 
    8.864214181900024, 
    6.748440980911255
  ], 
  "##characteristics#run#execution_time_with_module#all_unique": [
    10.942317962646484, 
    9.02116584777832, 
    8.864214181900024, 
    6.748440980911255
  ], 
  "##characteristics#run#execution_time_with_module#center": 8.84537947177887, 
  "##characteristics#run#execution_time_with_module#center_imp": 1.9843497383929938, 
  "##characteristics#run#execution_time_with_module#halfrange": 2.0969384908676147, 
  "##characteristics#run#execution_time_with_module#max": 10.942317962646484, 
  "##characteristics#run#execution_time_with_module#mean": 8.894034743309021, 
  "##characteristics#run#execution_time_with_module#mean_imp": 1.436408432216186, 
  "##characteristics#run#execution_time_with_module#min": 6.748440980911255, 
  "##characteristics#run#execution_time_with_module#min_imp": 1.0890793796844396, 
  "##characteristics#run#execution_time_with_module#range": 4.1938769817352295, 
  "##characteristics#run#execution_time_with_module#range_percent": 0.6214586440924793, 
  "##characteristics#run#execution_time_with_module#repeats": 4, 
  "##characteristics#run#repeat#all": [
    10, 
    10, 
    10, 
    10
  ], 
  "##characteristics#run#repeat#all_unique": [
    10
  ], 
  "##characteristics#run#repeat#center": 10, 
  "##characteristics#run#repeat#center_imp": 1.0, 
  "##characteristics#run#repeat#halfrange": 0, 
  "##characteristics#run#repeat#max": 10, 
  "##characteristics#run#repeat#mean": 10.0, 
  "##characteristics#run#repeat#mean_imp": 1.0, 
  "##characteristics#run#repeat#min": 10, 
  "##characteristics#run#repeat#min_imp": 1.0, 
  "##characteristics#run#repeat#range": 0, 
  "##characteristics#run#repeat#range_percent": 0, 
  "##characteristics#run#repeat#repeats": 4, 
  "##characteristics#run#return_code#all": [
    0, 
    0, 
    0, 
    0
  ], 
  "##characteristics#run#return_code#all_unique": [
    0
  ], 
  "##characteristics#run#return_code#center": 0, 
  "##characteristics#run#return_code#halfrange": 0, 
  "##characteristics#run#return_code#max": 0, 
  "##characteristics#run#return_code#mean": 0.0, 
  "##characteristics#run#return_code#min": 0, 
  "##characteristics#run#return_code#min_imp": 1, 
  "##characteristics#run#return_code#range": 0, 
  "##characteristics#run#return_code#repeats": 4, 
  "##characteristics#run#run_success#all": [
    "yes", 
    "yes", 
    "yes", 
    "yes"
  ], 
  "##characteristics#run#run_success#all_unique": [
    "yes"
  ], 
  "##characteristics#run#run_success#min": "yes", 
  "##characteristics#run#run_success#min_imp": 1, 
  "##characteristics#run#run_success#repeats": 4, 
  "##characteristics#run#run_success_bool#all": [
    true, 
    true, 
    true, 
    true
  ], 
  "##characteristics#run#run_success_bool#all_unique": [
    true
  ], 
  "##characteristics#run#run_success_bool#min": true, 
  "##characteristics#run#run_success_bool#min_imp": 1, 
  "##characteristics#run#run_success_bool#repeats": 4, 
  "##characteristics#run#total_execution_time#all": [
    10.236745, 
    8.294111, 
    6.904172, 
    6.037271
  ], 
  "##characteristics#run#total_execution_time#all_unique": [
    10.236745, 
    8.294111, 
    6.904172, 
    6.037271
  ], 
  "##characteristics#run#total_execution_time#center": 8.137008, 
  "##characteristics#run#total_execution_time#center_imp": 0.872730984165187, 
  "##characteristics#run#total_execution_time#halfrange": 2.0997370000000006, 
  "##characteristics#run#total_execution_time#max": 10.236745, 
  "##characteristics#run#total_execution_time#mean": 7.86807475, 
  "##characteristics#run#total_execution_time#mean_imp": 0.9026723786527321, 
  "##characteristics#run#total_execution_time#min": 6.037271, 
  "##characteristics#run#total_execution_time#min_imp": 1.098933441947529, 
  "##characteristics#run#total_execution_time#range": 4.199474000000001, 
  "##characteristics#run#total_execution_time#range_percent": 0.6955914352693463, 
  "##characteristics#run#total_execution_time#repeats": 4
}
