{
  "##characteristics#compile#binary_size#all": [
    99964
  ], 
  "##characteristics#compile#binary_size#all_unique": [
    99964
  ], 
  "##characteristics#compile#binary_size#center": 99964, 
  "##characteristics#compile#binary_size#center_imp": 1.0146852867032132, 
  "##characteristics#compile#binary_size#halfrange": 0, 
  "##characteristics#compile#binary_size#max": 99964, 
  "##characteristics#compile#binary_size#mean": 99964.0, 
  "##characteristics#compile#binary_size#mean_imp": 1.0146852867032132, 
  "##characteristics#compile#binary_size#min": 99964, 
  "##characteristics#compile#binary_size#min_imp": 1.0146852867032132, 
  "##characteristics#compile#binary_size#range": 0, 
  "##characteristics#compile#binary_size#range_percent": 0, 
  "##characteristics#compile#binary_size#repeats": 1, 
  "##characteristics#compile#compilation_success#all": [
    "yes"
  ], 
  "##characteristics#compile#compilation_success#all_unique": [
    "yes"
  ], 
  "##characteristics#compile#compilation_success#min": "yes", 
  "##characteristics#compile#compilation_success#min_imp": 0, 
  "##characteristics#compile#compilation_success#repeats": 1, 
  "##characteristics#compile#compilation_success_bool#all": [
    true
  ], 
  "##characteristics#compile#compilation_success_bool#all_unique": [
    true
  ], 
  "##characteristics#compile#compilation_success_bool#min": true, 
  "##characteristics#compile#compilation_success_bool#min_imp": 0, 
  "##characteristics#compile#compilation_success_bool#repeats": 1, 
  "##characteristics#compile#compilation_time#all": [
    95.1261248588562
  ], 
  "##characteristics#compile#compilation_time#all_unique": [
    95.1261248588562
  ], 
  "##characteristics#compile#compilation_time#center": 95.1261248588562, 
  "##characteristics#compile#compilation_time#center_imp": 1.0734295025689076, 
  "##characteristics#compile#compilation_time#halfrange": 0.0, 
  "##characteristics#compile#compilation_time#max": 95.1261248588562, 
  "##characteristics#compile#compilation_time#mean": 95.1261248588562, 
  "##characteristics#compile#compilation_time#mean_imp": 1.0734295025689076, 
  "##characteristics#compile#compilation_time#min": 95.1261248588562, 
  "##characteristics#compile#compilation_time#min_imp": 1.0734295025689076, 
  "##characteristics#compile#compilation_time#range": 0.0, 
  "##characteristics#compile#compilation_time#range_percent": 0.0, 
  "##characteristics#compile#compilation_time#repeats": 1, 
  "##characteristics#compile#compilation_time_with_module#all": [
    100.06537389755249
  ], 
  "##characteristics#compile#compilation_time_with_module#all_unique": [
    100.06537389755249
  ], 
  "##characteristics#compile#compilation_time_with_module#center": 100.06537389755249, 
  "##characteristics#compile#compilation_time_with_module#center_imp": 1.0687222754705203, 
  "##characteristics#compile#compilation_time_with_module#halfrange": 0.0, 
  "##characteristics#compile#compilation_time_with_module#max": 100.06537389755249, 
  "##characteristics#compile#compilation_time_with_module#mean": 100.06537389755249, 
  "##characteristics#compile#compilation_time_with_module#mean_imp": 1.0687222754705203, 
  "##characteristics#compile#compilation_time_with_module#min": 100.06537389755249, 
  "##characteristics#compile#compilation_time_with_module#min_imp": 1.0687222754705203, 
  "##characteristics#compile#compilation_time_with_module#range": 0.0, 
  "##characteristics#compile#compilation_time_with_module#range_percent": 0.0, 
  "##characteristics#compile#compilation_time_with_module#repeats": 1, 
  "##characteristics#compile#joined_compiler_flags#all": [
    "-O3 -fexcess-precision=fast -fno-branch-probabilities -fcprop-registers -fno-cse-skip-blocks -ffloat-store -fno-modulo-sched -fpeel-loops -fno-prefetch-loop-arrays -fno-rerun-cse-after-loop -fno-sched-spec -fno-signaling-nans -fsplit-ivs-in-unroller -ftree-loop-im -fno-tree-pre -ftree-vrp"
  ], 
  "##characteristics#compile#joined_compiler_flags#all_unique": [
    "-O3 -fexcess-precision=fast -fno-branch-probabilities -fcprop-registers -fno-cse-skip-blocks -ffloat-store -fno-modulo-sched -fpeel-loops -fno-prefetch-loop-arrays -fno-rerun-cse-after-loop -fno-sched-spec -fno-signaling-nans -fsplit-ivs-in-unroller -ftree-loop-im -fno-tree-pre -ftree-vrp"
  ], 
  "##characteristics#compile#joined_compiler_flags#min": "-O3 -fexcess-precision=fast -fno-branch-probabilities -fcprop-registers -fno-cse-skip-blocks -ffloat-store -fno-modulo-sched -fpeel-loops -fno-prefetch-loop-arrays -fno-rerun-cse-after-loop -fno-sched-spec -fno-signaling-nans -fsplit-ivs-in-unroller -ftree-loop-im -fno-tree-pre -ftree-vrp", 
  "##characteristics#compile#joined_compiler_flags#min_imp": 0, 
  "##characteristics#compile#joined_compiler_flags#repeats": 1, 
  "##characteristics#compile#md5_sum#all": [
    "3dd175444b48e676b83630d961b88d95"
  ], 
  "##characteristics#compile#md5_sum#all_unique": [
    "3dd175444b48e676b83630d961b88d95"
  ], 
  "##characteristics#compile#md5_sum#min": "3dd175444b48e676b83630d961b88d95", 
  "##characteristics#compile#md5_sum#min_imp": 0, 
  "##characteristics#compile#md5_sum#repeats": 1, 
  "##characteristics#compile#obj_size#all": [
    113500
  ], 
  "##characteristics#compile#obj_size#all_unique": [
    113500
  ], 
  "##characteristics#compile#obj_size#center": 113500, 
  "##characteristics#compile#obj_size#center_imp": 1.0133568281938325, 
  "##characteristics#compile#obj_size#halfrange": 0, 
  "##characteristics#compile#obj_size#max": 113500, 
  "##characteristics#compile#obj_size#mean": 113500.0, 
  "##characteristics#compile#obj_size#mean_imp": 1.0133568281938325, 
  "##characteristics#compile#obj_size#min": 113500, 
  "##characteristics#compile#obj_size#min_imp": 1.0133568281938325, 
  "##characteristics#compile#obj_size#range": 0, 
  "##characteristics#compile#obj_size#range_percent": 0, 
  "##characteristics#compile#obj_size#repeats": 1, 
  "##characteristics#compile#obj_sizes#adler32.o#all": [
    2428
  ], 
  "##characteristics#compile#obj_sizes#adler32.o#all_unique": [
    2428
  ], 
  "##characteristics#compile#obj_sizes#adler32.o#center": 2428, 
  "##characteristics#compile#obj_sizes#adler32.o#center_imp": 0.9983525535420099, 
  "##characteristics#compile#obj_sizes#adler32.o#halfrange": 0, 
  "##characteristics#compile#obj_sizes#adler32.o#max": 2428, 
  "##characteristics#compile#obj_sizes#adler32.o#mean": 2428.0, 
  "##characteristics#compile#obj_sizes#adler32.o#mean_imp": 0.9983525535420099, 
  "##characteristics#compile#obj_sizes#adler32.o#min": 2428, 
  "##characteristics#compile#obj_sizes#adler32.o#min_imp": 0.9983525535420099, 
  "##characteristics#compile#obj_sizes#adler32.o#range": 0, 
  "##characteristics#compile#obj_sizes#adler32.o#range_percent": 0, 
  "##characteristics#compile#obj_sizes#adler32.o#repeats": 1, 
  "##characteristics#compile#obj_sizes#compress.o#all": [
    1568
  ], 
  "##characteristics#compile#obj_sizes#compress.o#all_unique": [
    1568
  ], 
  "##characteristics#compile#obj_sizes#compress.o#center": 1568, 
  "##characteristics#compile#obj_sizes#compress.o#center_imp": 1.0, 
  "##characteristics#compile#obj_sizes#compress.o#halfrange": 0, 
  "##characteristics#compile#obj_sizes#compress.o#max": 1568, 
  "##characteristics#compile#obj_sizes#compress.o#mean": 1568.0, 
  "##characteristics#compile#obj_sizes#compress.o#mean_imp": 1.0, 
  "##characteristics#compile#obj_sizes#compress.o#min": 1568, 
  "##characteristics#compile#obj_sizes#compress.o#min_imp": 1.0, 
  "##characteristics#compile#obj_sizes#compress.o#range": 0, 
  "##characteristics#compile#obj_sizes#compress.o#range_percent": 0, 
  "##characteristics#compile#obj_sizes#compress.o#repeats": 1, 
  "##characteristics#compile#obj_sizes#crc32.o#all": [
    10796
  ], 
  "##characteristics#compile#obj_sizes#crc32.o#all_unique": [
    10796
  ], 
  "##characteristics#compile#obj_sizes#crc32.o#center": 10796, 
  "##characteristics#compile#obj_sizes#crc32.o#center_imp": 1.0074101519081142, 
  "##characteristics#compile#obj_sizes#crc32.o#halfrange": 0, 
  "##characteristics#compile#obj_sizes#crc32.o#max": 10796, 
  "##characteristics#compile#obj_sizes#crc32.o#mean": 10796.0, 
  "##characteristics#compile#obj_sizes#crc32.o#mean_imp": 1.0074101519081142, 
  "##characteristics#compile#obj_sizes#crc32.o#min": 10796, 
  "##characteristics#compile#obj_sizes#crc32.o#min_imp": 1.0074101519081142, 
  "##characteristics#compile#obj_sizes#crc32.o#range": 0, 
  "##characteristics#compile#obj_sizes#crc32.o#range_percent": 0, 
  "##characteristics#compile#obj_sizes#crc32.o#repeats": 1, 
  "##characteristics#compile#obj_sizes#ctuning-rtl.o#all": [
    4804
  ], 
  "##characteristics#compile#obj_sizes#ctuning-rtl.o#all_unique": [
    4804
  ], 
  "##characteristics#compile#obj_sizes#ctuning-rtl.o#center": 4804, 
  "##characteristics#compile#obj_sizes#ctuning-rtl.o#center_imp": 1.0, 
  "##characteristics#compile#obj_sizes#ctuning-rtl.o#halfrange": 0, 
  "##characteristics#compile#obj_sizes#ctuning-rtl.o#max": 4804, 
  "##characteristics#compile#obj_sizes#ctuning-rtl.o#mean": 4804.0, 
  "##characteristics#compile#obj_sizes#ctuning-rtl.o#mean_imp": 1.0, 
  "##characteristics#compile#obj_sizes#ctuning-rtl.o#min": 4804, 
  "##characteristics#compile#obj_sizes#ctuning-rtl.o#min_imp": 1.0, 
  "##characteristics#compile#obj_sizes#ctuning-rtl.o#range": 0, 
  "##characteristics#compile#obj_sizes#ctuning-rtl.o#range_percent": 0, 
  "##characteristics#compile#obj_sizes#ctuning-rtl.o#repeats": 1, 
  "##characteristics#compile#obj_sizes#deflate.o#all": [
    19524
  ], 
  "##characteristics#compile#obj_sizes#deflate.o#all_unique": [
    19524
  ], 
  "##characteristics#compile#obj_sizes#deflate.o#center": 19524, 
  "##characteristics#compile#obj_sizes#deflate.o#center_imp": 1.0331899200983405, 
  "##characteristics#compile#obj_sizes#deflate.o#halfrange": 0, 
  "##characteristics#compile#obj_sizes#deflate.o#max": 19524, 
  "##characteristics#compile#obj_sizes#deflate.o#mean": 19524.0, 
  "##characteristics#compile#obj_sizes#deflate.o#mean_imp": 1.0331899200983405, 
  "##characteristics#compile#obj_sizes#deflate.o#min": 19524, 
  "##characteristics#compile#obj_sizes#deflate.o#min_imp": 1.0331899200983405, 
  "##characteristics#compile#obj_sizes#deflate.o#range": 0, 
  "##characteristics#compile#obj_sizes#deflate.o#range_percent": 0, 
  "##characteristics#compile#obj_sizes#deflate.o#repeats": 1, 
  "##characteristics#compile#obj_sizes#gzclose.o#all": [
    980
  ], 
  "##characteristics#compile#obj_sizes#gzclose.o#all_unique": [
    980
  ], 
  "##characteristics#compile#obj_sizes#gzclose.o#center": 980, 
  "##characteristics#compile#obj_sizes#gzclose.o#center_imp": 1.0, 
  "##characteristics#compile#obj_sizes#gzclose.o#halfrange": 0, 
  "##characteristics#compile#obj_sizes#gzclose.o#max": 980, 
  "##characteristics#compile#obj_sizes#gzclose.o#mean": 980.0, 
  "##characteristics#compile#obj_sizes#gzclose.o#mean_imp": 1.0, 
  "##characteristics#compile#obj_sizes#gzclose.o#min": 980, 
  "##characteristics#compile#obj_sizes#gzclose.o#min_imp": 1.0, 
  "##characteristics#compile#obj_sizes#gzclose.o#range": 0, 
  "##characteristics#compile#obj_sizes#gzclose.o#range_percent": 0, 
  "##characteristics#compile#obj_sizes#gzclose.o#repeats": 1, 
  "##characteristics#compile#obj_sizes#gzlib.o#all": [
    6344
  ], 
  "##characteristics#compile#obj_sizes#gzlib.o#all_unique": [
    6344
  ], 
  "##characteristics#compile#obj_sizes#gzlib.o#center": 6344, 
  "##characteristics#compile#obj_sizes#gzlib.o#center_imp": 0.9930643127364439, 
  "##characteristics#compile#obj_sizes#gzlib.o#halfrange": 0, 
  "##characteristics#compile#obj_sizes#gzlib.o#max": 6344, 
  "##characteristics#compile#obj_sizes#gzlib.o#mean": 6344.0, 
  "##characteristics#compile#obj_sizes#gzlib.o#mean_imp": 0.9930643127364439, 
  "##characteristics#compile#obj_sizes#gzlib.o#min": 6344, 
  "##characteristics#compile#obj_sizes#gzlib.o#min_imp": 0.9930643127364439, 
  "##characteristics#compile#obj_sizes#gzlib.o#range": 0, 
  "##characteristics#compile#obj_sizes#gzlib.o#range_percent": 0, 
  "##characteristics#compile#obj_sizes#gzlib.o#repeats": 1, 
  "##characteristics#compile#obj_sizes#gzread.o#all": [
    5796
  ], 
  "##characteristics#compile#obj_sizes#gzread.o#all_unique": [
    5796
  ], 
  "##characteristics#compile#obj_sizes#gzread.o#center": 5796, 
  "##characteristics#compile#obj_sizes#gzread.o#center_imp": 0.9965493443754313, 
  "##characteristics#compile#obj_sizes#gzread.o#halfrange": 0, 
  "##characteristics#compile#obj_sizes#gzread.o#max": 5796, 
  "##characteristics#compile#obj_sizes#gzread.o#mean": 5796.0, 
  "##characteristics#compile#obj_sizes#gzread.o#mean_imp": 0.9965493443754313, 
  "##characteristics#compile#obj_sizes#gzread.o#min": 5796, 
  "##characteristics#compile#obj_sizes#gzread.o#min_imp": 0.9965493443754313, 
  "##characteristics#compile#obj_sizes#gzread.o#range": 0, 
  "##characteristics#compile#obj_sizes#gzread.o#range_percent": 0, 
  "##characteristics#compile#obj_sizes#gzread.o#repeats": 1, 
  "##characteristics#compile#obj_sizes#gzwrite.o#all": [
    10288
  ], 
  "##characteristics#compile#obj_sizes#gzwrite.o#all_unique": [
    10288
  ], 
  "##characteristics#compile#obj_sizes#gzwrite.o#center": 10288, 
  "##characteristics#compile#obj_sizes#gzwrite.o#center_imp": 0.9976671850699844, 
  "##characteristics#compile#obj_sizes#gzwrite.o#halfrange": 0, 
  "##characteristics#compile#obj_sizes#gzwrite.o#max": 10288, 
  "##characteristics#compile#obj_sizes#gzwrite.o#mean": 10288.0, 
  "##characteristics#compile#obj_sizes#gzwrite.o#mean_imp": 0.9976671850699844, 
  "##characteristics#compile#obj_sizes#gzwrite.o#min": 10288, 
  "##characteristics#compile#obj_sizes#gzwrite.o#min_imp": 0.9976671850699844, 
  "##characteristics#compile#obj_sizes#gzwrite.o#range": 0, 
  "##characteristics#compile#obj_sizes#gzwrite.o#range_percent": 0, 
  "##characteristics#compile#obj_sizes#gzwrite.o#repeats": 1, 
  "##characteristics#compile#obj_sizes#infback.o#all": [
    9236
  ], 
  "##characteristics#compile#obj_sizes#infback.o#all_unique": [
    9236
  ], 
  "##characteristics#compile#obj_sizes#infback.o#center": 9236, 
  "##characteristics#compile#obj_sizes#infback.o#center_imp": 1.0363793850151581, 
  "##characteristics#compile#obj_sizes#infback.o#halfrange": 0, 
  "##characteristics#compile#obj_sizes#infback.o#max": 9236, 
  "##characteristics#compile#obj_sizes#infback.o#mean": 9236.0, 
  "##characteristics#compile#obj_sizes#infback.o#mean_imp": 1.0363793850151581, 
  "##characteristics#compile#obj_sizes#infback.o#min": 9236, 
  "##characteristics#compile#obj_sizes#infback.o#min_imp": 1.0363793850151581, 
  "##characteristics#compile#obj_sizes#infback.o#range": 0, 
  "##characteristics#compile#obj_sizes#infback.o#range_percent": 0, 
  "##characteristics#compile#obj_sizes#infback.o#repeats": 1, 
  "##characteristics#compile#obj_sizes#inffast.o#all": [
    3972
  ], 
  "##characteristics#compile#obj_sizes#inffast.o#all_unique": [
    3972
  ], 
  "##characteristics#compile#obj_sizes#inffast.o#center": 3972, 
  "##characteristics#compile#obj_sizes#inffast.o#center_imp": 1.0060422960725075, 
  "##characteristics#compile#obj_sizes#inffast.o#halfrange": 0, 
  "##characteristics#compile#obj_sizes#inffast.o#max": 3972, 
  "##characteristics#compile#obj_sizes#inffast.o#mean": 3972.0, 
  "##characteristics#compile#obj_sizes#inffast.o#mean_imp": 1.0060422960725075, 
  "##characteristics#compile#obj_sizes#inffast.o#min": 3972, 
  "##characteristics#compile#obj_sizes#inffast.o#min_imp": 1.0060422960725075, 
  "##characteristics#compile#obj_sizes#inffast.o#range": 0, 
  "##characteristics#compile#obj_sizes#inffast.o#range_percent": 0, 
  "##characteristics#compile#obj_sizes#inffast.o#repeats": 1, 
  "##characteristics#compile#obj_sizes#inflate.o#all": [
    16416
  ], 
  "##characteristics#compile#obj_sizes#inflate.o#all_unique": [
    16416
  ], 
  "##characteristics#compile#obj_sizes#inflate.o#center": 16416, 
  "##characteristics#compile#obj_sizes#inflate.o#center_imp": 1.0209551656920077, 
  "##characteristics#compile#obj_sizes#inflate.o#halfrange": 0, 
  "##characteristics#compile#obj_sizes#inflate.o#max": 16416, 
  "##characteristics#compile#obj_sizes#inflate.o#mean": 16416.0, 
  "##characteristics#compile#obj_sizes#inflate.o#mean_imp": 1.0209551656920077, 
  "##characteristics#compile#obj_sizes#inflate.o#min": 16416, 
  "##characteristics#compile#obj_sizes#inflate.o#min_imp": 1.0209551656920077, 
  "##characteristics#compile#obj_sizes#inflate.o#range": 0, 
  "##characteristics#compile#obj_sizes#inflate.o#range_percent": 0, 
  "##characteristics#compile#obj_sizes#inflate.o#repeats": 1, 
  "##characteristics#compile#obj_sizes#inftrees.o#all": [
    4300
  ], 
  "##characteristics#compile#obj_sizes#inftrees.o#all_unique": [
    4300
  ], 
  "##characteristics#compile#obj_sizes#inftrees.o#center": 4300, 
  "##characteristics#compile#obj_sizes#inftrees.o#center_imp": 1.027906976744186, 
  "##characteristics#compile#obj_sizes#inftrees.o#halfrange": 0, 
  "##characteristics#compile#obj_sizes#inftrees.o#max": 4300, 
  "##characteristics#compile#obj_sizes#inftrees.o#mean": 4300.0, 
  "##characteristics#compile#obj_sizes#inftrees.o#mean_imp": 1.027906976744186, 
  "##characteristics#compile#obj_sizes#inftrees.o#min": 4300, 
  "##characteristics#compile#obj_sizes#inftrees.o#min_imp": 1.027906976744186, 
  "##characteristics#compile#obj_sizes#inftrees.o#range": 0, 
  "##characteristics#compile#obj_sizes#inftrees.o#range_percent": 0, 
  "##characteristics#compile#obj_sizes#inftrees.o#repeats": 1, 
  "##characteristics#compile#obj_sizes#trees.o#all": [
    14128
  ], 
  "##characteristics#compile#obj_sizes#trees.o#all_unique": [
    14128
  ], 
  "##characteristics#compile#obj_sizes#trees.o#center": 14128, 
  "##characteristics#compile#obj_sizes#trees.o#center_imp": 1.0039637599093998, 
  "##characteristics#compile#obj_sizes#trees.o#halfrange": 0, 
  "##characteristics#compile#obj_sizes#trees.o#max": 14128, 
  "##characteristics#compile#obj_sizes#trees.o#mean": 14128.0, 
  "##characteristics#compile#obj_sizes#trees.o#mean_imp": 1.0039637599093998, 
  "##characteristics#compile#obj_sizes#trees.o#min": 14128, 
  "##characteristics#compile#obj_sizes#trees.o#min_imp": 1.0039637599093998, 
  "##characteristics#compile#obj_sizes#trees.o#range": 0, 
  "##characteristics#compile#obj_sizes#trees.o#range_percent": 0, 
  "##characteristics#compile#obj_sizes#trees.o#repeats": 1, 
  "##characteristics#compile#obj_sizes#uncompr.o#all": [
    1272
  ], 
  "##characteristics#compile#obj_sizes#uncompr.o#all_unique": [
    1272
  ], 
  "##characteristics#compile#obj_sizes#uncompr.o#center": 1272, 
  "##characteristics#compile#obj_sizes#uncompr.o#center_imp": 1.0, 
  "##characteristics#compile#obj_sizes#uncompr.o#halfrange": 0, 
  "##characteristics#compile#obj_sizes#uncompr.o#max": 1272, 
  "##characteristics#compile#obj_sizes#uncompr.o#mean": 1272.0, 
  "##characteristics#compile#obj_sizes#uncompr.o#mean_imp": 1.0, 
  "##characteristics#compile#obj_sizes#uncompr.o#min": 1272, 
  "##characteristics#compile#obj_sizes#uncompr.o#min_imp": 1.0, 
  "##characteristics#compile#obj_sizes#uncompr.o#range": 0, 
  "##characteristics#compile#obj_sizes#uncompr.o#range_percent": 0, 
  "##characteristics#compile#obj_sizes#uncompr.o#repeats": 1, 
  "##characteristics#compile#obj_sizes#zutil.o#all": [
    1648
  ], 
  "##characteristics#compile#obj_sizes#zutil.o#all_unique": [
    1648
  ], 
  "##characteristics#compile#obj_sizes#zutil.o#center": 1648, 
  "##characteristics#compile#obj_sizes#zutil.o#center_imp": 1.0, 
  "##characteristics#compile#obj_sizes#zutil.o#halfrange": 0, 
  "##characteristics#compile#obj_sizes#zutil.o#max": 1648, 
  "##characteristics#compile#obj_sizes#zutil.o#mean": 1648.0, 
  "##characteristics#compile#obj_sizes#zutil.o#mean_imp": 1.0, 
  "##characteristics#compile#obj_sizes#zutil.o#min": 1648, 
  "##characteristics#compile#obj_sizes#zutil.o#min_imp": 1.0, 
  "##characteristics#compile#obj_sizes#zutil.o#range": 0, 
  "##characteristics#compile#obj_sizes#zutil.o#range_percent": 0, 
  "##characteristics#compile#obj_sizes#zutil.o#repeats": 1, 
  "##characteristics#compile#program_git_hash#all": [
    "f3b3ffe43b24039767a39c7f85ab4b768684a65b"
  ], 
  "##characteristics#compile#program_git_hash#all_unique": [
    "f3b3ffe43b24039767a39c7f85ab4b768684a65b"
  ], 
  "##characteristics#compile#program_git_hash#min": "f3b3ffe43b24039767a39c7f85ab4b768684a65b", 
  "##characteristics#compile#program_git_hash#min_imp": 0, 
  "##characteristics#compile#program_git_hash#repeats": 1, 
  "##characteristics#run#execution_time#all": [
    0.8840465999999999, 
    0.757212, 
    0.7215823, 
    0.7334397
  ], 
  "##characteristics#run#execution_time#all_unique": [
    0.8840465999999999, 
    0.757212, 
    0.7215823, 
    0.7334397
  ], 
  "##characteristics#run#execution_time#center": 0.80281445, 
  "##characteristics#run#execution_time#center_imp": 0.8845654185721247, 
  "##characteristics#run#execution_time#halfrange": 0.08123214999999995, 
  "##characteristics#run#execution_time#max": 0.8840465999999999, 
  "##characteristics#run#execution_time#mean": 0.77407015, 
  "##characteristics#run#execution_time#mean_imp": 0.917525853438477, 
  "##characteristics#run#execution_time#min": 0.7215823, 
  "##characteristics#run#execution_time#min_imp": 0.9194459176728698, 
  "##characteristics#run#execution_time#range": 0.1624642999999999, 
  "##characteristics#run#execution_time#range_percent": 0.22515006257775433, 
  "##characteristics#run#execution_time#repeats": 4, 
  "##characteristics#run#execution_time_kernel_0#all": [
    8.840466, 
    7.57212, 
    7.215823, 
    7.334397
  ], 
  "##characteristics#run#execution_time_kernel_0#all_unique": [
    8.840466, 
    7.57212, 
    7.215823, 
    7.334397
  ], 
  "##characteristics#run#execution_time_kernel_0#center": 8.0281445, 
  "##characteristics#run#execution_time_kernel_0#center_imp": 0.8845654185721247, 
  "##characteristics#run#execution_time_kernel_0#halfrange": 0.8123214999999995, 
  "##characteristics#run#execution_time_kernel_0#max": 8.840466, 
  "##characteristics#run#execution_time_kernel_0#mean": 7.740701499999999, 
  "##characteristics#run#execution_time_kernel_0#mean_imp": 0.9175258534384773, 
  "##characteristics#run#execution_time_kernel_0#min": 7.215823, 
  "##characteristics#run#execution_time_kernel_0#min_imp": 0.9194459176728698, 
  "##characteristics#run#execution_time_kernel_0#range": 1.624642999999999, 
  "##characteristics#run#execution_time_kernel_0#range_percent": 0.22515006257775433, 
  "##characteristics#run#execution_time_kernel_0#repeats": 4, 
  "##characteristics#run#execution_time_with_module#all": [
    9.551158905029297, 
    8.281767845153809, 
    10.53808307647705, 
    8.04947805404663
  ], 
  "##characteristics#run#execution_time_with_module#all_unique": [
    9.551158905029297, 
    8.281767845153809, 
    10.53808307647705, 
    8.04947805404663
  ], 
  "##characteristics#run#execution_time_with_module#center": 9.29378056526184, 
  "##characteristics#run#execution_time_with_module#center_imp": 1.8886099491543828, 
  "##characteristics#run#execution_time_with_module#halfrange": 1.24430251121521, 
  "##characteristics#run#execution_time_with_module#max": 10.53808307647705, 
  "##characteristics#run#execution_time_with_module#mean": 9.105121970176697, 
  "##characteristics#run#execution_time_with_module#mean_imp": 1.4031076731929681, 
  "##characteristics#run#execution_time_with_module#min": 8.04947805404663, 
  "##characteristics#run#execution_time_with_module#min_imp": 0.9130514883052695, 
  "##characteristics#run#execution_time_with_module#range": 2.48860502243042, 
  "##characteristics#run#execution_time_with_module#range_percent": 0.3091635265940441, 
  "##characteristics#run#execution_time_with_module#repeats": 4, 
  "##characteristics#run#repeat#all": [
    10, 
    10, 
    10, 
    10
  ], 
  "##characteristics#run#repeat#all_unique": [
    10
  ], 
  "##characteristics#run#repeat#center": 10, 
  "##characteristics#run#repeat#center_imp": 1.0, 
  "##characteristics#run#repeat#halfrange": 0, 
  "##characteristics#run#repeat#max": 10, 
  "##characteristics#run#repeat#mean": 10.0, 
  "##characteristics#run#repeat#mean_imp": 1.0, 
  "##characteristics#run#repeat#min": 10, 
  "##characteristics#run#repeat#min_imp": 1.0, 
  "##characteristics#run#repeat#range": 0, 
  "##characteristics#run#repeat#range_percent": 0, 
  "##characteristics#run#repeat#repeats": 4, 
  "##characteristics#run#return_code#all": [
    0, 
    0, 
    0, 
    0
  ], 
  "##characteristics#run#return_code#all_unique": [
    0
  ], 
  "##characteristics#run#return_code#center": 0, 
  "##characteristics#run#return_code#halfrange": 0, 
  "##characteristics#run#return_code#max": 0, 
  "##characteristics#run#return_code#mean": 0.0, 
  "##characteristics#run#return_code#min": 0, 
  "##characteristics#run#return_code#min_imp": 1, 
  "##characteristics#run#return_code#range": 0, 
  "##characteristics#run#return_code#repeats": 4, 
  "##characteristics#run#run_success#all": [
    "yes", 
    "yes", 
    "yes", 
    "yes"
  ], 
  "##characteristics#run#run_success#all_unique": [
    "yes"
  ], 
  "##characteristics#run#run_success#min": "yes", 
  "##characteristics#run#run_success#min_imp": 1, 
  "##characteristics#run#run_success#repeats": 4, 
  "##characteristics#run#run_success_bool#all": [
    true, 
    true, 
    true, 
    true
  ], 
  "##characteristics#run#run_success_bool#all_unique": [
    true
  ], 
  "##characteristics#run#run_success_bool#min": true, 
  "##characteristics#run#run_success_bool#min_imp": 1, 
  "##characteristics#run#run_success_bool#repeats": 4, 
  "##characteristics#run#total_execution_time#all": [
    8.840466, 
    7.57212, 
    7.215823, 
    7.334397
  ], 
  "##characteristics#run#total_execution_time#all_unique": [
    8.840466, 
    7.57212, 
    7.215823, 
    7.334397
  ], 
  "##characteristics#run#total_execution_time#center": 8.0281445, 
  "##characteristics#run#total_execution_time#center_imp": 0.8845654185721247, 
  "##characteristics#run#total_execution_time#halfrange": 0.8123214999999995, 
  "##characteristics#run#total_execution_time#max": 8.840466, 
  "##characteristics#run#total_execution_time#mean": 7.740701499999999, 
  "##characteristics#run#total_execution_time#mean_imp": 0.9175258534384773, 
  "##characteristics#run#total_execution_time#min": 7.215823, 
  "##characteristics#run#total_execution_time#min_imp": 0.9194459176728698, 
  "##characteristics#run#total_execution_time#range": 1.624642999999999, 
  "##characteristics#run#total_execution_time#range_percent": 0.22515006257775433, 
  "##characteristics#run#total_execution_time#repeats": 4
}
