{
  "##choices#calibration_time": 10.0, 
  "##choices#cmd_key": "encode", 
  "##choices#compile_type": "dynamic", 
  "##choices#compiler_description_uoa": "gcc-4.9.0-auto", 
  "##choices#compiler_flags#base_opt": "-O3", 
  "##choices#compiler_flags#bool-associative-math": "-fno-associative-math", 
  "##choices#compiler_flags#bool-cse-follow-jumps": "-fno-cse-follow-jumps", 
  "##choices#compiler_flags#bool-dse": "-fno-dse", 
  "##choices#compiler_flags#bool-finite-math-only": "-ffinite-math-only", 
  "##choices#compiler_flags#bool-gcse-lm": "-fno-gcse-lm", 
  "##choices#compiler_flags#bool-inline": "-finline", 
  "##choices#compiler_flags#bool-ipa-cp-clone": "-fno-ipa-cp-clone", 
  "##choices#compiler_flags#bool-optimize-sibling-calls": "-foptimize-sibling-calls", 
  "##choices#compiler_flags#bool-reorder-functions": "-freorder-functions", 
  "##choices#compiler_flags#bool-sched-group-heuristic": "-fno-sched-group-heuristic", 
  "##choices#compiler_flags#bool-sched-last-insn-heuristic": "-fsched-last-insn-heuristic", 
  "##choices#compiler_flags#bool-signaling-nans": "-fsignaling-nans", 
  "##choices#compiler_flags#bool-single-precision-constant": "-fsingle-precision-constant", 
  "##choices#data_uoa": "minigzip", 
  "##choices#dataset_file": "data.wav", 
  "##choices#dataset_uoa": "audio-wav-0001", 
  "##choices#device_id": "", 
  "##choices#host_os": "linux-32", 
  "##choices#module_uoa": "b0ac08fe1d3c2615", 
  "##choices#no_state_check": "yes", 
  "##choices#program_tags": "", 
  "##choices#repeat": 10, 
  "##choices#target": "", 
  "##choices#target_os": "linux-32", 
  "##choices#target_os_bits": "32"
}
