{
  "##characteristics#compile#binary_size#all": [
    101560
  ], 
  "##characteristics#compile#binary_size#all_unique": [
    101560
  ], 
  "##characteristics#compile#binary_size#center": 101560, 
  "##characteristics#compile#binary_size#center_imp": 0.9987396612839701, 
  "##characteristics#compile#binary_size#halfrange": 0, 
  "##characteristics#compile#binary_size#max": 101560, 
  "##characteristics#compile#binary_size#mean": 101560.0, 
  "##characteristics#compile#binary_size#mean_imp": 0.9987396612839701, 
  "##characteristics#compile#binary_size#min": 101560, 
  "##characteristics#compile#binary_size#min_imp": 0.9987396612839701, 
  "##characteristics#compile#binary_size#range": 0, 
  "##characteristics#compile#binary_size#range_percent": 0, 
  "##characteristics#compile#binary_size#repeats": 1, 
  "##characteristics#compile#compilation_success#all": [
    "yes"
  ], 
  "##characteristics#compile#compilation_success#all_unique": [
    "yes"
  ], 
  "##characteristics#compile#compilation_success#min": "yes", 
  "##characteristics#compile#compilation_success#min_imp": 0, 
  "##characteristics#compile#compilation_success#repeats": 1, 
  "##characteristics#compile#compilation_success_bool#all": [
    true
  ], 
  "##characteristics#compile#compilation_success_bool#all_unique": [
    true
  ], 
  "##characteristics#compile#compilation_success_bool#min": true, 
  "##characteristics#compile#compilation_success_bool#min_imp": 0, 
  "##characteristics#compile#compilation_success_bool#repeats": 1, 
  "##characteristics#compile#compilation_time#all": [
    100.36599397659302
  ], 
  "##characteristics#compile#compilation_time#all_unique": [
    100.36599397659302
  ], 
  "##characteristics#compile#compilation_time#center": 100.36599397659302, 
  "##characteristics#compile#compilation_time#center_imp": 1.017388308956157, 
  "##characteristics#compile#compilation_time#halfrange": 0.0, 
  "##characteristics#compile#compilation_time#max": 100.36599397659302, 
  "##characteristics#compile#compilation_time#mean": 100.36599397659302, 
  "##characteristics#compile#compilation_time#mean_imp": 1.017388308956157, 
  "##characteristics#compile#compilation_time#min": 100.36599397659302, 
  "##characteristics#compile#compilation_time#min_imp": 1.017388308956157, 
  "##characteristics#compile#compilation_time#range": 0.0, 
  "##characteristics#compile#compilation_time#range_percent": 0.0, 
  "##characteristics#compile#compilation_time#repeats": 1, 
  "##characteristics#compile#compilation_time_with_module#all": [
    106.69235897064209
  ], 
  "##characteristics#compile#compilation_time_with_module#all_unique": [
    106.69235897064209
  ], 
  "##characteristics#compile#compilation_time_with_module#center": 106.69235897064209, 
  "##characteristics#compile#compilation_time_with_module#center_imp": 1.0023407029272577, 
  "##characteristics#compile#compilation_time_with_module#halfrange": 0.0, 
  "##characteristics#compile#compilation_time_with_module#max": 106.69235897064209, 
  "##characteristics#compile#compilation_time_with_module#mean": 106.69235897064209, 
  "##characteristics#compile#compilation_time_with_module#mean_imp": 1.0023407029272577, 
  "##characteristics#compile#compilation_time_with_module#min": 106.69235897064209, 
  "##characteristics#compile#compilation_time_with_module#min_imp": 1.0023407029272577, 
  "##characteristics#compile#compilation_time_with_module#range": 0.0, 
  "##characteristics#compile#compilation_time_with_module#range_percent": 0.0, 
  "##characteristics#compile#compilation_time_with_module#repeats": 1, 
  "##characteristics#compile#joined_compiler_flags#all": [
    "-O3 -ffp-contract=off -fassociative-math -fcse-follow-jumps -fno-cse-skip-blocks -fno-cx-limited-range -fno-defer-pop -fno-float-store -fno-function-sections -finline-functions-called-once -fno-ipa-cp-clone -fipa-pta -fkeep-inline-functions -floop-parallelize-all -fno-sched2-use-superblocks -fsigned-zeros -fsingle-precision-constant -fno-strict-overflow -fno-tree-copy-prop -fno-tree-dominator-opts -ftree-fre -fno-tree-ter -fuse-linker-plugin -fno-whole-program"
  ], 
  "##characteristics#compile#joined_compiler_flags#all_unique": [
    "-O3 -ffp-contract=off -fassociative-math -fcse-follow-jumps -fno-cse-skip-blocks -fno-cx-limited-range -fno-defer-pop -fno-float-store -fno-function-sections -finline-functions-called-once -fno-ipa-cp-clone -fipa-pta -fkeep-inline-functions -floop-parallelize-all -fno-sched2-use-superblocks -fsigned-zeros -fsingle-precision-constant -fno-strict-overflow -fno-tree-copy-prop -fno-tree-dominator-opts -ftree-fre -fno-tree-ter -fuse-linker-plugin -fno-whole-program"
  ], 
  "##characteristics#compile#joined_compiler_flags#min": "-O3 -ffp-contract=off -fassociative-math -fcse-follow-jumps -fno-cse-skip-blocks -fno-cx-limited-range -fno-defer-pop -fno-float-store -fno-function-sections -finline-functions-called-once -fno-ipa-cp-clone -fipa-pta -fkeep-inline-functions -floop-parallelize-all -fno-sched2-use-superblocks -fsigned-zeros -fsingle-precision-constant -fno-strict-overflow -fno-tree-copy-prop -fno-tree-dominator-opts -ftree-fre -fno-tree-ter -fuse-linker-plugin -fno-whole-program", 
  "##characteristics#compile#joined_compiler_flags#min_imp": 0, 
  "##characteristics#compile#joined_compiler_flags#repeats": 1, 
  "##characteristics#compile#md5_sum#all": [
    "b744469105daef0d95fb46ee394d3b1d"
  ], 
  "##characteristics#compile#md5_sum#all_unique": [
    "b744469105daef0d95fb46ee394d3b1d"
  ], 
  "##characteristics#compile#md5_sum#min": "b744469105daef0d95fb46ee394d3b1d", 
  "##characteristics#compile#md5_sum#min_imp": 0, 
  "##characteristics#compile#md5_sum#repeats": 1, 
  "##characteristics#compile#obj_size#all": [
    115368
  ], 
  "##characteristics#compile#obj_size#all_unique": [
    115368
  ], 
  "##characteristics#compile#obj_size#center": 115368, 
  "##characteristics#compile#obj_size#center_imp": 0.9969488939740656, 
  "##characteristics#compile#obj_size#halfrange": 0, 
  "##characteristics#compile#obj_size#max": 115368, 
  "##characteristics#compile#obj_size#mean": 115368.0, 
  "##characteristics#compile#obj_size#mean_imp": 0.9969488939740656, 
  "##characteristics#compile#obj_size#min": 115368, 
  "##characteristics#compile#obj_size#min_imp": 0.9969488939740656, 
  "##characteristics#compile#obj_size#range": 0, 
  "##characteristics#compile#obj_size#range_percent": 0, 
  "##characteristics#compile#obj_size#repeats": 1, 
  "##characteristics#compile#obj_sizes#adler32.o#all": [
    2612
  ], 
  "##characteristics#compile#obj_sizes#adler32.o#all_unique": [
    2612
  ], 
  "##characteristics#compile#obj_sizes#adler32.o#center": 2612, 
  "##characteristics#compile#obj_sizes#adler32.o#center_imp": 0.9280245022970903, 
  "##characteristics#compile#obj_sizes#adler32.o#halfrange": 0, 
  "##characteristics#compile#obj_sizes#adler32.o#max": 2612, 
  "##characteristics#compile#obj_sizes#adler32.o#mean": 2612.0, 
  "##characteristics#compile#obj_sizes#adler32.o#mean_imp": 0.9280245022970903, 
  "##characteristics#compile#obj_sizes#adler32.o#min": 2612, 
  "##characteristics#compile#obj_sizes#adler32.o#min_imp": 0.9280245022970903, 
  "##characteristics#compile#obj_sizes#adler32.o#range": 0, 
  "##characteristics#compile#obj_sizes#adler32.o#range_percent": 0, 
  "##characteristics#compile#obj_sizes#adler32.o#repeats": 1, 
  "##characteristics#compile#obj_sizes#compress.o#all": [
    1648
  ], 
  "##characteristics#compile#obj_sizes#compress.o#all_unique": [
    1648
  ], 
  "##characteristics#compile#obj_sizes#compress.o#center": 1648, 
  "##characteristics#compile#obj_sizes#compress.o#center_imp": 0.9514563106796117, 
  "##characteristics#compile#obj_sizes#compress.o#halfrange": 0, 
  "##characteristics#compile#obj_sizes#compress.o#max": 1648, 
  "##characteristics#compile#obj_sizes#compress.o#mean": 1648.0, 
  "##characteristics#compile#obj_sizes#compress.o#mean_imp": 0.9514563106796117, 
  "##characteristics#compile#obj_sizes#compress.o#min": 1648, 
  "##characteristics#compile#obj_sizes#compress.o#min_imp": 0.9514563106796117, 
  "##characteristics#compile#obj_sizes#compress.o#range": 0, 
  "##characteristics#compile#obj_sizes#compress.o#range_percent": 0, 
  "##characteristics#compile#obj_sizes#compress.o#repeats": 1, 
  "##characteristics#compile#obj_sizes#crc32.o#all": [
    10956
  ], 
  "##characteristics#compile#obj_sizes#crc32.o#all_unique": [
    10956
  ], 
  "##characteristics#compile#obj_sizes#crc32.o#center": 10956, 
  "##characteristics#compile#obj_sizes#crc32.o#center_imp": 0.9926980649872216, 
  "##characteristics#compile#obj_sizes#crc32.o#halfrange": 0, 
  "##characteristics#compile#obj_sizes#crc32.o#max": 10956, 
  "##characteristics#compile#obj_sizes#crc32.o#mean": 10956.0, 
  "##characteristics#compile#obj_sizes#crc32.o#mean_imp": 0.9926980649872216, 
  "##characteristics#compile#obj_sizes#crc32.o#min": 10956, 
  "##characteristics#compile#obj_sizes#crc32.o#min_imp": 0.9926980649872216, 
  "##characteristics#compile#obj_sizes#crc32.o#range": 0, 
  "##characteristics#compile#obj_sizes#crc32.o#range_percent": 0, 
  "##characteristics#compile#obj_sizes#crc32.o#repeats": 1, 
  "##characteristics#compile#obj_sizes#ctuning-rtl.o#all": [
    4844
  ], 
  "##characteristics#compile#obj_sizes#ctuning-rtl.o#all_unique": [
    4844
  ], 
  "##characteristics#compile#obj_sizes#ctuning-rtl.o#center": 4844, 
  "##characteristics#compile#obj_sizes#ctuning-rtl.o#center_imp": 0.9917423616845582, 
  "##characteristics#compile#obj_sizes#ctuning-rtl.o#halfrange": 0, 
  "##characteristics#compile#obj_sizes#ctuning-rtl.o#max": 4844, 
  "##characteristics#compile#obj_sizes#ctuning-rtl.o#mean": 4844.0, 
  "##characteristics#compile#obj_sizes#ctuning-rtl.o#mean_imp": 0.9917423616845582, 
  "##characteristics#compile#obj_sizes#ctuning-rtl.o#min": 4844, 
  "##characteristics#compile#obj_sizes#ctuning-rtl.o#min_imp": 0.9917423616845582, 
  "##characteristics#compile#obj_sizes#ctuning-rtl.o#range": 0, 
  "##characteristics#compile#obj_sizes#ctuning-rtl.o#range_percent": 0, 
  "##characteristics#compile#obj_sizes#ctuning-rtl.o#repeats": 1, 
  "##characteristics#compile#obj_sizes#deflate.o#all": [
    20308
  ], 
  "##characteristics#compile#obj_sizes#deflate.o#all_unique": [
    20308
  ], 
  "##characteristics#compile#obj_sizes#deflate.o#center": 20308, 
  "##characteristics#compile#obj_sizes#deflate.o#center_imp": 0.9933031317707307, 
  "##characteristics#compile#obj_sizes#deflate.o#halfrange": 0, 
  "##characteristics#compile#obj_sizes#deflate.o#max": 20308, 
  "##characteristics#compile#obj_sizes#deflate.o#mean": 20308.0, 
  "##characteristics#compile#obj_sizes#deflate.o#mean_imp": 0.9933031317707307, 
  "##characteristics#compile#obj_sizes#deflate.o#min": 20308, 
  "##characteristics#compile#obj_sizes#deflate.o#min_imp": 0.9933031317707307, 
  "##characteristics#compile#obj_sizes#deflate.o#range": 0, 
  "##characteristics#compile#obj_sizes#deflate.o#range_percent": 0, 
  "##characteristics#compile#obj_sizes#deflate.o#repeats": 1, 
  "##characteristics#compile#obj_sizes#gzclose.o#all": [
    1056
  ], 
  "##characteristics#compile#obj_sizes#gzclose.o#all_unique": [
    1056
  ], 
  "##characteristics#compile#obj_sizes#gzclose.o#center": 1056, 
  "##characteristics#compile#obj_sizes#gzclose.o#center_imp": 0.928030303030303, 
  "##characteristics#compile#obj_sizes#gzclose.o#halfrange": 0, 
  "##characteristics#compile#obj_sizes#gzclose.o#max": 1056, 
  "##characteristics#compile#obj_sizes#gzclose.o#mean": 1056.0, 
  "##characteristics#compile#obj_sizes#gzclose.o#mean_imp": 0.928030303030303, 
  "##characteristics#compile#obj_sizes#gzclose.o#min": 1056, 
  "##characteristics#compile#obj_sizes#gzclose.o#min_imp": 0.928030303030303, 
  "##characteristics#compile#obj_sizes#gzclose.o#range": 0, 
  "##characteristics#compile#obj_sizes#gzclose.o#range_percent": 0, 
  "##characteristics#compile#obj_sizes#gzclose.o#repeats": 1, 
  "##characteristics#compile#obj_sizes#gzlib.o#all": [
    6416
  ], 
  "##characteristics#compile#obj_sizes#gzlib.o#all_unique": [
    6416
  ], 
  "##characteristics#compile#obj_sizes#gzlib.o#center": 6416, 
  "##characteristics#compile#obj_sizes#gzlib.o#center_imp": 0.9819201995012469, 
  "##characteristics#compile#obj_sizes#gzlib.o#halfrange": 0, 
  "##characteristics#compile#obj_sizes#gzlib.o#max": 6416, 
  "##characteristics#compile#obj_sizes#gzlib.o#mean": 6416.0, 
  "##characteristics#compile#obj_sizes#gzlib.o#mean_imp": 0.9819201995012469, 
  "##characteristics#compile#obj_sizes#gzlib.o#min": 6416, 
  "##characteristics#compile#obj_sizes#gzlib.o#min_imp": 0.9819201995012469, 
  "##characteristics#compile#obj_sizes#gzlib.o#range": 0, 
  "##characteristics#compile#obj_sizes#gzlib.o#range_percent": 0, 
  "##characteristics#compile#obj_sizes#gzlib.o#repeats": 1, 
  "##characteristics#compile#obj_sizes#gzread.o#all": [
    5960
  ], 
  "##characteristics#compile#obj_sizes#gzread.o#all_unique": [
    5960
  ], 
  "##characteristics#compile#obj_sizes#gzread.o#center": 5960, 
  "##characteristics#compile#obj_sizes#gzread.o#center_imp": 0.9691275167785235, 
  "##characteristics#compile#obj_sizes#gzread.o#halfrange": 0, 
  "##characteristics#compile#obj_sizes#gzread.o#max": 5960, 
  "##characteristics#compile#obj_sizes#gzread.o#mean": 5960.0, 
  "##characteristics#compile#obj_sizes#gzread.o#mean_imp": 0.9691275167785235, 
  "##characteristics#compile#obj_sizes#gzread.o#min": 5960, 
  "##characteristics#compile#obj_sizes#gzread.o#min_imp": 0.9691275167785235, 
  "##characteristics#compile#obj_sizes#gzread.o#range": 0, 
  "##characteristics#compile#obj_sizes#gzread.o#range_percent": 0, 
  "##characteristics#compile#obj_sizes#gzread.o#repeats": 1, 
  "##characteristics#compile#obj_sizes#gzwrite.o#all": [
    9200
  ], 
  "##characteristics#compile#obj_sizes#gzwrite.o#all_unique": [
    9200
  ], 
  "##characteristics#compile#obj_sizes#gzwrite.o#center": 9200, 
  "##characteristics#compile#obj_sizes#gzwrite.o#center_imp": 1.1156521739130434, 
  "##characteristics#compile#obj_sizes#gzwrite.o#halfrange": 0, 
  "##characteristics#compile#obj_sizes#gzwrite.o#max": 9200, 
  "##characteristics#compile#obj_sizes#gzwrite.o#mean": 9200.0, 
  "##characteristics#compile#obj_sizes#gzwrite.o#mean_imp": 1.1156521739130434, 
  "##characteristics#compile#obj_sizes#gzwrite.o#min": 9200, 
  "##characteristics#compile#obj_sizes#gzwrite.o#min_imp": 1.1156521739130434, 
  "##characteristics#compile#obj_sizes#gzwrite.o#range": 0, 
  "##characteristics#compile#obj_sizes#gzwrite.o#range_percent": 0, 
  "##characteristics#compile#obj_sizes#gzwrite.o#repeats": 1, 
  "##characteristics#compile#obj_sizes#infback.o#all": [
    9552
  ], 
  "##characteristics#compile#obj_sizes#infback.o#all_unique": [
    9552
  ], 
  "##characteristics#compile#obj_sizes#infback.o#center": 9552, 
  "##characteristics#compile#obj_sizes#infback.o#center_imp": 1.0020938023450587, 
  "##characteristics#compile#obj_sizes#infback.o#halfrange": 0, 
  "##characteristics#compile#obj_sizes#infback.o#max": 9552, 
  "##characteristics#compile#obj_sizes#infback.o#mean": 9552.0, 
  "##characteristics#compile#obj_sizes#infback.o#mean_imp": 1.0020938023450587, 
  "##characteristics#compile#obj_sizes#infback.o#min": 9552, 
  "##characteristics#compile#obj_sizes#infback.o#min_imp": 1.0020938023450587, 
  "##characteristics#compile#obj_sizes#infback.o#range": 0, 
  "##characteristics#compile#obj_sizes#infback.o#range_percent": 0, 
  "##characteristics#compile#obj_sizes#infback.o#repeats": 1, 
  "##characteristics#compile#obj_sizes#inffast.o#all": [
    4160
  ], 
  "##characteristics#compile#obj_sizes#inffast.o#all_unique": [
    4160
  ], 
  "##characteristics#compile#obj_sizes#inffast.o#center": 4160, 
  "##characteristics#compile#obj_sizes#inffast.o#center_imp": 0.9605769230769231, 
  "##characteristics#compile#obj_sizes#inffast.o#halfrange": 0, 
  "##characteristics#compile#obj_sizes#inffast.o#max": 4160, 
  "##characteristics#compile#obj_sizes#inffast.o#mean": 4160.0, 
  "##characteristics#compile#obj_sizes#inffast.o#mean_imp": 0.9605769230769231, 
  "##characteristics#compile#obj_sizes#inffast.o#min": 4160, 
  "##characteristics#compile#obj_sizes#inffast.o#min_imp": 0.9605769230769231, 
  "##characteristics#compile#obj_sizes#inffast.o#range": 0, 
  "##characteristics#compile#obj_sizes#inffast.o#range_percent": 0, 
  "##characteristics#compile#obj_sizes#inffast.o#repeats": 1, 
  "##characteristics#compile#obj_sizes#inflate.o#all": [
    16652
  ], 
  "##characteristics#compile#obj_sizes#inflate.o#all_unique": [
    16652
  ], 
  "##characteristics#compile#obj_sizes#inflate.o#center": 16652, 
  "##characteristics#compile#obj_sizes#inflate.o#center_imp": 1.0064857074225317, 
  "##characteristics#compile#obj_sizes#inflate.o#halfrange": 0, 
  "##characteristics#compile#obj_sizes#inflate.o#max": 16652, 
  "##characteristics#compile#obj_sizes#inflate.o#mean": 16652.0, 
  "##characteristics#compile#obj_sizes#inflate.o#mean_imp": 1.0064857074225317, 
  "##characteristics#compile#obj_sizes#inflate.o#min": 16652, 
  "##characteristics#compile#obj_sizes#inflate.o#min_imp": 1.0064857074225317, 
  "##characteristics#compile#obj_sizes#inflate.o#range": 0, 
  "##characteristics#compile#obj_sizes#inflate.o#range_percent": 0, 
  "##characteristics#compile#obj_sizes#inflate.o#repeats": 1, 
  "##characteristics#compile#obj_sizes#inftrees.o#all": [
    4460
  ], 
  "##characteristics#compile#obj_sizes#inftrees.o#all_unique": [
    4460
  ], 
  "##characteristics#compile#obj_sizes#inftrees.o#center": 4460, 
  "##characteristics#compile#obj_sizes#inftrees.o#center_imp": 0.9910313901345291, 
  "##characteristics#compile#obj_sizes#inftrees.o#halfrange": 0, 
  "##characteristics#compile#obj_sizes#inftrees.o#max": 4460, 
  "##characteristics#compile#obj_sizes#inftrees.o#mean": 4460.0, 
  "##characteristics#compile#obj_sizes#inftrees.o#mean_imp": 0.9910313901345291, 
  "##characteristics#compile#obj_sizes#inftrees.o#min": 4460, 
  "##characteristics#compile#obj_sizes#inftrees.o#min_imp": 0.9910313901345291, 
  "##characteristics#compile#obj_sizes#inftrees.o#range": 0, 
  "##characteristics#compile#obj_sizes#inftrees.o#range_percent": 0, 
  "##characteristics#compile#obj_sizes#inftrees.o#repeats": 1, 
  "##characteristics#compile#obj_sizes#trees.o#all": [
    14468
  ], 
  "##characteristics#compile#obj_sizes#trees.o#all_unique": [
    14468
  ], 
  "##characteristics#compile#obj_sizes#trees.o#center": 14468, 
  "##characteristics#compile#obj_sizes#trees.o#center_imp": 0.9803704727674869, 
  "##characteristics#compile#obj_sizes#trees.o#halfrange": 0, 
  "##characteristics#compile#obj_sizes#trees.o#max": 14468, 
  "##characteristics#compile#obj_sizes#trees.o#mean": 14468.0, 
  "##characteristics#compile#obj_sizes#trees.o#mean_imp": 0.9803704727674869, 
  "##characteristics#compile#obj_sizes#trees.o#min": 14468, 
  "##characteristics#compile#obj_sizes#trees.o#min_imp": 0.9803704727674869, 
  "##characteristics#compile#obj_sizes#trees.o#range": 0, 
  "##characteristics#compile#obj_sizes#trees.o#range_percent": 0, 
  "##characteristics#compile#obj_sizes#trees.o#repeats": 1, 
  "##characteristics#compile#obj_sizes#uncompr.o#all": [
    1348
  ], 
  "##characteristics#compile#obj_sizes#uncompr.o#all_unique": [
    1348
  ], 
  "##characteristics#compile#obj_sizes#uncompr.o#center": 1348, 
  "##characteristics#compile#obj_sizes#uncompr.o#center_imp": 0.9436201780415431, 
  "##characteristics#compile#obj_sizes#uncompr.o#halfrange": 0, 
  "##characteristics#compile#obj_sizes#uncompr.o#max": 1348, 
  "##characteristics#compile#obj_sizes#uncompr.o#mean": 1348.0, 
  "##characteristics#compile#obj_sizes#uncompr.o#mean_imp": 0.9436201780415431, 
  "##characteristics#compile#obj_sizes#uncompr.o#min": 1348, 
  "##characteristics#compile#obj_sizes#uncompr.o#min_imp": 0.9436201780415431, 
  "##characteristics#compile#obj_sizes#uncompr.o#range": 0, 
  "##characteristics#compile#obj_sizes#uncompr.o#range_percent": 0, 
  "##characteristics#compile#obj_sizes#uncompr.o#repeats": 1, 
  "##characteristics#compile#obj_sizes#zutil.o#all": [
    1728
  ], 
  "##characteristics#compile#obj_sizes#zutil.o#all_unique": [
    1728
  ], 
  "##characteristics#compile#obj_sizes#zutil.o#center": 1728, 
  "##characteristics#compile#obj_sizes#zutil.o#center_imp": 0.9537037037037037, 
  "##characteristics#compile#obj_sizes#zutil.o#halfrange": 0, 
  "##characteristics#compile#obj_sizes#zutil.o#max": 1728, 
  "##characteristics#compile#obj_sizes#zutil.o#mean": 1728.0, 
  "##characteristics#compile#obj_sizes#zutil.o#mean_imp": 0.9537037037037037, 
  "##characteristics#compile#obj_sizes#zutil.o#min": 1728, 
  "##characteristics#compile#obj_sizes#zutil.o#min_imp": 0.9537037037037037, 
  "##characteristics#compile#obj_sizes#zutil.o#range": 0, 
  "##characteristics#compile#obj_sizes#zutil.o#range_percent": 0, 
  "##characteristics#compile#obj_sizes#zutil.o#repeats": 1, 
  "##characteristics#compile#program_git_hash#all": [
    "f3b3ffe43b24039767a39c7f85ab4b768684a65b"
  ], 
  "##characteristics#compile#program_git_hash#all_unique": [
    "f3b3ffe43b24039767a39c7f85ab4b768684a65b"
  ], 
  "##characteristics#compile#program_git_hash#min": "f3b3ffe43b24039767a39c7f85ab4b768684a65b", 
  "##characteristics#compile#program_git_hash#min_imp": 0, 
  "##characteristics#compile#program_git_hash#repeats": 1, 
  "##characteristics#run#execution_time#all": [
    0.8807268, 
    0.8894928999999999, 
    1.0280238000000002, 
    0.7584113
  ], 
  "##characteristics#run#execution_time#all_unique": [
    0.8807268, 
    0.8894928999999999, 
    1.0280238000000002, 
    0.7584113
  ], 
  "##characteristics#run#execution_time#center": 0.8932175500000001, 
  "##characteristics#run#execution_time#center_imp": 0.795038006138594, 
  "##characteristics#run#execution_time#halfrange": 0.13480625000000007, 
  "##characteristics#run#execution_time#max": 1.0280238000000002, 
  "##characteristics#run#execution_time#mean": 0.8891637, 
  "##characteristics#run#execution_time#mean_imp": 0.7987610998964532, 
  "##characteristics#run#execution_time#min": 0.7584113, 
  "##characteristics#run#execution_time#min_imp": 0.8747969604355842, 
  "##characteristics#run#execution_time#range": 0.26961250000000014, 
  "##characteristics#run#execution_time#range_percent": 0.35549641731340254, 
  "##characteristics#run#execution_time#repeats": 4, 
  "##characteristics#run#execution_time_kernel_0#all": [
    8.807268, 
    8.894929, 
    10.280238, 
    7.584113
  ], 
  "##characteristics#run#execution_time_kernel_0#all_unique": [
    8.807268, 
    8.894929, 
    10.280238, 
    7.584113
  ], 
  "##characteristics#run#execution_time_kernel_0#center": 8.9321755, 
  "##characteristics#run#execution_time_kernel_0#center_imp": 0.7950380061385941, 
  "##characteristics#run#execution_time_kernel_0#halfrange": 1.3480625000000002, 
  "##characteristics#run#execution_time_kernel_0#max": 10.280238, 
  "##characteristics#run#execution_time_kernel_0#mean": 8.891637, 
  "##characteristics#run#execution_time_kernel_0#mean_imp": 0.7987610998964534, 
  "##characteristics#run#execution_time_kernel_0#min": 7.584113, 
  "##characteristics#run#execution_time_kernel_0#min_imp": 0.8747969604355842, 
  "##characteristics#run#execution_time_kernel_0#range": 2.6961250000000003, 
  "##characteristics#run#execution_time_kernel_0#range_percent": 0.3554964173134024, 
  "##characteristics#run#execution_time_kernel_0#repeats": 4, 
  "##characteristics#run#execution_time_with_module#all": [
    9.51467490196228, 
    9.601858854293823, 
    10.98982286453247, 
    8.292956113815308
  ], 
  "##characteristics#run#execution_time_with_module#all_unique": [
    9.51467490196228, 
    9.601858854293823, 
    10.98982286453247, 
    8.292956113815308
  ], 
  "##characteristics#run#execution_time_with_module#center": 9.64138948917389, 
  "##characteristics#run#execution_time_with_module#center_imp": 1.8205183454646543, 
  "##characteristics#run#execution_time_with_module#halfrange": 1.3484333753585815, 
  "##characteristics#run#execution_time_with_module#max": 10.98982286453247, 
  "##characteristics#run#execution_time_with_module#mean": 9.59982818365097, 
  "##characteristics#run#execution_time_with_module#mean_imp": 1.3308015786647216, 
  "##characteristics#run#execution_time_with_module#min": 8.292956113815308, 
  "##characteristics#run#execution_time_with_module#min_imp": 0.8862446414112982, 
  "##characteristics#run#execution_time_with_module#range": 2.696866750717163, 
  "##characteristics#run#execution_time_with_module#range_percent": 0.325199689194596, 
  "##characteristics#run#execution_time_with_module#repeats": 4, 
  "##characteristics#run#repeat#all": [
    10, 
    10, 
    10, 
    10
  ], 
  "##characteristics#run#repeat#all_unique": [
    10
  ], 
  "##characteristics#run#repeat#center": 10, 
  "##characteristics#run#repeat#center_imp": 1.0, 
  "##characteristics#run#repeat#halfrange": 0, 
  "##characteristics#run#repeat#max": 10, 
  "##characteristics#run#repeat#mean": 10.0, 
  "##characteristics#run#repeat#mean_imp": 1.0, 
  "##characteristics#run#repeat#min": 10, 
  "##characteristics#run#repeat#min_imp": 1.0, 
  "##characteristics#run#repeat#range": 0, 
  "##characteristics#run#repeat#range_percent": 0, 
  "##characteristics#run#repeat#repeats": 4, 
  "##characteristics#run#return_code#all": [
    0, 
    0, 
    0, 
    0
  ], 
  "##characteristics#run#return_code#all_unique": [
    0
  ], 
  "##characteristics#run#return_code#center": 0, 
  "##characteristics#run#return_code#halfrange": 0, 
  "##characteristics#run#return_code#max": 0, 
  "##characteristics#run#return_code#mean": 0.0, 
  "##characteristics#run#return_code#min": 0, 
  "##characteristics#run#return_code#min_imp": 1, 
  "##characteristics#run#return_code#range": 0, 
  "##characteristics#run#return_code#repeats": 4, 
  "##characteristics#run#run_success#all": [
    "yes", 
    "yes", 
    "yes", 
    "yes"
  ], 
  "##characteristics#run#run_success#all_unique": [
    "yes"
  ], 
  "##characteristics#run#run_success#min": "yes", 
  "##characteristics#run#run_success#min_imp": 1, 
  "##characteristics#run#run_success#repeats": 4, 
  "##characteristics#run#run_success_bool#all": [
    true, 
    true, 
    true, 
    true
  ], 
  "##characteristics#run#run_success_bool#all_unique": [
    true
  ], 
  "##characteristics#run#run_success_bool#min": true, 
  "##characteristics#run#run_success_bool#min_imp": 1, 
  "##characteristics#run#run_success_bool#repeats": 4, 
  "##characteristics#run#total_execution_time#all": [
    8.807268, 
    8.894929, 
    10.280238, 
    7.584113
  ], 
  "##characteristics#run#total_execution_time#all_unique": [
    8.807268, 
    8.894929, 
    10.280238, 
    7.584113
  ], 
  "##characteristics#run#total_execution_time#center": 8.9321755, 
  "##characteristics#run#total_execution_time#center_imp": 0.7950380061385941, 
  "##characteristics#run#total_execution_time#halfrange": 1.3480625000000002, 
  "##characteristics#run#total_execution_time#max": 10.280238, 
  "##characteristics#run#total_execution_time#mean": 8.891637, 
  "##characteristics#run#total_execution_time#mean_imp": 0.7987610998964534, 
  "##characteristics#run#total_execution_time#min": 7.584113, 
  "##characteristics#run#total_execution_time#min_imp": 0.8747969604355842, 
  "##characteristics#run#total_execution_time#range": 2.6961250000000003, 
  "##characteristics#run#total_execution_time#range_percent": 0.3554964173134024, 
  "##characteristics#run#total_execution_time#repeats": 4
}
