{
  "##characteristics#compile#binary_size#all": [
    101440
  ], 
  "##characteristics#compile#binary_size#all_unique": [
    101440
  ], 
  "##characteristics#compile#binary_size#center": 101440, 
  "##characteristics#compile#binary_size#center_imp": 0.9999211356466877, 
  "##characteristics#compile#binary_size#halfrange": 0, 
  "##characteristics#compile#binary_size#max": 101440, 
  "##characteristics#compile#binary_size#mean": 101440.0, 
  "##characteristics#compile#binary_size#mean_imp": 0.9999211356466877, 
  "##characteristics#compile#binary_size#min": 101440, 
  "##characteristics#compile#binary_size#min_imp": 0.9999211356466877, 
  "##characteristics#compile#binary_size#range": 0, 
  "##characteristics#compile#binary_size#range_percent": 0, 
  "##characteristics#compile#binary_size#repeats": 1, 
  "##characteristics#compile#compilation_success#all": [
    "yes"
  ], 
  "##characteristics#compile#compilation_success#all_unique": [
    "yes"
  ], 
  "##characteristics#compile#compilation_success#min": "yes", 
  "##characteristics#compile#compilation_success#min_imp": 0, 
  "##characteristics#compile#compilation_success#repeats": 1, 
  "##characteristics#compile#compilation_success_bool#all": [
    true
  ], 
  "##characteristics#compile#compilation_success_bool#all_unique": [
    true
  ], 
  "##characteristics#compile#compilation_success_bool#min": true, 
  "##characteristics#compile#compilation_success_bool#min_imp": 0, 
  "##characteristics#compile#compilation_success_bool#repeats": 1, 
  "##characteristics#compile#compilation_time#all": [
    102.04129314422607
  ], 
  "##characteristics#compile#compilation_time#all_unique": [
    102.04129314422607
  ], 
  "##characteristics#compile#compilation_time#center": 102.04129314422607, 
  "##characteristics#compile#compilation_time#center_imp": 1.0006849750936118, 
  "##characteristics#compile#compilation_time#halfrange": 0.0, 
  "##characteristics#compile#compilation_time#max": 102.04129314422607, 
  "##characteristics#compile#compilation_time#mean": 102.04129314422607, 
  "##characteristics#compile#compilation_time#mean_imp": 1.0006849750936118, 
  "##characteristics#compile#compilation_time#min": 102.04129314422607, 
  "##characteristics#compile#compilation_time#min_imp": 1.0006849750936118, 
  "##characteristics#compile#compilation_time#range": 0.0, 
  "##characteristics#compile#compilation_time#range_percent": 0.0, 
  "##characteristics#compile#compilation_time#repeats": 1, 
  "##characteristics#compile#compilation_time_with_module#all": [
    109.32550096511841
  ], 
  "##characteristics#compile#compilation_time_with_module#all_unique": [
    109.32550096511841
  ], 
  "##characteristics#compile#compilation_time_with_module#center": 109.32550096511841, 
  "##characteristics#compile#compilation_time_with_module#center_imp": 0.9781989850814573, 
  "##characteristics#compile#compilation_time_with_module#halfrange": 0.0, 
  "##characteristics#compile#compilation_time_with_module#max": 109.32550096511841, 
  "##characteristics#compile#compilation_time_with_module#mean": 109.32550096511841, 
  "##characteristics#compile#compilation_time_with_module#mean_imp": 0.9781989850814573, 
  "##characteristics#compile#compilation_time_with_module#min": 109.32550096511841, 
  "##characteristics#compile#compilation_time_with_module#min_imp": 0.9781989850814573, 
  "##characteristics#compile#compilation_time_with_module#range": 0.0, 
  "##characteristics#compile#compilation_time_with_module#range_percent": 0.0, 
  "##characteristics#compile#compilation_time_with_module#repeats": 1, 
  "##characteristics#compile#joined_compiler_flags#all": [
    "-O3 -fno-associative-math -fno-check-data-deps -fno-delete-null-pointer-checks -fno-early-inlining -fno-fat-lto-objects -fno-ipa-pta -fsched-interblock -fpartial-inlining -fno-prefetch-loop-arrays -fno-ree -frounding-math -fno-sched-spec-load -fno-signaling-nans -fsingle-precision-constant -ftree-coalesce-vars -ftree-forwprop -ftree-loop-optimize -ftree-loop-vectorize -ftree-switch-conversion -fvect-cost-model"
  ], 
  "##characteristics#compile#joined_compiler_flags#all_unique": [
    "-O3 -fno-associative-math -fno-check-data-deps -fno-delete-null-pointer-checks -fno-early-inlining -fno-fat-lto-objects -fno-ipa-pta -fsched-interblock -fpartial-inlining -fno-prefetch-loop-arrays -fno-ree -frounding-math -fno-sched-spec-load -fno-signaling-nans -fsingle-precision-constant -ftree-coalesce-vars -ftree-forwprop -ftree-loop-optimize -ftree-loop-vectorize -ftree-switch-conversion -fvect-cost-model"
  ], 
  "##characteristics#compile#joined_compiler_flags#min": "-O3 -fno-associative-math -fno-check-data-deps -fno-delete-null-pointer-checks -fno-early-inlining -fno-fat-lto-objects -fno-ipa-pta -fsched-interblock -fpartial-inlining -fno-prefetch-loop-arrays -fno-ree -frounding-math -fno-sched-spec-load -fno-signaling-nans -fsingle-precision-constant -ftree-coalesce-vars -ftree-forwprop -ftree-loop-optimize -ftree-loop-vectorize -ftree-switch-conversion -fvect-cost-model", 
  "##characteristics#compile#joined_compiler_flags#min_imp": 0, 
  "##characteristics#compile#joined_compiler_flags#repeats": 1, 
  "##characteristics#compile#md5_sum#all": [
    "ff1e9b9e007724d07dd5c5a4a1142ddb"
  ], 
  "##characteristics#compile#md5_sum#all_unique": [
    "ff1e9b9e007724d07dd5c5a4a1142ddb"
  ], 
  "##characteristics#compile#md5_sum#min": "ff1e9b9e007724d07dd5c5a4a1142ddb", 
  "##characteristics#compile#md5_sum#min_imp": 0, 
  "##characteristics#compile#md5_sum#repeats": 1, 
  "##characteristics#compile#obj_size#all": [
    115028
  ], 
  "##characteristics#compile#obj_size#all_unique": [
    115028
  ], 
  "##characteristics#compile#obj_size#center": 115028, 
  "##characteristics#compile#obj_size#center_imp": 0.9998956775741559, 
  "##characteristics#compile#obj_size#halfrange": 0, 
  "##characteristics#compile#obj_size#max": 115028, 
  "##characteristics#compile#obj_size#mean": 115028.0, 
  "##characteristics#compile#obj_size#mean_imp": 0.9998956775741559, 
  "##characteristics#compile#obj_size#min": 115028, 
  "##characteristics#compile#obj_size#min_imp": 0.9998956775741559, 
  "##characteristics#compile#obj_size#range": 0, 
  "##characteristics#compile#obj_size#range_percent": 0, 
  "##characteristics#compile#obj_size#repeats": 1, 
  "##characteristics#compile#obj_sizes#adler32.o#all": [
    2424
  ], 
  "##characteristics#compile#obj_sizes#adler32.o#all_unique": [
    2424
  ], 
  "##characteristics#compile#obj_sizes#adler32.o#center": 2424, 
  "##characteristics#compile#obj_sizes#adler32.o#center_imp": 1.0, 
  "##characteristics#compile#obj_sizes#adler32.o#halfrange": 0, 
  "##characteristics#compile#obj_sizes#adler32.o#max": 2424, 
  "##characteristics#compile#obj_sizes#adler32.o#mean": 2424.0, 
  "##characteristics#compile#obj_sizes#adler32.o#mean_imp": 1.0, 
  "##characteristics#compile#obj_sizes#adler32.o#min": 2424, 
  "##characteristics#compile#obj_sizes#adler32.o#min_imp": 1.0, 
  "##characteristics#compile#obj_sizes#adler32.o#range": 0, 
  "##characteristics#compile#obj_sizes#adler32.o#range_percent": 0, 
  "##characteristics#compile#obj_sizes#adler32.o#repeats": 1, 
  "##characteristics#compile#obj_sizes#compress.o#all": [
    1568
  ], 
  "##characteristics#compile#obj_sizes#compress.o#all_unique": [
    1568
  ], 
  "##characteristics#compile#obj_sizes#compress.o#center": 1568, 
  "##characteristics#compile#obj_sizes#compress.o#center_imp": 1.0, 
  "##characteristics#compile#obj_sizes#compress.o#halfrange": 0, 
  "##characteristics#compile#obj_sizes#compress.o#max": 1568, 
  "##characteristics#compile#obj_sizes#compress.o#mean": 1568.0, 
  "##characteristics#compile#obj_sizes#compress.o#mean_imp": 1.0, 
  "##characteristics#compile#obj_sizes#compress.o#min": 1568, 
  "##characteristics#compile#obj_sizes#compress.o#min_imp": 1.0, 
  "##characteristics#compile#obj_sizes#compress.o#range": 0, 
  "##characteristics#compile#obj_sizes#compress.o#range_percent": 0, 
  "##characteristics#compile#obj_sizes#compress.o#repeats": 1, 
  "##characteristics#compile#obj_sizes#crc32.o#all": [
    10884
  ], 
  "##characteristics#compile#obj_sizes#crc32.o#all_unique": [
    10884
  ], 
  "##characteristics#compile#obj_sizes#crc32.o#center": 10884, 
  "##characteristics#compile#obj_sizes#crc32.o#center_imp": 0.9992649761117236, 
  "##characteristics#compile#obj_sizes#crc32.o#halfrange": 0, 
  "##characteristics#compile#obj_sizes#crc32.o#max": 10884, 
  "##characteristics#compile#obj_sizes#crc32.o#mean": 10884.0, 
  "##characteristics#compile#obj_sizes#crc32.o#mean_imp": 0.9992649761117236, 
  "##characteristics#compile#obj_sizes#crc32.o#min": 10884, 
  "##characteristics#compile#obj_sizes#crc32.o#min_imp": 0.9992649761117236, 
  "##characteristics#compile#obj_sizes#crc32.o#range": 0, 
  "##characteristics#compile#obj_sizes#crc32.o#range_percent": 0, 
  "##characteristics#compile#obj_sizes#crc32.o#repeats": 1, 
  "##characteristics#compile#obj_sizes#ctuning-rtl.o#all": [
    4808
  ], 
  "##characteristics#compile#obj_sizes#ctuning-rtl.o#all_unique": [
    4808
  ], 
  "##characteristics#compile#obj_sizes#ctuning-rtl.o#center": 4808, 
  "##characteristics#compile#obj_sizes#ctuning-rtl.o#center_imp": 0.9991680532445923, 
  "##characteristics#compile#obj_sizes#ctuning-rtl.o#halfrange": 0, 
  "##characteristics#compile#obj_sizes#ctuning-rtl.o#max": 4808, 
  "##characteristics#compile#obj_sizes#ctuning-rtl.o#mean": 4808.0, 
  "##characteristics#compile#obj_sizes#ctuning-rtl.o#mean_imp": 0.9991680532445923, 
  "##characteristics#compile#obj_sizes#ctuning-rtl.o#min": 4808, 
  "##characteristics#compile#obj_sizes#ctuning-rtl.o#min_imp": 0.9991680532445923, 
  "##characteristics#compile#obj_sizes#ctuning-rtl.o#range": 0, 
  "##characteristics#compile#obj_sizes#ctuning-rtl.o#range_percent": 0, 
  "##characteristics#compile#obj_sizes#ctuning-rtl.o#repeats": 1, 
  "##characteristics#compile#obj_sizes#deflate.o#all": [
    20176
  ], 
  "##characteristics#compile#obj_sizes#deflate.o#all_unique": [
    20176
  ], 
  "##characteristics#compile#obj_sizes#deflate.o#center": 20176, 
  "##characteristics#compile#obj_sizes#deflate.o#center_imp": 0.9998017446471055, 
  "##characteristics#compile#obj_sizes#deflate.o#halfrange": 0, 
  "##characteristics#compile#obj_sizes#deflate.o#max": 20176, 
  "##characteristics#compile#obj_sizes#deflate.o#mean": 20176.0, 
  "##characteristics#compile#obj_sizes#deflate.o#mean_imp": 0.9998017446471055, 
  "##characteristics#compile#obj_sizes#deflate.o#min": 20176, 
  "##characteristics#compile#obj_sizes#deflate.o#min_imp": 0.9998017446471055, 
  "##characteristics#compile#obj_sizes#deflate.o#range": 0, 
  "##characteristics#compile#obj_sizes#deflate.o#range_percent": 0, 
  "##characteristics#compile#obj_sizes#deflate.o#repeats": 1, 
  "##characteristics#compile#obj_sizes#gzclose.o#all": [
    980
  ], 
  "##characteristics#compile#obj_sizes#gzclose.o#all_unique": [
    980
  ], 
  "##characteristics#compile#obj_sizes#gzclose.o#center": 980, 
  "##characteristics#compile#obj_sizes#gzclose.o#center_imp": 1.0, 
  "##characteristics#compile#obj_sizes#gzclose.o#halfrange": 0, 
  "##characteristics#compile#obj_sizes#gzclose.o#max": 980, 
  "##characteristics#compile#obj_sizes#gzclose.o#mean": 980.0, 
  "##characteristics#compile#obj_sizes#gzclose.o#mean_imp": 1.0, 
  "##characteristics#compile#obj_sizes#gzclose.o#min": 980, 
  "##characteristics#compile#obj_sizes#gzclose.o#min_imp": 1.0, 
  "##characteristics#compile#obj_sizes#gzclose.o#range": 0, 
  "##characteristics#compile#obj_sizes#gzclose.o#range_percent": 0, 
  "##characteristics#compile#obj_sizes#gzclose.o#repeats": 1, 
  "##characteristics#compile#obj_sizes#gzlib.o#all": [
    6300
  ], 
  "##characteristics#compile#obj_sizes#gzlib.o#all_unique": [
    6300
  ], 
  "##characteristics#compile#obj_sizes#gzlib.o#center": 6300, 
  "##characteristics#compile#obj_sizes#gzlib.o#center_imp": 1.0, 
  "##characteristics#compile#obj_sizes#gzlib.o#halfrange": 0, 
  "##characteristics#compile#obj_sizes#gzlib.o#max": 6300, 
  "##characteristics#compile#obj_sizes#gzlib.o#mean": 6300.0, 
  "##characteristics#compile#obj_sizes#gzlib.o#mean_imp": 1.0, 
  "##characteristics#compile#obj_sizes#gzlib.o#min": 6300, 
  "##characteristics#compile#obj_sizes#gzlib.o#min_imp": 1.0, 
  "##characteristics#compile#obj_sizes#gzlib.o#range": 0, 
  "##characteristics#compile#obj_sizes#gzlib.o#range_percent": 0, 
  "##characteristics#compile#obj_sizes#gzlib.o#repeats": 1, 
  "##characteristics#compile#obj_sizes#gzread.o#all": [
    5776
  ], 
  "##characteristics#compile#obj_sizes#gzread.o#all_unique": [
    5776
  ], 
  "##characteristics#compile#obj_sizes#gzread.o#center": 5776, 
  "##characteristics#compile#obj_sizes#gzread.o#center_imp": 1.0, 
  "##characteristics#compile#obj_sizes#gzread.o#halfrange": 0, 
  "##characteristics#compile#obj_sizes#gzread.o#max": 5776, 
  "##characteristics#compile#obj_sizes#gzread.o#mean": 5776.0, 
  "##characteristics#compile#obj_sizes#gzread.o#mean_imp": 1.0, 
  "##characteristics#compile#obj_sizes#gzread.o#min": 5776, 
  "##characteristics#compile#obj_sizes#gzread.o#min_imp": 1.0, 
  "##characteristics#compile#obj_sizes#gzread.o#range": 0, 
  "##characteristics#compile#obj_sizes#gzread.o#range_percent": 0, 
  "##characteristics#compile#obj_sizes#gzread.o#repeats": 1, 
  "##characteristics#compile#obj_sizes#gzwrite.o#all": [
    10264
  ], 
  "##characteristics#compile#obj_sizes#gzwrite.o#all_unique": [
    10264
  ], 
  "##characteristics#compile#obj_sizes#gzwrite.o#center": 10264, 
  "##characteristics#compile#obj_sizes#gzwrite.o#center_imp": 1.0, 
  "##characteristics#compile#obj_sizes#gzwrite.o#halfrange": 0, 
  "##characteristics#compile#obj_sizes#gzwrite.o#max": 10264, 
  "##characteristics#compile#obj_sizes#gzwrite.o#mean": 10264.0, 
  "##characteristics#compile#obj_sizes#gzwrite.o#mean_imp": 1.0, 
  "##characteristics#compile#obj_sizes#gzwrite.o#min": 10264, 
  "##characteristics#compile#obj_sizes#gzwrite.o#min_imp": 1.0, 
  "##characteristics#compile#obj_sizes#gzwrite.o#range": 0, 
  "##characteristics#compile#obj_sizes#gzwrite.o#range_percent": 0, 
  "##characteristics#compile#obj_sizes#gzwrite.o#repeats": 1, 
  "##characteristics#compile#obj_sizes#infback.o#all": [
    9572
  ], 
  "##characteristics#compile#obj_sizes#infback.o#all_unique": [
    9572
  ], 
  "##characteristics#compile#obj_sizes#infback.o#center": 9572, 
  "##characteristics#compile#obj_sizes#infback.o#center_imp": 1.0, 
  "##characteristics#compile#obj_sizes#infback.o#halfrange": 0, 
  "##characteristics#compile#obj_sizes#infback.o#max": 9572, 
  "##characteristics#compile#obj_sizes#infback.o#mean": 9572.0, 
  "##characteristics#compile#obj_sizes#infback.o#mean_imp": 1.0, 
  "##characteristics#compile#obj_sizes#infback.o#min": 9572, 
  "##characteristics#compile#obj_sizes#infback.o#min_imp": 1.0, 
  "##characteristics#compile#obj_sizes#infback.o#range": 0, 
  "##characteristics#compile#obj_sizes#infback.o#range_percent": 0, 
  "##characteristics#compile#obj_sizes#infback.o#repeats": 1, 
  "##characteristics#compile#obj_sizes#inffast.o#all": [
    3996
  ], 
  "##characteristics#compile#obj_sizes#inffast.o#all_unique": [
    3996
  ], 
  "##characteristics#compile#obj_sizes#inffast.o#center": 3996, 
  "##characteristics#compile#obj_sizes#inffast.o#center_imp": 1.0, 
  "##characteristics#compile#obj_sizes#inffast.o#halfrange": 0, 
  "##characteristics#compile#obj_sizes#inffast.o#max": 3996, 
  "##characteristics#compile#obj_sizes#inffast.o#mean": 3996.0, 
  "##characteristics#compile#obj_sizes#inffast.o#mean_imp": 1.0, 
  "##characteristics#compile#obj_sizes#inffast.o#min": 3996, 
  "##characteristics#compile#obj_sizes#inffast.o#min_imp": 1.0, 
  "##characteristics#compile#obj_sizes#inffast.o#range": 0, 
  "##characteristics#compile#obj_sizes#inffast.o#range_percent": 0, 
  "##characteristics#compile#obj_sizes#inffast.o#repeats": 1, 
  "##characteristics#compile#obj_sizes#inflate.o#all": [
    16756
  ], 
  "##characteristics#compile#obj_sizes#inflate.o#all_unique": [
    16756
  ], 
  "##characteristics#compile#obj_sizes#inflate.o#center": 16756, 
  "##characteristics#compile#obj_sizes#inflate.o#center_imp": 1.0002387204583434, 
  "##characteristics#compile#obj_sizes#inflate.o#halfrange": 0, 
  "##characteristics#compile#obj_sizes#inflate.o#max": 16756, 
  "##characteristics#compile#obj_sizes#inflate.o#mean": 16756.0, 
  "##characteristics#compile#obj_sizes#inflate.o#mean_imp": 1.0002387204583434, 
  "##characteristics#compile#obj_sizes#inflate.o#min": 16756, 
  "##characteristics#compile#obj_sizes#inflate.o#min_imp": 1.0002387204583434, 
  "##characteristics#compile#obj_sizes#inflate.o#range": 0, 
  "##characteristics#compile#obj_sizes#inflate.o#range_percent": 0, 
  "##characteristics#compile#obj_sizes#inflate.o#repeats": 1, 
  "##characteristics#compile#obj_sizes#inftrees.o#all": [
    4420
  ], 
  "##characteristics#compile#obj_sizes#inftrees.o#all_unique": [
    4420
  ], 
  "##characteristics#compile#obj_sizes#inftrees.o#center": 4420, 
  "##characteristics#compile#obj_sizes#inftrees.o#center_imp": 1.0, 
  "##characteristics#compile#obj_sizes#inftrees.o#halfrange": 0, 
  "##characteristics#compile#obj_sizes#inftrees.o#max": 4420, 
  "##characteristics#compile#obj_sizes#inftrees.o#mean": 4420.0, 
  "##characteristics#compile#obj_sizes#inftrees.o#mean_imp": 1.0, 
  "##characteristics#compile#obj_sizes#inftrees.o#min": 4420, 
  "##characteristics#compile#obj_sizes#inftrees.o#min_imp": 1.0, 
  "##characteristics#compile#obj_sizes#inftrees.o#range": 0, 
  "##characteristics#compile#obj_sizes#inftrees.o#range_percent": 0, 
  "##characteristics#compile#obj_sizes#inftrees.o#repeats": 1, 
  "##characteristics#compile#obj_sizes#trees.o#all": [
    14184
  ], 
  "##characteristics#compile#obj_sizes#trees.o#all_unique": [
    14184
  ], 
  "##characteristics#compile#obj_sizes#trees.o#center": 14184, 
  "##characteristics#compile#obj_sizes#trees.o#center_imp": 1.0, 
  "##characteristics#compile#obj_sizes#trees.o#halfrange": 0, 
  "##characteristics#compile#obj_sizes#trees.o#max": 14184, 
  "##characteristics#compile#obj_sizes#trees.o#mean": 14184.0, 
  "##characteristics#compile#obj_sizes#trees.o#mean_imp": 1.0, 
  "##characteristics#compile#obj_sizes#trees.o#min": 14184, 
  "##characteristics#compile#obj_sizes#trees.o#min_imp": 1.0, 
  "##characteristics#compile#obj_sizes#trees.o#range": 0, 
  "##characteristics#compile#obj_sizes#trees.o#range_percent": 0, 
  "##characteristics#compile#obj_sizes#trees.o#repeats": 1, 
  "##characteristics#compile#obj_sizes#uncompr.o#all": [
    1272
  ], 
  "##characteristics#compile#obj_sizes#uncompr.o#all_unique": [
    1272
  ], 
  "##characteristics#compile#obj_sizes#uncompr.o#center": 1272, 
  "##characteristics#compile#obj_sizes#uncompr.o#center_imp": 1.0, 
  "##characteristics#compile#obj_sizes#uncompr.o#halfrange": 0, 
  "##characteristics#compile#obj_sizes#uncompr.o#max": 1272, 
  "##characteristics#compile#obj_sizes#uncompr.o#mean": 1272.0, 
  "##characteristics#compile#obj_sizes#uncompr.o#mean_imp": 1.0, 
  "##characteristics#compile#obj_sizes#uncompr.o#min": 1272, 
  "##characteristics#compile#obj_sizes#uncompr.o#min_imp": 1.0, 
  "##characteristics#compile#obj_sizes#uncompr.o#range": 0, 
  "##characteristics#compile#obj_sizes#uncompr.o#range_percent": 0, 
  "##characteristics#compile#obj_sizes#uncompr.o#repeats": 1, 
  "##characteristics#compile#obj_sizes#zutil.o#all": [
    1648
  ], 
  "##characteristics#compile#obj_sizes#zutil.o#all_unique": [
    1648
  ], 
  "##characteristics#compile#obj_sizes#zutil.o#center": 1648, 
  "##characteristics#compile#obj_sizes#zutil.o#center_imp": 1.0, 
  "##characteristics#compile#obj_sizes#zutil.o#halfrange": 0, 
  "##characteristics#compile#obj_sizes#zutil.o#max": 1648, 
  "##characteristics#compile#obj_sizes#zutil.o#mean": 1648.0, 
  "##characteristics#compile#obj_sizes#zutil.o#mean_imp": 1.0, 
  "##characteristics#compile#obj_sizes#zutil.o#min": 1648, 
  "##characteristics#compile#obj_sizes#zutil.o#min_imp": 1.0, 
  "##characteristics#compile#obj_sizes#zutil.o#range": 0, 
  "##characteristics#compile#obj_sizes#zutil.o#range_percent": 0, 
  "##characteristics#compile#obj_sizes#zutil.o#repeats": 1, 
  "##characteristics#compile#program_git_hash#all": [
    "f3b3ffe43b24039767a39c7f85ab4b768684a65b"
  ], 
  "##characteristics#compile#program_git_hash#all_unique": [
    "f3b3ffe43b24039767a39c7f85ab4b768684a65b"
  ], 
  "##characteristics#compile#program_git_hash#min": "f3b3ffe43b24039767a39c7f85ab4b768684a65b", 
  "##characteristics#compile#program_git_hash#min_imp": 0, 
  "##characteristics#compile#program_git_hash#repeats": 1, 
  "##characteristics#run#execution_time#all": [
    0.6707944, 
    0.6588125, 
    0.8364703, 
    0.7840461999999999
  ], 
  "##characteristics#run#execution_time#all_unique": [
    0.6707944, 
    0.6588125, 
    0.8364703, 
    0.7840461999999999
  ], 
  "##characteristics#run#execution_time#center": 0.7476414, 
  "##characteristics#run#execution_time#center_imp": 0.9498429327214892, 
  "##characteristics#run#execution_time#halfrange": 0.08882889999999999, 
  "##characteristics#run#execution_time#max": 0.8364703, 
  "##characteristics#run#execution_time#mean": 0.73753085, 
  "##characteristics#run#execution_time#mean_imp": 0.9629825993041511, 
  "##characteristics#run#execution_time#min": 0.6588125, 
  "##characteristics#run#execution_time#min_imp": 1.0070481358504886, 
  "##characteristics#run#execution_time#range": 0.17765779999999998, 
  "##characteristics#run#execution_time#range_percent": 0.26966367517313344, 
  "##characteristics#run#execution_time#repeats": 4, 
  "##characteristics#run#execution_time_kernel_0#all": [
    6.707944, 
    6.588125, 
    8.364703, 
    7.840462
  ], 
  "##characteristics#run#execution_time_kernel_0#all_unique": [
    6.707944, 
    6.588125, 
    8.364703, 
    7.840462
  ], 
  "##characteristics#run#execution_time_kernel_0#center": 7.476414, 
  "##characteristics#run#execution_time_kernel_0#center_imp": 0.9498429327214892, 
  "##characteristics#run#execution_time_kernel_0#halfrange": 0.8882890000000003, 
  "##characteristics#run#execution_time_kernel_0#max": 8.364703, 
  "##characteristics#run#execution_time_kernel_0#mean": 7.3753085, 
  "##characteristics#run#execution_time_kernel_0#mean_imp": 0.9629825993041512, 
  "##characteristics#run#execution_time_kernel_0#min": 6.588125, 
  "##characteristics#run#execution_time_kernel_0#min_imp": 1.0070481358504886, 
  "##characteristics#run#execution_time_kernel_0#range": 1.7765780000000007, 
  "##characteristics#run#execution_time_kernel_0#range_percent": 0.2696636751731336, 
  "##characteristics#run#execution_time_kernel_0#repeats": 4, 
  "##characteristics#run#execution_time_with_module#all": [
    7.394468069076538, 
    7.277132034301758, 
    9.047558069229126, 
    8.521677017211914
  ], 
  "##characteristics#run#execution_time_with_module#all_unique": [
    7.394468069076538, 
    7.277132034301758, 
    9.047558069229126, 
    8.521677017211914
  ], 
  "##characteristics#run#execution_time_with_module#center": 8.162345051765442, 
  "##characteristics#run#execution_time_with_module#center_imp": 2.1504024063543783, 
  "##characteristics#run#execution_time_with_module#halfrange": 0.8852130174636841, 
  "##characteristics#run#execution_time_with_module#max": 9.047558069229126, 
  "##characteristics#run#execution_time_with_module#mean": 8.060208797454834, 
  "##characteristics#run#execution_time_with_module#mean_imp": 1.5850044115168453, 
  "##characteristics#run#execution_time_with_module#min": 7.277132034301758, 
  "##characteristics#run#execution_time_with_module#min_imp": 1.0099566536218654, 
  "##characteristics#run#execution_time_with_module#range": 1.7704260349273682, 
  "##characteristics#run#execution_time_with_module#range_percent": 0.2432862323484338, 
  "##characteristics#run#execution_time_with_module#repeats": 4, 
  "##characteristics#run#repeat#all": [
    10, 
    10, 
    10, 
    10
  ], 
  "##characteristics#run#repeat#all_unique": [
    10
  ], 
  "##characteristics#run#repeat#center": 10, 
  "##characteristics#run#repeat#center_imp": 1.0, 
  "##characteristics#run#repeat#halfrange": 0, 
  "##characteristics#run#repeat#max": 10, 
  "##characteristics#run#repeat#mean": 10.0, 
  "##characteristics#run#repeat#mean_imp": 1.0, 
  "##characteristics#run#repeat#min": 10, 
  "##characteristics#run#repeat#min_imp": 1.0, 
  "##characteristics#run#repeat#range": 0, 
  "##characteristics#run#repeat#range_percent": 0, 
  "##characteristics#run#repeat#repeats": 4, 
  "##characteristics#run#return_code#all": [
    0, 
    0, 
    0, 
    0
  ], 
  "##characteristics#run#return_code#all_unique": [
    0
  ], 
  "##characteristics#run#return_code#center": 0, 
  "##characteristics#run#return_code#halfrange": 0, 
  "##characteristics#run#return_code#max": 0, 
  "##characteristics#run#return_code#mean": 0.0, 
  "##characteristics#run#return_code#min": 0, 
  "##characteristics#run#return_code#min_imp": 1, 
  "##characteristics#run#return_code#range": 0, 
  "##characteristics#run#return_code#repeats": 4, 
  "##characteristics#run#run_success#all": [
    "yes", 
    "yes", 
    "yes", 
    "yes"
  ], 
  "##characteristics#run#run_success#all_unique": [
    "yes"
  ], 
  "##characteristics#run#run_success#min": "yes", 
  "##characteristics#run#run_success#min_imp": 1, 
  "##characteristics#run#run_success#repeats": 4, 
  "##characteristics#run#run_success_bool#all": [
    true, 
    true, 
    true, 
    true
  ], 
  "##characteristics#run#run_success_bool#all_unique": [
    true
  ], 
  "##characteristics#run#run_success_bool#min": true, 
  "##characteristics#run#run_success_bool#min_imp": 1, 
  "##characteristics#run#run_success_bool#repeats": 4, 
  "##characteristics#run#total_execution_time#all": [
    6.707944, 
    6.588125, 
    8.364703, 
    7.840462
  ], 
  "##characteristics#run#total_execution_time#all_unique": [
    6.707944, 
    6.588125, 
    8.364703, 
    7.840462
  ], 
  "##characteristics#run#total_execution_time#center": 7.476414, 
  "##characteristics#run#total_execution_time#center_imp": 0.9498429327214892, 
  "##characteristics#run#total_execution_time#halfrange": 0.8882890000000003, 
  "##characteristics#run#total_execution_time#max": 8.364703, 
  "##characteristics#run#total_execution_time#mean": 7.3753085, 
  "##characteristics#run#total_execution_time#mean_imp": 0.9629825993041512, 
  "##characteristics#run#total_execution_time#min": 6.588125, 
  "##characteristics#run#total_execution_time#min_imp": 1.0070481358504886, 
  "##characteristics#run#total_execution_time#range": 1.7765780000000007, 
  "##characteristics#run#total_execution_time#range_percent": 0.2696636751731336, 
  "##characteristics#run#total_execution_time#repeats": 4
}
