{
  "##choices#calibration_time": 10.0, 
  "##choices#cmd_key": "encode", 
  "##choices#compile_type": "dynamic", 
  "##choices#compiler_description_uoa": "gcc-4.9.0-auto", 
  "##choices#compiler_flags#base_opt": "-O3", 
  "##choices#compiler_flags#bool--fira-algorithm=": "-fira-algorithm=priority", 
  "##choices#compiler_flags#bool-fast-math": "-fno-fast-math", 
  "##choices#compiler_flags#bool-gcse": "-fno-gcse", 
  "##choices#compiler_flags#bool-gcse-las": "-fgcse-las", 
  "##choices#compiler_flags#bool-if-conversion2": "-fno-if-conversion2", 
  "##choices#compiler_flags#bool-inline-functions": "-finline-functions", 
  "##choices#compiler_flags#bool-ipa-sra": "-fipa-sra", 
  "##choices#compiler_flags#bool-keep-static-consts": "-fkeep-static-consts", 
  "##choices#compiler_flags#bool-partial-inlining": "-fno-partial-inlining", 
  "##choices#compiler_flags#bool-rename-registers": "-fno-rename-registers", 
  "##choices#compiler_flags#bool-reorder-functions": "-fno-reorder-functions", 
  "##choices#compiler_flags#bool-sched-critical-path-heuristic": "-fno-sched-critical-path-heuristic", 
  "##choices#compiler_flags#bool-sched-spec": "-fno-sched-spec", 
  "##choices#compiler_flags#bool-sel-sched-pipelining": "-fno-sel-sched-pipelining", 
  "##choices#compiler_flags#bool-tree-dse": "-fno-tree-dse", 
  "##choices#compiler_flags#bool-tree-forwprop": "-fno-tree-forwprop", 
  "##choices#compiler_flags#bool-tree-phiprop": "-ftree-phiprop", 
  "##choices#compiler_flags#bool-tree-vectorize": "-ftree-vectorize", 
  "##choices#compiler_flags#bool-vect-cost-model": "-fno-vect-cost-model", 
  "##choices#data_uoa": "minigzip", 
  "##choices#dataset_file": "data.wav", 
  "##choices#dataset_uoa": "audio-wav-0001", 
  "##choices#device_id": "", 
  "##choices#host_os": "linux-32", 
  "##choices#module_uoa": "b0ac08fe1d3c2615", 
  "##choices#no_state_check": "yes", 
  "##choices#program_tags": "", 
  "##choices#repeat": 10, 
  "##choices#target": "", 
  "##choices#target_os": "linux-32", 
  "##choices#target_os_bits": "32"
}
