{
  "characteristics_list": [
    {
      "compile": {
        "binary_size": 101036, 
        "compilation_success": "yes", 
        "compilation_success_bool": true, 
        "compilation_time": 102.69372701644897, 
        "compilation_time_with_module": 109.1151192188263, 
        "joined_compiler_flags": "-O3 -fira-algorithm=priority -fbranch-target-load-optimize2 -fconserve-stack -fdelayed-branch -fforward-propagate -fgcse-lm -fno-inline-functions-called-once -finline-small-functions -fno-ipa-cp-clone -fno-ipa-reference -fira-hoist-pressure -fisolate-erroneous-paths-dereference -fno-keep-static-consts -fno-loop-nest-optimize -fno-math-errno -fno-peephole2 -fno-sched-critical-path-heuristic -fsignaling-nans -fsplit-wide-types -fno-tree-coalesce-vars -ftree-copyrename -ftree-fre -ftree-loop-if-convert-stores -funsafe-loop-optimizations -funswitch-loops -fno-vect-cost-model", 
        "md5_sum": "27e4485ea612e84c8ccbb197fb69eb08", 
        "obj_size": 114636, 
        "obj_sizes": {
          "adler32.o": 2424, 
          "compress.o": 1568, 
          "crc32.o": 10896, 
          "ctuning-rtl.o": 4808, 
          "deflate.o": 19784, 
          "gzclose.o": 980, 
          "gzlib.o": 6308, 
          "gzread.o": 6036, 
          "gzwrite.o": 9864, 
          "infback.o": 9544, 
          "inffast.o": 3916, 
          "inflate.o": 16768, 
          "inftrees.o": 4468, 
          "trees.o": 14356, 
          "uncompr.o": 1268, 
          "zutil.o": 1648
        }, 
        "program_git_hash": "f3b3ffe43b24039767a39c7f85ab4b768684a65b"
      }, 
      "run": {
        "execution_time": 1.0234858, 
        "execution_time_kernel_0": 10.234858, 
        "execution_time_with_module": 11.920379877090454, 
        "repeat": 10, 
        "return_code": 0, 
        "run_success": "yes", 
        "run_success_bool": true, 
        "total_execution_time": 10.234858
      }
    }, 
    {
      "run": {
        "execution_time": 0.6513089, 
        "execution_time_kernel_0": 6.513089, 
        "execution_time_with_module": 7.217499017715454, 
        "repeat": 10, 
        "return_code": 0, 
        "run_success": "yes", 
        "run_success_bool": true, 
        "total_execution_time": 6.513089
      }
    }, 
    {
      "run": {
        "execution_time": 0.7029164999999999, 
        "execution_time_kernel_0": 7.029165, 
        "execution_time_with_module": 10.198343992233276, 
        "repeat": 10, 
        "return_code": 0, 
        "run_success": "yes", 
        "run_success_bool": true, 
        "total_execution_time": 7.029165
      }
    }, 
    {
      "run": {
        "execution_time": 0.6859810000000001, 
        "execution_time_kernel_0": 6.85981, 
        "execution_time_with_module": 7.591844797134399, 
        "repeat": 10, 
        "return_code": 0, 
        "run_success": "yes", 
        "run_success_bool": true, 
        "total_execution_time": 6.85981
      }
    }
  ], 
  "choices": {
    "calibration_time": 10.0, 
    "cmd_key": "encode", 
    "compile_type": "dynamic", 
    "compiler_description_uoa": "gcc-4.9.0-auto", 
    "compiler_flags": {
      "base_opt": "-O3", 
      "bool--fira-algorithm=": "-fira-algorithm=priority", 
      "bool-branch-target-load-optimize2": "-fbranch-target-load-optimize2", 
      "bool-conserve-stack": "-fconserve-stack", 
      "bool-delayed-branch": "-fdelayed-branch", 
      "bool-forward-propagate": "-fforward-propagate", 
      "bool-gcse-lm": "-fgcse-lm", 
      "bool-inline-functions-called-once": "-fno-inline-functions-called-once", 
      "bool-inline-small-functions": "-finline-small-functions", 
      "bool-ipa-cp-clone": "-fno-ipa-cp-clone", 
      "bool-ipa-reference": "-fno-ipa-reference", 
      "bool-ira-hoist-pressure": "-fira-hoist-pressure", 
      "bool-isolate-erroneous-paths-dereference": "-fisolate-erroneous-paths-dereference", 
      "bool-keep-static-consts": "-fno-keep-static-consts", 
      "bool-loop-nest-optimize": "-fno-loop-nest-optimize", 
      "bool-math-errno": "-fno-math-errno", 
      "bool-peephole2": "-fno-peephole2", 
      "bool-sched-critical-path-heuristic": "-fno-sched-critical-path-heuristic", 
      "bool-signaling-nans": "-fsignaling-nans", 
      "bool-split-wide-types": "-fsplit-wide-types", 
      "bool-tree-coalesce-vars": "-fno-tree-coalesce-vars", 
      "bool-tree-copyrename": "-ftree-copyrename", 
      "bool-tree-fre": "-ftree-fre", 
      "bool-tree-loop-if-convert-stores": "-ftree-loop-if-convert-stores", 
      "bool-unsafe-loop-optimizations": "-funsafe-loop-optimizations", 
      "bool-unswitch-loops": "-funswitch-loops", 
      "bool-vect-cost-model": "-fno-vect-cost-model"
    }, 
    "data_uoa": "minigzip", 
    "dataset_file": "data.wav", 
    "dataset_uoa": "audio-wav-0001", 
    "device_cfg": {}, 
    "device_id": "", 
    "host_os": "linux-32", 
    "module_uoa": "b0ac08fe1d3c2615", 
    "no_state_check": "yes", 
    "program_tags": "", 
    "repeat": 10, 
    "target": "", 
    "target_os": "linux-32", 
    "target_os_bits": "32"
  }, 
  "choices_order": [
    "##compiler_flags#base_opt", 
    "##compiler_flags#bool--fira-algorithm=", 
    "##compiler_flags#bool-branch-target-load-optimize2", 
    "##compiler_flags#bool-conserve-stack", 
    "##compiler_flags#bool-delayed-branch", 
    "##compiler_flags#bool-forward-propagate", 
    "##compiler_flags#bool-gcse-lm", 
    "##compiler_flags#bool-inline-functions-called-once", 
    "##compiler_flags#bool-inline-small-functions", 
    "##compiler_flags#bool-ipa-cp-clone", 
    "##compiler_flags#bool-ipa-reference", 
    "##compiler_flags#bool-ira-hoist-pressure", 
    "##compiler_flags#bool-isolate-erroneous-paths-dereference", 
    "##compiler_flags#bool-keep-static-consts", 
    "##compiler_flags#bool-loop-nest-optimize", 
    "##compiler_flags#bool-math-errno", 
    "##compiler_flags#bool-peephole2", 
    "##compiler_flags#bool-sched-critical-path-heuristic", 
    "##compiler_flags#bool-signaling-nans", 
    "##compiler_flags#bool-split-wide-types", 
    "##compiler_flags#bool-tree-coalesce-vars", 
    "##compiler_flags#bool-tree-copyrename", 
    "##compiler_flags#bool-tree-fre", 
    "##compiler_flags#bool-tree-loop-if-convert-stores", 
    "##compiler_flags#bool-unsafe-loop-optimizations", 
    "##compiler_flags#bool-unswitch-loops", 
    "##compiler_flags#bool-vect-cost-model"
  ], 
  "features": {
    "compiler_version": {
      "list": [
        4, 
        9, 
        2
      ], 
      "raw": [
        "gcc-4.9 (Raspbian 4.9.2-10) 4.9.2", 
        "Copyright (C) 2014 Free Software Foundation, Inc.", 
        "This is free software; see the source for copying conditions.  There is NO", 
        "warranty; not even for MERCHANTABILITY or FITNESS FOR A PARTICULAR PURPOSE.", 
        "", 
        ""
      ], 
      "str": "4.9.2"
    }, 
    "dataset": {
      "total_size": 311096
    }, 
    "number_of_selected_compiler_flags": 27, 
    "platform": {
      "cpu": {
        "all_freqs": {
          "0": [
            700000, 
            700000
          ]
        }, 
        "cpu_abi": "", 
        "cpu_features": "half thumb fastmult vfp edsp java tls", 
        "current_freq": {
          "0": 700.0
        }, 
        "max_freq": {
          "0": 700.0
        }, 
        "name": "BCM2708", 
        "num_proc": "1", 
        "sub_name": "ARMv6-compatible processor rev 7 (v6l)", 
        "workload_automation": {
          "device_config": {
            "core_clusters": [
              0
            ], 
            "core_names": [
              "BCM2708"
            ]
          }
        }
      }, 
      "cpu_misc": {
        "0": {
          "BogoMIPS": "697.95", 
          "CPU architecture": "7", 
          "CPU implementer": "0x41", 
          "CPU part": "0xb76", 
          "CPU revision": "7", 
          "CPU variant": "0x0", 
          "Features": "half thumb fastmult vfp edsp java tls", 
          "Hardware": "BCM2708", 
          "Revision": "0013", 
          "Serial": "00000000999033c3", 
          "all_freqs": [
            "0", 
            "0"
          ], 
          "ck_cpu_name": "BCM2708", 
          "ck_cpu_subname": "ARMv6-compatible processor rev 7 (v6l)", 
          "cpu_features": "half thumb fastmult vfp edsp java tls", 
          "cur_freq": 700.0, 
          "max_freq": 700.0, 
          "model name": "ARMv6-compatible processor rev 7 (v6l)", 
          "processor": "0"
        }
      }, 
      "cpu_new_format": "", 
      "cpu_unique": [
        {
          "BogoMIPS": "697.95", 
          "CPU architecture": "7", 
          "CPU implementer": "0x41", 
          "CPU part": "0xb76", 
          "CPU revision": "7", 
          "CPU variant": "0x0", 
          "Features": "half thumb fastmult vfp edsp java tls", 
          "Hardware": "BCM2708", 
          "Revision": "0013", 
          "Serial": "00000000999033c3", 
          "all_freqs": [
            "0", 
            "0"
          ], 
          "ck_cpu_name": "BCM2708", 
          "ck_cpu_subname": "ARMv6-compatible processor rev 7 (v6l)", 
          "cpu_features": "half thumb fastmult vfp edsp java tls", 
          "cur_freq": 700.0, 
          "max_freq": 700.0, 
          "model name": "ARMv6-compatible processor rev 7 (v6l)", 
          "processor": "0"
        }
      ], 
      "gpu": {
        "name": "", 
        "vendor": ""
      }, 
      "gpu_misc": {}, 
      "os": {
        "abi": "armv6l", 
        "bits": "32", 
        "ck_os_base_uoa": "", 
        "ck_os_uoa": "linux-32", 
        "name": "Linux 4.4.21+", 
        "name_long": "Linux-4.4.21+-armv6l-with-debian-8.0", 
        "name_short": "Linux 4.4.21+", 
        "serial_number": ""
      }, 
      "os_misc": {}, 
      "platform": {
        "model": "", 
        "name": "", 
        "vendor": ""
      }, 
      "platform_misc": {}
    }, 
    "solution_uid": "61764d46879edf84", 
    "statistical_repetitions": 4
  }
}
