{
  "characteristics_list": [
    {
      "compile": {
        "binary_size": 99052, 
        "compilation_success": "yes", 
        "compilation_success_bool": true, 
        "compilation_time": 99.37346720695496, 
        "compilation_time_with_module": 104.23123407363892, 
        "joined_compiler_flags": "-O3 -fno-associative-math -fbranch-target-load-optimize -fbranch-target-load-optimize2 -fcaller-saves -fno-cse-skip-blocks -fno-delayed-branch -fno-forward-propagate -fgcse-las -fira-share-spill-slots -fmerge-constants -fmodulo-sched-allow-regmoves -fno-sched2-use-superblocks -fno-shrink-wrap -fno-tree-bit-ccp -ftree-ccp -fno-tree-dse -fno-tree-loop-if-convert -fno-tree-loop-vectorize -fno-tree-phiprop", 
        "md5_sum": "e7dfbd9559454be9ea85814035be423f", 
        "obj_size": 112636, 
        "obj_sizes": {
          "adler32.o": 2424, 
          "compress.o": 1568, 
          "crc32.o": 10876, 
          "ctuning-rtl.o": 4804, 
          "deflate.o": 20048, 
          "gzclose.o": 980, 
          "gzlib.o": 6272, 
          "gzread.o": 5788, 
          "gzwrite.o": 10272, 
          "infback.o": 9108, 
          "inffast.o": 2500, 
          "inflate.o": 16284, 
          "inftrees.o": 4416, 
          "trees.o": 14376, 
          "uncompr.o": 1272, 
          "zutil.o": 1648
        }, 
        "program_git_hash": "f3b3ffe43b24039767a39c7f85ab4b768684a65b"
      }, 
      "run": {
        "execution_time": 0.9163824, 
        "execution_time_kernel_0": 9.163824, 
        "execution_time_with_module": 9.866561889648438, 
        "repeat": 10, 
        "return_code": 0, 
        "run_success": "yes", 
        "run_success_bool": true, 
        "total_execution_time": 9.163824
      }
    }, 
    {
      "run": {
        "execution_time": 0.9123288, 
        "execution_time_kernel_0": 9.123288, 
        "execution_time_with_module": 9.829569101333618, 
        "repeat": 10, 
        "return_code": 0, 
        "run_success": "yes", 
        "run_success_bool": true, 
        "total_execution_time": 9.123288
      }
    }, 
    {
      "run": {
        "execution_time": 0.8285269, 
        "execution_time_kernel_0": 8.285269, 
        "execution_time_with_module": 8.991137981414795, 
        "repeat": 10, 
        "return_code": 0, 
        "run_success": "yes", 
        "run_success_bool": true, 
        "total_execution_time": 8.285269
      }
    }, 
    {
      "run": {
        "execution_time": 0.643903, 
        "execution_time_kernel_0": 6.43903, 
        "execution_time_with_module": 7.17803692817688, 
        "repeat": 10, 
        "return_code": 0, 
        "run_success": "yes", 
        "run_success_bool": true, 
        "total_execution_time": 6.43903
      }
    }
  ], 
  "choices": {
    "calibration_time": 10.0, 
    "cmd_key": "encode", 
    "compile_type": "dynamic", 
    "compiler_description_uoa": "gcc-4.9.0-auto", 
    "compiler_flags": {
      "base_opt": "-O3", 
      "bool-associative-math": "-fno-associative-math", 
      "bool-branch-target-load-optimize": "-fbranch-target-load-optimize", 
      "bool-branch-target-load-optimize2": "-fbranch-target-load-optimize2", 
      "bool-caller-saves": "-fcaller-saves", 
      "bool-cse-skip-blocks": "-fno-cse-skip-blocks", 
      "bool-delayed-branch": "-fno-delayed-branch", 
      "bool-forward-propagate": "-fno-forward-propagate", 
      "bool-gcse-las": "-fgcse-las", 
      "bool-ira-share-spill-slots": "-fira-share-spill-slots", 
      "bool-merge-constants": "-fmerge-constants", 
      "bool-modulo-sched-allow-regmoves": "-fmodulo-sched-allow-regmoves", 
      "bool-sched2-use-superblocks": "-fno-sched2-use-superblocks", 
      "bool-shrink-wrap": "-fno-shrink-wrap", 
      "bool-tree-bit-ccp": "-fno-tree-bit-ccp", 
      "bool-tree-ccp": "-ftree-ccp", 
      "bool-tree-dse": "-fno-tree-dse", 
      "bool-tree-loop-if-convert": "-fno-tree-loop-if-convert", 
      "bool-tree-loop-vectorize": "-fno-tree-loop-vectorize", 
      "bool-tree-phiprop": "-fno-tree-phiprop"
    }, 
    "data_uoa": "minigzip", 
    "dataset_file": "data.wav", 
    "dataset_uoa": "audio-wav-0001", 
    "device_cfg": {}, 
    "device_id": "", 
    "host_os": "linux-32", 
    "module_uoa": "b0ac08fe1d3c2615", 
    "no_state_check": "yes", 
    "program_tags": "", 
    "repeat": 10, 
    "target": "", 
    "target_os": "linux-32", 
    "target_os_bits": "32"
  }, 
  "choices_order": [
    "##compiler_flags#base_opt", 
    "##compiler_flags#bool-associative-math", 
    "##compiler_flags#bool-branch-target-load-optimize", 
    "##compiler_flags#bool-branch-target-load-optimize2", 
    "##compiler_flags#bool-caller-saves", 
    "##compiler_flags#bool-cse-skip-blocks", 
    "##compiler_flags#bool-delayed-branch", 
    "##compiler_flags#bool-forward-propagate", 
    "##compiler_flags#bool-gcse-las", 
    "##compiler_flags#bool-ira-share-spill-slots", 
    "##compiler_flags#bool-merge-constants", 
    "##compiler_flags#bool-modulo-sched-allow-regmoves", 
    "##compiler_flags#bool-sched2-use-superblocks", 
    "##compiler_flags#bool-shrink-wrap", 
    "##compiler_flags#bool-tree-bit-ccp", 
    "##compiler_flags#bool-tree-ccp", 
    "##compiler_flags#bool-tree-dse", 
    "##compiler_flags#bool-tree-loop-if-convert", 
    "##compiler_flags#bool-tree-loop-vectorize", 
    "##compiler_flags#bool-tree-phiprop"
  ], 
  "features": {
    "compiler_version": {
      "list": [
        4, 
        9, 
        2
      ], 
      "raw": [
        "gcc-4.9 (Raspbian 4.9.2-10) 4.9.2", 
        "Copyright (C) 2014 Free Software Foundation, Inc.", 
        "This is free software; see the source for copying conditions.  There is NO", 
        "warranty; not even for MERCHANTABILITY or FITNESS FOR A PARTICULAR PURPOSE.", 
        "", 
        ""
      ], 
      "str": "4.9.2"
    }, 
    "dataset": {
      "total_size": 311096
    }, 
    "number_of_selected_compiler_flags": 20, 
    "platform": {
      "cpu": {
        "all_freqs": {
          "0": [
            700000, 
            700000
          ]
        }, 
        "cpu_abi": "", 
        "cpu_features": "half thumb fastmult vfp edsp java tls", 
        "current_freq": {
          "0": 700.0
        }, 
        "max_freq": {
          "0": 700.0
        }, 
        "name": "BCM2708", 
        "num_proc": "1", 
        "sub_name": "ARMv6-compatible processor rev 7 (v6l)", 
        "workload_automation": {
          "device_config": {
            "core_clusters": [
              0
            ], 
            "core_names": [
              "BCM2708"
            ]
          }
        }
      }, 
      "cpu_misc": {
        "0": {
          "BogoMIPS": "697.95", 
          "CPU architecture": "7", 
          "CPU implementer": "0x41", 
          "CPU part": "0xb76", 
          "CPU revision": "7", 
          "CPU variant": "0x0", 
          "Features": "half thumb fastmult vfp edsp java tls", 
          "Hardware": "BCM2708", 
          "Revision": "0013", 
          "Serial": "00000000999033c3", 
          "all_freqs": [
            "0", 
            "0"
          ], 
          "ck_cpu_name": "BCM2708", 
          "ck_cpu_subname": "ARMv6-compatible processor rev 7 (v6l)", 
          "cpu_features": "half thumb fastmult vfp edsp java tls", 
          "cur_freq": 700.0, 
          "max_freq": 700.0, 
          "model name": "ARMv6-compatible processor rev 7 (v6l)", 
          "processor": "0"
        }
      }, 
      "cpu_new_format": "", 
      "cpu_unique": [
        {
          "BogoMIPS": "697.95", 
          "CPU architecture": "7", 
          "CPU implementer": "0x41", 
          "CPU part": "0xb76", 
          "CPU revision": "7", 
          "CPU variant": "0x0", 
          "Features": "half thumb fastmult vfp edsp java tls", 
          "Hardware": "BCM2708", 
          "Revision": "0013", 
          "Serial": "00000000999033c3", 
          "all_freqs": [
            "0", 
            "0"
          ], 
          "ck_cpu_name": "BCM2708", 
          "ck_cpu_subname": "ARMv6-compatible processor rev 7 (v6l)", 
          "cpu_features": "half thumb fastmult vfp edsp java tls", 
          "cur_freq": 700.0, 
          "max_freq": 700.0, 
          "model name": "ARMv6-compatible processor rev 7 (v6l)", 
          "processor": "0"
        }
      ], 
      "gpu": {
        "name": "", 
        "vendor": ""
      }, 
      "gpu_misc": {}, 
      "os": {
        "abi": "armv6l", 
        "bits": "32", 
        "ck_os_base_uoa": "", 
        "ck_os_uoa": "linux-32", 
        "name": "Linux 4.4.21+", 
        "name_long": "Linux-4.4.21+-armv6l-with-debian-8.0", 
        "name_short": "Linux 4.4.21+", 
        "serial_number": ""
      }, 
      "os_misc": {}, 
      "platform": {
        "model": "", 
        "name": "", 
        "vendor": ""
      }, 
      "platform_misc": {}
    }, 
    "solution_uid": "61764d46879edf84", 
    "statistical_repetitions": 4
  }
}
