{
  "##choices#calibration_time": 10.0, 
  "##choices#cmd_key": "encode", 
  "##choices#compile_type": "dynamic", 
  "##choices#compiler_description_uoa": "gcc-4.9.0-auto", 
  "##choices#compiler_flags#base_opt": "-O3", 
  "##choices#compiler_flags#bool-dce": "-fno-dce", 
  "##choices#compiler_flags#bool-delete-null-pointer-checks": "-fdelete-null-pointer-checks", 
  "##choices#compiler_flags#bool-finite-math-only": "-ffinite-math-only", 
  "##choices#compiler_flags#bool-graphite-identity": "-fno-graphite-identity", 
  "##choices#compiler_flags#bool-ira-share-spill-slots": "-fno-ira-share-spill-slots", 
  "##choices#compiler_flags#bool-loop-strip-mine": "-floop-strip-mine", 
  "##choices#compiler_flags#bool-reciprocal-math": "-fno-reciprocal-math", 
  "##choices#compiler_flags#bool-reorder-blocks-and-partition": "-fno-reorder-blocks-and-partition", 
  "##choices#compiler_flags#bool-rounding-math": "-frounding-math", 
  "##choices#compiler_flags#bool-sched-rank-heuristic": "-fno-sched-rank-heuristic", 
  "##choices#compiler_flags#bool-sched-spec": "-fno-sched-spec", 
  "##choices#compiler_flags#bool-sched-spec-load": "-fsched-spec-load", 
  "##choices#compiler_flags#bool-tree-partial-pre": "-ftree-partial-pre", 
  "##choices#compiler_flags#bool-tree-sink": "-ftree-sink", 
  "##choices#compiler_flags#bool-unit-at-a-time": "-funit-at-a-time", 
  "##choices#compiler_flags#bool-web": "-fweb", 
  "##choices#compiler_flags#bool-whole-program": "-fno-whole-program", 
  "##choices#data_uoa": "minigzip", 
  "##choices#dataset_file": "data.wav", 
  "##choices#dataset_uoa": "audio-wav-0001", 
  "##choices#device_id": "", 
  "##choices#host_os": "linux-32", 
  "##choices#module_uoa": "b0ac08fe1d3c2615", 
  "##choices#no_state_check": "yes", 
  "##choices#program_tags": "", 
  "##choices#repeat": 10, 
  "##choices#target": "", 
  "##choices#target_os": "linux-32", 
  "##choices#target_os_bits": "32"
}
