{
  "characteristics_list": [
    {
      "compile": {
        "binary_size": 89216, 
        "compilation_success": "yes", 
        "compilation_success_bool": true, 
        "compilation_time": 88.38864803314209, 
        "compilation_time_with_module": 94.75179600715637, 
        "joined_compiler_flags": "-O3 -fexcess-precision=standard -ffp-contract=fast -fbtr-bb-exclusive -fdevirtualize-speculatively -fno-hoist-adjacent-loads -fno-inline-small-functions -fno-keep-inline-functions -floop-nest-optimize -freorder-blocks -fno-tree-dse -fno-tree-loop-linear -ftree-pta -fno-wpa", 
        "md5_sum": "e0f87106d59b88d5b950e2e05fdc9084", 
        "obj_size": 101512, 
        "obj_sizes": {
          "adler32.o": 2264, 
          "compress.o": 1372, 
          "crc32.o": 10728, 
          "ctuning-rtl.o": 4804, 
          "deflate.o": 15516, 
          "gzclose.o": 980, 
          "gzlib.o": 5276, 
          "gzread.o": 5412, 
          "gzwrite.o": 5200, 
          "infback.o": 9572, 
          "inffast.o": 3996, 
          "inflate.o": 15720, 
          "inftrees.o": 4420, 
          "trees.o": 13332, 
          "uncompr.o": 1272, 
          "zutil.o": 1648
        }, 
        "program_git_hash": "f3b3ffe43b24039767a39c7f85ab4b768684a65b"
      }, 
      "run": {
        "execution_time": 0.8545486999999999, 
        "execution_time_kernel_0": 8.545487, 
        "execution_time_with_module": 9.251240968704224, 
        "repeat": 10, 
        "return_code": 0, 
        "run_success": "yes", 
        "run_success_bool": true, 
        "total_execution_time": 8.545487
      }
    }, 
    {
      "run": {
        "execution_time": 1.0173012, 
        "execution_time_kernel_0": 10.173012, 
        "execution_time_with_module": 10.881378173828125, 
        "repeat": 10, 
        "return_code": 0, 
        "run_success": "yes", 
        "run_success_bool": true, 
        "total_execution_time": 10.173012
      }
    }, 
    {
      "run": {
        "execution_time": 0.8425758999999999, 
        "execution_time_kernel_0": 8.425759, 
        "execution_time_with_module": 9.139099836349487, 
        "repeat": 10, 
        "return_code": 0, 
        "run_success": "yes", 
        "run_success_bool": true, 
        "total_execution_time": 8.425759
      }
    }, 
    {
      "run": {
        "execution_time": 1.0899456, 
        "execution_time_kernel_0": 10.899456, 
        "execution_time_with_module": 11.60881519317627, 
        "repeat": 10, 
        "return_code": 0, 
        "run_success": "yes", 
        "run_success_bool": true, 
        "total_execution_time": 10.899456
      }
    }
  ], 
  "choices": {
    "calibration_time": 10.0, 
    "cmd_key": "encode", 
    "compile_type": "dynamic", 
    "compiler_description_uoa": "gcc-4.9.0-auto", 
    "compiler_flags": {
      "base_opt": "-O3", 
      "bool--fexcess-precision=": "-fexcess-precision=standard", 
      "bool--ffp-contract=": "-ffp-contract=fast", 
      "bool-btr-bb-exclusive": "-fbtr-bb-exclusive", 
      "bool-devirtualize-speculatively": "-fdevirtualize-speculatively", 
      "bool-hoist-adjacent-loads": "-fno-hoist-adjacent-loads", 
      "bool-inline-small-functions": "-fno-inline-small-functions", 
      "bool-keep-inline-functions": "-fno-keep-inline-functions", 
      "bool-loop-nest-optimize": "-floop-nest-optimize", 
      "bool-reorder-blocks": "-freorder-blocks", 
      "bool-tree-dse": "-fno-tree-dse", 
      "bool-tree-loop-linear": "-fno-tree-loop-linear", 
      "bool-tree-pta": "-ftree-pta", 
      "bool-wpa": "-fno-wpa"
    }, 
    "data_uoa": "minigzip", 
    "dataset_file": "data.wav", 
    "dataset_uoa": "audio-wav-0001", 
    "device_cfg": {}, 
    "device_id": "", 
    "host_os": "linux-32", 
    "module_uoa": "b0ac08fe1d3c2615", 
    "no_state_check": "yes", 
    "program_tags": "", 
    "repeat": 10, 
    "target": "", 
    "target_os": "linux-32", 
    "target_os_bits": "32"
  }, 
  "choices_order": [
    "##compiler_flags#base_opt", 
    "##compiler_flags#bool--fexcess-precision=", 
    "##compiler_flags#bool--ffp-contract=", 
    "##compiler_flags#bool-btr-bb-exclusive", 
    "##compiler_flags#bool-devirtualize-speculatively", 
    "##compiler_flags#bool-hoist-adjacent-loads", 
    "##compiler_flags#bool-inline-small-functions", 
    "##compiler_flags#bool-keep-inline-functions", 
    "##compiler_flags#bool-loop-nest-optimize", 
    "##compiler_flags#bool-reorder-blocks", 
    "##compiler_flags#bool-tree-dse", 
    "##compiler_flags#bool-tree-loop-linear", 
    "##compiler_flags#bool-tree-pta", 
    "##compiler_flags#bool-wpa"
  ], 
  "features": {
    "compiler_version": {
      "list": [
        4, 
        9, 
        2
      ], 
      "raw": [
        "gcc-4.9 (Raspbian 4.9.2-10) 4.9.2", 
        "Copyright (C) 2014 Free Software Foundation, Inc.", 
        "This is free software; see the source for copying conditions.  There is NO", 
        "warranty; not even for MERCHANTABILITY or FITNESS FOR A PARTICULAR PURPOSE.", 
        "", 
        ""
      ], 
      "str": "4.9.2"
    }, 
    "dataset": {
      "total_size": 311096
    }, 
    "number_of_selected_compiler_flags": 14, 
    "platform": {
      "cpu": {
        "all_freqs": {
          "0": [
            700000, 
            700000
          ]
        }, 
        "cpu_abi": "", 
        "cpu_features": "half thumb fastmult vfp edsp java tls", 
        "current_freq": {
          "0": 700.0
        }, 
        "max_freq": {
          "0": 700.0
        }, 
        "name": "BCM2708", 
        "num_proc": "1", 
        "sub_name": "ARMv6-compatible processor rev 7 (v6l)", 
        "workload_automation": {
          "device_config": {
            "core_clusters": [
              0
            ], 
            "core_names": [
              "BCM2708"
            ]
          }
        }
      }, 
      "cpu_misc": {
        "0": {
          "BogoMIPS": "697.95", 
          "CPU architecture": "7", 
          "CPU implementer": "0x41", 
          "CPU part": "0xb76", 
          "CPU revision": "7", 
          "CPU variant": "0x0", 
          "Features": "half thumb fastmult vfp edsp java tls", 
          "Hardware": "BCM2708", 
          "Revision": "0013", 
          "Serial": "00000000999033c3", 
          "all_freqs": [
            "0", 
            "0"
          ], 
          "ck_cpu_name": "BCM2708", 
          "ck_cpu_subname": "ARMv6-compatible processor rev 7 (v6l)", 
          "cpu_features": "half thumb fastmult vfp edsp java tls", 
          "cur_freq": 700.0, 
          "max_freq": 700.0, 
          "model name": "ARMv6-compatible processor rev 7 (v6l)", 
          "processor": "0"
        }
      }, 
      "cpu_new_format": "", 
      "cpu_unique": [
        {
          "BogoMIPS": "697.95", 
          "CPU architecture": "7", 
          "CPU implementer": "0x41", 
          "CPU part": "0xb76", 
          "CPU revision": "7", 
          "CPU variant": "0x0", 
          "Features": "half thumb fastmult vfp edsp java tls", 
          "Hardware": "BCM2708", 
          "Revision": "0013", 
          "Serial": "00000000999033c3", 
          "all_freqs": [
            "0", 
            "0"
          ], 
          "ck_cpu_name": "BCM2708", 
          "ck_cpu_subname": "ARMv6-compatible processor rev 7 (v6l)", 
          "cpu_features": "half thumb fastmult vfp edsp java tls", 
          "cur_freq": 700.0, 
          "max_freq": 700.0, 
          "model name": "ARMv6-compatible processor rev 7 (v6l)", 
          "processor": "0"
        }
      ], 
      "gpu": {
        "name": "", 
        "vendor": ""
      }, 
      "gpu_misc": {}, 
      "os": {
        "abi": "armv6l", 
        "bits": "32", 
        "ck_os_base_uoa": "", 
        "ck_os_uoa": "linux-32", 
        "name": "Linux 4.4.21+", 
        "name_long": "Linux-4.4.21+-armv6l-with-debian-8.0", 
        "name_short": "Linux 4.4.21+", 
        "serial_number": ""
      }, 
      "os_misc": {}, 
      "platform": {
        "model": "", 
        "name": "", 
        "vendor": ""
      }, 
      "platform_misc": {}
    }, 
    "solution_uid": "61764d46879edf84", 
    "statistical_repetitions": 4
  }
}
