{
  "##choices#calibration_time": 10.0, 
  "##choices#cmd_key": "encode", 
  "##choices#compile_type": "dynamic", 
  "##choices#compiler_description_uoa": "gcc-4.9.0-auto", 
  "##choices#compiler_flags#base_opt": "-O3", 
  "##choices#compiler_flags#bool--fexcess-precision=": "-fexcess-precision=fast", 
  "##choices#compiler_flags#bool-data-sections": "-fno-data-sections", 
  "##choices#compiler_flags#bool-forward-propagate": "-fno-forward-propagate", 
  "##choices#compiler_flags#bool-gcse-lm": "-fgcse-lm", 
  "##choices#compiler_flags#bool-ipa-cp-clone": "-fno-ipa-cp-clone", 
  "##choices#compiler_flags#bool-partial-inlining": "-fpartial-inlining", 
  "##choices#compiler_flags#bool-reorder-blocks": "-freorder-blocks", 
  "##choices#compiler_flags#bool-sched-rank-heuristic": "-fsched-rank-heuristic", 
  "##choices#compiler_flags#bool-sched-spec-insn-heuristic": "-fno-sched-spec-insn-heuristic", 
  "##choices#compiler_flags#bool-schedule-insns2": "-fno-schedule-insns2", 
  "##choices#compiler_flags#bool-tree-copy-prop": "-fno-tree-copy-prop", 
  "##choices#compiler_flags#bool-tree-dse": "-fno-tree-dse", 
  "##choices#compiler_flags#bool-tree-loop-if-convert": "-fno-tree-loop-if-convert", 
  "##choices#compiler_flags#bool-tree-partial-pre": "-ftree-partial-pre", 
  "##choices#compiler_flags#bool-tree-phiprop": "-fno-tree-phiprop", 
  "##choices#compiler_flags#bool-tree-pta": "-ftree-pta", 
  "##choices#compiler_flags#bool-unsafe-loop-optimizations": "-funsafe-loop-optimizations", 
  "##choices#data_uoa": "minigzip", 
  "##choices#dataset_file": "data.wav", 
  "##choices#dataset_uoa": "audio-wav-0001", 
  "##choices#device_id": "", 
  "##choices#host_os": "linux-32", 
  "##choices#module_uoa": "b0ac08fe1d3c2615", 
  "##choices#no_state_check": "yes", 
  "##choices#program_tags": "", 
  "##choices#repeat": 10, 
  "##choices#target": "", 
  "##choices#target_os": "linux-32", 
  "##choices#target_os_bits": "32"
}
