{
  "##characteristics#compile#binary_size#all": [
    101996
  ], 
  "##characteristics#compile#binary_size#all_unique": [
    101996
  ], 
  "##characteristics#compile#binary_size#center": 101996, 
  "##characteristics#compile#binary_size#center_imp": 0.9944703713871132, 
  "##characteristics#compile#binary_size#halfrange": 0, 
  "##characteristics#compile#binary_size#max": 101996, 
  "##characteristics#compile#binary_size#mean": 101996.0, 
  "##characteristics#compile#binary_size#mean_imp": 0.9944703713871132, 
  "##characteristics#compile#binary_size#min": 101996, 
  "##characteristics#compile#binary_size#min_imp": 0.9944703713871132, 
  "##characteristics#compile#binary_size#range": 0, 
  "##characteristics#compile#binary_size#range_percent": 0, 
  "##characteristics#compile#binary_size#repeats": 1, 
  "##characteristics#compile#compilation_success#all": [
    "yes"
  ], 
  "##characteristics#compile#compilation_success#all_unique": [
    "yes"
  ], 
  "##characteristics#compile#compilation_success#min": "yes", 
  "##characteristics#compile#compilation_success#min_imp": 0, 
  "##characteristics#compile#compilation_success#repeats": 1, 
  "##characteristics#compile#compilation_success_bool#all": [
    true
  ], 
  "##characteristics#compile#compilation_success_bool#all_unique": [
    true
  ], 
  "##characteristics#compile#compilation_success_bool#min": true, 
  "##characteristics#compile#compilation_success_bool#min_imp": 0, 
  "##characteristics#compile#compilation_success_bool#repeats": 1, 
  "##characteristics#compile#compilation_time#all": [
    102.61746501922607
  ], 
  "##characteristics#compile#compilation_time#all_unique": [
    102.61746501922607
  ], 
  "##characteristics#compile#compilation_time#center": 102.61746501922607, 
  "##characteristics#compile#compilation_time#center_imp": 0.9950663746119492, 
  "##characteristics#compile#compilation_time#halfrange": 0.0, 
  "##characteristics#compile#compilation_time#max": 102.61746501922607, 
  "##characteristics#compile#compilation_time#mean": 102.61746501922607, 
  "##characteristics#compile#compilation_time#mean_imp": 0.9950663746119492, 
  "##characteristics#compile#compilation_time#min": 102.61746501922607, 
  "##characteristics#compile#compilation_time#min_imp": 0.9950663746119492, 
  "##characteristics#compile#compilation_time#range": 0.0, 
  "##characteristics#compile#compilation_time#range_percent": 0.0, 
  "##characteristics#compile#compilation_time#repeats": 1, 
  "##characteristics#compile#compilation_time_with_module#all": [
    107.5369200706482
  ], 
  "##characteristics#compile#compilation_time_with_module#all_unique": [
    107.5369200706482
  ], 
  "##characteristics#compile#compilation_time_with_module#center": 107.5369200706482, 
  "##characteristics#compile#compilation_time_with_module#center_imp": 0.9944686347474272, 
  "##characteristics#compile#compilation_time_with_module#halfrange": 0.0, 
  "##characteristics#compile#compilation_time_with_module#max": 107.5369200706482, 
  "##characteristics#compile#compilation_time_with_module#mean": 107.5369200706482, 
  "##characteristics#compile#compilation_time_with_module#mean_imp": 0.9944686347474272, 
  "##characteristics#compile#compilation_time_with_module#min": 107.5369200706482, 
  "##characteristics#compile#compilation_time_with_module#min_imp": 0.9944686347474272, 
  "##characteristics#compile#compilation_time_with_module#range": 0.0, 
  "##characteristics#compile#compilation_time_with_module#range_percent": 0.0, 
  "##characteristics#compile#compilation_time_with_module#repeats": 1, 
  "##characteristics#compile#joined_compiler_flags#all": [
    "-O3 -fcse-skip-blocks -ffloat-store -fgraphite-identity -fno-indirect-inlining -fipa-reference -fkeep-inline-functions -flive-range-shrinkage -fno-prefetch-loop-arrays -fno-rounding-math -fno-sched-last-insn-heuristic -fno-sched-spec-load -fno-schedule-insns -ftree-copy-prop -fno-tree-dse -ftree-loop-if-convert-stores -ftree-reassoc"
  ], 
  "##characteristics#compile#joined_compiler_flags#all_unique": [
    "-O3 -fcse-skip-blocks -ffloat-store -fgraphite-identity -fno-indirect-inlining -fipa-reference -fkeep-inline-functions -flive-range-shrinkage -fno-prefetch-loop-arrays -fno-rounding-math -fno-sched-last-insn-heuristic -fno-sched-spec-load -fno-schedule-insns -ftree-copy-prop -fno-tree-dse -ftree-loop-if-convert-stores -ftree-reassoc"
  ], 
  "##characteristics#compile#joined_compiler_flags#min": "-O3 -fcse-skip-blocks -ffloat-store -fgraphite-identity -fno-indirect-inlining -fipa-reference -fkeep-inline-functions -flive-range-shrinkage -fno-prefetch-loop-arrays -fno-rounding-math -fno-sched-last-insn-heuristic -fno-sched-spec-load -fno-schedule-insns -ftree-copy-prop -fno-tree-dse -ftree-loop-if-convert-stores -ftree-reassoc", 
  "##characteristics#compile#joined_compiler_flags#min_imp": 0, 
  "##characteristics#compile#joined_compiler_flags#repeats": 1, 
  "##characteristics#compile#md5_sum#all": [
    "2ca1a3e610b1cf495b4894c44a5fed10"
  ], 
  "##characteristics#compile#md5_sum#all_unique": [
    "2ca1a3e610b1cf495b4894c44a5fed10"
  ], 
  "##characteristics#compile#md5_sum#min": "2ca1a3e610b1cf495b4894c44a5fed10", 
  "##characteristics#compile#md5_sum#min_imp": 0, 
  "##characteristics#compile#md5_sum#repeats": 1, 
  "##characteristics#compile#obj_size#all": [
    115880
  ], 
  "##characteristics#compile#obj_size#all_unique": [
    115880
  ], 
  "##characteristics#compile#obj_size#center": 115880, 
  "##characteristics#compile#obj_size#center_imp": 0.9925440110459096, 
  "##characteristics#compile#obj_size#halfrange": 0, 
  "##characteristics#compile#obj_size#max": 115880, 
  "##characteristics#compile#obj_size#mean": 115880.0, 
  "##characteristics#compile#obj_size#mean_imp": 0.9925440110459096, 
  "##characteristics#compile#obj_size#min": 115880, 
  "##characteristics#compile#obj_size#min_imp": 0.9925440110459096, 
  "##characteristics#compile#obj_size#range": 0, 
  "##characteristics#compile#obj_size#range_percent": 0, 
  "##characteristics#compile#obj_size#repeats": 1, 
  "##characteristics#compile#obj_sizes#adler32.o#all": [
    2840
  ], 
  "##characteristics#compile#obj_sizes#adler32.o#all_unique": [
    2840
  ], 
  "##characteristics#compile#obj_sizes#adler32.o#center": 2840, 
  "##characteristics#compile#obj_sizes#adler32.o#center_imp": 0.8535211267605634, 
  "##characteristics#compile#obj_sizes#adler32.o#halfrange": 0, 
  "##characteristics#compile#obj_sizes#adler32.o#max": 2840, 
  "##characteristics#compile#obj_sizes#adler32.o#mean": 2840.0, 
  "##characteristics#compile#obj_sizes#adler32.o#mean_imp": 0.8535211267605634, 
  "##characteristics#compile#obj_sizes#adler32.o#min": 2840, 
  "##characteristics#compile#obj_sizes#adler32.o#min_imp": 0.8535211267605634, 
  "##characteristics#compile#obj_sizes#adler32.o#range": 0, 
  "##characteristics#compile#obj_sizes#adler32.o#range_percent": 0, 
  "##characteristics#compile#obj_sizes#adler32.o#repeats": 1, 
  "##characteristics#compile#obj_sizes#compress.o#all": [
    1648
  ], 
  "##characteristics#compile#obj_sizes#compress.o#all_unique": [
    1648
  ], 
  "##characteristics#compile#obj_sizes#compress.o#center": 1648, 
  "##characteristics#compile#obj_sizes#compress.o#center_imp": 0.9514563106796117, 
  "##characteristics#compile#obj_sizes#compress.o#halfrange": 0, 
  "##characteristics#compile#obj_sizes#compress.o#max": 1648, 
  "##characteristics#compile#obj_sizes#compress.o#mean": 1648.0, 
  "##characteristics#compile#obj_sizes#compress.o#mean_imp": 0.9514563106796117, 
  "##characteristics#compile#obj_sizes#compress.o#min": 1648, 
  "##characteristics#compile#obj_sizes#compress.o#min_imp": 0.9514563106796117, 
  "##characteristics#compile#obj_sizes#compress.o#range": 0, 
  "##characteristics#compile#obj_sizes#compress.o#range_percent": 0, 
  "##characteristics#compile#obj_sizes#compress.o#repeats": 1, 
  "##characteristics#compile#obj_sizes#crc32.o#all": [
    10888
  ], 
  "##characteristics#compile#obj_sizes#crc32.o#all_unique": [
    10888
  ], 
  "##characteristics#compile#obj_sizes#crc32.o#center": 10888, 
  "##characteristics#compile#obj_sizes#crc32.o#center_imp": 0.9988978692138134, 
  "##characteristics#compile#obj_sizes#crc32.o#halfrange": 0, 
  "##characteristics#compile#obj_sizes#crc32.o#max": 10888, 
  "##characteristics#compile#obj_sizes#crc32.o#mean": 10888.0, 
  "##characteristics#compile#obj_sizes#crc32.o#mean_imp": 0.9988978692138134, 
  "##characteristics#compile#obj_sizes#crc32.o#min": 10888, 
  "##characteristics#compile#obj_sizes#crc32.o#min_imp": 0.9988978692138134, 
  "##characteristics#compile#obj_sizes#crc32.o#range": 0, 
  "##characteristics#compile#obj_sizes#crc32.o#range_percent": 0, 
  "##characteristics#compile#obj_sizes#crc32.o#repeats": 1, 
  "##characteristics#compile#obj_sizes#ctuning-rtl.o#all": [
    4884
  ], 
  "##characteristics#compile#obj_sizes#ctuning-rtl.o#all_unique": [
    4884
  ], 
  "##characteristics#compile#obj_sizes#ctuning-rtl.o#center": 4884, 
  "##characteristics#compile#obj_sizes#ctuning-rtl.o#center_imp": 0.9836199836199836, 
  "##characteristics#compile#obj_sizes#ctuning-rtl.o#halfrange": 0, 
  "##characteristics#compile#obj_sizes#ctuning-rtl.o#max": 4884, 
  "##characteristics#compile#obj_sizes#ctuning-rtl.o#mean": 4884.0, 
  "##characteristics#compile#obj_sizes#ctuning-rtl.o#mean_imp": 0.9836199836199836, 
  "##characteristics#compile#obj_sizes#ctuning-rtl.o#min": 4884, 
  "##characteristics#compile#obj_sizes#ctuning-rtl.o#min_imp": 0.9836199836199836, 
  "##characteristics#compile#obj_sizes#ctuning-rtl.o#range": 0, 
  "##characteristics#compile#obj_sizes#ctuning-rtl.o#range_percent": 0, 
  "##characteristics#compile#obj_sizes#ctuning-rtl.o#repeats": 1, 
  "##characteristics#compile#obj_sizes#deflate.o#all": [
    19868
  ], 
  "##characteristics#compile#obj_sizes#deflate.o#all_unique": [
    19868
  ], 
  "##characteristics#compile#obj_sizes#deflate.o#center": 19868, 
  "##characteristics#compile#obj_sizes#deflate.o#center_imp": 1.0153009865109723, 
  "##characteristics#compile#obj_sizes#deflate.o#halfrange": 0, 
  "##characteristics#compile#obj_sizes#deflate.o#max": 19868, 
  "##characteristics#compile#obj_sizes#deflate.o#mean": 19868.0, 
  "##characteristics#compile#obj_sizes#deflate.o#mean_imp": 1.0153009865109723, 
  "##characteristics#compile#obj_sizes#deflate.o#min": 19868, 
  "##characteristics#compile#obj_sizes#deflate.o#min_imp": 1.0153009865109723, 
  "##characteristics#compile#obj_sizes#deflate.o#range": 0, 
  "##characteristics#compile#obj_sizes#deflate.o#range_percent": 0, 
  "##characteristics#compile#obj_sizes#deflate.o#repeats": 1, 
  "##characteristics#compile#obj_sizes#gzclose.o#all": [
    1056
  ], 
  "##characteristics#compile#obj_sizes#gzclose.o#all_unique": [
    1056
  ], 
  "##characteristics#compile#obj_sizes#gzclose.o#center": 1056, 
  "##characteristics#compile#obj_sizes#gzclose.o#center_imp": 0.928030303030303, 
  "##characteristics#compile#obj_sizes#gzclose.o#halfrange": 0, 
  "##characteristics#compile#obj_sizes#gzclose.o#max": 1056, 
  "##characteristics#compile#obj_sizes#gzclose.o#mean": 1056.0, 
  "##characteristics#compile#obj_sizes#gzclose.o#mean_imp": 0.928030303030303, 
  "##characteristics#compile#obj_sizes#gzclose.o#min": 1056, 
  "##characteristics#compile#obj_sizes#gzclose.o#min_imp": 0.928030303030303, 
  "##characteristics#compile#obj_sizes#gzclose.o#range": 0, 
  "##characteristics#compile#obj_sizes#gzclose.o#range_percent": 0, 
  "##characteristics#compile#obj_sizes#gzclose.o#repeats": 1, 
  "##characteristics#compile#obj_sizes#gzlib.o#all": [
    6380
  ], 
  "##characteristics#compile#obj_sizes#gzlib.o#all_unique": [
    6380
  ], 
  "##characteristics#compile#obj_sizes#gzlib.o#center": 6380, 
  "##characteristics#compile#obj_sizes#gzlib.o#center_imp": 0.987460815047022, 
  "##characteristics#compile#obj_sizes#gzlib.o#halfrange": 0, 
  "##characteristics#compile#obj_sizes#gzlib.o#max": 6380, 
  "##characteristics#compile#obj_sizes#gzlib.o#mean": 6380.0, 
  "##characteristics#compile#obj_sizes#gzlib.o#mean_imp": 0.987460815047022, 
  "##characteristics#compile#obj_sizes#gzlib.o#min": 6380, 
  "##characteristics#compile#obj_sizes#gzlib.o#min_imp": 0.987460815047022, 
  "##characteristics#compile#obj_sizes#gzlib.o#range": 0, 
  "##characteristics#compile#obj_sizes#gzlib.o#range_percent": 0, 
  "##characteristics#compile#obj_sizes#gzlib.o#repeats": 1, 
  "##characteristics#compile#obj_sizes#gzread.o#all": [
    5896
  ], 
  "##characteristics#compile#obj_sizes#gzread.o#all_unique": [
    5896
  ], 
  "##characteristics#compile#obj_sizes#gzread.o#center": 5896, 
  "##characteristics#compile#obj_sizes#gzread.o#center_imp": 0.9796472184531886, 
  "##characteristics#compile#obj_sizes#gzread.o#halfrange": 0, 
  "##characteristics#compile#obj_sizes#gzread.o#max": 5896, 
  "##characteristics#compile#obj_sizes#gzread.o#mean": 5896.0, 
  "##characteristics#compile#obj_sizes#gzread.o#mean_imp": 0.9796472184531886, 
  "##characteristics#compile#obj_sizes#gzread.o#min": 5896, 
  "##characteristics#compile#obj_sizes#gzread.o#min_imp": 0.9796472184531886, 
  "##characteristics#compile#obj_sizes#gzread.o#range": 0, 
  "##characteristics#compile#obj_sizes#gzread.o#range_percent": 0, 
  "##characteristics#compile#obj_sizes#gzread.o#repeats": 1, 
  "##characteristics#compile#obj_sizes#gzwrite.o#all": [
    10332
  ], 
  "##characteristics#compile#obj_sizes#gzwrite.o#all_unique": [
    10332
  ], 
  "##characteristics#compile#obj_sizes#gzwrite.o#center": 10332, 
  "##characteristics#compile#obj_sizes#gzwrite.o#center_imp": 0.9934185056136275, 
  "##characteristics#compile#obj_sizes#gzwrite.o#halfrange": 0, 
  "##characteristics#compile#obj_sizes#gzwrite.o#max": 10332, 
  "##characteristics#compile#obj_sizes#gzwrite.o#mean": 10332.0, 
  "##characteristics#compile#obj_sizes#gzwrite.o#mean_imp": 0.9934185056136275, 
  "##characteristics#compile#obj_sizes#gzwrite.o#min": 10332, 
  "##characteristics#compile#obj_sizes#gzwrite.o#min_imp": 0.9934185056136275, 
  "##characteristics#compile#obj_sizes#gzwrite.o#range": 0, 
  "##characteristics#compile#obj_sizes#gzwrite.o#range_percent": 0, 
  "##characteristics#compile#obj_sizes#gzwrite.o#repeats": 1, 
  "##characteristics#compile#obj_sizes#infback.o#all": [
    9560
  ], 
  "##characteristics#compile#obj_sizes#infback.o#all_unique": [
    9560
  ], 
  "##characteristics#compile#obj_sizes#infback.o#center": 9560, 
  "##characteristics#compile#obj_sizes#infback.o#center_imp": 1.001255230125523, 
  "##characteristics#compile#obj_sizes#infback.o#halfrange": 0, 
  "##characteristics#compile#obj_sizes#infback.o#max": 9560, 
  "##characteristics#compile#obj_sizes#infback.o#mean": 9560.0, 
  "##characteristics#compile#obj_sizes#infback.o#mean_imp": 1.001255230125523, 
  "##characteristics#compile#obj_sizes#infback.o#min": 9560, 
  "##characteristics#compile#obj_sizes#infback.o#min_imp": 1.001255230125523, 
  "##characteristics#compile#obj_sizes#infback.o#range": 0, 
  "##characteristics#compile#obj_sizes#infback.o#range_percent": 0, 
  "##characteristics#compile#obj_sizes#infback.o#repeats": 1, 
  "##characteristics#compile#obj_sizes#inffast.o#all": [
    4100
  ], 
  "##characteristics#compile#obj_sizes#inffast.o#all_unique": [
    4100
  ], 
  "##characteristics#compile#obj_sizes#inffast.o#center": 4100, 
  "##characteristics#compile#obj_sizes#inffast.o#center_imp": 0.9746341463414634, 
  "##characteristics#compile#obj_sizes#inffast.o#halfrange": 0, 
  "##characteristics#compile#obj_sizes#inffast.o#max": 4100, 
  "##characteristics#compile#obj_sizes#inffast.o#mean": 4100.0, 
  "##characteristics#compile#obj_sizes#inffast.o#mean_imp": 0.9746341463414634, 
  "##characteristics#compile#obj_sizes#inffast.o#min": 4100, 
  "##characteristics#compile#obj_sizes#inffast.o#min_imp": 0.9746341463414634, 
  "##characteristics#compile#obj_sizes#inffast.o#range": 0, 
  "##characteristics#compile#obj_sizes#inffast.o#range_percent": 0, 
  "##characteristics#compile#obj_sizes#inffast.o#repeats": 1, 
  "##characteristics#compile#obj_sizes#inflate.o#all": [
    16728
  ], 
  "##characteristics#compile#obj_sizes#inflate.o#all_unique": [
    16728
  ], 
  "##characteristics#compile#obj_sizes#inflate.o#center": 16728, 
  "##characteristics#compile#obj_sizes#inflate.o#center_imp": 1.0019129603060737, 
  "##characteristics#compile#obj_sizes#inflate.o#halfrange": 0, 
  "##characteristics#compile#obj_sizes#inflate.o#max": 16728, 
  "##characteristics#compile#obj_sizes#inflate.o#mean": 16728.0, 
  "##characteristics#compile#obj_sizes#inflate.o#mean_imp": 1.0019129603060737, 
  "##characteristics#compile#obj_sizes#inflate.o#min": 16728, 
  "##characteristics#compile#obj_sizes#inflate.o#min_imp": 1.0019129603060737, 
  "##characteristics#compile#obj_sizes#inflate.o#range": 0, 
  "##characteristics#compile#obj_sizes#inflate.o#range_percent": 0, 
  "##characteristics#compile#obj_sizes#inflate.o#repeats": 1, 
  "##characteristics#compile#obj_sizes#inftrees.o#all": [
    4480
  ], 
  "##characteristics#compile#obj_sizes#inftrees.o#all_unique": [
    4480
  ], 
  "##characteristics#compile#obj_sizes#inftrees.o#center": 4480, 
  "##characteristics#compile#obj_sizes#inftrees.o#center_imp": 0.9866071428571429, 
  "##characteristics#compile#obj_sizes#inftrees.o#halfrange": 0, 
  "##characteristics#compile#obj_sizes#inftrees.o#max": 4480, 
  "##characteristics#compile#obj_sizes#inftrees.o#mean": 4480.0, 
  "##characteristics#compile#obj_sizes#inftrees.o#mean_imp": 0.9866071428571429, 
  "##characteristics#compile#obj_sizes#inftrees.o#min": 4480, 
  "##characteristics#compile#obj_sizes#inftrees.o#min_imp": 0.9866071428571429, 
  "##characteristics#compile#obj_sizes#inftrees.o#range": 0, 
  "##characteristics#compile#obj_sizes#inftrees.o#range_percent": 0, 
  "##characteristics#compile#obj_sizes#inftrees.o#repeats": 1, 
  "##characteristics#compile#obj_sizes#trees.o#all": [
    14144
  ], 
  "##characteristics#compile#obj_sizes#trees.o#all_unique": [
    14144
  ], 
  "##characteristics#compile#obj_sizes#trees.o#center": 14144, 
  "##characteristics#compile#obj_sizes#trees.o#center_imp": 1.0028280542986425, 
  "##characteristics#compile#obj_sizes#trees.o#halfrange": 0, 
  "##characteristics#compile#obj_sizes#trees.o#max": 14144, 
  "##characteristics#compile#obj_sizes#trees.o#mean": 14144.0, 
  "##characteristics#compile#obj_sizes#trees.o#mean_imp": 1.0028280542986425, 
  "##characteristics#compile#obj_sizes#trees.o#min": 14144, 
  "##characteristics#compile#obj_sizes#trees.o#min_imp": 1.0028280542986425, 
  "##characteristics#compile#obj_sizes#trees.o#range": 0, 
  "##characteristics#compile#obj_sizes#trees.o#range_percent": 0, 
  "##characteristics#compile#obj_sizes#trees.o#repeats": 1, 
  "##characteristics#compile#obj_sizes#uncompr.o#all": [
    1348
  ], 
  "##characteristics#compile#obj_sizes#uncompr.o#all_unique": [
    1348
  ], 
  "##characteristics#compile#obj_sizes#uncompr.o#center": 1348, 
  "##characteristics#compile#obj_sizes#uncompr.o#center_imp": 0.9436201780415431, 
  "##characteristics#compile#obj_sizes#uncompr.o#halfrange": 0, 
  "##characteristics#compile#obj_sizes#uncompr.o#max": 1348, 
  "##characteristics#compile#obj_sizes#uncompr.o#mean": 1348.0, 
  "##characteristics#compile#obj_sizes#uncompr.o#mean_imp": 0.9436201780415431, 
  "##characteristics#compile#obj_sizes#uncompr.o#min": 1348, 
  "##characteristics#compile#obj_sizes#uncompr.o#min_imp": 0.9436201780415431, 
  "##characteristics#compile#obj_sizes#uncompr.o#range": 0, 
  "##characteristics#compile#obj_sizes#uncompr.o#range_percent": 0, 
  "##characteristics#compile#obj_sizes#uncompr.o#repeats": 1, 
  "##characteristics#compile#obj_sizes#zutil.o#all": [
    1728
  ], 
  "##characteristics#compile#obj_sizes#zutil.o#all_unique": [
    1728
  ], 
  "##characteristics#compile#obj_sizes#zutil.o#center": 1728, 
  "##characteristics#compile#obj_sizes#zutil.o#center_imp": 0.9537037037037037, 
  "##characteristics#compile#obj_sizes#zutil.o#halfrange": 0, 
  "##characteristics#compile#obj_sizes#zutil.o#max": 1728, 
  "##characteristics#compile#obj_sizes#zutil.o#mean": 1728.0, 
  "##characteristics#compile#obj_sizes#zutil.o#mean_imp": 0.9537037037037037, 
  "##characteristics#compile#obj_sizes#zutil.o#min": 1728, 
  "##characteristics#compile#obj_sizes#zutil.o#min_imp": 0.9537037037037037, 
  "##characteristics#compile#obj_sizes#zutil.o#range": 0, 
  "##characteristics#compile#obj_sizes#zutil.o#range_percent": 0, 
  "##characteristics#compile#obj_sizes#zutil.o#repeats": 1, 
  "##characteristics#compile#program_git_hash#all": [
    "f3b3ffe43b24039767a39c7f85ab4b768684a65b"
  ], 
  "##characteristics#compile#program_git_hash#all_unique": [
    "f3b3ffe43b24039767a39c7f85ab4b768684a65b"
  ], 
  "##characteristics#compile#program_git_hash#min": "f3b3ffe43b24039767a39c7f85ab4b768684a65b", 
  "##characteristics#compile#program_git_hash#min_imp": 0, 
  "##characteristics#compile#program_git_hash#repeats": 1, 
  "##characteristics#run#execution_time#all": [
    0.9228558, 
    0.7794555, 
    0.8832262999999999, 
    0.8844901000000001
  ], 
  "##characteristics#run#execution_time#all_unique": [
    0.9228558, 
    0.7794555, 
    0.8832262999999999, 
    0.8844901000000001
  ], 
  "##characteristics#run#execution_time#center": 0.8511556499999999, 
  "##characteristics#run#execution_time#center_imp": 0.8343267180332998, 
  "##characteristics#run#execution_time#halfrange": 0.07170015000000002, 
  "##characteristics#run#execution_time#max": 0.9228558, 
  "##characteristics#run#execution_time#mean": 0.867506925, 
  "##characteristics#run#execution_time#mean_imp": 0.8187016777992866, 
  "##characteristics#run#execution_time#min": 0.7794555, 
  "##characteristics#run#execution_time#min_imp": 0.8511786753701783, 
  "##characteristics#run#execution_time#range": 0.14340030000000004, 
  "##characteristics#run#execution_time#range_percent": 0.18397496714052314, 
  "##characteristics#run#execution_time#repeats": 4, 
  "##characteristics#run#execution_time_kernel_0#all": [
    9.228558, 
    7.794555, 
    8.832263, 
    8.844901
  ], 
  "##characteristics#run#execution_time_kernel_0#all_unique": [
    9.228558, 
    7.794555, 
    8.832263, 
    8.844901
  ], 
  "##characteristics#run#execution_time_kernel_0#center": 8.5115565, 
  "##characteristics#run#execution_time_kernel_0#center_imp": 0.8343267180332998, 
  "##characteristics#run#execution_time_kernel_0#halfrange": 0.7170014999999998, 
  "##characteristics#run#execution_time_kernel_0#max": 9.228558, 
  "##characteristics#run#execution_time_kernel_0#mean": 8.67506925, 
  "##characteristics#run#execution_time_kernel_0#mean_imp": 0.8187016777992868, 
  "##characteristics#run#execution_time_kernel_0#min": 7.794555, 
  "##characteristics#run#execution_time_kernel_0#min_imp": 0.8511786753701783, 
  "##characteristics#run#execution_time_kernel_0#range": 1.4340029999999997, 
  "##characteristics#run#execution_time_kernel_0#range_percent": 0.18397496714052305, 
  "##characteristics#run#execution_time_kernel_0#repeats": 4, 
  "##characteristics#run#execution_time_with_module#all": [
    13.164299011230469, 
    8.481744050979614, 
    9.52338194847107, 
    10.238464117050171
  ], 
  "##characteristics#run#execution_time_with_module#all_unique": [
    13.164299011230469, 
    8.481744050979614, 
    9.52338194847107, 
    10.238464117050171
  ], 
  "##characteristics#run#execution_time_with_module#center": 10.823021531105042, 
  "##characteristics#run#execution_time_with_module#center_imp": 1.6217584332033614, 
  "##characteristics#run#execution_time_with_module#halfrange": 2.3412774801254272, 
  "##characteristics#run#execution_time_with_module#max": 13.164299011230469, 
  "##characteristics#run#execution_time_with_module#mean": 10.35197228193283, 
  "##characteristics#run#execution_time_with_module#mean_imp": 1.234109419323858, 
  "##characteristics#run#execution_time_with_module#min": 8.481744050979614, 
  "##characteristics#run#execution_time_with_module#min_imp": 0.8665184746383648, 
  "##characteristics#run#execution_time_with_module#range": 4.6825549602508545, 
  "##characteristics#run#execution_time_with_module#range_percent": 0.552074541757722, 
  "##characteristics#run#execution_time_with_module#repeats": 4, 
  "##characteristics#run#repeat#all": [
    10, 
    10, 
    10, 
    10
  ], 
  "##characteristics#run#repeat#all_unique": [
    10
  ], 
  "##characteristics#run#repeat#center": 10, 
  "##characteristics#run#repeat#center_imp": 1.0, 
  "##characteristics#run#repeat#halfrange": 0, 
  "##characteristics#run#repeat#max": 10, 
  "##characteristics#run#repeat#mean": 10.0, 
  "##characteristics#run#repeat#mean_imp": 1.0, 
  "##characteristics#run#repeat#min": 10, 
  "##characteristics#run#repeat#min_imp": 1.0, 
  "##characteristics#run#repeat#range": 0, 
  "##characteristics#run#repeat#range_percent": 0, 
  "##characteristics#run#repeat#repeats": 4, 
  "##characteristics#run#return_code#all": [
    0, 
    0, 
    0, 
    0
  ], 
  "##characteristics#run#return_code#all_unique": [
    0
  ], 
  "##characteristics#run#return_code#center": 0, 
  "##characteristics#run#return_code#halfrange": 0, 
  "##characteristics#run#return_code#max": 0, 
  "##characteristics#run#return_code#mean": 0.0, 
  "##characteristics#run#return_code#min": 0, 
  "##characteristics#run#return_code#min_imp": 1, 
  "##characteristics#run#return_code#range": 0, 
  "##characteristics#run#return_code#repeats": 4, 
  "##characteristics#run#run_success#all": [
    "yes", 
    "yes", 
    "yes", 
    "yes"
  ], 
  "##characteristics#run#run_success#all_unique": [
    "yes"
  ], 
  "##characteristics#run#run_success#min": "yes", 
  "##characteristics#run#run_success#min_imp": 1, 
  "##characteristics#run#run_success#repeats": 4, 
  "##characteristics#run#run_success_bool#all": [
    true, 
    true, 
    true, 
    true
  ], 
  "##characteristics#run#run_success_bool#all_unique": [
    true
  ], 
  "##characteristics#run#run_success_bool#min": true, 
  "##characteristics#run#run_success_bool#min_imp": 1, 
  "##characteristics#run#run_success_bool#repeats": 4, 
  "##characteristics#run#total_execution_time#all": [
    9.228558, 
    7.794555, 
    8.832263, 
    8.844901
  ], 
  "##characteristics#run#total_execution_time#all_unique": [
    9.228558, 
    7.794555, 
    8.832263, 
    8.844901
  ], 
  "##characteristics#run#total_execution_time#center": 8.5115565, 
  "##characteristics#run#total_execution_time#center_imp": 0.8343267180332998, 
  "##characteristics#run#total_execution_time#halfrange": 0.7170014999999998, 
  "##characteristics#run#total_execution_time#max": 9.228558, 
  "##characteristics#run#total_execution_time#mean": 8.67506925, 
  "##characteristics#run#total_execution_time#mean_imp": 0.8187016777992868, 
  "##characteristics#run#total_execution_time#min": 7.794555, 
  "##characteristics#run#total_execution_time#min_imp": 0.8511786753701783, 
  "##characteristics#run#total_execution_time#range": 1.4340029999999997, 
  "##characteristics#run#total_execution_time#range_percent": 0.18397496714052305, 
  "##characteristics#run#total_execution_time#repeats": 4
}
