{
  "##characteristics#compile#binary_size#all": [
    100808
  ], 
  "##characteristics#compile#binary_size#all_unique": [
    100808
  ], 
  "##characteristics#compile#binary_size#center": 100808, 
  "##characteristics#compile#binary_size#center_imp": 1.0061899849218316, 
  "##characteristics#compile#binary_size#halfrange": 0, 
  "##characteristics#compile#binary_size#max": 100808, 
  "##characteristics#compile#binary_size#mean": 100808.0, 
  "##characteristics#compile#binary_size#mean_imp": 1.0061899849218316, 
  "##characteristics#compile#binary_size#min": 100808, 
  "##characteristics#compile#binary_size#min_imp": 1.0061899849218316, 
  "##characteristics#compile#binary_size#range": 0, 
  "##characteristics#compile#binary_size#range_percent": 0, 
  "##characteristics#compile#binary_size#repeats": 1, 
  "##characteristics#compile#compilation_success#all": [
    "yes"
  ], 
  "##characteristics#compile#compilation_success#all_unique": [
    "yes"
  ], 
  "##characteristics#compile#compilation_success#min": "yes", 
  "##characteristics#compile#compilation_success#min_imp": 0, 
  "##characteristics#compile#compilation_success#repeats": 1, 
  "##characteristics#compile#compilation_success_bool#all": [
    true
  ], 
  "##characteristics#compile#compilation_success_bool#all_unique": [
    true
  ], 
  "##characteristics#compile#compilation_success_bool#min": true, 
  "##characteristics#compile#compilation_success_bool#min_imp": 0, 
  "##characteristics#compile#compilation_success_bool#repeats": 1, 
  "##characteristics#compile#compilation_time#all": [
    97.76673913002014
  ], 
  "##characteristics#compile#compilation_time#all_unique": [
    97.76673913002014
  ], 
  "##characteristics#compile#compilation_time#center": 97.76673913002014, 
  "##characteristics#compile#compilation_time#center_imp": 1.0444368892446334, 
  "##characteristics#compile#compilation_time#halfrange": 0.0, 
  "##characteristics#compile#compilation_time#max": 97.76673913002014, 
  "##characteristics#compile#compilation_time#mean": 97.76673913002014, 
  "##characteristics#compile#compilation_time#mean_imp": 1.0444368892446334, 
  "##characteristics#compile#compilation_time#min": 97.76673913002014, 
  "##characteristics#compile#compilation_time#min_imp": 1.0444368892446334, 
  "##characteristics#compile#compilation_time#range": 0.0, 
  "##characteristics#compile#compilation_time#range_percent": 0.0, 
  "##characteristics#compile#compilation_time#repeats": 1, 
  "##characteristics#compile#compilation_time_with_module#all": [
    102.66287589073181
  ], 
  "##characteristics#compile#compilation_time_with_module#all_unique": [
    102.66287589073181
  ], 
  "##characteristics#compile#compilation_time_with_module#center": 102.66287589073181, 
  "##characteristics#compile#compilation_time_with_module#center_imp": 1.0416822357618682, 
  "##characteristics#compile#compilation_time_with_module#halfrange": 0.0, 
  "##characteristics#compile#compilation_time_with_module#max": 102.66287589073181, 
  "##characteristics#compile#compilation_time_with_module#mean": 102.66287589073181, 
  "##characteristics#compile#compilation_time_with_module#mean_imp": 1.0416822357618682, 
  "##characteristics#compile#compilation_time_with_module#min": 102.66287589073181, 
  "##characteristics#compile#compilation_time_with_module#min_imp": 1.0416822357618682, 
  "##characteristics#compile#compilation_time_with_module#range": 0.0, 
  "##characteristics#compile#compilation_time_with_module#range_percent": 0.0, 
  "##characteristics#compile#compilation_time_with_module#repeats": 1, 
  "##characteristics#compile#joined_compiler_flags#all": [
    "-O3 -fexcess-precision=fast -fno-data-sections -fno-forward-propagate -fgcse-lm -fno-ipa-cp-clone -fpartial-inlining -freorder-blocks -fsched-rank-heuristic -fno-sched-spec-insn-heuristic -fno-schedule-insns2 -fno-tree-copy-prop -fno-tree-dse -fno-tree-loop-if-convert -ftree-partial-pre -fno-tree-phiprop -ftree-pta -funsafe-loop-optimizations"
  ], 
  "##characteristics#compile#joined_compiler_flags#all_unique": [
    "-O3 -fexcess-precision=fast -fno-data-sections -fno-forward-propagate -fgcse-lm -fno-ipa-cp-clone -fpartial-inlining -freorder-blocks -fsched-rank-heuristic -fno-sched-spec-insn-heuristic -fno-schedule-insns2 -fno-tree-copy-prop -fno-tree-dse -fno-tree-loop-if-convert -ftree-partial-pre -fno-tree-phiprop -ftree-pta -funsafe-loop-optimizations"
  ], 
  "##characteristics#compile#joined_compiler_flags#min": "-O3 -fexcess-precision=fast -fno-data-sections -fno-forward-propagate -fgcse-lm -fno-ipa-cp-clone -fpartial-inlining -freorder-blocks -fsched-rank-heuristic -fno-sched-spec-insn-heuristic -fno-schedule-insns2 -fno-tree-copy-prop -fno-tree-dse -fno-tree-loop-if-convert -ftree-partial-pre -fno-tree-phiprop -ftree-pta -funsafe-loop-optimizations", 
  "##characteristics#compile#joined_compiler_flags#min_imp": 0, 
  "##characteristics#compile#joined_compiler_flags#repeats": 1, 
  "##characteristics#compile#md5_sum#all": [
    "14496cf8286beb379aad2c151a62ac42"
  ], 
  "##characteristics#compile#md5_sum#all_unique": [
    "14496cf8286beb379aad2c151a62ac42"
  ], 
  "##characteristics#compile#md5_sum#min": "14496cf8286beb379aad2c151a62ac42", 
  "##characteristics#compile#md5_sum#min_imp": 0, 
  "##characteristics#compile#md5_sum#repeats": 1, 
  "##characteristics#compile#obj_size#all": [
    114296
  ], 
  "##characteristics#compile#obj_size#all_unique": [
    114296
  ], 
  "##characteristics#compile#obj_size#center": 114296, 
  "##characteristics#compile#obj_size#center_imp": 1.0062994330510253, 
  "##characteristics#compile#obj_size#halfrange": 0, 
  "##characteristics#compile#obj_size#max": 114296, 
  "##characteristics#compile#obj_size#mean": 114296.0, 
  "##characteristics#compile#obj_size#mean_imp": 1.0062994330510253, 
  "##characteristics#compile#obj_size#min": 114296, 
  "##characteristics#compile#obj_size#min_imp": 1.0062994330510253, 
  "##characteristics#compile#obj_size#range": 0, 
  "##characteristics#compile#obj_size#range_percent": 0, 
  "##characteristics#compile#obj_size#repeats": 1, 
  "##characteristics#compile#obj_sizes#adler32.o#all": [
    2424
  ], 
  "##characteristics#compile#obj_sizes#adler32.o#all_unique": [
    2424
  ], 
  "##characteristics#compile#obj_sizes#adler32.o#center": 2424, 
  "##characteristics#compile#obj_sizes#adler32.o#center_imp": 1.0, 
  "##characteristics#compile#obj_sizes#adler32.o#halfrange": 0, 
  "##characteristics#compile#obj_sizes#adler32.o#max": 2424, 
  "##characteristics#compile#obj_sizes#adler32.o#mean": 2424.0, 
  "##characteristics#compile#obj_sizes#adler32.o#mean_imp": 1.0, 
  "##characteristics#compile#obj_sizes#adler32.o#min": 2424, 
  "##characteristics#compile#obj_sizes#adler32.o#min_imp": 1.0, 
  "##characteristics#compile#obj_sizes#adler32.o#range": 0, 
  "##characteristics#compile#obj_sizes#adler32.o#range_percent": 0, 
  "##characteristics#compile#obj_sizes#adler32.o#repeats": 1, 
  "##characteristics#compile#obj_sizes#compress.o#all": [
    1568
  ], 
  "##characteristics#compile#obj_sizes#compress.o#all_unique": [
    1568
  ], 
  "##characteristics#compile#obj_sizes#compress.o#center": 1568, 
  "##characteristics#compile#obj_sizes#compress.o#center_imp": 1.0, 
  "##characteristics#compile#obj_sizes#compress.o#halfrange": 0, 
  "##characteristics#compile#obj_sizes#compress.o#max": 1568, 
  "##characteristics#compile#obj_sizes#compress.o#mean": 1568.0, 
  "##characteristics#compile#obj_sizes#compress.o#mean_imp": 1.0, 
  "##characteristics#compile#obj_sizes#compress.o#min": 1568, 
  "##characteristics#compile#obj_sizes#compress.o#min_imp": 1.0, 
  "##characteristics#compile#obj_sizes#compress.o#range": 0, 
  "##characteristics#compile#obj_sizes#compress.o#range_percent": 0, 
  "##characteristics#compile#obj_sizes#compress.o#repeats": 1, 
  "##characteristics#compile#obj_sizes#crc32.o#all": [
    10876
  ], 
  "##characteristics#compile#obj_sizes#crc32.o#all_unique": [
    10876
  ], 
  "##characteristics#compile#obj_sizes#crc32.o#center": 10876, 
  "##characteristics#compile#obj_sizes#crc32.o#center_imp": 1.0, 
  "##characteristics#compile#obj_sizes#crc32.o#halfrange": 0, 
  "##characteristics#compile#obj_sizes#crc32.o#max": 10876, 
  "##characteristics#compile#obj_sizes#crc32.o#mean": 10876.0, 
  "##characteristics#compile#obj_sizes#crc32.o#mean_imp": 1.0, 
  "##characteristics#compile#obj_sizes#crc32.o#min": 10876, 
  "##characteristics#compile#obj_sizes#crc32.o#min_imp": 1.0, 
  "##characteristics#compile#obj_sizes#crc32.o#range": 0, 
  "##characteristics#compile#obj_sizes#crc32.o#range_percent": 0, 
  "##characteristics#compile#obj_sizes#crc32.o#repeats": 1, 
  "##characteristics#compile#obj_sizes#ctuning-rtl.o#all": [
    4804
  ], 
  "##characteristics#compile#obj_sizes#ctuning-rtl.o#all_unique": [
    4804
  ], 
  "##characteristics#compile#obj_sizes#ctuning-rtl.o#center": 4804, 
  "##characteristics#compile#obj_sizes#ctuning-rtl.o#center_imp": 1.0, 
  "##characteristics#compile#obj_sizes#ctuning-rtl.o#halfrange": 0, 
  "##characteristics#compile#obj_sizes#ctuning-rtl.o#max": 4804, 
  "##characteristics#compile#obj_sizes#ctuning-rtl.o#mean": 4804.0, 
  "##characteristics#compile#obj_sizes#ctuning-rtl.o#mean_imp": 1.0, 
  "##characteristics#compile#obj_sizes#ctuning-rtl.o#min": 4804, 
  "##characteristics#compile#obj_sizes#ctuning-rtl.o#min_imp": 1.0, 
  "##characteristics#compile#obj_sizes#ctuning-rtl.o#range": 0, 
  "##characteristics#compile#obj_sizes#ctuning-rtl.o#range_percent": 0, 
  "##characteristics#compile#obj_sizes#ctuning-rtl.o#repeats": 1, 
  "##characteristics#compile#obj_sizes#deflate.o#all": [
    20208
  ], 
  "##characteristics#compile#obj_sizes#deflate.o#all_unique": [
    20208
  ], 
  "##characteristics#compile#obj_sizes#deflate.o#center": 20208, 
  "##characteristics#compile#obj_sizes#deflate.o#center_imp": 0.9982185273159145, 
  "##characteristics#compile#obj_sizes#deflate.o#halfrange": 0, 
  "##characteristics#compile#obj_sizes#deflate.o#max": 20208, 
  "##characteristics#compile#obj_sizes#deflate.o#mean": 20208.0, 
  "##characteristics#compile#obj_sizes#deflate.o#mean_imp": 0.9982185273159145, 
  "##characteristics#compile#obj_sizes#deflate.o#min": 20208, 
  "##characteristics#compile#obj_sizes#deflate.o#min_imp": 0.9982185273159145, 
  "##characteristics#compile#obj_sizes#deflate.o#range": 0, 
  "##characteristics#compile#obj_sizes#deflate.o#range_percent": 0, 
  "##characteristics#compile#obj_sizes#deflate.o#repeats": 1, 
  "##characteristics#compile#obj_sizes#gzclose.o#all": [
    980
  ], 
  "##characteristics#compile#obj_sizes#gzclose.o#all_unique": [
    980
  ], 
  "##characteristics#compile#obj_sizes#gzclose.o#center": 980, 
  "##characteristics#compile#obj_sizes#gzclose.o#center_imp": 1.0, 
  "##characteristics#compile#obj_sizes#gzclose.o#halfrange": 0, 
  "##characteristics#compile#obj_sizes#gzclose.o#max": 980, 
  "##characteristics#compile#obj_sizes#gzclose.o#mean": 980.0, 
  "##characteristics#compile#obj_sizes#gzclose.o#mean_imp": 1.0, 
  "##characteristics#compile#obj_sizes#gzclose.o#min": 980, 
  "##characteristics#compile#obj_sizes#gzclose.o#min_imp": 1.0, 
  "##characteristics#compile#obj_sizes#gzclose.o#range": 0, 
  "##characteristics#compile#obj_sizes#gzclose.o#range_percent": 0, 
  "##characteristics#compile#obj_sizes#gzclose.o#repeats": 1, 
  "##characteristics#compile#obj_sizes#gzlib.o#all": [
    6356
  ], 
  "##characteristics#compile#obj_sizes#gzlib.o#all_unique": [
    6356
  ], 
  "##characteristics#compile#obj_sizes#gzlib.o#center": 6356, 
  "##characteristics#compile#obj_sizes#gzlib.o#center_imp": 0.9911894273127754, 
  "##characteristics#compile#obj_sizes#gzlib.o#halfrange": 0, 
  "##characteristics#compile#obj_sizes#gzlib.o#max": 6356, 
  "##characteristics#compile#obj_sizes#gzlib.o#mean": 6356.0, 
  "##characteristics#compile#obj_sizes#gzlib.o#mean_imp": 0.9911894273127754, 
  "##characteristics#compile#obj_sizes#gzlib.o#min": 6356, 
  "##characteristics#compile#obj_sizes#gzlib.o#min_imp": 0.9911894273127754, 
  "##characteristics#compile#obj_sizes#gzlib.o#range": 0, 
  "##characteristics#compile#obj_sizes#gzlib.o#range_percent": 0, 
  "##characteristics#compile#obj_sizes#gzlib.o#repeats": 1, 
  "##characteristics#compile#obj_sizes#gzread.o#all": [
    5904
  ], 
  "##characteristics#compile#obj_sizes#gzread.o#all_unique": [
    5904
  ], 
  "##characteristics#compile#obj_sizes#gzread.o#center": 5904, 
  "##characteristics#compile#obj_sizes#gzread.o#center_imp": 0.978319783197832, 
  "##characteristics#compile#obj_sizes#gzread.o#halfrange": 0, 
  "##characteristics#compile#obj_sizes#gzread.o#max": 5904, 
  "##characteristics#compile#obj_sizes#gzread.o#mean": 5904.0, 
  "##characteristics#compile#obj_sizes#gzread.o#mean_imp": 0.978319783197832, 
  "##characteristics#compile#obj_sizes#gzread.o#min": 5904, 
  "##characteristics#compile#obj_sizes#gzread.o#min_imp": 0.978319783197832, 
  "##characteristics#compile#obj_sizes#gzread.o#range": 0, 
  "##characteristics#compile#obj_sizes#gzread.o#range_percent": 0, 
  "##characteristics#compile#obj_sizes#gzread.o#repeats": 1, 
  "##characteristics#compile#obj_sizes#gzwrite.o#all": [
    9220
  ], 
  "##characteristics#compile#obj_sizes#gzwrite.o#all_unique": [
    9220
  ], 
  "##characteristics#compile#obj_sizes#gzwrite.o#center": 9220, 
  "##characteristics#compile#obj_sizes#gzwrite.o#center_imp": 1.113232104121475, 
  "##characteristics#compile#obj_sizes#gzwrite.o#halfrange": 0, 
  "##characteristics#compile#obj_sizes#gzwrite.o#max": 9220, 
  "##characteristics#compile#obj_sizes#gzwrite.o#mean": 9220.0, 
  "##characteristics#compile#obj_sizes#gzwrite.o#mean_imp": 1.113232104121475, 
  "##characteristics#compile#obj_sizes#gzwrite.o#min": 9220, 
  "##characteristics#compile#obj_sizes#gzwrite.o#min_imp": 1.113232104121475, 
  "##characteristics#compile#obj_sizes#gzwrite.o#range": 0, 
  "##characteristics#compile#obj_sizes#gzwrite.o#range_percent": 0, 
  "##characteristics#compile#obj_sizes#gzwrite.o#repeats": 1, 
  "##characteristics#compile#obj_sizes#infback.o#all": [
    9532
  ], 
  "##characteristics#compile#obj_sizes#infback.o#all_unique": [
    9532
  ], 
  "##characteristics#compile#obj_sizes#infback.o#center": 9532, 
  "##characteristics#compile#obj_sizes#infback.o#center_imp": 1.0041963911036509, 
  "##characteristics#compile#obj_sizes#infback.o#halfrange": 0, 
  "##characteristics#compile#obj_sizes#infback.o#max": 9532, 
  "##characteristics#compile#obj_sizes#infback.o#mean": 9532.0, 
  "##characteristics#compile#obj_sizes#infback.o#mean_imp": 1.0041963911036509, 
  "##characteristics#compile#obj_sizes#infback.o#min": 9532, 
  "##characteristics#compile#obj_sizes#infback.o#min_imp": 1.0041963911036509, 
  "##characteristics#compile#obj_sizes#infback.o#range": 0, 
  "##characteristics#compile#obj_sizes#infback.o#range_percent": 0, 
  "##characteristics#compile#obj_sizes#infback.o#repeats": 1, 
  "##characteristics#compile#obj_sizes#inffast.o#all": [
    3920
  ], 
  "##characteristics#compile#obj_sizes#inffast.o#all_unique": [
    3920
  ], 
  "##characteristics#compile#obj_sizes#inffast.o#center": 3920, 
  "##characteristics#compile#obj_sizes#inffast.o#center_imp": 1.0193877551020407, 
  "##characteristics#compile#obj_sizes#inffast.o#halfrange": 0, 
  "##characteristics#compile#obj_sizes#inffast.o#max": 3920, 
  "##characteristics#compile#obj_sizes#inffast.o#mean": 3920.0, 
  "##characteristics#compile#obj_sizes#inffast.o#mean_imp": 1.0193877551020407, 
  "##characteristics#compile#obj_sizes#inffast.o#min": 3920, 
  "##characteristics#compile#obj_sizes#inffast.o#min_imp": 1.0193877551020407, 
  "##characteristics#compile#obj_sizes#inffast.o#range": 0, 
  "##characteristics#compile#obj_sizes#inffast.o#range_percent": 0, 
  "##characteristics#compile#obj_sizes#inffast.o#repeats": 1, 
  "##characteristics#compile#obj_sizes#inflate.o#all": [
    16836
  ], 
  "##characteristics#compile#obj_sizes#inflate.o#all_unique": [
    16836
  ], 
  "##characteristics#compile#obj_sizes#inflate.o#center": 16836, 
  "##characteristics#compile#obj_sizes#inflate.o#center_imp": 0.9954858636255642, 
  "##characteristics#compile#obj_sizes#inflate.o#halfrange": 0, 
  "##characteristics#compile#obj_sizes#inflate.o#max": 16836, 
  "##characteristics#compile#obj_sizes#inflate.o#mean": 16836.0, 
  "##characteristics#compile#obj_sizes#inflate.o#mean_imp": 0.9954858636255642, 
  "##characteristics#compile#obj_sizes#inflate.o#min": 16836, 
  "##characteristics#compile#obj_sizes#inflate.o#min_imp": 0.9954858636255642, 
  "##characteristics#compile#obj_sizes#inflate.o#range": 0, 
  "##characteristics#compile#obj_sizes#inflate.o#range_percent": 0, 
  "##characteristics#compile#obj_sizes#inflate.o#repeats": 1, 
  "##characteristics#compile#obj_sizes#inftrees.o#all": [
    4424
  ], 
  "##characteristics#compile#obj_sizes#inftrees.o#all_unique": [
    4424
  ], 
  "##characteristics#compile#obj_sizes#inftrees.o#center": 4424, 
  "##characteristics#compile#obj_sizes#inftrees.o#center_imp": 0.9990958408679927, 
  "##characteristics#compile#obj_sizes#inftrees.o#halfrange": 0, 
  "##characteristics#compile#obj_sizes#inftrees.o#max": 4424, 
  "##characteristics#compile#obj_sizes#inftrees.o#mean": 4424.0, 
  "##characteristics#compile#obj_sizes#inftrees.o#mean_imp": 0.9990958408679927, 
  "##characteristics#compile#obj_sizes#inftrees.o#min": 4424, 
  "##characteristics#compile#obj_sizes#inftrees.o#min_imp": 0.9990958408679927, 
  "##characteristics#compile#obj_sizes#inftrees.o#range": 0, 
  "##characteristics#compile#obj_sizes#inftrees.o#range_percent": 0, 
  "##characteristics#compile#obj_sizes#inftrees.o#repeats": 1, 
  "##characteristics#compile#obj_sizes#trees.o#all": [
    14324
  ], 
  "##characteristics#compile#obj_sizes#trees.o#all_unique": [
    14324
  ], 
  "##characteristics#compile#obj_sizes#trees.o#center": 14324, 
  "##characteristics#compile#obj_sizes#trees.o#center_imp": 0.9902261938006144, 
  "##characteristics#compile#obj_sizes#trees.o#halfrange": 0, 
  "##characteristics#compile#obj_sizes#trees.o#max": 14324, 
  "##characteristics#compile#obj_sizes#trees.o#mean": 14324.0, 
  "##characteristics#compile#obj_sizes#trees.o#mean_imp": 0.9902261938006144, 
  "##characteristics#compile#obj_sizes#trees.o#min": 14324, 
  "##characteristics#compile#obj_sizes#trees.o#min_imp": 0.9902261938006144, 
  "##characteristics#compile#obj_sizes#trees.o#range": 0, 
  "##characteristics#compile#obj_sizes#trees.o#range_percent": 0, 
  "##characteristics#compile#obj_sizes#trees.o#repeats": 1, 
  "##characteristics#compile#obj_sizes#uncompr.o#all": [
    1272
  ], 
  "##characteristics#compile#obj_sizes#uncompr.o#all_unique": [
    1272
  ], 
  "##characteristics#compile#obj_sizes#uncompr.o#center": 1272, 
  "##characteristics#compile#obj_sizes#uncompr.o#center_imp": 1.0, 
  "##characteristics#compile#obj_sizes#uncompr.o#halfrange": 0, 
  "##characteristics#compile#obj_sizes#uncompr.o#max": 1272, 
  "##characteristics#compile#obj_sizes#uncompr.o#mean": 1272.0, 
  "##characteristics#compile#obj_sizes#uncompr.o#mean_imp": 1.0, 
  "##characteristics#compile#obj_sizes#uncompr.o#min": 1272, 
  "##characteristics#compile#obj_sizes#uncompr.o#min_imp": 1.0, 
  "##characteristics#compile#obj_sizes#uncompr.o#range": 0, 
  "##characteristics#compile#obj_sizes#uncompr.o#range_percent": 0, 
  "##characteristics#compile#obj_sizes#uncompr.o#repeats": 1, 
  "##characteristics#compile#obj_sizes#zutil.o#all": [
    1648
  ], 
  "##characteristics#compile#obj_sizes#zutil.o#all_unique": [
    1648
  ], 
  "##characteristics#compile#obj_sizes#zutil.o#center": 1648, 
  "##characteristics#compile#obj_sizes#zutil.o#center_imp": 1.0, 
  "##characteristics#compile#obj_sizes#zutil.o#halfrange": 0, 
  "##characteristics#compile#obj_sizes#zutil.o#max": 1648, 
  "##characteristics#compile#obj_sizes#zutil.o#mean": 1648.0, 
  "##characteristics#compile#obj_sizes#zutil.o#mean_imp": 1.0, 
  "##characteristics#compile#obj_sizes#zutil.o#min": 1648, 
  "##characteristics#compile#obj_sizes#zutil.o#min_imp": 1.0, 
  "##characteristics#compile#obj_sizes#zutil.o#range": 0, 
  "##characteristics#compile#obj_sizes#zutil.o#range_percent": 0, 
  "##characteristics#compile#obj_sizes#zutil.o#repeats": 1, 
  "##characteristics#compile#program_git_hash#all": [
    "f3b3ffe43b24039767a39c7f85ab4b768684a65b"
  ], 
  "##characteristics#compile#program_git_hash#all_unique": [
    "f3b3ffe43b24039767a39c7f85ab4b768684a65b"
  ], 
  "##characteristics#compile#program_git_hash#min": "f3b3ffe43b24039767a39c7f85ab4b768684a65b", 
  "##characteristics#compile#program_git_hash#min_imp": 0, 
  "##characteristics#compile#program_git_hash#repeats": 1, 
  "##characteristics#run#execution_time#all": [
    1.0753732, 
    0.6795045, 
    0.8396828, 
    0.7792873
  ], 
  "##characteristics#run#execution_time#all_unique": [
    1.0753732, 
    0.6795045, 
    0.8396828, 
    0.7792873
  ], 
  "##characteristics#run#execution_time#center": 0.87743885, 
  "##characteristics#run#execution_time#center_imp": 0.8093349183250775, 
  "##characteristics#run#execution_time#halfrange": 0.19793435000000004, 
  "##characteristics#run#execution_time#max": 1.0753732, 
  "##characteristics#run#execution_time#mean": 0.84346195, 
  "##characteristics#run#execution_time#mean_imp": 0.8420407998250543, 
  "##characteristics#run#execution_time#min": 0.6795045, 
  "##characteristics#run#execution_time#min_imp": 0.9763819076989189, 
  "##characteristics#run#execution_time#range": 0.3958687000000001, 
  "##characteristics#run#execution_time#range_percent": 0.5825843684626079, 
  "##characteristics#run#execution_time#repeats": 4, 
  "##characteristics#run#execution_time_kernel_0#all": [
    10.753732, 
    6.795045, 
    8.396828, 
    7.792873
  ], 
  "##characteristics#run#execution_time_kernel_0#all_unique": [
    10.753732, 
    6.795045, 
    8.396828, 
    7.792873
  ], 
  "##characteristics#run#execution_time_kernel_0#center": 8.7743885, 
  "##characteristics#run#execution_time_kernel_0#center_imp": 0.8093349183250775, 
  "##characteristics#run#execution_time_kernel_0#halfrange": 1.9793434999999997, 
  "##characteristics#run#execution_time_kernel_0#max": 10.753732, 
  "##characteristics#run#execution_time_kernel_0#mean": 8.4346195, 
  "##characteristics#run#execution_time_kernel_0#mean_imp": 0.8420407998250544, 
  "##characteristics#run#execution_time_kernel_0#min": 6.795045, 
  "##characteristics#run#execution_time_kernel_0#min_imp": 0.9763819076989189, 
  "##characteristics#run#execution_time_kernel_0#range": 3.9586869999999994, 
  "##characteristics#run#execution_time_kernel_0#range_percent": 0.5825843684626076, 
  "##characteristics#run#execution_time_kernel_0#repeats": 4, 
  "##characteristics#run#execution_time_with_module#all": [
    11.476464033126831, 
    7.509655952453613, 
    9.10736894607544, 
    8.508015871047974
  ], 
  "##characteristics#run#execution_time_with_module#all_unique": [
    11.476464033126831, 
    7.509655952453613, 
    9.10736894607544, 
    8.508015871047974
  ], 
  "##characteristics#run#execution_time_with_module#center": 9.493059992790222, 
  "##characteristics#run#execution_time_with_module#center_imp": 1.8489640278415787, 
  "##characteristics#run#execution_time_with_module#halfrange": 1.9834040403366089, 
  "##characteristics#run#execution_time_with_module#max": 11.476464033126831, 
  "##characteristics#run#execution_time_with_module#mean": 9.150376200675964, 
  "##characteristics#run#execution_time_with_module#mean_imp": 1.3961684439563304, 
  "##characteristics#run#execution_time_with_module#min": 7.509655952453613, 
  "##characteristics#run#execution_time_with_module#min_imp": 0.9786850374851815, 
  "##characteristics#run#execution_time_with_module#range": 3.9668080806732178, 
  "##characteristics#run#execution_time_with_module#range_percent": 0.5282276719184653, 
  "##characteristics#run#execution_time_with_module#repeats": 4, 
  "##characteristics#run#repeat#all": [
    10, 
    10, 
    10, 
    10
  ], 
  "##characteristics#run#repeat#all_unique": [
    10
  ], 
  "##characteristics#run#repeat#center": 10, 
  "##characteristics#run#repeat#center_imp": 1.0, 
  "##characteristics#run#repeat#halfrange": 0, 
  "##characteristics#run#repeat#max": 10, 
  "##characteristics#run#repeat#mean": 10.0, 
  "##characteristics#run#repeat#mean_imp": 1.0, 
  "##characteristics#run#repeat#min": 10, 
  "##characteristics#run#repeat#min_imp": 1.0, 
  "##characteristics#run#repeat#range": 0, 
  "##characteristics#run#repeat#range_percent": 0, 
  "##characteristics#run#repeat#repeats": 4, 
  "##characteristics#run#return_code#all": [
    0, 
    0, 
    0, 
    0
  ], 
  "##characteristics#run#return_code#all_unique": [
    0
  ], 
  "##characteristics#run#return_code#center": 0, 
  "##characteristics#run#return_code#halfrange": 0, 
  "##characteristics#run#return_code#max": 0, 
  "##characteristics#run#return_code#mean": 0.0, 
  "##characteristics#run#return_code#min": 0, 
  "##characteristics#run#return_code#min_imp": 1, 
  "##characteristics#run#return_code#range": 0, 
  "##characteristics#run#return_code#repeats": 4, 
  "##characteristics#run#run_success#all": [
    "yes", 
    "yes", 
    "yes", 
    "yes"
  ], 
  "##characteristics#run#run_success#all_unique": [
    "yes"
  ], 
  "##characteristics#run#run_success#min": "yes", 
  "##characteristics#run#run_success#min_imp": 1, 
  "##characteristics#run#run_success#repeats": 4, 
  "##characteristics#run#run_success_bool#all": [
    true, 
    true, 
    true, 
    true
  ], 
  "##characteristics#run#run_success_bool#all_unique": [
    true
  ], 
  "##characteristics#run#run_success_bool#min": true, 
  "##characteristics#run#run_success_bool#min_imp": 1, 
  "##characteristics#run#run_success_bool#repeats": 4, 
  "##characteristics#run#total_execution_time#all": [
    10.753732, 
    6.795045, 
    8.396828, 
    7.792873
  ], 
  "##characteristics#run#total_execution_time#all_unique": [
    10.753732, 
    6.795045, 
    8.396828, 
    7.792873
  ], 
  "##characteristics#run#total_execution_time#center": 8.7743885, 
  "##characteristics#run#total_execution_time#center_imp": 0.8093349183250775, 
  "##characteristics#run#total_execution_time#halfrange": 1.9793434999999997, 
  "##characteristics#run#total_execution_time#max": 10.753732, 
  "##characteristics#run#total_execution_time#mean": 8.4346195, 
  "##characteristics#run#total_execution_time#mean_imp": 0.8420407998250544, 
  "##characteristics#run#total_execution_time#min": 6.795045, 
  "##characteristics#run#total_execution_time#min_imp": 0.9763819076989189, 
  "##characteristics#run#total_execution_time#range": 3.9586869999999994, 
  "##characteristics#run#total_execution_time#range_percent": 0.5825843684626076, 
  "##characteristics#run#total_execution_time#repeats": 4
}
