{
  "characteristics_list": [
    {
      "compile": {
        "binary_size": 101700, 
        "compilation_success": "yes", 
        "compilation_success_bool": true, 
        "compilation_time": 104.41479802131653, 
        "compilation_time_with_module": 109.32799506187439, 
        "joined_compiler_flags": "-O3 -fno-dce -fdelete-null-pointer-checks -ffinite-math-only -fno-graphite-identity -fno-ira-share-spill-slots -floop-strip-mine -fno-reciprocal-math -fno-reorder-blocks-and-partition -frounding-math -fno-sched-rank-heuristic -fno-sched-spec -fsched-spec-load -ftree-partial-pre -ftree-sink -funit-at-a-time -fweb -fno-whole-program", 
        "md5_sum": "3cb6441a451d4374c78b8a64e04201eb", 
        "obj_size": 115240, 
        "obj_sizes": {
          "adler32.o": 2424, 
          "compress.o": 1568, 
          "crc32.o": 10876, 
          "ctuning-rtl.o": 4812, 
          "deflate.o": 20004, 
          "gzclose.o": 980, 
          "gzlib.o": 6308, 
          "gzread.o": 5772, 
          "gzwrite.o": 10276, 
          "infback.o": 9572, 
          "inffast.o": 4076, 
          "inflate.o": 16864, 
          "inftrees.o": 4460, 
          "trees.o": 14328, 
          "uncompr.o": 1272, 
          "zutil.o": 1648
        }, 
        "program_git_hash": "f3b3ffe43b24039767a39c7f85ab4b768684a65b"
      }, 
      "run": {
        "execution_time": 0.9440234999999999, 
        "execution_time_kernel_0": 9.440235, 
        "execution_time_with_module": 10.144877910614014, 
        "repeat": 10, 
        "return_code": 0, 
        "run_success": "yes", 
        "run_success_bool": true, 
        "total_execution_time": 9.440235
      }
    }, 
    {
      "run": {
        "execution_time": 0.6521394, 
        "execution_time_kernel_0": 6.521394, 
        "execution_time_with_module": 7.230485916137695, 
        "repeat": 10, 
        "return_code": 0, 
        "run_success": "yes", 
        "run_success_bool": true, 
        "total_execution_time": 6.521394
      }
    }, 
    {
      "run": {
        "execution_time": 1.0697846, 
        "execution_time_kernel_0": 10.697846, 
        "execution_time_with_module": 11.414329051971436, 
        "repeat": 10, 
        "return_code": 0, 
        "run_success": "yes", 
        "run_success_bool": true, 
        "total_execution_time": 10.697846
      }
    }, 
    {
      "run": {
        "execution_time": 1.0996025, 
        "execution_time_kernel_0": 10.996025, 
        "execution_time_with_module": 11.703773975372314, 
        "repeat": 10, 
        "return_code": 0, 
        "run_success": "yes", 
        "run_success_bool": true, 
        "total_execution_time": 10.996025
      }
    }
  ], 
  "choices": {
    "calibration_time": 10.0, 
    "cmd_key": "encode", 
    "compile_type": "dynamic", 
    "compiler_description_uoa": "gcc-4.9.0-auto", 
    "compiler_flags": {
      "base_opt": "-O3", 
      "bool-dce": "-fno-dce", 
      "bool-delete-null-pointer-checks": "-fdelete-null-pointer-checks", 
      "bool-finite-math-only": "-ffinite-math-only", 
      "bool-graphite-identity": "-fno-graphite-identity", 
      "bool-ira-share-spill-slots": "-fno-ira-share-spill-slots", 
      "bool-loop-strip-mine": "-floop-strip-mine", 
      "bool-reciprocal-math": "-fno-reciprocal-math", 
      "bool-reorder-blocks-and-partition": "-fno-reorder-blocks-and-partition", 
      "bool-rounding-math": "-frounding-math", 
      "bool-sched-rank-heuristic": "-fno-sched-rank-heuristic", 
      "bool-sched-spec": "-fno-sched-spec", 
      "bool-sched-spec-load": "-fsched-spec-load", 
      "bool-tree-partial-pre": "-ftree-partial-pre", 
      "bool-tree-sink": "-ftree-sink", 
      "bool-unit-at-a-time": "-funit-at-a-time", 
      "bool-web": "-fweb", 
      "bool-whole-program": "-fno-whole-program"
    }, 
    "data_uoa": "minigzip", 
    "dataset_file": "data.wav", 
    "dataset_uoa": "audio-wav-0001", 
    "device_cfg": {}, 
    "device_id": "", 
    "host_os": "linux-32", 
    "module_uoa": "b0ac08fe1d3c2615", 
    "no_state_check": "yes", 
    "program_tags": "", 
    "repeat": 10, 
    "target": "", 
    "target_os": "linux-32", 
    "target_os_bits": "32"
  }, 
  "choices_order": [
    "##compiler_flags#base_opt", 
    "##compiler_flags#bool-dce", 
    "##compiler_flags#bool-delete-null-pointer-checks", 
    "##compiler_flags#bool-finite-math-only", 
    "##compiler_flags#bool-graphite-identity", 
    "##compiler_flags#bool-ira-share-spill-slots", 
    "##compiler_flags#bool-loop-strip-mine", 
    "##compiler_flags#bool-reciprocal-math", 
    "##compiler_flags#bool-reorder-blocks-and-partition", 
    "##compiler_flags#bool-rounding-math", 
    "##compiler_flags#bool-sched-rank-heuristic", 
    "##compiler_flags#bool-sched-spec", 
    "##compiler_flags#bool-sched-spec-load", 
    "##compiler_flags#bool-tree-partial-pre", 
    "##compiler_flags#bool-tree-sink", 
    "##compiler_flags#bool-unit-at-a-time", 
    "##compiler_flags#bool-web", 
    "##compiler_flags#bool-whole-program"
  ], 
  "features": {
    "compiler_version": {
      "list": [
        4, 
        9, 
        2
      ], 
      "raw": [
        "gcc-4.9 (Raspbian 4.9.2-10) 4.9.2", 
        "Copyright (C) 2014 Free Software Foundation, Inc.", 
        "This is free software; see the source for copying conditions.  There is NO", 
        "warranty; not even for MERCHANTABILITY or FITNESS FOR A PARTICULAR PURPOSE.", 
        "", 
        ""
      ], 
      "str": "4.9.2"
    }, 
    "dataset": {
      "total_size": 311096
    }, 
    "number_of_selected_compiler_flags": 18, 
    "platform": {
      "cpu": {
        "all_freqs": {
          "0": [
            700000, 
            700000
          ]
        }, 
        "cpu_abi": "", 
        "cpu_features": "half thumb fastmult vfp edsp java tls", 
        "current_freq": {
          "0": 700.0
        }, 
        "max_freq": {
          "0": 700.0
        }, 
        "name": "BCM2708", 
        "num_proc": "1", 
        "sub_name": "ARMv6-compatible processor rev 7 (v6l)", 
        "workload_automation": {
          "device_config": {
            "core_clusters": [
              0
            ], 
            "core_names": [
              "BCM2708"
            ]
          }
        }
      }, 
      "cpu_misc": {
        "0": {
          "BogoMIPS": "697.95", 
          "CPU architecture": "7", 
          "CPU implementer": "0x41", 
          "CPU part": "0xb76", 
          "CPU revision": "7", 
          "CPU variant": "0x0", 
          "Features": "half thumb fastmult vfp edsp java tls", 
          "Hardware": "BCM2708", 
          "Revision": "0013", 
          "Serial": "00000000999033c3", 
          "all_freqs": [
            "0", 
            "0"
          ], 
          "ck_cpu_name": "BCM2708", 
          "ck_cpu_subname": "ARMv6-compatible processor rev 7 (v6l)", 
          "cpu_features": "half thumb fastmult vfp edsp java tls", 
          "cur_freq": 700.0, 
          "max_freq": 700.0, 
          "model name": "ARMv6-compatible processor rev 7 (v6l)", 
          "processor": "0"
        }
      }, 
      "cpu_new_format": "", 
      "cpu_unique": [
        {
          "BogoMIPS": "697.95", 
          "CPU architecture": "7", 
          "CPU implementer": "0x41", 
          "CPU part": "0xb76", 
          "CPU revision": "7", 
          "CPU variant": "0x0", 
          "Features": "half thumb fastmult vfp edsp java tls", 
          "Hardware": "BCM2708", 
          "Revision": "0013", 
          "Serial": "00000000999033c3", 
          "all_freqs": [
            "0", 
            "0"
          ], 
          "ck_cpu_name": "BCM2708", 
          "ck_cpu_subname": "ARMv6-compatible processor rev 7 (v6l)", 
          "cpu_features": "half thumb fastmult vfp edsp java tls", 
          "cur_freq": 700.0, 
          "max_freq": 700.0, 
          "model name": "ARMv6-compatible processor rev 7 (v6l)", 
          "processor": "0"
        }
      ], 
      "gpu": {
        "name": "", 
        "vendor": ""
      }, 
      "gpu_misc": {}, 
      "os": {
        "abi": "armv6l", 
        "bits": "32", 
        "ck_os_base_uoa": "", 
        "ck_os_uoa": "linux-32", 
        "name": "Linux 4.4.21+", 
        "name_long": "Linux-4.4.21+-armv6l-with-debian-8.0", 
        "name_short": "Linux 4.4.21+", 
        "serial_number": ""
      }, 
      "os_misc": {}, 
      "platform": {
        "model": "", 
        "name": "", 
        "vendor": ""
      }, 
      "platform_misc": {}
    }, 
    "solution_uid": "61764d46879edf84", 
    "statistical_repetitions": 4
  }
}
