{
  "characteristics_list": [
    {
      "compile": {
        "binary_size": 105304, 
        "compilation_success": "yes", 
        "compilation_success_bool": true, 
        "compilation_time": 106.68112897872925, 
        "compilation_time_with_module": 111.58683609962463, 
        "joined_compiler_flags": "-O3 -fcombine-stack-adjustments -fno-cprop-registers -fcrossjumping -ffinite-math-only -fipa-cp-clone -fno-ira-hoist-pressure -fno-loop-interchange -floop-nest-optimize -fno-zero-initialized-in-bss -fno-sched-spec-insn-heuristic -fno-strict-aliasing -ftree-copy-prop -fno-tree-dse -fno-tree-loop-im -ftree-partial-pre -fno-tree-pta -fexcess-precision=standard -fira-region=all", 
        "md5_sum": "0ab89f86db7247b4f2936d128dbf0725", 
        "obj_size": 119080, 
        "obj_sizes": {
          "adler32.o": 2424, 
          "compress.o": 1560, 
          "crc32.o": 10812, 
          "ctuning-rtl.o": 4804, 
          "deflate.o": 24420, 
          "gzclose.o": 980, 
          "gzlib.o": 6300, 
          "gzread.o": 5808, 
          "gzwrite.o": 10268, 
          "infback.o": 9212, 
          "inffast.o": 4128, 
          "inflate.o": 16796, 
          "inftrees.o": 4448, 
          "trees.o": 14208, 
          "uncompr.o": 1264, 
          "zutil.o": 1648
        }, 
        "program_git_hash": "f3b3ffe43b24039767a39c7f85ab4b768684a65b"
      }, 
      "run": {
        "execution_time": 1.0133687999999998, 
        "execution_time_kernel_0": 10.133688, 
        "execution_time_with_module": 10.813523054122925, 
        "repeat": 10, 
        "return_code": 0, 
        "run_success": "yes", 
        "run_success_bool": true, 
        "total_execution_time": 10.133688
      }
    }, 
    {
      "run": {
        "execution_time": 1.0802056, 
        "execution_time_kernel_0": 10.802056, 
        "execution_time_with_module": 11.483664989471436, 
        "repeat": 10, 
        "return_code": 0, 
        "run_success": "yes", 
        "run_success_bool": true, 
        "total_execution_time": 10.802056
      }
    }, 
    {
      "run": {
        "execution_time": 0.7940186, 
        "execution_time_kernel_0": 7.940186, 
        "execution_time_with_module": 9.803620100021362, 
        "repeat": 10, 
        "return_code": 0, 
        "run_success": "yes", 
        "run_success_bool": true, 
        "total_execution_time": 7.940186
      }
    }, 
    {
      "run": {
        "execution_time": 0.9702385, 
        "execution_time_kernel_0": 9.702385, 
        "execution_time_with_module": 10.389530897140503, 
        "repeat": 10, 
        "return_code": 0, 
        "run_success": "yes", 
        "run_success_bool": true, 
        "total_execution_time": 9.702385
      }
    }
  ], 
  "choices": {
    "calibration_time": 10.0, 
    "cmd_key": "encode", 
    "compile_type": "dynamic", 
    "compiler_description_uoa": "gcc-4.9.0-auto", 
    "compiler_flags": {
      "base_opt": "-O3", 
      "bool--fexcess-precision=": "-fexcess-precision=standard", 
      "bool--fira-region=": "-fira-region=all", 
      "bool-combine-stack-adjustments": "-fcombine-stack-adjustments", 
      "bool-cprop-registers": "-fno-cprop-registers", 
      "bool-crossjumping": "-fcrossjumping", 
      "bool-finite-math-only": "-ffinite-math-only", 
      "bool-ipa-cp-clone": "-fipa-cp-clone", 
      "bool-ira-hoist-pressure": "-fno-ira-hoist-pressure", 
      "bool-loop-interchange": "-fno-loop-interchange", 
      "bool-loop-nest-optimize": "-floop-nest-optimize", 
      "bool-sched-spec-insn-heuristic": "-fno-sched-spec-insn-heuristic", 
      "bool-strict-aliasing": "-fno-strict-aliasing", 
      "bool-tree-copy-prop": "-ftree-copy-prop", 
      "bool-tree-dse": "-fno-tree-dse", 
      "bool-tree-loop-im": "-fno-tree-loop-im", 
      "bool-tree-partial-pre": "-ftree-partial-pre", 
      "bool-tree-pta": "-fno-tree-pta", 
      "bool-zero-initialized-in-bss": "-fno-zero-initialized-in-bss"
    }, 
    "data_uoa": "minigzip", 
    "dataset_file": "data.wav", 
    "dataset_uoa": "audio-wav-0001", 
    "device_cfg": {}, 
    "device_id": "", 
    "host_os": "linux-32", 
    "module_uoa": "b0ac08fe1d3c2615", 
    "no_state_check": "yes", 
    "program_tags": "", 
    "repeat": 10, 
    "target": "", 
    "target_os": "linux-32", 
    "target_os_bits": "32"
  }, 
  "choices_order": [
    "##compiler_flags#base_opt", 
    "##compiler_flags#bool-associative-math", 
    "##compiler_flags#bool-auto-inc-dec", 
    "##compiler_flags#bool-branch-probabilities", 
    "##compiler_flags#bool-branch-target-load-optimize", 
    "##compiler_flags#bool-branch-target-load-optimize2", 
    "##compiler_flags#bool-btr-bb-exclusive", 
    "##compiler_flags#bool-caller-saves", 
    "##compiler_flags#bool-check-data-deps", 
    "##compiler_flags#bool-combine-stack-adjustments", 
    "##compiler_flags#bool-conserve-stack", 
    "##compiler_flags#bool-compare-elim", 
    "##compiler_flags#bool-cprop-registers", 
    "##compiler_flags#bool-crossjumping", 
    "##compiler_flags#bool-cse-follow-jumps", 
    "##compiler_flags#bool-cse-skip-blocks", 
    "##compiler_flags#bool-cx-fortran-rules", 
    "##compiler_flags#bool-cx-limited-range", 
    "##compiler_flags#bool-data-sections", 
    "##compiler_flags#bool-dce", 
    "##compiler_flags#bool-delayed-branch", 
    "##compiler_flags#bool-delete-null-pointer-checks", 
    "##compiler_flags#bool-devirtualize", 
    "##compiler_flags#bool-devirtualize-speculatively", 
    "##compiler_flags#bool-dse", 
    "##compiler_flags#bool-early-inlining", 
    "##compiler_flags#bool-ipa-sra", 
    "##compiler_flags#bool-expensive-optimizations", 
    "##compiler_flags#bool-fat-lto-objects", 
    "##compiler_flags#bool-fast-math", 
    "##compiler_flags#bool-finite-math-only", 
    "##compiler_flags#bool-float-store", 
    "##compiler_flags#bool-forward-propagate", 
    "##compiler_flags#bool-function-sections", 
    "##compiler_flags#bool-gcse", 
    "##compiler_flags#bool-gcse-after-reload", 
    "##compiler_flags#bool-gcse-las", 
    "##compiler_flags#bool-gcse-lm", 
    "##compiler_flags#bool-graphite-identity", 
    "##compiler_flags#bool-gcse-sm", 
    "##compiler_flags#bool-hoist-adjacent-loads", 
    "##compiler_flags#bool-if-conversion", 
    "##compiler_flags#bool-if-conversion2", 
    "##compiler_flags#bool-indirect-inlining", 
    "##compiler_flags#bool-inline-functions", 
    "##compiler_flags#bool-inline-functions-called-once", 
    "##compiler_flags#bool-inline-small-functions", 
    "##compiler_flags#bool-ipa-cp", 
    "##compiler_flags#bool-ipa-cp-clone", 
    "##compiler_flags#bool-ipa-pta", 
    "##compiler_flags#bool-ipa-pure-const", 
    "##compiler_flags#bool-ipa-reference", 
    "##compiler_flags#bool-ira-hoist-pressure", 
    "##compiler_flags#bool-ira-loop-pressure", 
    "##compiler_flags#bool-ira-share-save-slots", 
    "##compiler_flags#bool-ira-share-spill-slots", 
    "##compiler_flags#bool-isolate-erroneous-paths-dereference", 
    "##compiler_flags#bool-isolate-erroneous-paths-attribute", 
    "##compiler_flags#bool-ivopts", 
    "##compiler_flags#bool-keep-inline-functions", 
    "##compiler_flags#bool-keep-static-consts", 
    "##compiler_flags#bool-live-range-shrinkage", 
    "##compiler_flags#bool-loop-block", 
    "##compiler_flags#bool-loop-interchange", 
    "##compiler_flags#bool-loop-strip-mine", 
    "##compiler_flags#bool-loop-nest-optimize", 
    "##compiler_flags#bool-loop-parallelize-all", 
    "##compiler_flags#bool-lto", 
    "##compiler_flags#bool-merge-all-constants", 
    "##compiler_flags#bool-merge-constants", 
    "##compiler_flags#bool-modulo-sched", 
    "##compiler_flags#bool-modulo-sched-allow-regmoves", 
    "##compiler_flags#bool-move-loop-invariants", 
    "##compiler_flags#bool-branch-count-reg", 
    "##compiler_flags#bool-defer-pop", 
    "##compiler_flags#bool-function-cse", 
    "##compiler_flags#bool-guess-branch-probability", 
    "##compiler_flags#bool-inline", 
    "##compiler_flags#bool-math-errno", 
    "##compiler_flags#bool-peephole", 
    "##compiler_flags#bool-peephole2", 
    "##compiler_flags#bool-sched-interblock", 
    "##compiler_flags#bool-sched-spec", 
    "##compiler_flags#bool-signed-zeros", 
    "##compiler_flags#bool-toplevel-reorder", 
    "##compiler_flags#bool-trapping-math", 
    "##compiler_flags#bool-zero-initialized-in-bss", 
    "##compiler_flags#bool-omit-frame-pointer", 
    "##compiler_flags#bool-optimize-sibling-calls", 
    "##compiler_flags#bool-partial-inlining", 
    "##compiler_flags#bool-peel-loops", 
    "##compiler_flags#bool-predictive-commoning", 
    "##compiler_flags#bool-prefetch-loop-arrays", 
    "##compiler_flags#bool-reciprocal-math", 
    "##compiler_flags#bool-ree", 
    "##compiler_flags#bool-rename-registers", 
    "##compiler_flags#bool-reorder-blocks", 
    "##compiler_flags#bool-reorder-blocks-and-partition", 
    "##compiler_flags#bool-reorder-functions", 
    "##compiler_flags#bool-rerun-cse-after-loop", 
    "##compiler_flags#bool-reschedule-modulo-scheduled-loops", 
    "##compiler_flags#bool-rounding-math", 
    "##compiler_flags#bool-sched2-use-superblocks", 
    "##compiler_flags#bool-sched-pressure", 
    "##compiler_flags#bool-sched-spec-load", 
    "##compiler_flags#bool-sched-spec-load-dangerous", 
    "##compiler_flags#bool-sched-group-heuristic", 
    "##compiler_flags#bool-sched-critical-path-heuristic", 
    "##compiler_flags#bool-sched-spec-insn-heuristic", 
    "##compiler_flags#bool-sched-rank-heuristic", 
    "##compiler_flags#bool-sched-last-insn-heuristic", 
    "##compiler_flags#bool-sched-dep-count-heuristic", 
    "##compiler_flags#bool-schedule-insns", 
    "##compiler_flags#bool-schedule-insns2", 
    "##compiler_flags#bool-section-anchors", 
    "##compiler_flags#bool-selective-scheduling", 
    "##compiler_flags#bool-selective-scheduling2", 
    "##compiler_flags#bool-sel-sched-pipelining", 
    "##compiler_flags#bool-sel-sched-pipelining-outer-loops", 
    "##compiler_flags#bool-shrink-wrap", 
    "##compiler_flags#bool-signaling-nans", 
    "##compiler_flags#bool-single-precision-constant", 
    "##compiler_flags#bool-split-ivs-in-unroller", 
    "##compiler_flags#bool-split-wide-types", 
    "##compiler_flags#bool-strict-aliasing", 
    "##compiler_flags#bool-strict-overflow", 
    "##compiler_flags#bool-thread-jumps", 
    "##compiler_flags#bool-tracer", 
    "##compiler_flags#bool-tree-bit-ccp", 
    "##compiler_flags#bool-tree-builtin-call-dce", 
    "##compiler_flags#bool-tree-ccp", 
    "##compiler_flags#bool-tree-ch", 
    "##compiler_flags#bool-tree-coalesce-vars", 
    "##compiler_flags#bool-tree-copy-prop", 
    "##compiler_flags#bool-tree-copyrename", 
    "##compiler_flags#bool-tree-dce", 
    "##compiler_flags#bool-tree-dominator-opts", 
    "##compiler_flags#bool-tree-dse", 
    "##compiler_flags#bool-tree-forwprop", 
    "##compiler_flags#bool-tree-fre", 
    "##compiler_flags#bool-tree-loop-if-convert", 
    "##compiler_flags#bool-tree-loop-if-convert-stores", 
    "##compiler_flags#bool-tree-loop-im", 
    "##compiler_flags#bool-tree-phiprop", 
    "##compiler_flags#bool-tree-loop-distribution", 
    "##compiler_flags#bool-tree-loop-distribute-patterns", 
    "##compiler_flags#bool-tree-loop-ivcanon", 
    "##compiler_flags#bool-tree-loop-linear", 
    "##compiler_flags#bool-tree-loop-optimize", 
    "##compiler_flags#bool-tree-loop-vectorize", 
    "##compiler_flags#bool-tree-pre", 
    "##compiler_flags#bool-tree-partial-pre", 
    "##compiler_flags#bool-tree-pta", 
    "##compiler_flags#bool-tree-reassoc", 
    "##compiler_flags#bool-tree-sink", 
    "##compiler_flags#bool-tree-slsr", 
    "##compiler_flags#bool-tree-sra", 
    "##compiler_flags#bool-tree-switch-conversion", 
    "##compiler_flags#bool-tree-tail-merge", 
    "##compiler_flags#bool-tree-ter", 
    "##compiler_flags#bool-tree-vectorize", 
    "##compiler_flags#bool-tree-vrp", 
    "##compiler_flags#bool-unit-at-a-time", 
    "##compiler_flags#bool-unroll-all-loops", 
    "##compiler_flags#bool-unroll-loops", 
    "##compiler_flags#bool-unsafe-loop-optimizations", 
    "##compiler_flags#bool-unsafe-math-optimizations", 
    "##compiler_flags#bool-unswitch-loops", 
    "##compiler_flags#bool-variable-expansion-in-unroller", 
    "##compiler_flags#bool-vect-cost-model", 
    "##compiler_flags#bool-vpt", 
    "##compiler_flags#bool-web", 
    "##compiler_flags#bool-whole-program", 
    "##compiler_flags#bool-wpa", 
    "##compiler_flags#bool-use-linker-plugin", 
    "##compiler_flags#bool--fexcess-precision=", 
    "##compiler_flags#bool--ffp-contract=", 
    "##compiler_flags#bool--fira-algorithm=", 
    "##compiler_flags#bool--fira-region="
  ], 
  "features": {
    "compiler_version": {
      "list": [
        4, 
        9, 
        2
      ], 
      "raw": [
        "gcc-4.9 (Raspbian 4.9.2-10) 4.9.2", 
        "Copyright (C) 2014 Free Software Foundation, Inc.", 
        "This is free software; see the source for copying conditions.  There is NO", 
        "warranty; not even for MERCHANTABILITY or FITNESS FOR A PARTICULAR PURPOSE.", 
        "", 
        ""
      ], 
      "str": "4.9.2"
    }, 
    "dataset": {
      "total_size": 311096
    }, 
    "number_of_selected_compiler_flags": 19, 
    "platform": {
      "cpu": {
        "all_freqs": {
          "0": [
            700000, 
            700000
          ]
        }, 
        "cpu_abi": "", 
        "cpu_features": "half thumb fastmult vfp edsp java tls", 
        "current_freq": {
          "0": 700.0
        }, 
        "max_freq": {
          "0": 700.0
        }, 
        "name": "BCM2708", 
        "num_proc": "1", 
        "sub_name": "ARMv6-compatible processor rev 7 (v6l)", 
        "workload_automation": {
          "device_config": {
            "core_clusters": [
              0
            ], 
            "core_names": [
              "BCM2708"
            ]
          }
        }
      }, 
      "cpu_misc": {
        "0": {
          "BogoMIPS": "697.95", 
          "CPU architecture": "7", 
          "CPU implementer": "0x41", 
          "CPU part": "0xb76", 
          "CPU revision": "7", 
          "CPU variant": "0x0", 
          "Features": "half thumb fastmult vfp edsp java tls", 
          "Hardware": "BCM2708", 
          "Revision": "0013", 
          "Serial": "00000000999033c3", 
          "all_freqs": [
            "0", 
            "0"
          ], 
          "ck_cpu_name": "BCM2708", 
          "ck_cpu_subname": "ARMv6-compatible processor rev 7 (v6l)", 
          "cpu_features": "half thumb fastmult vfp edsp java tls", 
          "cur_freq": 700.0, 
          "max_freq": 700.0, 
          "model name": "ARMv6-compatible processor rev 7 (v6l)", 
          "processor": "0"
        }
      }, 
      "cpu_new_format": "", 
      "cpu_unique": [
        {
          "BogoMIPS": "697.95", 
          "CPU architecture": "7", 
          "CPU implementer": "0x41", 
          "CPU part": "0xb76", 
          "CPU revision": "7", 
          "CPU variant": "0x0", 
          "Features": "half thumb fastmult vfp edsp java tls", 
          "Hardware": "BCM2708", 
          "Revision": "0013", 
          "Serial": "00000000999033c3", 
          "all_freqs": [
            "0", 
            "0"
          ], 
          "ck_cpu_name": "BCM2708", 
          "ck_cpu_subname": "ARMv6-compatible processor rev 7 (v6l)", 
          "cpu_features": "half thumb fastmult vfp edsp java tls", 
          "cur_freq": 700.0, 
          "max_freq": 700.0, 
          "model name": "ARMv6-compatible processor rev 7 (v6l)", 
          "processor": "0"
        }
      ], 
      "gpu": {
        "name": "", 
        "vendor": ""
      }, 
      "gpu_misc": {}, 
      "os": {
        "abi": "armv6l", 
        "bits": "32", 
        "ck_os_base_uoa": "", 
        "ck_os_uoa": "linux-32", 
        "name": "Linux 4.4.21+", 
        "name_long": "Linux-4.4.21+-armv6l-with-debian-8.0", 
        "name_short": "Linux 4.4.21+", 
        "serial_number": ""
      }, 
      "os_misc": {}, 
      "platform": {
        "model": "", 
        "name": "", 
        "vendor": ""
      }, 
      "platform_misc": {}
    }, 
    "statistical_repetitions": 4
  }
}
