{
  "##choices#calibration_time": 10.0, 
  "##choices#cmd_key": "encode", 
  "##choices#compile_type": "dynamic", 
  "##choices#compiler_description_uoa": "gcc-4.9.0-auto", 
  "##choices#compiler_flags#base_opt": "-O3", 
  "##choices#compiler_flags#bool-branch-count-reg": "-fno-branch-count-reg", 
  "##choices#compiler_flags#bool-branch-target-load-optimize2": "-fbranch-target-load-optimize2", 
  "##choices#compiler_flags#bool-combine-stack-adjustments": "-fno-combine-stack-adjustments", 
  "##choices#compiler_flags#bool-cse-follow-jumps": "-fcse-follow-jumps", 
  "##choices#compiler_flags#bool-early-inlining": "-fearly-inlining", 
  "##choices#compiler_flags#bool-fast-math": "-ffast-math", 
  "##choices#compiler_flags#bool-function-cse": "-ffunction-cse", 
  "##choices#compiler_flags#bool-gcse-after-reload": "-fno-gcse-after-reload", 
  "##choices#compiler_flags#bool-inline-functions-called-once": "-finline-functions-called-once", 
  "##choices#compiler_flags#bool-ipa-reference": "-fno-ipa-reference", 
  "##choices#compiler_flags#bool-modulo-sched-allow-regmoves": "-fmodulo-sched-allow-regmoves", 
  "##choices#compiler_flags#bool-partial-inlining": "-fpartial-inlining", 
  "##choices#compiler_flags#bool-peephole": "-fpeephole", 
  "##choices#compiler_flags#bool-prefetch-loop-arrays": "-fno-prefetch-loop-arrays", 
  "##choices#compiler_flags#bool-sched-critical-path-heuristic": "-fno-sched-critical-path-heuristic", 
  "##choices#compiler_flags#bool-signaling-nans": "-fno-signaling-nans", 
  "##choices#compiler_flags#bool-tree-ch": "-fno-tree-ch", 
  "##choices#compiler_flags#bool-tree-copyrename": "-ftree-copyrename", 
  "##choices#compiler_flags#bool-tree-loop-im": "-fno-tree-loop-im", 
  "##choices#compiler_flags#bool-tree-partial-pre": "-ftree-partial-pre", 
  "##choices#compiler_flags#bool-tree-pre": "-ftree-pre", 
  "##choices#compiler_flags#bool-tree-reassoc": "-ftree-reassoc", 
  "##choices#compiler_flags#bool-unroll-all-loops": "-fno-unroll-all-loops", 
  "##choices#compiler_flags#bool-unroll-loops": "-fno-unroll-loops", 
  "##choices#compiler_flags#bool-use-linker-plugin": "-fno-use-linker-plugin", 
  "##choices#compiler_flags#bool-web": "-fno-web", 
  "##choices#data_uoa": "minigzip", 
  "##choices#dataset_file": "data.wav", 
  "##choices#dataset_uoa": "audio-wav-0001", 
  "##choices#device_id": "", 
  "##choices#host_os": "linux-32", 
  "##choices#module_uoa": "b0ac08fe1d3c2615", 
  "##choices#no_state_check": "yes", 
  "##choices#program_tags": "", 
  "##choices#repeat": 10, 
  "##choices#target": "", 
  "##choices#target_os": "linux-32", 
  "##choices#target_os_bits": "32"
}
