{
  "##choices#calibration_time": 10.0, 
  "##choices#cmd_key": "encode", 
  "##choices#compile_type": "dynamic", 
  "##choices#compiler_description_uoa": "gcc-4.9.0-auto", 
  "##choices#compiler_flags#base_opt": "-O3", 
  "##choices#compiler_flags#bool-cse-skip-blocks": "-fno-cse-skip-blocks", 
  "##choices#compiler_flags#bool-delayed-branch": "-fno-delayed-branch", 
  "##choices#compiler_flags#bool-guess-branch-probability": "-fno-guess-branch-probability", 
  "##choices#compiler_flags#bool-sched-dep-count-heuristic": "-fno-sched-dep-count-heuristic", 
  "##choices#compiler_flags#bool-sel-sched-pipelining": "-fsel-sched-pipelining", 
  "##choices#compiler_flags#bool-selective-scheduling2": "-fno-selective-scheduling2", 
  "##choices#compiler_flags#bool-shrink-wrap": "-fshrink-wrap", 
  "##choices#compiler_flags#bool-single-precision-constant": "-fsingle-precision-constant", 
  "##choices#compiler_flags#bool-tracer": "-ftracer", 
  "##choices#compiler_flags#bool-tree-copyrename": "-fno-tree-copyrename", 
  "##choices#compiler_flags#bool-tree-dce": "-fno-tree-dce", 
  "##choices#compiler_flags#bool-tree-loop-distribution": "-ftree-loop-distribution", 
  "##choices#compiler_flags#bool-tree-phiprop": "-ftree-phiprop", 
  "##choices#compiler_flags#bool-tree-pre": "-ftree-pre", 
  "##choices#compiler_flags#bool-tree-sink": "-fno-tree-sink", 
  "##choices#compiler_flags#bool-tree-tail-merge": "-ftree-tail-merge", 
  "##choices#compiler_flags#bool-tree-ter": "-fno-tree-ter", 
  "##choices#compiler_flags#bool-vect-cost-model": "-fno-vect-cost-model", 
  "##choices#data_uoa": "minigzip", 
  "##choices#dataset_file": "data.wav", 
  "##choices#dataset_uoa": "audio-wav-0001", 
  "##choices#device_id": "", 
  "##choices#host_os": "linux-32", 
  "##choices#module_uoa": "b0ac08fe1d3c2615", 
  "##choices#no_state_check": "yes", 
  "##choices#program_tags": "", 
  "##choices#repeat": 10, 
  "##choices#target": "", 
  "##choices#target_os": "linux-32", 
  "##choices#target_os_bits": "32"
}
