{
  "##choices#calibration_time": 10.0, 
  "##choices#cmd_key": "encode", 
  "##choices#compile_type": "dynamic", 
  "##choices#compiler_description_uoa": "gcc-4.9.0-auto", 
  "##choices#compiler_flags#base_opt": "-O3", 
  "##choices#compiler_flags#bool-inline-small-functions": "-finline-small-functions", 
  "##choices#compiler_flags#bool-live-range-shrinkage": "-flive-range-shrinkage", 
  "##choices#compiler_flags#bool-loop-strip-mine": "-floop-strip-mine", 
  "##choices#compiler_flags#bool-merge-all-constants": "-fno-merge-all-constants", 
  "##choices#compiler_flags#bool-optimize-sibling-calls": "-fno-optimize-sibling-calls", 
  "##choices#compiler_flags#bool-peephole2": "-fno-peephole2", 
  "##choices#compiler_flags#bool-ree": "-fno-ree", 
  "##choices#compiler_flags#bool-rerun-cse-after-loop": "-fno-rerun-cse-after-loop", 
  "##choices#compiler_flags#bool-reschedule-modulo-scheduled-loops": "-fno-reschedule-modulo-scheduled-loops", 
  "##choices#compiler_flags#bool-schedule-insns2": "-fschedule-insns2", 
  "##choices#compiler_flags#bool-tree-loop-ivcanon": "-fno-tree-loop-ivcanon", 
  "##choices#compiler_flags#bool-tree-vectorize": "-fno-tree-vectorize", 
  "##choices#compiler_flags#bool-unroll-all-loops": "-funroll-all-loops", 
  "##choices#data_uoa": "minigzip", 
  "##choices#dataset_file": "data.wav", 
  "##choices#dataset_uoa": "audio-wav-0001", 
  "##choices#device_id": "", 
  "##choices#host_os": "linux-32", 
  "##choices#module_uoa": "b0ac08fe1d3c2615", 
  "##choices#no_state_check": "yes", 
  "##choices#program_tags": "", 
  "##choices#repeat": 10, 
  "##choices#target": "", 
  "##choices#target_os": "linux-32", 
  "##choices#target_os_bits": "32"
}
