{
  "##characteristics#compile#binary_size#all": [
    99052
  ], 
  "##characteristics#compile#binary_size#all_unique": [
    99052
  ], 
  "##characteristics#compile#binary_size#center": 99052, 
  "##characteristics#compile#binary_size#center_imp": 1.0240277833865041, 
  "##characteristics#compile#binary_size#halfrange": 0, 
  "##characteristics#compile#binary_size#max": 99052, 
  "##characteristics#compile#binary_size#mean": 99052.0, 
  "##characteristics#compile#binary_size#mean_imp": 1.0240277833865041, 
  "##characteristics#compile#binary_size#min": 99052, 
  "##characteristics#compile#binary_size#min_imp": 1.0240277833865041, 
  "##characteristics#compile#binary_size#range": 0, 
  "##characteristics#compile#binary_size#range_percent": 0, 
  "##characteristics#compile#binary_size#repeats": 1, 
  "##characteristics#compile#compilation_success#all": [
    "yes"
  ], 
  "##characteristics#compile#compilation_success#all_unique": [
    "yes"
  ], 
  "##characteristics#compile#compilation_success#min": "yes", 
  "##characteristics#compile#compilation_success#min_imp": 0, 
  "##characteristics#compile#compilation_success#repeats": 1, 
  "##characteristics#compile#compilation_success_bool#all": [
    true
  ], 
  "##characteristics#compile#compilation_success_bool#all_unique": [
    true
  ], 
  "##characteristics#compile#compilation_success_bool#min": true, 
  "##characteristics#compile#compilation_success_bool#min_imp": 0, 
  "##characteristics#compile#compilation_success_bool#repeats": 1, 
  "##characteristics#compile#compilation_time#all": [
    99.37346720695496
  ], 
  "##characteristics#compile#compilation_time#all_unique": [
    99.37346720695496
  ], 
  "##characteristics#compile#compilation_time#center": 99.37346720695496, 
  "##characteristics#compile#compilation_time#center_imp": 1.0275498255071775, 
  "##characteristics#compile#compilation_time#halfrange": 0.0, 
  "##characteristics#compile#compilation_time#max": 99.37346720695496, 
  "##characteristics#compile#compilation_time#mean": 99.37346720695496, 
  "##characteristics#compile#compilation_time#mean_imp": 1.0275498255071775, 
  "##characteristics#compile#compilation_time#min": 99.37346720695496, 
  "##characteristics#compile#compilation_time#min_imp": 1.0275498255071775, 
  "##characteristics#compile#compilation_time#range": 0.0, 
  "##characteristics#compile#compilation_time#range_percent": 0.0, 
  "##characteristics#compile#compilation_time#repeats": 1, 
  "##characteristics#compile#compilation_time_with_module#all": [
    104.23123407363892
  ], 
  "##characteristics#compile#compilation_time_with_module#all_unique": [
    104.23123407363892
  ], 
  "##characteristics#compile#compilation_time_with_module#center": 104.23123407363892, 
  "##characteristics#compile#compilation_time_with_module#center_imp": 1.0260081350667554, 
  "##characteristics#compile#compilation_time_with_module#halfrange": 0.0, 
  "##characteristics#compile#compilation_time_with_module#max": 104.23123407363892, 
  "##characteristics#compile#compilation_time_with_module#mean": 104.23123407363892, 
  "##characteristics#compile#compilation_time_with_module#mean_imp": 1.0260081350667554, 
  "##characteristics#compile#compilation_time_with_module#min": 104.23123407363892, 
  "##characteristics#compile#compilation_time_with_module#min_imp": 1.0260081350667554, 
  "##characteristics#compile#compilation_time_with_module#range": 0.0, 
  "##characteristics#compile#compilation_time_with_module#range_percent": 0.0, 
  "##characteristics#compile#compilation_time_with_module#repeats": 1, 
  "##characteristics#compile#joined_compiler_flags#all": [
    "-O3 -fno-associative-math -fbranch-target-load-optimize -fbranch-target-load-optimize2 -fcaller-saves -fno-cse-skip-blocks -fno-delayed-branch -fno-forward-propagate -fgcse-las -fira-share-spill-slots -fmerge-constants -fmodulo-sched-allow-regmoves -fno-sched2-use-superblocks -fno-shrink-wrap -fno-tree-bit-ccp -ftree-ccp -fno-tree-dse -fno-tree-loop-if-convert -fno-tree-loop-vectorize -fno-tree-phiprop"
  ], 
  "##characteristics#compile#joined_compiler_flags#all_unique": [
    "-O3 -fno-associative-math -fbranch-target-load-optimize -fbranch-target-load-optimize2 -fcaller-saves -fno-cse-skip-blocks -fno-delayed-branch -fno-forward-propagate -fgcse-las -fira-share-spill-slots -fmerge-constants -fmodulo-sched-allow-regmoves -fno-sched2-use-superblocks -fno-shrink-wrap -fno-tree-bit-ccp -ftree-ccp -fno-tree-dse -fno-tree-loop-if-convert -fno-tree-loop-vectorize -fno-tree-phiprop"
  ], 
  "##characteristics#compile#joined_compiler_flags#min": "-O3 -fno-associative-math -fbranch-target-load-optimize -fbranch-target-load-optimize2 -fcaller-saves -fno-cse-skip-blocks -fno-delayed-branch -fno-forward-propagate -fgcse-las -fira-share-spill-slots -fmerge-constants -fmodulo-sched-allow-regmoves -fno-sched2-use-superblocks -fno-shrink-wrap -fno-tree-bit-ccp -ftree-ccp -fno-tree-dse -fno-tree-loop-if-convert -fno-tree-loop-vectorize -fno-tree-phiprop", 
  "##characteristics#compile#joined_compiler_flags#min_imp": 0, 
  "##characteristics#compile#joined_compiler_flags#repeats": 1, 
  "##characteristics#compile#md5_sum#all": [
    "e7dfbd9559454be9ea85814035be423f"
  ], 
  "##characteristics#compile#md5_sum#all_unique": [
    "e7dfbd9559454be9ea85814035be423f"
  ], 
  "##characteristics#compile#md5_sum#min": "e7dfbd9559454be9ea85814035be423f", 
  "##characteristics#compile#md5_sum#min_imp": 0, 
  "##characteristics#compile#md5_sum#repeats": 1, 
  "##characteristics#compile#obj_size#all": [
    112636
  ], 
  "##characteristics#compile#obj_size#all_unique": [
    112636
  ], 
  "##characteristics#compile#obj_size#center": 112636, 
  "##characteristics#compile#obj_size#center_imp": 1.0211300117191662, 
  "##characteristics#compile#obj_size#halfrange": 0, 
  "##characteristics#compile#obj_size#max": 112636, 
  "##characteristics#compile#obj_size#mean": 112636.0, 
  "##characteristics#compile#obj_size#mean_imp": 1.0211300117191662, 
  "##characteristics#compile#obj_size#min": 112636, 
  "##characteristics#compile#obj_size#min_imp": 1.0211300117191662, 
  "##characteristics#compile#obj_size#range": 0, 
  "##characteristics#compile#obj_size#range_percent": 0, 
  "##characteristics#compile#obj_size#repeats": 1, 
  "##characteristics#compile#obj_sizes#adler32.o#all": [
    2424
  ], 
  "##characteristics#compile#obj_sizes#adler32.o#all_unique": [
    2424
  ], 
  "##characteristics#compile#obj_sizes#adler32.o#center": 2424, 
  "##characteristics#compile#obj_sizes#adler32.o#center_imp": 1.0, 
  "##characteristics#compile#obj_sizes#adler32.o#halfrange": 0, 
  "##characteristics#compile#obj_sizes#adler32.o#max": 2424, 
  "##characteristics#compile#obj_sizes#adler32.o#mean": 2424.0, 
  "##characteristics#compile#obj_sizes#adler32.o#mean_imp": 1.0, 
  "##characteristics#compile#obj_sizes#adler32.o#min": 2424, 
  "##characteristics#compile#obj_sizes#adler32.o#min_imp": 1.0, 
  "##characteristics#compile#obj_sizes#adler32.o#range": 0, 
  "##characteristics#compile#obj_sizes#adler32.o#range_percent": 0, 
  "##characteristics#compile#obj_sizes#adler32.o#repeats": 1, 
  "##characteristics#compile#obj_sizes#compress.o#all": [
    1568
  ], 
  "##characteristics#compile#obj_sizes#compress.o#all_unique": [
    1568
  ], 
  "##characteristics#compile#obj_sizes#compress.o#center": 1568, 
  "##characteristics#compile#obj_sizes#compress.o#center_imp": 1.0, 
  "##characteristics#compile#obj_sizes#compress.o#halfrange": 0, 
  "##characteristics#compile#obj_sizes#compress.o#max": 1568, 
  "##characteristics#compile#obj_sizes#compress.o#mean": 1568.0, 
  "##characteristics#compile#obj_sizes#compress.o#mean_imp": 1.0, 
  "##characteristics#compile#obj_sizes#compress.o#min": 1568, 
  "##characteristics#compile#obj_sizes#compress.o#min_imp": 1.0, 
  "##characteristics#compile#obj_sizes#compress.o#range": 0, 
  "##characteristics#compile#obj_sizes#compress.o#range_percent": 0, 
  "##characteristics#compile#obj_sizes#compress.o#repeats": 1, 
  "##characteristics#compile#obj_sizes#crc32.o#all": [
    10876
  ], 
  "##characteristics#compile#obj_sizes#crc32.o#all_unique": [
    10876
  ], 
  "##characteristics#compile#obj_sizes#crc32.o#center": 10876, 
  "##characteristics#compile#obj_sizes#crc32.o#center_imp": 1.0, 
  "##characteristics#compile#obj_sizes#crc32.o#halfrange": 0, 
  "##characteristics#compile#obj_sizes#crc32.o#max": 10876, 
  "##characteristics#compile#obj_sizes#crc32.o#mean": 10876.0, 
  "##characteristics#compile#obj_sizes#crc32.o#mean_imp": 1.0, 
  "##characteristics#compile#obj_sizes#crc32.o#min": 10876, 
  "##characteristics#compile#obj_sizes#crc32.o#min_imp": 1.0, 
  "##characteristics#compile#obj_sizes#crc32.o#range": 0, 
  "##characteristics#compile#obj_sizes#crc32.o#range_percent": 0, 
  "##characteristics#compile#obj_sizes#crc32.o#repeats": 1, 
  "##characteristics#compile#obj_sizes#ctuning-rtl.o#all": [
    4804
  ], 
  "##characteristics#compile#obj_sizes#ctuning-rtl.o#all_unique": [
    4804
  ], 
  "##characteristics#compile#obj_sizes#ctuning-rtl.o#center": 4804, 
  "##characteristics#compile#obj_sizes#ctuning-rtl.o#center_imp": 1.0, 
  "##characteristics#compile#obj_sizes#ctuning-rtl.o#halfrange": 0, 
  "##characteristics#compile#obj_sizes#ctuning-rtl.o#max": 4804, 
  "##characteristics#compile#obj_sizes#ctuning-rtl.o#mean": 4804.0, 
  "##characteristics#compile#obj_sizes#ctuning-rtl.o#mean_imp": 1.0, 
  "##characteristics#compile#obj_sizes#ctuning-rtl.o#min": 4804, 
  "##characteristics#compile#obj_sizes#ctuning-rtl.o#min_imp": 1.0, 
  "##characteristics#compile#obj_sizes#ctuning-rtl.o#range": 0, 
  "##characteristics#compile#obj_sizes#ctuning-rtl.o#range_percent": 0, 
  "##characteristics#compile#obj_sizes#ctuning-rtl.o#repeats": 1, 
  "##characteristics#compile#obj_sizes#deflate.o#all": [
    20048
  ], 
  "##characteristics#compile#obj_sizes#deflate.o#all_unique": [
    20048
  ], 
  "##characteristics#compile#obj_sizes#deflate.o#center": 20048, 
  "##characteristics#compile#obj_sizes#deflate.o#center_imp": 1.0061851556264965, 
  "##characteristics#compile#obj_sizes#deflate.o#halfrange": 0, 
  "##characteristics#compile#obj_sizes#deflate.o#max": 20048, 
  "##characteristics#compile#obj_sizes#deflate.o#mean": 20048.0, 
  "##characteristics#compile#obj_sizes#deflate.o#mean_imp": 1.0061851556264965, 
  "##characteristics#compile#obj_sizes#deflate.o#min": 20048, 
  "##characteristics#compile#obj_sizes#deflate.o#min_imp": 1.0061851556264965, 
  "##characteristics#compile#obj_sizes#deflate.o#range": 0, 
  "##characteristics#compile#obj_sizes#deflate.o#range_percent": 0, 
  "##characteristics#compile#obj_sizes#deflate.o#repeats": 1, 
  "##characteristics#compile#obj_sizes#gzclose.o#all": [
    980
  ], 
  "##characteristics#compile#obj_sizes#gzclose.o#all_unique": [
    980
  ], 
  "##characteristics#compile#obj_sizes#gzclose.o#center": 980, 
  "##characteristics#compile#obj_sizes#gzclose.o#center_imp": 1.0, 
  "##characteristics#compile#obj_sizes#gzclose.o#halfrange": 0, 
  "##characteristics#compile#obj_sizes#gzclose.o#max": 980, 
  "##characteristics#compile#obj_sizes#gzclose.o#mean": 980.0, 
  "##characteristics#compile#obj_sizes#gzclose.o#mean_imp": 1.0, 
  "##characteristics#compile#obj_sizes#gzclose.o#min": 980, 
  "##characteristics#compile#obj_sizes#gzclose.o#min_imp": 1.0, 
  "##characteristics#compile#obj_sizes#gzclose.o#range": 0, 
  "##characteristics#compile#obj_sizes#gzclose.o#range_percent": 0, 
  "##characteristics#compile#obj_sizes#gzclose.o#repeats": 1, 
  "##characteristics#compile#obj_sizes#gzlib.o#all": [
    6272
  ], 
  "##characteristics#compile#obj_sizes#gzlib.o#all_unique": [
    6272
  ], 
  "##characteristics#compile#obj_sizes#gzlib.o#center": 6272, 
  "##characteristics#compile#obj_sizes#gzlib.o#center_imp": 1.0044642857142858, 
  "##characteristics#compile#obj_sizes#gzlib.o#halfrange": 0, 
  "##characteristics#compile#obj_sizes#gzlib.o#max": 6272, 
  "##characteristics#compile#obj_sizes#gzlib.o#mean": 6272.0, 
  "##characteristics#compile#obj_sizes#gzlib.o#mean_imp": 1.0044642857142858, 
  "##characteristics#compile#obj_sizes#gzlib.o#min": 6272, 
  "##characteristics#compile#obj_sizes#gzlib.o#min_imp": 1.0044642857142858, 
  "##characteristics#compile#obj_sizes#gzlib.o#range": 0, 
  "##characteristics#compile#obj_sizes#gzlib.o#range_percent": 0, 
  "##characteristics#compile#obj_sizes#gzlib.o#repeats": 1, 
  "##characteristics#compile#obj_sizes#gzread.o#all": [
    5788
  ], 
  "##characteristics#compile#obj_sizes#gzread.o#all_unique": [
    5788
  ], 
  "##characteristics#compile#obj_sizes#gzread.o#center": 5788, 
  "##characteristics#compile#obj_sizes#gzread.o#center_imp": 0.9979267449896337, 
  "##characteristics#compile#obj_sizes#gzread.o#halfrange": 0, 
  "##characteristics#compile#obj_sizes#gzread.o#max": 5788, 
  "##characteristics#compile#obj_sizes#gzread.o#mean": 5788.0, 
  "##characteristics#compile#obj_sizes#gzread.o#mean_imp": 0.9979267449896337, 
  "##characteristics#compile#obj_sizes#gzread.o#min": 5788, 
  "##characteristics#compile#obj_sizes#gzread.o#min_imp": 0.9979267449896337, 
  "##characteristics#compile#obj_sizes#gzread.o#range": 0, 
  "##characteristics#compile#obj_sizes#gzread.o#range_percent": 0, 
  "##characteristics#compile#obj_sizes#gzread.o#repeats": 1, 
  "##characteristics#compile#obj_sizes#gzwrite.o#all": [
    10272
  ], 
  "##characteristics#compile#obj_sizes#gzwrite.o#all_unique": [
    10272
  ], 
  "##characteristics#compile#obj_sizes#gzwrite.o#center": 10272, 
  "##characteristics#compile#obj_sizes#gzwrite.o#center_imp": 0.9992211838006231, 
  "##characteristics#compile#obj_sizes#gzwrite.o#halfrange": 0, 
  "##characteristics#compile#obj_sizes#gzwrite.o#max": 10272, 
  "##characteristics#compile#obj_sizes#gzwrite.o#mean": 10272.0, 
  "##characteristics#compile#obj_sizes#gzwrite.o#mean_imp": 0.9992211838006231, 
  "##characteristics#compile#obj_sizes#gzwrite.o#min": 10272, 
  "##characteristics#compile#obj_sizes#gzwrite.o#min_imp": 0.9992211838006231, 
  "##characteristics#compile#obj_sizes#gzwrite.o#range": 0, 
  "##characteristics#compile#obj_sizes#gzwrite.o#range_percent": 0, 
  "##characteristics#compile#obj_sizes#gzwrite.o#repeats": 1, 
  "##characteristics#compile#obj_sizes#infback.o#all": [
    9108
  ], 
  "##characteristics#compile#obj_sizes#infback.o#all_unique": [
    9108
  ], 
  "##characteristics#compile#obj_sizes#infback.o#center": 9108, 
  "##characteristics#compile#obj_sizes#infback.o#center_imp": 1.0509442248572682, 
  "##characteristics#compile#obj_sizes#infback.o#halfrange": 0, 
  "##characteristics#compile#obj_sizes#infback.o#max": 9108, 
  "##characteristics#compile#obj_sizes#infback.o#mean": 9108.0, 
  "##characteristics#compile#obj_sizes#infback.o#mean_imp": 1.0509442248572682, 
  "##characteristics#compile#obj_sizes#infback.o#min": 9108, 
  "##characteristics#compile#obj_sizes#infback.o#min_imp": 1.0509442248572682, 
  "##characteristics#compile#obj_sizes#infback.o#range": 0, 
  "##characteristics#compile#obj_sizes#infback.o#range_percent": 0, 
  "##characteristics#compile#obj_sizes#infback.o#repeats": 1, 
  "##characteristics#compile#obj_sizes#inffast.o#all": [
    2500
  ], 
  "##characteristics#compile#obj_sizes#inffast.o#all_unique": [
    2500
  ], 
  "##characteristics#compile#obj_sizes#inffast.o#center": 2500, 
  "##characteristics#compile#obj_sizes#inffast.o#center_imp": 1.5984, 
  "##characteristics#compile#obj_sizes#inffast.o#halfrange": 0, 
  "##characteristics#compile#obj_sizes#inffast.o#max": 2500, 
  "##characteristics#compile#obj_sizes#inffast.o#mean": 2500.0, 
  "##characteristics#compile#obj_sizes#inffast.o#mean_imp": 1.5984, 
  "##characteristics#compile#obj_sizes#inffast.o#min": 2500, 
  "##characteristics#compile#obj_sizes#inffast.o#min_imp": 1.5984, 
  "##characteristics#compile#obj_sizes#inffast.o#range": 0, 
  "##characteristics#compile#obj_sizes#inffast.o#range_percent": 0, 
  "##characteristics#compile#obj_sizes#inffast.o#repeats": 1, 
  "##characteristics#compile#obj_sizes#inflate.o#all": [
    16284
  ], 
  "##characteristics#compile#obj_sizes#inflate.o#all_unique": [
    16284
  ], 
  "##characteristics#compile#obj_sizes#inflate.o#center": 16284, 
  "##characteristics#compile#obj_sizes#inflate.o#center_imp": 1.0292311471382953, 
  "##characteristics#compile#obj_sizes#inflate.o#halfrange": 0, 
  "##characteristics#compile#obj_sizes#inflate.o#max": 16284, 
  "##characteristics#compile#obj_sizes#inflate.o#mean": 16284.0, 
  "##characteristics#compile#obj_sizes#inflate.o#mean_imp": 1.0292311471382953, 
  "##characteristics#compile#obj_sizes#inflate.o#min": 16284, 
  "##characteristics#compile#obj_sizes#inflate.o#min_imp": 1.0292311471382953, 
  "##characteristics#compile#obj_sizes#inflate.o#range": 0, 
  "##characteristics#compile#obj_sizes#inflate.o#range_percent": 0, 
  "##characteristics#compile#obj_sizes#inflate.o#repeats": 1, 
  "##characteristics#compile#obj_sizes#inftrees.o#all": [
    4416
  ], 
  "##characteristics#compile#obj_sizes#inftrees.o#all_unique": [
    4416
  ], 
  "##characteristics#compile#obj_sizes#inftrees.o#center": 4416, 
  "##characteristics#compile#obj_sizes#inftrees.o#center_imp": 1.0009057971014492, 
  "##characteristics#compile#obj_sizes#inftrees.o#halfrange": 0, 
  "##characteristics#compile#obj_sizes#inftrees.o#max": 4416, 
  "##characteristics#compile#obj_sizes#inftrees.o#mean": 4416.0, 
  "##characteristics#compile#obj_sizes#inftrees.o#mean_imp": 1.0009057971014492, 
  "##characteristics#compile#obj_sizes#inftrees.o#min": 4416, 
  "##characteristics#compile#obj_sizes#inftrees.o#min_imp": 1.0009057971014492, 
  "##characteristics#compile#obj_sizes#inftrees.o#range": 0, 
  "##characteristics#compile#obj_sizes#inftrees.o#range_percent": 0, 
  "##characteristics#compile#obj_sizes#inftrees.o#repeats": 1, 
  "##characteristics#compile#obj_sizes#trees.o#all": [
    14376
  ], 
  "##characteristics#compile#obj_sizes#trees.o#all_unique": [
    14376
  ], 
  "##characteristics#compile#obj_sizes#trees.o#center": 14376, 
  "##characteristics#compile#obj_sizes#trees.o#center_imp": 0.986644407345576, 
  "##characteristics#compile#obj_sizes#trees.o#halfrange": 0, 
  "##characteristics#compile#obj_sizes#trees.o#max": 14376, 
  "##characteristics#compile#obj_sizes#trees.o#mean": 14376.0, 
  "##characteristics#compile#obj_sizes#trees.o#mean_imp": 0.986644407345576, 
  "##characteristics#compile#obj_sizes#trees.o#min": 14376, 
  "##characteristics#compile#obj_sizes#trees.o#min_imp": 0.986644407345576, 
  "##characteristics#compile#obj_sizes#trees.o#range": 0, 
  "##characteristics#compile#obj_sizes#trees.o#range_percent": 0, 
  "##characteristics#compile#obj_sizes#trees.o#repeats": 1, 
  "##characteristics#compile#obj_sizes#uncompr.o#all": [
    1272
  ], 
  "##characteristics#compile#obj_sizes#uncompr.o#all_unique": [
    1272
  ], 
  "##characteristics#compile#obj_sizes#uncompr.o#center": 1272, 
  "##characteristics#compile#obj_sizes#uncompr.o#center_imp": 1.0, 
  "##characteristics#compile#obj_sizes#uncompr.o#halfrange": 0, 
  "##characteristics#compile#obj_sizes#uncompr.o#max": 1272, 
  "##characteristics#compile#obj_sizes#uncompr.o#mean": 1272.0, 
  "##characteristics#compile#obj_sizes#uncompr.o#mean_imp": 1.0, 
  "##characteristics#compile#obj_sizes#uncompr.o#min": 1272, 
  "##characteristics#compile#obj_sizes#uncompr.o#min_imp": 1.0, 
  "##characteristics#compile#obj_sizes#uncompr.o#range": 0, 
  "##characteristics#compile#obj_sizes#uncompr.o#range_percent": 0, 
  "##characteristics#compile#obj_sizes#uncompr.o#repeats": 1, 
  "##characteristics#compile#obj_sizes#zutil.o#all": [
    1648
  ], 
  "##characteristics#compile#obj_sizes#zutil.o#all_unique": [
    1648
  ], 
  "##characteristics#compile#obj_sizes#zutil.o#center": 1648, 
  "##characteristics#compile#obj_sizes#zutil.o#center_imp": 1.0, 
  "##characteristics#compile#obj_sizes#zutil.o#halfrange": 0, 
  "##characteristics#compile#obj_sizes#zutil.o#max": 1648, 
  "##characteristics#compile#obj_sizes#zutil.o#mean": 1648.0, 
  "##characteristics#compile#obj_sizes#zutil.o#mean_imp": 1.0, 
  "##characteristics#compile#obj_sizes#zutil.o#min": 1648, 
  "##characteristics#compile#obj_sizes#zutil.o#min_imp": 1.0, 
  "##characteristics#compile#obj_sizes#zutil.o#range": 0, 
  "##characteristics#compile#obj_sizes#zutil.o#range_percent": 0, 
  "##characteristics#compile#obj_sizes#zutil.o#repeats": 1, 
  "##characteristics#compile#program_git_hash#all": [
    "f3b3ffe43b24039767a39c7f85ab4b768684a65b"
  ], 
  "##characteristics#compile#program_git_hash#all_unique": [
    "f3b3ffe43b24039767a39c7f85ab4b768684a65b"
  ], 
  "##characteristics#compile#program_git_hash#min": "f3b3ffe43b24039767a39c7f85ab4b768684a65b", 
  "##characteristics#compile#program_git_hash#min_imp": 0, 
  "##characteristics#compile#program_git_hash#repeats": 1, 
  "##characteristics#run#execution_time#all": [
    0.9163824, 
    0.9123288, 
    0.8285269, 
    0.643903
  ], 
  "##characteristics#run#execution_time#all_unique": [
    0.9163824, 
    0.9123288, 
    0.8285269, 
    0.643903
  ], 
  "##characteristics#run#execution_time#center": 0.7801427000000001, 
  "##characteristics#run#execution_time#center_imp": 0.9102718002744882, 
  "##characteristics#run#execution_time#halfrange": 0.13623970000000002, 
  "##characteristics#run#execution_time#max": 0.9163824, 
  "##characteristics#run#execution_time#mean": 0.8252852749999999, 
  "##characteristics#run#execution_time#mean_imp": 0.8605865105251029, 
  "##characteristics#run#execution_time#min": 0.643903, 
  "##characteristics#run#execution_time#min_imp": 1.0303662197567025, 
  "##characteristics#run#execution_time#range": 0.27247940000000004, 
  "##characteristics#run#execution_time#range_percent": 0.4231683964820789, 
  "##characteristics#run#execution_time#repeats": 4, 
  "##characteristics#run#execution_time_kernel_0#all": [
    9.163824, 
    9.123288, 
    8.285269, 
    6.43903
  ], 
  "##characteristics#run#execution_time_kernel_0#all_unique": [
    9.163824, 
    9.123288, 
    8.285269, 
    6.43903
  ], 
  "##characteristics#run#execution_time_kernel_0#center": 7.801427, 
  "##characteristics#run#execution_time_kernel_0#center_imp": 0.9102718002744882, 
  "##characteristics#run#execution_time_kernel_0#halfrange": 1.362397, 
  "##characteristics#run#execution_time_kernel_0#max": 9.163824, 
  "##characteristics#run#execution_time_kernel_0#mean": 8.25285275, 
  "##characteristics#run#execution_time_kernel_0#mean_imp": 0.8605865105251029, 
  "##characteristics#run#execution_time_kernel_0#min": 6.43903, 
  "##characteristics#run#execution_time_kernel_0#min_imp": 1.0303662197567025, 
  "##characteristics#run#execution_time_kernel_0#range": 2.724794, 
  "##characteristics#run#execution_time_kernel_0#range_percent": 0.4231683964820789, 
  "##characteristics#run#execution_time_kernel_0#repeats": 4, 
  "##characteristics#run#execution_time_with_module#all": [
    9.866561889648438, 
    9.829569101333618, 
    8.991137981414795, 
    7.17803692817688
  ], 
  "##characteristics#run#execution_time_with_module#all_unique": [
    9.866561889648438, 
    9.829569101333618, 
    8.991137981414795, 
    7.17803692817688
  ], 
  "##characteristics#run#execution_time_with_module#center": 8.522299408912659, 
  "##characteristics#run#execution_time_with_module#center_imp": 2.059576365323994, 
  "##characteristics#run#execution_time_with_module#halfrange": 1.3442624807357788, 
  "##characteristics#run#execution_time_with_module#max": 9.866561889648438, 
  "##characteristics#run#execution_time_with_module#mean": 8.966326475143433, 
  "##characteristics#run#execution_time_with_module#mean_imp": 1.4248272731457097, 
  "##characteristics#run#execution_time_with_module#min": 7.17803692817688, 
  "##characteristics#run#execution_time_with_module#min_imp": 1.023899429728146, 
  "##characteristics#run#execution_time_with_module#range": 2.6885249614715576, 
  "##characteristics#run#execution_time_with_module#range_percent": 0.37454877822067784, 
  "##characteristics#run#execution_time_with_module#repeats": 4, 
  "##characteristics#run#repeat#all": [
    10, 
    10, 
    10, 
    10
  ], 
  "##characteristics#run#repeat#all_unique": [
    10
  ], 
  "##characteristics#run#repeat#center": 10, 
  "##characteristics#run#repeat#center_imp": 1.0, 
  "##characteristics#run#repeat#halfrange": 0, 
  "##characteristics#run#repeat#max": 10, 
  "##characteristics#run#repeat#mean": 10.0, 
  "##characteristics#run#repeat#mean_imp": 1.0, 
  "##characteristics#run#repeat#min": 10, 
  "##characteristics#run#repeat#min_imp": 1.0, 
  "##characteristics#run#repeat#range": 0, 
  "##characteristics#run#repeat#range_percent": 0, 
  "##characteristics#run#repeat#repeats": 4, 
  "##characteristics#run#return_code#all": [
    0, 
    0, 
    0, 
    0
  ], 
  "##characteristics#run#return_code#all_unique": [
    0
  ], 
  "##characteristics#run#return_code#center": 0, 
  "##characteristics#run#return_code#halfrange": 0, 
  "##characteristics#run#return_code#max": 0, 
  "##characteristics#run#return_code#mean": 0.0, 
  "##characteristics#run#return_code#min": 0, 
  "##characteristics#run#return_code#min_imp": 1, 
  "##characteristics#run#return_code#range": 0, 
  "##characteristics#run#return_code#repeats": 4, 
  "##characteristics#run#run_success#all": [
    "yes", 
    "yes", 
    "yes", 
    "yes"
  ], 
  "##characteristics#run#run_success#all_unique": [
    "yes"
  ], 
  "##characteristics#run#run_success#min": "yes", 
  "##characteristics#run#run_success#min_imp": 1, 
  "##characteristics#run#run_success#repeats": 4, 
  "##characteristics#run#run_success_bool#all": [
    true, 
    true, 
    true, 
    true
  ], 
  "##characteristics#run#run_success_bool#all_unique": [
    true
  ], 
  "##characteristics#run#run_success_bool#min": true, 
  "##characteristics#run#run_success_bool#min_imp": 1, 
  "##characteristics#run#run_success_bool#repeats": 4, 
  "##characteristics#run#total_execution_time#all": [
    9.163824, 
    9.123288, 
    8.285269, 
    6.43903
  ], 
  "##characteristics#run#total_execution_time#all_unique": [
    9.163824, 
    9.123288, 
    8.285269, 
    6.43903
  ], 
  "##characteristics#run#total_execution_time#center": 7.801427, 
  "##characteristics#run#total_execution_time#center_imp": 0.9102718002744882, 
  "##characteristics#run#total_execution_time#halfrange": 1.362397, 
  "##characteristics#run#total_execution_time#max": 9.163824, 
  "##characteristics#run#total_execution_time#mean": 8.25285275, 
  "##characteristics#run#total_execution_time#mean_imp": 0.8605865105251029, 
  "##characteristics#run#total_execution_time#min": 6.43903, 
  "##characteristics#run#total_execution_time#min_imp": 1.0303662197567025, 
  "##characteristics#run#total_execution_time#range": 2.724794, 
  "##characteristics#run#total_execution_time#range_percent": 0.4231683964820789, 
  "##characteristics#run#total_execution_time#repeats": 4
}
