{
  "##choices#calibration_time": 10.0, 
  "##choices#cmd_key": "encode", 
  "##choices#compile_type": "dynamic", 
  "##choices#compiler_description_uoa": "gcc-4.9.0-auto", 
  "##choices#compiler_flags#base_opt": "-O3", 
  "##choices#compiler_flags#bool--ffp-contract=": "-ffp-contract=off", 
  "##choices#compiler_flags#bool-associative-math": "-fassociative-math", 
  "##choices#compiler_flags#bool-cse-follow-jumps": "-fcse-follow-jumps", 
  "##choices#compiler_flags#bool-cse-skip-blocks": "-fno-cse-skip-blocks", 
  "##choices#compiler_flags#bool-cx-limited-range": "-fno-cx-limited-range", 
  "##choices#compiler_flags#bool-defer-pop": "-fno-defer-pop", 
  "##choices#compiler_flags#bool-float-store": "-fno-float-store", 
  "##choices#compiler_flags#bool-function-sections": "-fno-function-sections", 
  "##choices#compiler_flags#bool-inline-functions-called-once": "-finline-functions-called-once", 
  "##choices#compiler_flags#bool-ipa-cp-clone": "-fno-ipa-cp-clone", 
  "##choices#compiler_flags#bool-ipa-pta": "-fipa-pta", 
  "##choices#compiler_flags#bool-keep-inline-functions": "-fkeep-inline-functions", 
  "##choices#compiler_flags#bool-loop-parallelize-all": "-floop-parallelize-all", 
  "##choices#compiler_flags#bool-sched2-use-superblocks": "-fno-sched2-use-superblocks", 
  "##choices#compiler_flags#bool-signed-zeros": "-fsigned-zeros", 
  "##choices#compiler_flags#bool-single-precision-constant": "-fsingle-precision-constant", 
  "##choices#compiler_flags#bool-strict-overflow": "-fno-strict-overflow", 
  "##choices#compiler_flags#bool-tree-copy-prop": "-fno-tree-copy-prop", 
  "##choices#compiler_flags#bool-tree-dominator-opts": "-fno-tree-dominator-opts", 
  "##choices#compiler_flags#bool-tree-fre": "-ftree-fre", 
  "##choices#compiler_flags#bool-tree-ter": "-fno-tree-ter", 
  "##choices#compiler_flags#bool-use-linker-plugin": "-fuse-linker-plugin", 
  "##choices#compiler_flags#bool-whole-program": "-fno-whole-program", 
  "##choices#data_uoa": "minigzip", 
  "##choices#dataset_file": "data.wav", 
  "##choices#dataset_uoa": "audio-wav-0001", 
  "##choices#device_id": "", 
  "##choices#host_os": "linux-32", 
  "##choices#module_uoa": "b0ac08fe1d3c2615", 
  "##choices#no_state_check": "yes", 
  "##choices#program_tags": "", 
  "##choices#repeat": 10, 
  "##choices#target": "", 
  "##choices#target_os": "linux-32", 
  "##choices#target_os_bits": "32"
}
