{
  "backup_data_uid": "5b098d97889d6315", 
  "backup_module_uid": "bc0409fb61f0aa82", 
  "backup_module_uoa": "experiment", 
  "control": {
    "author": "cTuning foundation", 
    "author_email": "admin@cTuning.org", 
    "author_webpage": "http://cTuning.org", 
    "copyright": "See CK COPYRIGHT.txt for copyright details", 
    "engine": "CK", 
    "iso_datetime": "2016-12-16T12:56:31.032113", 
    "license": "See CK LICENSE.txt for licensing details", 
    "version": [
      "1", 
      "8", 
      "4", 
      "2"
    ]
  }
}
